{
    "post_url": "https://www.reddit.com/r/gaming/comments/qj0pjp/is_dutch_van_der_linde_a_top_5_rockstar_character/",
    "time_posted": "2021-10-30 08:42:36",
    "time_now": "2021-11-03 11:23:21",
    "ups": 0,
    "downs": 0,
    "comments_since_last_sample": [],
    "top_comments_top": [
        {
            "comment_id": "himz74s",
            "body": "Na but Arthur is",
            "ups": 8,
            "downs": 0
        },
        {
            "comment_id": "himzkjh",
            "body": "No way. He's a cool character but I don't think he's top 5. Maybe top 10 but he can't compete with characters like Arthur Morgan, John Marston, Trevor Phillips, Niko Belic, and CJ Johnson.",
            "ups": 3,
            "downs": 0
        },
        {
            "comment_id": "himy0gj",
            "body": "Nah",
            "ups": 3,
            "downs": 0
        }
    ],
    "top_comments_best": [
        {
            "comment_id": "himz74s",
            "body": "Na but Arthur is",
            "ups": 8,
            "downs": 0
        },
        {
            "comment_id": "himzkjh",
            "body": "No way. He's a cool character but I don't think he's top 5. Maybe top 10 but he can't compete with characters like Arthur Morgan, John Marston, Trevor Phillips, Niko Belic, and CJ Johnson.",
            "ups": 4,
            "downs": 0
        },
        {
            "comment_id": "himy0gj",
            "body": "Nah",
            "ups": 3,
            "downs": 0
        }
    ],
    "top_comments_hot": [
        {
            "comment_id": "himz74s",
            "body": "Na but Arthur is",
            "ups": 8,
            "downs": 0
        },
        {
            "comment_id": "himzkjh",
            "body": "No way. He's a cool character but I don't think he's top 5. Maybe top 10 but he can't compete with characters like Arthur Morgan, John Marston, Trevor Phillips, Niko Belic, and CJ Johnson.",
            "ups": 3,
            "downs": 0
        },
        {
            "comment_id": "himy0gj",
            "body": "Nah",
            "ups": 3,
            "downs": 0
        }
    ]
}