{
    "post_url": "https://www.reddit.com/r/politics/comments/qip64g/biden_bill_targets_fossil_fuel_firms_in_hopes_of/",
    "time_posted": "2021-10-29 19:34:54",
    "time_now": "2021-11-03 11:26:18",
    "ups": 108,
    "downs": 0,
    "comments_since_last_sample": [],
    "top_comments_top": [
        {
            "comment_id": "hikurd9",
            "body": "\nAs a reminder, this subreddit [is for civil discussion.](/r/politics/wiki/index#wiki_be_civil)\n\nIn general, be courteous to others. Debate/discuss/argue the merits of ideas, don't attack people. Personal insults, shill or troll accusations, hate speech, any suggestion or support of harm, violence, or death, and other rule violations can result in a permanent ban. \n\nIf you see comments in violation of our rules, please report them.\n\n For those who have questions regarding any media outlets being posted on this subreddit, please click [here](https://www.reddit.com/r/politics/wiki/approveddomainslist) to review our details as to our approved domains list and outlet criteria.\n\n***\n\n\n*I am a bot, and this action was performed automatically. Please [contact the moderators of this subreddit](/message/compose/?to=/r/politics) if you have any questions or concerns.*",
            "ups": 1,
            "downs": 0
        },
        {
            "comment_id": "hikuuyg",
            "body": "If you want polluters to pay for the damage they're doing, make sure you let [your rep](https://www.house.gov/representatives/find-your-representative) and [senators](https://www.senate.gov/senators/senators-contact.htm) know.",
            "ups": 7,
            "downs": 0
        },
        {
            "comment_id": "hikxlwd",
            "body": "Only change that will happen is there will be no alternatives and the people will be paying more.  Awesome future.",
            "ups": 3,
            "downs": 0
        },
        {
            "comment_id": "hil7j3l",
            "body": "[deleted]",
            "ups": 1,
            "downs": 0
        },
        {
            "comment_id": "hilvp61",
            "body": "The tax will be on people heating their houses and using electricity generated by natural gas.",
            "ups": 1,
            "downs": 0
        }
    ],
    "top_comments_best": [
        {
            "comment_id": "hikurd9",
            "body": "\nAs a reminder, this subreddit [is for civil discussion.](/r/politics/wiki/index#wiki_be_civil)\n\nIn general, be courteous to others. Debate/discuss/argue the merits of ideas, don't attack people. Personal insults, shill or troll accusations, hate speech, any suggestion or support of harm, violence, or death, and other rule violations can result in a permanent ban. \n\nIf you see comments in violation of our rules, please report them.\n\n For those who have questions regarding any media outlets being posted on this subreddit, please click [here](https://www.reddit.com/r/politics/wiki/approveddomainslist) to review our details as to our approved domains list and outlet criteria.\n\n***\n\n\n*I am a bot, and this action was performed automatically. Please [contact the moderators of this subreddit](/message/compose/?to=/r/politics) if you have any questions or concerns.*",
            "ups": 1,
            "downs": 0
        },
        {
            "comment_id": "hikuuyg",
            "body": "If you want polluters to pay for the damage they're doing, make sure you let [your rep](https://www.house.gov/representatives/find-your-representative) and [senators](https://www.senate.gov/senators/senators-contact.htm) know.",
            "ups": 7,
            "downs": 0
        },
        {
            "comment_id": "hikxlwd",
            "body": "Only change that will happen is there will be no alternatives and the people will be paying more.  Awesome future.",
            "ups": 3,
            "downs": 0
        },
        {
            "comment_id": "hilvp61",
            "body": "The tax will be on people heating their houses and using electricity generated by natural gas.",
            "ups": 1,
            "downs": 0
        },
        {
            "comment_id": "hil7j3l",
            "body": "[deleted]",
            "ups": 1,
            "downs": 0
        }
    ],
    "top_comments_hot": [
        {
            "comment_id": "hikurd9",
            "body": "\nAs a reminder, this subreddit [is for civil discussion.](/r/politics/wiki/index#wiki_be_civil)\n\nIn general, be courteous to others. Debate/discuss/argue the merits of ideas, don't attack people. Personal insults, shill or troll accusations, hate speech, any suggestion or support of harm, violence, or death, and other rule violations can result in a permanent ban. \n\nIf you see comments in violation of our rules, please report them.\n\n For those who have questions regarding any media outlets being posted on this subreddit, please click [here](https://www.reddit.com/r/politics/wiki/approveddomainslist) to review our details as to our approved domains list and outlet criteria.\n\n***\n\n\n*I am a bot, and this action was performed automatically. Please [contact the moderators of this subreddit](/message/compose/?to=/r/politics) if you have any questions or concerns.*",
            "ups": 1,
            "downs": 0
        },
        {
            "comment_id": "hikuuyg",
            "body": "If you want polluters to pay for the damage they're doing, make sure you let [your rep](https://www.house.gov/representatives/find-your-representative) and [senators](https://www.senate.gov/senators/senators-contact.htm) know.",
            "ups": 6,
            "downs": 0
        },
        {
            "comment_id": "hikxlwd",
            "body": "Only change that will happen is there will be no alternatives and the people will be paying more.  Awesome future.",
            "ups": 2,
            "downs": 0
        },
        {
            "comment_id": "hilvp61",
            "body": "The tax will be on people heating their houses and using electricity generated by natural gas.",
            "ups": 1,
            "downs": 0
        },
        {
            "comment_id": "hil7j3l",
            "body": "[deleted]",
            "ups": 1,
            "downs": 0
        }
    ]
}