{
    "post_url": "https://www.reddit.com/r/politics/comments/qj45vz/ocasiocortez_presses_biden_to_cancel_student_debt/",
    "time_posted": "2021-10-30 11:46:54",
    "time_now": "2021-11-01 22:19:11",
    "ups": 2985,
    "downs": 0,
    "comments_since_last_sample": [],
    "top_comments_top": [
        {
            "comment_id": "hinkkfa",
            "body": "\nAs a reminder, this subreddit [is for civil discussion.](/r/politics/wiki/index#wiki_be_civil)\n\nIn general, be courteous to others. Debate/discuss/argue the merits of ideas, don't attack people. Personal insults, shill or troll accusations, hate speech, any suggestion or support of harm, violence, or death, and other rule violations can result in a permanent ban. \n\nIf you see comments in violation of our rules, please report them.\n\n For those who have questions regarding any media outlets being posted on this subreddit, please click [here](https://www.reddit.com/r/politics/wiki/approveddomainslist) to review our details as to our approved domains list and outlet criteria.\n\n***\n\n\n*I am a bot, and this action was performed automatically. Please [contact the moderators of this subreddit](/message/compose/?to=/r/politics) if you have any questions or concerns.*",
            "ups": 1,
            "downs": 0
        },
        {
            "comment_id": "hinn98y",
            "body": "Just cancel interest.",
            "ups": 83,
            "downs": 0
        },
        {
            "comment_id": "hiob9mj",
            "body": "How many times is this going to be reposted??",
            "ups": 58,
            "downs": 0
        },
        {
            "comment_id": "hiokel9",
            "body": "What ever happened to the Sec. Of Ed. memo from months ago?",
            "ups": 45,
            "downs": 0
        },
        {
            "comment_id": "hinkx6j",
            "body": "This is a sick burn. LOL.",
            "ups": 33,
            "downs": 0
        }
    ],
    "top_comments_best": [
        {
            "comment_id": "hinkkfa",
            "body": "\nAs a reminder, this subreddit [is for civil discussion.](/r/politics/wiki/index#wiki_be_civil)\n\nIn general, be courteous to others. Debate/discuss/argue the merits of ideas, don't attack people. Personal insults, shill or troll accusations, hate speech, any suggestion or support of harm, violence, or death, and other rule violations can result in a permanent ban. \n\nIf you see comments in violation of our rules, please report them.\n\n For those who have questions regarding any media outlets being posted on this subreddit, please click [here](https://www.reddit.com/r/politics/wiki/approveddomainslist) to review our details as to our approved domains list and outlet criteria.\n\n***\n\n\n*I am a bot, and this action was performed automatically. Please [contact the moderators of this subreddit](/message/compose/?to=/r/politics) if you have any questions or concerns.*",
            "ups": 1,
            "downs": 0
        },
        {
            "comment_id": "hiokel9",
            "body": "What ever happened to the Sec. Of Ed. memo from months ago?",
            "ups": 47,
            "downs": 0
        },
        {
            "comment_id": "hiorz0d",
            "body": "Include tuition reform with that, and runaway textbook prices.",
            "ups": 33,
            "downs": 0
        },
        {
            "comment_id": "hiqg262",
            "body": "There's 1.7 trillion in student debt right now with over 27 trillion in national debt. In 2020 ALL of the American workers put together, rich and poor, were paid 8.9 trillion dollars by their employers.  There is no coming back from this.  This is a house of cards ready to topple.",
            "ups": 7,
            "downs": 0
        },
        {
            "comment_id": "hiob9mj",
            "body": "How many times is this going to be reposted??",
            "ups": 56,
            "downs": 0
        }
    ],
    "top_comments_hot": [
        {
            "comment_id": "hinkkfa",
            "body": "\nAs a reminder, this subreddit [is for civil discussion.](/r/politics/wiki/index#wiki_be_civil)\n\nIn general, be courteous to others. Debate/discuss/argue the merits of ideas, don't attack people. Personal insults, shill or troll accusations, hate speech, any suggestion or support of harm, violence, or death, and other rule violations can result in a permanent ban. \n\nIf you see comments in violation of our rules, please report them.\n\n For those who have questions regarding any media outlets being posted on this subreddit, please click [here](https://www.reddit.com/r/politics/wiki/approveddomainslist) to review our details as to our approved domains list and outlet criteria.\n\n***\n\n\n*I am a bot, and this action was performed automatically. Please [contact the moderators of this subreddit](/message/compose/?to=/r/politics) if you have any questions or concerns.*",
            "ups": 1,
            "downs": 0
        },
        {
            "comment_id": "hiokel9",
            "body": "What ever happened to the Sec. Of Ed. memo from months ago?",
            "ups": 47,
            "downs": 0
        },
        {
            "comment_id": "hiorz0d",
            "body": "Include tuition reform with that, and runaway textbook prices.",
            "ups": 35,
            "downs": 0
        },
        {
            "comment_id": "hiqg262",
            "body": "There's 1.7 trillion in student debt right now with over 27 trillion in national debt. In 2020 ALL of the American workers put together, rich and poor, were paid 8.9 trillion dollars by their employers.  There is no coming back from this.  This is a house of cards ready to topple.",
            "ups": 7,
            "downs": 0
        },
        {
            "comment_id": "hiob9mj",
            "body": "How many times is this going to be reposted??",
            "ups": 57,
            "downs": 0
        }
    ]
}