{
    "post_url": "https://www.reddit.com/r/politics/comments/qj45vz/ocasiocortez_presses_biden_to_cancel_student_debt/",
    "time_posted": "2021-10-30 11:46:54",
    "time_now": "2021-10-31 05:07:21",
    "ups": 2410,
    "downs": 0,
    "comments_since_last_sample": [],
    "top_comments_top": [
        {
            "comment_id": "hinkkfa",
            "body": "\nAs a reminder, this subreddit [is for civil discussion.](/r/politics/wiki/index#wiki_be_civil)\n\nIn general, be courteous to others. Debate/discuss/argue the merits of ideas, don't attack people. Personal insults, shill or troll accusations, hate speech, any suggestion or support of harm, violence, or death, and other rule violations can result in a permanent ban. \n\nIf you see comments in violation of our rules, please report them.\n\n For those who have questions regarding any media outlets being posted on this subreddit, please click [here](https://www.reddit.com/r/politics/wiki/approveddomainslist) to review our details as to our approved domains list and outlet criteria.\n\n***\n\n\n*I am a bot, and this action was performed automatically. Please [contact the moderators of this subreddit](/message/compose/?to=/r/politics) if you have any questions or concerns.*",
            "ups": 1,
            "downs": 0
        },
        {
            "comment_id": "hinn98y",
            "body": "Just cancel interest.",
            "ups": 70,
            "downs": 0
        },
        {
            "comment_id": "hiob9mj",
            "body": "How many times is this going to be reposted??",
            "ups": 49,
            "downs": 0
        },
        {
            "comment_id": "hinkx6j",
            "body": "This is a sick burn. LOL.",
            "ups": 34,
            "downs": 0
        },
        {
            "comment_id": "hiokel9",
            "body": "What ever happened to the Sec. Of Ed. memo from months ago?",
            "ups": 27,
            "downs": 0
        }
    ],
    "top_comments_best": [
        {
            "comment_id": "hinkkfa",
            "body": "\nAs a reminder, this subreddit [is for civil discussion.](/r/politics/wiki/index#wiki_be_civil)\n\nIn general, be courteous to others. Debate/discuss/argue the merits of ideas, don't attack people. Personal insults, shill or troll accusations, hate speech, any suggestion or support of harm, violence, or death, and other rule violations can result in a permanent ban. \n\nIf you see comments in violation of our rules, please report them.\n\n For those who have questions regarding any media outlets being posted on this subreddit, please click [here](https://www.reddit.com/r/politics/wiki/approveddomainslist) to review our details as to our approved domains list and outlet criteria.\n\n***\n\n\n*I am a bot, and this action was performed automatically. Please [contact the moderators of this subreddit](/message/compose/?to=/r/politics) if you have any questions or concerns.*",
            "ups": 1,
            "downs": 0
        },
        {
            "comment_id": "hiokel9",
            "body": "What ever happened to the Sec. Of Ed. memo from months ago?",
            "ups": 26,
            "downs": 0
        },
        {
            "comment_id": "hiob9mj",
            "body": "How many times is this going to be reposted??",
            "ups": 49,
            "downs": 0
        },
        {
            "comment_id": "hiorz0d",
            "body": "Include tuition reform with that, and runaway textbook prices.",
            "ups": 21,
            "downs": 0
        },
        {
            "comment_id": "hinn98y",
            "body": "Just cancel interest.",
            "ups": 69,
            "downs": 0
        }
    ],
    "top_comments_hot": [
        {
            "comment_id": "hinkkfa",
            "body": "\nAs a reminder, this subreddit [is for civil discussion.](/r/politics/wiki/index#wiki_be_civil)\n\nIn general, be courteous to others. Debate/discuss/argue the merits of ideas, don't attack people. Personal insults, shill or troll accusations, hate speech, any suggestion or support of harm, violence, or death, and other rule violations can result in a permanent ban. \n\nIf you see comments in violation of our rules, please report them.\n\n For those who have questions regarding any media outlets being posted on this subreddit, please click [here](https://www.reddit.com/r/politics/wiki/approveddomainslist) to review our details as to our approved domains list and outlet criteria.\n\n***\n\n\n*I am a bot, and this action was performed automatically. Please [contact the moderators of this subreddit](/message/compose/?to=/r/politics) if you have any questions or concerns.*",
            "ups": 1,
            "downs": 0
        },
        {
            "comment_id": "hiokel9",
            "body": "What ever happened to the Sec. Of Ed. memo from months ago?",
            "ups": 27,
            "downs": 0
        },
        {
            "comment_id": "hiob9mj",
            "body": "How many times is this going to be reposted??",
            "ups": 47,
            "downs": 0
        },
        {
            "comment_id": "hiorz0d",
            "body": "Include tuition reform with that, and runaway textbook prices.",
            "ups": 21,
            "downs": 0
        },
        {
            "comment_id": "hinn98y",
            "body": "Just cancel interest.",
            "ups": 72,
            "downs": 0
        }
    ]
}