{
    "post_url": "https://www.reddit.com/r/politics/comments/qisc8r/jim_bob_duggar_announces_run_for_arkansas_state/",
    "time_posted": "2021-10-29 22:46:01",
    "time_now": "2021-11-03 03:11:18",
    "ups": 21,
    "downs": 0,
    "comments_since_last_sample": [],
    "top_comments_top": [
        {
            "comment_id": "hili76a",
            "body": "\nAs a reminder, this subreddit [is for civil discussion.](/r/politics/wiki/index#wiki_be_civil)\n\nIn general, be courteous to others. Debate/discuss/argue the merits of ideas, don't attack people. Personal insults, shill or troll accusations, hate speech, any suggestion or support of harm, violence, or death, and other rule violations can result in a permanent ban. \n\nIf you see comments in violation of our rules, please report them.\n\n For those who have questions regarding any media outlets being posted on this subreddit, please click [here](https://www.reddit.com/r/politics/wiki/approveddomainslist) to review our details as to our approved domains list and outlet criteria.\n\n***\n\n\n*I am a bot, and this action was performed automatically. Please [contact the moderators of this subreddit](/message/compose/?to=/r/politics) if you have any questions or concerns.*",
            "ups": 1,
            "downs": 0
        },
        {
            "comment_id": "hilirmc",
            "body": "Every day, we inch closer to Idiocracy",
            "ups": 63,
            "downs": 0
        },
        {
            "comment_id": "hilkwmc",
            "body": "Another pedophile christian nazi republican",
            "ups": 44,
            "downs": 0
        },
        {
            "comment_id": "hilkyz1",
            "body": "Wow if I was a The Duggars I would just slink away from the public eye.",
            "ups": 24,
            "downs": 0
        },
        {
            "comment_id": "hilo56u",
            "body": "His slogan - \u201c I promise to keep my son away from YOU!\u201d",
            "ups": 14,
            "downs": 0
        }
    ],
    "top_comments_best": [
        {
            "comment_id": "hili76a",
            "body": "\nAs a reminder, this subreddit [is for civil discussion.](/r/politics/wiki/index#wiki_be_civil)\n\nIn general, be courteous to others. Debate/discuss/argue the merits of ideas, don't attack people. Personal insults, shill or troll accusations, hate speech, any suggestion or support of harm, violence, or death, and other rule violations can result in a permanent ban. \n\nIf you see comments in violation of our rules, please report them.\n\n For those who have questions regarding any media outlets being posted on this subreddit, please click [here](https://www.reddit.com/r/politics/wiki/approveddomainslist) to review our details as to our approved domains list and outlet criteria.\n\n***\n\n\n*I am a bot, and this action was performed automatically. Please [contact the moderators of this subreddit](/message/compose/?to=/r/politics) if you have any questions or concerns.*",
            "ups": 1,
            "downs": 0
        },
        {
            "comment_id": "hilirmc",
            "body": "Every day, we inch closer to Idiocracy",
            "ups": 64,
            "downs": 0
        },
        {
            "comment_id": "hilkwmc",
            "body": "Another pedophile christian nazi republican",
            "ups": 43,
            "downs": 0
        },
        {
            "comment_id": "hilkyz1",
            "body": "Wow if I was a The Duggars I would just slink away from the public eye.",
            "ups": 25,
            "downs": 0
        },
        {
            "comment_id": "hilo56u",
            "body": "His slogan - \u201c I promise to keep my son away from YOU!\u201d",
            "ups": 15,
            "downs": 0
        }
    ],
    "top_comments_hot": [
        {
            "comment_id": "hili76a",
            "body": "\nAs a reminder, this subreddit [is for civil discussion.](/r/politics/wiki/index#wiki_be_civil)\n\nIn general, be courteous to others. Debate/discuss/argue the merits of ideas, don't attack people. Personal insults, shill or troll accusations, hate speech, any suggestion or support of harm, violence, or death, and other rule violations can result in a permanent ban. \n\nIf you see comments in violation of our rules, please report them.\n\n For those who have questions regarding any media outlets being posted on this subreddit, please click [here](https://www.reddit.com/r/politics/wiki/approveddomainslist) to review our details as to our approved domains list and outlet criteria.\n\n***\n\n\n*I am a bot, and this action was performed automatically. Please [contact the moderators of this subreddit](/message/compose/?to=/r/politics) if you have any questions or concerns.*",
            "ups": 1,
            "downs": 0
        },
        {
            "comment_id": "hilirmc",
            "body": "Every day, we inch closer to Idiocracy",
            "ups": 63,
            "downs": 0
        },
        {
            "comment_id": "hilkwmc",
            "body": "Another pedophile christian nazi republican",
            "ups": 44,
            "downs": 0
        },
        {
            "comment_id": "hilkyz1",
            "body": "Wow if I was a The Duggars I would just slink away from the public eye.",
            "ups": 26,
            "downs": 0
        },
        {
            "comment_id": "hilo56u",
            "body": "His slogan - \u201c I promise to keep my son away from YOU!\u201d",
            "ups": 16,
            "downs": 0
        }
    ]
}