{
    "post_url": "https://www.reddit.com/r/gaming/comments/qj3gep/murdering_my_patience/",
    "time_posted": "2021-10-30 11:11:36",
    "time_now": "2021-11-02 06:32:20",
    "ups": 5873,
    "downs": 0,
    "comments_since_last_sample": [],
    "top_comments_top": [
        {
            "comment_id": "hinhq8h",
            "body": "The longer the game goes, the more points people get.  If a killer is toying with you it's so they (and by extension you) can get more points in the end.",
            "ups": 427,
            "downs": 0
        },
        {
            "comment_id": "hiok367",
            "body": "I love this game, but I'm trash. I panic way too much, and feel like I'm letting down the survivors. \n\nI'm also a bad killer.",
            "ups": 70,
            "downs": 0
        },
        {
            "comment_id": "hiov77p",
            "body": "Best decision was to stop playing this game.",
            "ups": 27,
            "downs": 0
        },
        {
            "comment_id": "hip2f1x",
            "body": "I tried this game once and don't get it. Seems like a bore fest, and I ended up winning as the psycho killer. It was just a bunch of waiting around mostly.",
            "ups": 22,
            "downs": 0
        },
        {
            "comment_id": "hiphjtu",
            "body": "Have you ever played game?.. From my pov 99% of time it is about survs making it unnecessary long. When you already lost as a killer, they want to open both gates and wait for you there to teabag, and then last one jumps into the hatch, just to suck as much points. Not talking about knocked guy crawling to the edge of map to die there, or some similar unnecessary hide-n-seek shit when it's 1v1.\n\np.s. f#ck this toxic game and devs",
            "ups": 7,
            "downs": 0
        }
    ],
    "top_comments_best": [
        {
            "comment_id": "hinhq8h",
            "body": "The longer the game goes, the more points people get.  If a killer is toying with you it's so they (and by extension you) can get more points in the end.",
            "ups": 431,
            "downs": 0
        },
        {
            "comment_id": "hiok367",
            "body": "I love this game, but I'm trash. I panic way too much, and feel like I'm letting down the survivors. \n\nI'm also a bad killer.",
            "ups": 67,
            "downs": 0
        },
        {
            "comment_id": "hiov77p",
            "body": "Best decision was to stop playing this game.",
            "ups": 29,
            "downs": 0
        },
        {
            "comment_id": "hip2f1x",
            "body": "I tried this game once and don't get it. Seems like a bore fest, and I ended up winning as the psycho killer. It was just a bunch of waiting around mostly.",
            "ups": 21,
            "downs": 0
        },
        {
            "comment_id": "hiphjtu",
            "body": "Have you ever played game?.. From my pov 99% of time it is about survs making it unnecessary long. When you already lost as a killer, they want to open both gates and wait for you there to teabag, and then last one jumps into the hatch, just to suck as much points. Not talking about knocked guy crawling to the edge of map to die there, or some similar unnecessary hide-n-seek shit when it's 1v1.\n\np.s. f#ck this toxic game and devs",
            "ups": 8,
            "downs": 0
        }
    ],
    "top_comments_hot": [
        {
            "comment_id": "hinhq8h",
            "body": "The longer the game goes, the more points people get.  If a killer is toying with you it's so they (and by extension you) can get more points in the end.",
            "ups": 429,
            "downs": 0
        },
        {
            "comment_id": "hiok367",
            "body": "I love this game, but I'm trash. I panic way too much, and feel like I'm letting down the survivors. \n\nI'm also a bad killer.",
            "ups": 71,
            "downs": 0
        },
        {
            "comment_id": "hiov77p",
            "body": "Best decision was to stop playing this game.",
            "ups": 34,
            "downs": 0
        },
        {
            "comment_id": "hip2f1x",
            "body": "I tried this game once and don't get it. Seems like a bore fest, and I ended up winning as the psycho killer. It was just a bunch of waiting around mostly.",
            "ups": 22,
            "downs": 0
        },
        {
            "comment_id": "hiphjtu",
            "body": "Have you ever played game?.. From my pov 99% of time it is about survs making it unnecessary long. When you already lost as a killer, they want to open both gates and wait for you there to teabag, and then last one jumps into the hatch, just to suck as much points. Not talking about knocked guy crawling to the edge of map to die there, or some similar unnecessary hide-n-seek shit when it's 1v1.\n\np.s. f#ck this toxic game and devs",
            "ups": 7,
            "downs": 0
        }
    ]
}