{
    "post_url": "https://www.reddit.com/r/gaming/comments/qj3gep/murdering_my_patience/",
    "time_posted": "2021-10-30 11:11:36",
    "time_now": "2021-10-31 00:59:39",
    "ups": 3790,
    "downs": 0,
    "comments_since_last_sample": [],
    "top_comments_top": [
        {
            "comment_id": "hinhq8h",
            "body": "The longer the game goes, the more points people get.  If a killer is toying with you it's so they (and by extension you) can get more points in the end.",
            "ups": 269,
            "downs": 0
        },
        {
            "comment_id": "hiok367",
            "body": "I love this game, but I'm trash. I panic way too much, and feel like I'm letting down the survivors. \n\nI'm also a bad killer.",
            "ups": 41,
            "downs": 0
        },
        {
            "comment_id": "hip2f1x",
            "body": "I tried this game once and don't get it. Seems like a bore fest, and I ended up winning as the psycho killer. It was just a bunch of waiting around mostly.",
            "ups": 17,
            "downs": 0
        },
        {
            "comment_id": "hiov77p",
            "body": "Best decision was to stop playing this game.",
            "ups": 14,
            "downs": 0
        },
        {
            "comment_id": "hip2w0p",
            "body": "Wanna kill some time",
            "ups": 2,
            "downs": 0
        }
    ],
    "top_comments_best": [
        {
            "comment_id": "hinhq8h",
            "body": "The longer the game goes, the more points people get.  If a killer is toying with you it's so they (and by extension you) can get more points in the end.",
            "ups": 270,
            "downs": 0
        },
        {
            "comment_id": "hiok367",
            "body": "I love this game, but I'm trash. I panic way too much, and feel like I'm letting down the survivors. \n\nI'm also a bad killer.",
            "ups": 39,
            "downs": 0
        },
        {
            "comment_id": "hip2f1x",
            "body": "I tried this game once and don't get it. Seems like a bore fest, and I ended up winning as the psycho killer. It was just a bunch of waiting around mostly.",
            "ups": 17,
            "downs": 0
        },
        {
            "comment_id": "hiov77p",
            "body": "Best decision was to stop playing this game.",
            "ups": 13,
            "downs": 0
        },
        {
            "comment_id": "hip2w0p",
            "body": "Wanna kill some time",
            "ups": 2,
            "downs": 0
        }
    ],
    "top_comments_hot": [
        {
            "comment_id": "hinhq8h",
            "body": "The longer the game goes, the more points people get.  If a killer is toying with you it's so they (and by extension you) can get more points in the end.",
            "ups": 270,
            "downs": 0
        },
        {
            "comment_id": "hiok367",
            "body": "I love this game, but I'm trash. I panic way too much, and feel like I'm letting down the survivors. \n\nI'm also a bad killer.",
            "ups": 42,
            "downs": 0
        },
        {
            "comment_id": "hip2f1x",
            "body": "I tried this game once and don't get it. Seems like a bore fest, and I ended up winning as the psycho killer. It was just a bunch of waiting around mostly.",
            "ups": 16,
            "downs": 0
        },
        {
            "comment_id": "hiov77p",
            "body": "Best decision was to stop playing this game.",
            "ups": 14,
            "downs": 0
        },
        {
            "comment_id": "hip2w0p",
            "body": "Wanna kill some time",
            "ups": 2,
            "downs": 0
        }
    ]
}