{
    "post_url": "https://www.reddit.com/r/LifeProTips/comments/qiu6r2/lpt_request_how_to_improve_english_writing_skills/",
    "time_posted": "2021-10-30 00:45:53",
    "time_now": "2021-10-30 16:49:53",
    "ups": 1,
    "downs": 0,
    "comments_since_last_sample": [
        {
            "comment_id": "hilvbbr",
            "body": "Hello and welcome to r/LifeProTips!\n\nPlease help us decide if this post is a good fit for the subreddit by up or downvoting this comment. \n\nIf you think that this is great advice to improve your life, please upvote. If you think this doesn't help you in any way, please downvote. If you don't care, leave it for the others to decide."
        },
        {
            "comment_id": "him0j1r",
            "body": "Reading academic papers about topics, and books about the subjects help you somehow model that style of writing just by reading it. I used to do it for research papers just reading bunch of academic related articles helped me."
        },
        {
            "comment_id": "him03au",
            "body": "Unfortunately I am very very ignorant of other cultures so I don't know if the exam is in an american/English speaking school. If it is, speak with your professor regarding this.\n\nIf not, find a community of primarily English speaking individuals to practice.\n\nAs much as we make fun of it, Duo Lingo is also very good at teaching sentence structure. But it's vocabulary is garbage."
        },
        {
            "comment_id": "hilzocb",
            "body": "Try contacting a university department that teaches your language. They could advise you since they know your language and English. Find online groups of other people like you who are going to take the test and network with them. I agree that your written English is very good!"
        },
        {
            "comment_id": "hilzlzu",
            "body": "E2 language YouTube"
        },
        {
            "comment_id": "hilvvod",
            "body": "I am an Englishman,living in England,speaking English.\n\nYour grammar is fine mate....infact you speak it better than most of the yokels here lol.\n\ndont sweat it."
        },
        {
            "comment_id": "hilvmrl",
            "body": "So I would find a discord where you can speak English with English speakers and non native speakers so you can increase your English proficiency. My friend who\u2019s desi does that."
        }
    ],
    "top_comments_top": [
        {
            "comment_id": "hilvbbr",
            "body": "Hello and welcome to r/LifeProTips!\n\nPlease help us decide if this post is a good fit for the subreddit by up or downvoting this comment. \n\nIf you think that this is great advice to improve your life, please upvote. If you think this doesn't help you in any way, please downvote. If you don't care, leave it for the others to decide.",
            "ups": 1,
            "downs": 0
        },
        {
            "comment_id": "hilvmrl",
            "body": "So I would find a discord where you can speak English with English speakers and non native speakers so you can increase your English proficiency. My friend who\u2019s desi does that.",
            "ups": 5,
            "downs": 0
        },
        {
            "comment_id": "hilvvod",
            "body": "I am an Englishman,living in England,speaking English.\n\nYour grammar is fine mate....infact you speak it better than most of the yokels here lol.\n\ndont sweat it.",
            "ups": 1,
            "downs": 0
        },
        {
            "comment_id": "hilzlzu",
            "body": "E2 language YouTube",
            "ups": 1,
            "downs": 0
        },
        {
            "comment_id": "hilzocb",
            "body": "Try contacting a university department that teaches your language. They could advise you since they know your language and English. Find online groups of other people like you who are going to take the test and network with them. I agree that your written English is very good!",
            "ups": 1,
            "downs": 0
        }
    ],
    "top_comments_best": [
        {
            "comment_id": "hilvbbr",
            "body": "Hello and welcome to r/LifeProTips!\n\nPlease help us decide if this post is a good fit for the subreddit by up or downvoting this comment. \n\nIf you think that this is great advice to improve your life, please upvote. If you think this doesn't help you in any way, please downvote. If you don't care, leave it for the others to decide.",
            "ups": 1,
            "downs": 0
        },
        {
            "comment_id": "hilvmrl",
            "body": "So I would find a discord where you can speak English with English speakers and non native speakers so you can increase your English proficiency. My friend who\u2019s desi does that.",
            "ups": 4,
            "downs": 0
        },
        {
            "comment_id": "hilvvod",
            "body": "I am an Englishman,living in England,speaking English.\n\nYour grammar is fine mate....infact you speak it better than most of the yokels here lol.\n\ndont sweat it.",
            "ups": 1,
            "downs": 0
        },
        {
            "comment_id": "hilzlzu",
            "body": "E2 language YouTube",
            "ups": 1,
            "downs": 0
        },
        {
            "comment_id": "hilzocb",
            "body": "Try contacting a university department that teaches your language. They could advise you since they know your language and English. Find online groups of other people like you who are going to take the test and network with them. I agree that your written English is very good!",
            "ups": 1,
            "downs": 0
        }
    ],
    "top_comments_hot": [
        {
            "comment_id": "hilvbbr",
            "body": "Hello and welcome to r/LifeProTips!\n\nPlease help us decide if this post is a good fit for the subreddit by up or downvoting this comment. \n\nIf you think that this is great advice to improve your life, please upvote. If you think this doesn't help you in any way, please downvote. If you don't care, leave it for the others to decide.",
            "ups": 1,
            "downs": 0
        },
        {
            "comment_id": "hilvmrl",
            "body": "So I would find a discord where you can speak English with English speakers and non native speakers so you can increase your English proficiency. My friend who\u2019s desi does that.",
            "ups": 6,
            "downs": 0
        },
        {
            "comment_id": "hilvvod",
            "body": "I am an Englishman,living in England,speaking English.\n\nYour grammar is fine mate....infact you speak it better than most of the yokels here lol.\n\ndont sweat it.",
            "ups": 1,
            "downs": 0
        },
        {
            "comment_id": "hilzlzu",
            "body": "E2 language YouTube",
            "ups": 1,
            "downs": 0
        },
        {
            "comment_id": "hilzocb",
            "body": "Try contacting a university department that teaches your language. They could advise you since they know your language and English. Find online groups of other people like you who are going to take the test and network with them. I agree that your written English is very good!",
            "ups": 1,
            "downs": 0
        }
    ]
}