{
    "post_url": "https://www.reddit.com/r/Music/comments/qiyr94/songs_that_really_feature_the_sound_and_skills_of/",
    "time_posted": "2021-10-30 06:29:20",
    "time_now": "2021-11-01 14:02:38",
    "ups": 9,
    "downs": 0,
    "comments_since_last_sample": [],
    "top_comments_top": [
        {
            "comment_id": "himma2l",
            "body": "Listen to the album hemispheres by rush. The drummer for the band rush (Neil Peart) is considered the best in the world and his drumming is unreal.",
            "ups": 14,
            "downs": 0
        },
        {
            "comment_id": "himuwxs",
            "body": "Check out the album Fear Inoculum by Tool. It\u2019s Danny Carey\u2019s masterpiece. Specifically the songs Descending and Invincible.",
            "ups": 9,
            "downs": 0
        },
        {
            "comment_id": "himnhha",
            "body": "Almost all of zeps albums.  I say almost..in through the outdoor JB was pretty out of it as was Jimmie.",
            "ups": 6,
            "downs": 0
        },
        {
            "comment_id": "himniu7",
            "body": "Many fine examples in Steely Dan and Toto.",
            "ups": 5,
            "downs": 0
        },
        {
            "comment_id": "himt098",
            "body": "Seven Days - Sting - Vinnie Colaiuta\n\nRosanna - Toto - Jeff Porcaro\n\nFool in The Rain - Led Zeppelin- John Bonham\n\nCult of Personality - Living Color - Wil Calhoun\n\n50 ways to Leave Your Lover - Paul Simon - Steve Gadd\n\nBeulah Witch - Buddy Rich Big Band - Matt Sorum (listen to Burning for Buddy)\n\nGive me Shelter - Rolling Stones - Charlie  Watts\n\nBrian Wilson - Bare Naked Ladies - Tyler Stewart\n\n___________ - Tool - Danny Carey ( the go find his jazz)\n\nSpirit of Radio - Rush - Neil Peart\n\nFame - David Bowie - Dennis Davis",
            "ups": 4,
            "downs": 0
        }
    ],
    "top_comments_best": [
        {
            "comment_id": "himma2l",
            "body": "Listen to the album hemispheres by rush. The drummer for the band rush (Neil Peart) is considered the best in the world and his drumming is unreal.",
            "ups": 14,
            "downs": 0
        },
        {
            "comment_id": "himuwxs",
            "body": "Check out the album Fear Inoculum by Tool. It\u2019s Danny Carey\u2019s masterpiece. Specifically the songs Descending and Invincible.",
            "ups": 8,
            "downs": 0
        },
        {
            "comment_id": "himniu7",
            "body": "Many fine examples in Steely Dan and Toto.",
            "ups": 5,
            "downs": 0
        },
        {
            "comment_id": "himt098",
            "body": "Seven Days - Sting - Vinnie Colaiuta\n\nRosanna - Toto - Jeff Porcaro\n\nFool in The Rain - Led Zeppelin- John Bonham\n\nCult of Personality - Living Color - Wil Calhoun\n\n50 ways to Leave Your Lover - Paul Simon - Steve Gadd\n\nBeulah Witch - Buddy Rich Big Band - Matt Sorum (listen to Burning for Buddy)\n\nGive me Shelter - Rolling Stones - Charlie  Watts\n\nBrian Wilson - Bare Naked Ladies - Tyler Stewart\n\n___________ - Tool - Danny Carey ( the go find his jazz)\n\nSpirit of Radio - Rush - Neil Peart\n\nFame - David Bowie - Dennis Davis",
            "ups": 4,
            "downs": 0
        },
        {
            "comment_id": "himw112",
            "body": "Here's Danny Carey from Tool while they perform Pneuma \nhttps://youtu.be/FssULNGSZIA",
            "ups": 3,
            "downs": 0
        }
    ],
    "top_comments_hot": [
        {
            "comment_id": "himma2l",
            "body": "Listen to the album hemispheres by rush. The drummer for the band rush (Neil Peart) is considered the best in the world and his drumming is unreal.",
            "ups": 12,
            "downs": 0
        },
        {
            "comment_id": "himuwxs",
            "body": "Check out the album Fear Inoculum by Tool. It\u2019s Danny Carey\u2019s masterpiece. Specifically the songs Descending and Invincible.",
            "ups": 8,
            "downs": 0
        },
        {
            "comment_id": "himniu7",
            "body": "Many fine examples in Steely Dan and Toto.",
            "ups": 5,
            "downs": 0
        },
        {
            "comment_id": "himt098",
            "body": "Seven Days - Sting - Vinnie Colaiuta\n\nRosanna - Toto - Jeff Porcaro\n\nFool in The Rain - Led Zeppelin- John Bonham\n\nCult of Personality - Living Color - Wil Calhoun\n\n50 ways to Leave Your Lover - Paul Simon - Steve Gadd\n\nBeulah Witch - Buddy Rich Big Band - Matt Sorum (listen to Burning for Buddy)\n\nGive me Shelter - Rolling Stones - Charlie  Watts\n\nBrian Wilson - Bare Naked Ladies - Tyler Stewart\n\n___________ - Tool - Danny Carey ( the go find his jazz)\n\nSpirit of Radio - Rush - Neil Peart\n\nFame - David Bowie - Dennis Davis",
            "ups": 5,
            "downs": 0
        },
        {
            "comment_id": "himw112",
            "body": "Here's Danny Carey from Tool while they perform Pneuma \nhttps://youtu.be/FssULNGSZIA",
            "ups": 4,
            "downs": 0
        }
    ]
}