{
    "post_url": "https://www.reddit.com/r/LifeProTips/comments/qisvad/lpt_set_your_phones_background_as_a_reminder_for/",
    "time_posted": "2021-10-29 23:19:44",
    "time_now": "2021-11-01 22:21:52",
    "ups": 19,
    "downs": 0,
    "comments_since_last_sample": [],
    "top_comments_top": [
        {
            "comment_id": "hilm6cc",
            "body": "Hello and welcome to r/LifeProTips!\n\nPlease help us decide if this post is a good fit for the subreddit by up or downvoting this comment. \n\nIf you think that this is great advice to improve your life, please upvote. If you think this doesn't help you in any way, please downvote. If you don't care, leave it for the others to decide.",
            "ups": 1,
            "downs": 0
        },
        {
            "comment_id": "hilrzm5",
            "body": "Can confirm this works. I've had my wife as my phone's background for years.",
            "ups": 17,
            "downs": 0
        },
        {
            "comment_id": "hilqmjg",
            "body": "Android Phones; Install [Simple Notepad](https://play.google.com/store/apps/details?id=org.mightyfrog.android.simplenotepad), it has a widget that places 'sticky notes' on your desktop. These are resizable, customisable, and can include checkboxes to mark things off, like a shopping list.",
            "ups": 2,
            "downs": 0
        },
        {
            "comment_id": "him3uqw",
            "body": "I just set reminders on my phone and don\u2019t close out the notification til I do it. Every time I wake my phone I see the reminder. Shoot sometimes I reset the time for the notification so it pings me again",
            "ups": 2,
            "downs": 0
        },
        {
            "comment_id": "himfy3w",
            "body": "Wait you guys have phones? /S\n\nBut this sounds like a neat idea for an app :)",
            "ups": 1,
            "downs": 0
        }
    ],
    "top_comments_best": [
        {
            "comment_id": "hilm6cc",
            "body": "Hello and welcome to r/LifeProTips!\n\nPlease help us decide if this post is a good fit for the subreddit by up or downvoting this comment. \n\nIf you think that this is great advice to improve your life, please upvote. If you think this doesn't help you in any way, please downvote. If you don't care, leave it for the others to decide.",
            "ups": 1,
            "downs": 0
        },
        {
            "comment_id": "hilrzm5",
            "body": "Can confirm this works. I've had my wife as my phone's background for years.",
            "ups": 16,
            "downs": 0
        },
        {
            "comment_id": "hilqmjg",
            "body": "Android Phones; Install [Simple Notepad](https://play.google.com/store/apps/details?id=org.mightyfrog.android.simplenotepad), it has a widget that places 'sticky notes' on your desktop. These are resizable, customisable, and can include checkboxes to mark things off, like a shopping list.",
            "ups": 2,
            "downs": 0
        },
        {
            "comment_id": "him3uqw",
            "body": "I just set reminders on my phone and don\u2019t close out the notification til I do it. Every time I wake my phone I see the reminder. Shoot sometimes I reset the time for the notification so it pings me again",
            "ups": 2,
            "downs": 0
        },
        {
            "comment_id": "himfy3w",
            "body": "Wait you guys have phones? /S\n\nBut this sounds like a neat idea for an app :)",
            "ups": 1,
            "downs": 0
        }
    ],
    "top_comments_hot": [
        {
            "comment_id": "hilm6cc",
            "body": "Hello and welcome to r/LifeProTips!\n\nPlease help us decide if this post is a good fit for the subreddit by up or downvoting this comment. \n\nIf you think that this is great advice to improve your life, please upvote. If you think this doesn't help you in any way, please downvote. If you don't care, leave it for the others to decide.",
            "ups": 1,
            "downs": 0
        },
        {
            "comment_id": "hilrzm5",
            "body": "Can confirm this works. I've had my wife as my phone's background for years.",
            "ups": 17,
            "downs": 0
        },
        {
            "comment_id": "hilqmjg",
            "body": "Android Phones; Install [Simple Notepad](https://play.google.com/store/apps/details?id=org.mightyfrog.android.simplenotepad), it has a widget that places 'sticky notes' on your desktop. These are resizable, customisable, and can include checkboxes to mark things off, like a shopping list.",
            "ups": 2,
            "downs": 0
        },
        {
            "comment_id": "him3uqw",
            "body": "I just set reminders on my phone and don\u2019t close out the notification til I do it. Every time I wake my phone I see the reminder. Shoot sometimes I reset the time for the notification so it pings me again",
            "ups": 2,
            "downs": 0
        },
        {
            "comment_id": "himfy3w",
            "body": "Wait you guys have phones? /S\n\nBut this sounds like a neat idea for an app :)",
            "ups": 1,
            "downs": 0
        }
    ]
}