{
    "post_url": "https://www.reddit.com/r/politics/comments/qj25yl/is_the_us_helping_the_jan_6_rioters_plan_a_sequel/",
    "time_posted": "2021-10-30 10:05:11",
    "time_now": "2021-11-02 18:55:40",
    "ups": 137,
    "downs": 0,
    "comments_since_last_sample": [],
    "top_comments_top": [
        {
            "comment_id": "hin75pw",
            "body": "\nAs a reminder, this subreddit [is for civil discussion.](/r/politics/wiki/index#wiki_be_civil)\n\nIn general, be courteous to others. Debate/discuss/argue the merits of ideas, don't attack people. Personal insults, shill or troll accusations, hate speech, any suggestion or support of harm, violence, or death, and other rule violations can result in a permanent ban. \n\nIf you see comments in violation of our rules, please report them.\n\n For those who have questions regarding any media outlets being posted on this subreddit, please click [here](https://www.reddit.com/r/politics/wiki/approveddomainslist) to review our details as to our approved domains list and outlet criteria.\n\n***\n\n\n*I am a bot, and this action was performed automatically. Please [contact the moderators of this subreddit](/message/compose/?to=/r/politics) if you have any questions or concerns.*",
            "ups": 1,
            "downs": 0
        },
        {
            "comment_id": "hinbr62",
            "body": "Not only behind bars but also on television, radio, signs, memes, tweet quotes and street corners...",
            "ups": 28,
            "downs": 0
        },
        {
            "comment_id": "hintjis",
            "body": "I mean you release the majority of them on misdemeanors or even less, let go police beaters on house arrest, and let Republicans that supported it stay in power to pass laws. So ya just wait for round 2. The terrorists know that they will face less charges than a black teen walking at night in a hoody.",
            "ups": 10,
            "downs": 0
        },
        {
            "comment_id": "hinhrwx",
            "body": "That is why some judges are instead choosing home confinement instead of locking them up together. One judge said as much.",
            "ups": 9,
            "downs": 0
        },
        {
            "comment_id": "hin9vlc",
            "body": "The minions dumb enough to find themselves behind bars could barely plan a circlejerk.",
            "ups": 8,
            "downs": 0
        }
    ],
    "top_comments_best": [
        {
            "comment_id": "hin75pw",
            "body": "\nAs a reminder, this subreddit [is for civil discussion.](/r/politics/wiki/index#wiki_be_civil)\n\nIn general, be courteous to others. Debate/discuss/argue the merits of ideas, don't attack people. Personal insults, shill or troll accusations, hate speech, any suggestion or support of harm, violence, or death, and other rule violations can result in a permanent ban. \n\nIf you see comments in violation of our rules, please report them.\n\n For those who have questions regarding any media outlets being posted on this subreddit, please click [here](https://www.reddit.com/r/politics/wiki/approveddomainslist) to review our details as to our approved domains list and outlet criteria.\n\n***\n\n\n*I am a bot, and this action was performed automatically. Please [contact the moderators of this subreddit](/message/compose/?to=/r/politics) if you have any questions or concerns.*",
            "ups": 1,
            "downs": 0
        },
        {
            "comment_id": "hinbr62",
            "body": "Not only behind bars but also on television, radio, signs, memes, tweet quotes and street corners...",
            "ups": 26,
            "downs": 0
        },
        {
            "comment_id": "hintjis",
            "body": "I mean you release the majority of them on misdemeanors or even less, let go police beaters on house arrest, and let Republicans that supported it stay in power to pass laws. So ya just wait for round 2. The terrorists know that they will face less charges than a black teen walking at night in a hoody.",
            "ups": 10,
            "downs": 0
        },
        {
            "comment_id": "hinhrwx",
            "body": "That is why some judges are instead choosing home confinement instead of locking them up together. One judge said as much.",
            "ups": 9,
            "downs": 0
        },
        {
            "comment_id": "hin9vlc",
            "body": "The minions dumb enough to find themselves behind bars could barely plan a circlejerk.",
            "ups": 7,
            "downs": 0
        }
    ],
    "top_comments_hot": [
        {
            "comment_id": "hin75pw",
            "body": "\nAs a reminder, this subreddit [is for civil discussion.](/r/politics/wiki/index#wiki_be_civil)\n\nIn general, be courteous to others. Debate/discuss/argue the merits of ideas, don't attack people. Personal insults, shill or troll accusations, hate speech, any suggestion or support of harm, violence, or death, and other rule violations can result in a permanent ban. \n\nIf you see comments in violation of our rules, please report them.\n\n For those who have questions regarding any media outlets being posted on this subreddit, please click [here](https://www.reddit.com/r/politics/wiki/approveddomainslist) to review our details as to our approved domains list and outlet criteria.\n\n***\n\n\n*I am a bot, and this action was performed automatically. Please [contact the moderators of this subreddit](/message/compose/?to=/r/politics) if you have any questions or concerns.*",
            "ups": 1,
            "downs": 0
        },
        {
            "comment_id": "hinbr62",
            "body": "Not only behind bars but also on television, radio, signs, memes, tweet quotes and street corners...",
            "ups": 27,
            "downs": 0
        },
        {
            "comment_id": "hintjis",
            "body": "I mean you release the majority of them on misdemeanors or even less, let go police beaters on house arrest, and let Republicans that supported it stay in power to pass laws. So ya just wait for round 2. The terrorists know that they will face less charges than a black teen walking at night in a hoody.",
            "ups": 9,
            "downs": 0
        },
        {
            "comment_id": "hinhrwx",
            "body": "That is why some judges are instead choosing home confinement instead of locking them up together. One judge said as much.",
            "ups": 10,
            "downs": 0
        },
        {
            "comment_id": "hin9vlc",
            "body": "The minions dumb enough to find themselves behind bars could barely plan a circlejerk.",
            "ups": 9,
            "downs": 0
        }
    ]
}