{
    "post_url": "https://www.reddit.com/r/gaming/comments/qj0snm/uhd_770_vs_uhd_750/",
    "time_posted": "2021-10-30 08:47:55",
    "time_now": "2021-10-31 01:00:08",
    "ups": 3,
    "downs": 0,
    "comments_since_last_sample": [],
    "top_comments_top": [
        {
            "comment_id": "hin1056",
            "body": "If you look at the jumps in the past, I would hope yes. Still a die hard high end gpu guy, but more and more amazed what they are cramming Into cpus these days",
            "ups": 1,
            "downs": 0
        }
    ],
    "top_comments_best": [
        {
            "comment_id": "hin1056",
            "body": "If you look at the jumps in the past, I would hope yes. Still a die hard high end gpu guy, but more and more amazed what they are cramming Into cpus these days",
            "ups": 1,
            "downs": 0
        }
    ],
    "top_comments_hot": [
        {
            "comment_id": "hin1056",
            "body": "If you look at the jumps in the past, I would hope yes. Still a die hard high end gpu guy, but more and more amazed what they are cramming Into cpus these days",
            "ups": 1,
            "downs": 0
        }
    ]
}