{
    "post_url": "https://www.reddit.com/r/Music/comments/qj3k2b/pressing_strings_same_team_live_soul/",
    "time_posted": "2021-10-30 11:16:57",
    "time_now": "2021-11-01 01:40:37",
    "ups": 2,
    "downs": 0,
    "comments_since_last_sample": [],
    "top_comments_top": [
        {
            "comment_id": "hioyhkv",
            "body": "I like the sound of it. Thanks for helping me find something new to listen to.",
            "ups": 1,
            "downs": 0
        },
        {
            "comment_id": "hinimx7",
            "body": "Goddamn dude, are you going to post every fucking video from this YouTube channel?",
            "ups": 0,
            "downs": 0
        }
    ],
    "top_comments_best": [
        {
            "comment_id": "hioyhkv",
            "body": "I like the sound of it. Thanks for helping me find something new to listen to.",
            "ups": 1,
            "downs": 0
        },
        {
            "comment_id": "hinimx7",
            "body": "Goddamn dude, are you going to post every fucking video from this YouTube channel?",
            "ups": 0,
            "downs": 0
        }
    ],
    "top_comments_hot": [
        {
            "comment_id": "hioyhkv",
            "body": "I like the sound of it. Thanks for helping me find something new to listen to.",
            "ups": 1,
            "downs": 0
        },
        {
            "comment_id": "hinimx7",
            "body": "Goddamn dude, are you going to post every fucking video from this YouTube channel?",
            "ups": 0,
            "downs": 0
        }
    ]
}