{
    "post_url": "https://www.reddit.com/r/LifeProTips/comments/qih4ax/lpt_if_you_are_trying_to_be_discrete_about_your/",
    "time_posted": "2021-10-29 12:50:26",
    "time_now": "2021-11-03 11:27:24",
    "ups": 8,
    "downs": 0,
    "comments_since_last_sample": [],
    "top_comments_top": [
        {
            "comment_id": "hij788k",
            "body": "Hello and welcome to r/LifeProTips!\n\nPlease help us decide if this post is a good fit for the subreddit by up or downvoting this comment. \n\nIf you think that this is great advice to improve your life, please upvote. If you think this doesn't help you in any way, please downvote. If you don't care, leave it for the others to decide.",
            "ups": 1,
            "downs": 0
        },
        {
            "comment_id": "hijjbd1",
            "body": "I use Duck Duck Go. It\u2019s worked well for me.",
            "ups": 3,
            "downs": 0
        },
        {
            "comment_id": "hij850z",
            "body": "Uh...incognito mode...you're welcome",
            "ups": 2,
            "downs": 0
        },
        {
            "comment_id": "hijydum",
            "body": "Remember that this will only help hide your activity from other people in your house.  Google, your ISP, and plenty of others will also have records of everything you do.",
            "ups": 1,
            "downs": 0
        }
    ],
    "top_comments_best": [
        {
            "comment_id": "hij788k",
            "body": "Hello and welcome to r/LifeProTips!\n\nPlease help us decide if this post is a good fit for the subreddit by up or downvoting this comment. \n\nIf you think that this is great advice to improve your life, please upvote. If you think this doesn't help you in any way, please downvote. If you don't care, leave it for the others to decide.",
            "ups": 1,
            "downs": 0
        },
        {
            "comment_id": "hijjbd1",
            "body": "I use Duck Duck Go. It\u2019s worked well for me.",
            "ups": 3,
            "downs": 0
        },
        {
            "comment_id": "hij850z",
            "body": "Uh...incognito mode...you're welcome",
            "ups": 2,
            "downs": 0
        },
        {
            "comment_id": "hijydum",
            "body": "Remember that this will only help hide your activity from other people in your house.  Google, your ISP, and plenty of others will also have records of everything you do.",
            "ups": 1,
            "downs": 0
        }
    ],
    "top_comments_hot": [
        {
            "comment_id": "hij788k",
            "body": "Hello and welcome to r/LifeProTips!\n\nPlease help us decide if this post is a good fit for the subreddit by up or downvoting this comment. \n\nIf you think that this is great advice to improve your life, please upvote. If you think this doesn't help you in any way, please downvote. If you don't care, leave it for the others to decide.",
            "ups": 1,
            "downs": 0
        },
        {
            "comment_id": "hijjbd1",
            "body": "I use Duck Duck Go. It\u2019s worked well for me.",
            "ups": 3,
            "downs": 0
        },
        {
            "comment_id": "hij850z",
            "body": "Uh...incognito mode...you're welcome",
            "ups": 2,
            "downs": 0
        },
        {
            "comment_id": "hijydum",
            "body": "Remember that this will only help hide your activity from other people in your house.  Google, your ISP, and plenty of others will also have records of everything you do.",
            "ups": 1,
            "downs": 0
        }
    ]
}