{
    "post_url": "https://www.reddit.com/r/gaming/comments/qj3iyl/i_recently_purchased_a_ps5_for_retail_price_from/",
    "time_posted": "2021-10-30 11:15:21",
    "time_now": "2021-10-31 21:34:16",
    "ups": 18,
    "downs": 0,
    "comments_since_last_sample": [],
    "top_comments_top": [
        {
            "comment_id": "hingdqw",
            "body": "Good for you. \n\nEnjoy.\n\n\nI grabbed two Ps5 at launch for my son and I and we game daily. Some great games to play and its only getting better. \ud83d\udc4d\ud83c\udf7a\ud83c\udde6\ud83c\uddfa",
            "ups": 4,
            "downs": 0
        },
        {
            "comment_id": "hinghh6",
            "body": "Wow that's awesome! Congratulations!!!",
            "ups": 2,
            "downs": 0
        },
        {
            "comment_id": "hingiry",
            "body": "That\u2019s awesome. You set a goal for yourself and look what you got. \ud83d\ude0a a little envious because I keep missing the restocks",
            "ups": 2,
            "downs": 0
        },
        {
            "comment_id": "hingt1k",
            "body": "Just the tips?",
            "ups": 1,
            "downs": 0
        },
        {
            "comment_id": "hinh299",
            "body": "congratulations man. enjoy",
            "ups": 1,
            "downs": 0
        }
    ],
    "top_comments_best": [
        {
            "comment_id": "hingdqw",
            "body": "Good for you. \n\nEnjoy.\n\n\nI grabbed two Ps5 at launch for my son and I and we game daily. Some great games to play and its only getting better. \ud83d\udc4d\ud83c\udf7a\ud83c\udde6\ud83c\uddfa",
            "ups": 4,
            "downs": 0
        },
        {
            "comment_id": "hinghh6",
            "body": "Wow that's awesome! Congratulations!!!",
            "ups": 2,
            "downs": 0
        },
        {
            "comment_id": "hingiry",
            "body": "That\u2019s awesome. You set a goal for yourself and look what you got. \ud83d\ude0a a little envious because I keep missing the restocks",
            "ups": 2,
            "downs": 0
        },
        {
            "comment_id": "hingt1k",
            "body": "Just the tips?",
            "ups": 1,
            "downs": 0
        },
        {
            "comment_id": "hinh299",
            "body": "congratulations man. enjoy",
            "ups": 1,
            "downs": 0
        }
    ],
    "top_comments_hot": [
        {
            "comment_id": "hingdqw",
            "body": "Good for you. \n\nEnjoy.\n\n\nI grabbed two Ps5 at launch for my son and I and we game daily. Some great games to play and its only getting better. \ud83d\udc4d\ud83c\udf7a\ud83c\udde6\ud83c\uddfa",
            "ups": 3,
            "downs": 0
        },
        {
            "comment_id": "hinghh6",
            "body": "Wow that's awesome! Congratulations!!!",
            "ups": 2,
            "downs": 0
        },
        {
            "comment_id": "hingiry",
            "body": "That\u2019s awesome. You set a goal for yourself and look what you got. \ud83d\ude0a a little envious because I keep missing the restocks",
            "ups": 2,
            "downs": 0
        },
        {
            "comment_id": "hingt1k",
            "body": "Just the tips?",
            "ups": 1,
            "downs": 0
        },
        {
            "comment_id": "hinh299",
            "body": "congratulations man. enjoy",
            "ups": 1,
            "downs": 0
        }
    ]
}