{
    "post_url": "https://www.reddit.com/r/politics/comments/qj2exf/democrat_operative_admits_involvement_in_failed/",
    "time_posted": "2021-10-30 10:18:51",
    "time_now": "2021-11-03 11:24:47",
    "ups": 0,
    "downs": 0,
    "comments_since_last_sample": [],
    "top_comments_top": [
        {
            "comment_id": "hin8von",
            "body": "\nAs a reminder, this subreddit [is for civil discussion.](/r/politics/wiki/index#wiki_be_civil)\n\nIn general, be courteous to others. Debate/discuss/argue the merits of ideas, don't attack people. Personal insults, shill or troll accusations, hate speech, any suggestion or support of harm, violence, or death, and other rule violations can result in a permanent ban. \n\nIf you see comments in violation of our rules, please report them.\n\n For those who have questions regarding any media outlets being posted on this subreddit, please click [here](https://www.reddit.com/r/politics/wiki/approveddomainslist) to review our details as to our approved domains list and outlet criteria.\n\n***\n\n\n*I am a bot, and this action was performed automatically. Please [contact the moderators of this subreddit](/message/compose/?to=/r/politics) if you have any questions or concerns.*",
            "ups": 1,
            "downs": 0
        },
        {
            "comment_id": "hin96h8",
            "body": "Breitbart \u2014 do better.",
            "ups": 16,
            "downs": 0
        },
        {
            "comment_id": "hindxhe",
            "body": "The Lincoln Project is Republicans.",
            "ups": 13,
            "downs": 0
        },
        {
            "comment_id": "hina37g",
            "body": "Breitbart is the news equivalent of an insane homeless man screaming on the street corner.",
            "ups": 12,
            "downs": 0
        },
        {
            "comment_id": "hina9ig",
            "body": "This is breitbart so I\u2019m not even going to bother clicking. Bannon is batshit. Nothing his publication puts out is reliable",
            "ups": 13,
            "downs": 0
        }
    ],
    "top_comments_best": [
        {
            "comment_id": "hin8von",
            "body": "\nAs a reminder, this subreddit [is for civil discussion.](/r/politics/wiki/index#wiki_be_civil)\n\nIn general, be courteous to others. Debate/discuss/argue the merits of ideas, don't attack people. Personal insults, shill or troll accusations, hate speech, any suggestion or support of harm, violence, or death, and other rule violations can result in a permanent ban. \n\nIf you see comments in violation of our rules, please report them.\n\n For those who have questions regarding any media outlets being posted on this subreddit, please click [here](https://www.reddit.com/r/politics/wiki/approveddomainslist) to review our details as to our approved domains list and outlet criteria.\n\n***\n\n\n*I am a bot, and this action was performed automatically. Please [contact the moderators of this subreddit](/message/compose/?to=/r/politics) if you have any questions or concerns.*",
            "ups": 1,
            "downs": 0
        },
        {
            "comment_id": "hindxhe",
            "body": "The Lincoln Project is Republicans.",
            "ups": 13,
            "downs": 0
        },
        {
            "comment_id": "hina37g",
            "body": "Breitbart is the news equivalent of an insane homeless man screaming on the street corner.",
            "ups": 11,
            "downs": 0
        },
        {
            "comment_id": "hina9ig",
            "body": "This is breitbart so I\u2019m not even going to bother clicking. Bannon is batshit. Nothing his publication puts out is reliable",
            "ups": 11,
            "downs": 0
        },
        {
            "comment_id": "hina3gx",
            "body": "They're more alarmed by this than when it actually happened lol.",
            "ups": 8,
            "downs": 0
        }
    ],
    "top_comments_hot": [
        {
            "comment_id": "hin8von",
            "body": "\nAs a reminder, this subreddit [is for civil discussion.](/r/politics/wiki/index#wiki_be_civil)\n\nIn general, be courteous to others. Debate/discuss/argue the merits of ideas, don't attack people. Personal insults, shill or troll accusations, hate speech, any suggestion or support of harm, violence, or death, and other rule violations can result in a permanent ban. \n\nIf you see comments in violation of our rules, please report them.\n\n For those who have questions regarding any media outlets being posted on this subreddit, please click [here](https://www.reddit.com/r/politics/wiki/approveddomainslist) to review our details as to our approved domains list and outlet criteria.\n\n***\n\n\n*I am a bot, and this action was performed automatically. Please [contact the moderators of this subreddit](/message/compose/?to=/r/politics) if you have any questions or concerns.*",
            "ups": 1,
            "downs": 0
        },
        {
            "comment_id": "hindxhe",
            "body": "The Lincoln Project is Republicans.",
            "ups": 12,
            "downs": 0
        },
        {
            "comment_id": "hina37g",
            "body": "Breitbart is the news equivalent of an insane homeless man screaming on the street corner.",
            "ups": 11,
            "downs": 0
        },
        {
            "comment_id": "hina9ig",
            "body": "This is breitbart so I\u2019m not even going to bother clicking. Bannon is batshit. Nothing his publication puts out is reliable",
            "ups": 10,
            "downs": 0
        },
        {
            "comment_id": "hina3gx",
            "body": "They're more alarmed by this than when it actually happened lol.",
            "ups": 8,
            "downs": 0
        }
    ]
}