{
    "post_url": "https://www.reddit.com/r/LifeProTips/comments/qiicru/lpt_turning_your_your_headlight_on_when_its/",
    "time_posted": "2021-10-29 13:49:13",
    "time_now": "2021-11-02 10:43:35",
    "ups": 5659,
    "downs": 0,
    "comments_since_last_sample": [],
    "top_comments_top": [
        {
            "comment_id": "hijgdv4",
            "body": "Hello and welcome to r/LifeProTips!\n\nPlease help us decide if this post is a good fit for the subreddit by up or downvoting this comment. \n\nIf you think that this is great advice to improve your life, please upvote. If you think this doesn't help you in any way, please downvote. If you don't care, leave it for the others to decide.",
            "ups": 1,
            "downs": 0
        },
        {
            "comment_id": "hijiv77",
            "body": "In WI it's the law. If your windshield wipers are on, your headlights need to be on too.",
            "ups": 352,
            "downs": 0
        },
        {
            "comment_id": "hijhwo8",
            "body": "One very foggy morning i flashed my lights at an oncoming car to remind them. They actually took the time to roll down their window to give me the finger.",
            "ups": 101,
            "downs": 0
        },
        {
            "comment_id": "hijj0ig",
            "body": "Headlights and seatbelts saves lives",
            "ups": 59,
            "downs": 0
        },
        {
            "comment_id": "hijozdw",
            "body": "I just always keep my lights on if my car is on. A great habit to get into.",
            "ups": 43,
            "downs": 0
        }
    ],
    "top_comments_best": [
        {
            "comment_id": "hijgdv4",
            "body": "Hello and welcome to r/LifeProTips!\n\nPlease help us decide if this post is a good fit for the subreddit by up or downvoting this comment. \n\nIf you think that this is great advice to improve your life, please upvote. If you think this doesn't help you in any way, please downvote. If you don't care, leave it for the others to decide.",
            "ups": 1,
            "downs": 0
        },
        {
            "comment_id": "hijiv77",
            "body": "In WI it's the law. If your windshield wipers are on, your headlights need to be on too.",
            "ups": 355,
            "downs": 0
        },
        {
            "comment_id": "hil32zw",
            "body": "It\u2019s weird to me now that places don\u2019t have running lights. In Canada, running lights are the law, there are normally low beams, but some cars have other lights, on all the time. \n\nIt\u2019s exactly really weird when you see a car even in on a nice sunny day without any lights on.\n\nLights on makes you more visible and easier to see in basically all driving conditions.",
            "ups": 42,
            "downs": 0
        },
        {
            "comment_id": "hijhwo8",
            "body": "One very foggy morning i flashed my lights at an oncoming car to remind them. They actually took the time to roll down their window to give me the finger.",
            "ups": 98,
            "downs": 0
        },
        {
            "comment_id": "hijj0ig",
            "body": "Headlights and seatbelts saves lives",
            "ups": 63,
            "downs": 0
        }
    ],
    "top_comments_hot": [
        {
            "comment_id": "hijgdv4",
            "body": "Hello and welcome to r/LifeProTips!\n\nPlease help us decide if this post is a good fit for the subreddit by up or downvoting this comment. \n\nIf you think that this is great advice to improve your life, please upvote. If you think this doesn't help you in any way, please downvote. If you don't care, leave it for the others to decide.",
            "ups": 1,
            "downs": 0
        },
        {
            "comment_id": "hijiv77",
            "body": "In WI it's the law. If your windshield wipers are on, your headlights need to be on too.",
            "ups": 354,
            "downs": 0
        },
        {
            "comment_id": "hil32zw",
            "body": "It\u2019s weird to me now that places don\u2019t have running lights. In Canada, running lights are the law, there are normally low beams, but some cars have other lights, on all the time. \n\nIt\u2019s exactly really weird when you see a car even in on a nice sunny day without any lights on.\n\nLights on makes you more visible and easier to see in basically all driving conditions.",
            "ups": 38,
            "downs": 0
        },
        {
            "comment_id": "hijhwo8",
            "body": "One very foggy morning i flashed my lights at an oncoming car to remind them. They actually took the time to roll down their window to give me the finger.",
            "ups": 96,
            "downs": 0
        },
        {
            "comment_id": "hijj0ig",
            "body": "Headlights and seatbelts saves lives",
            "ups": 62,
            "downs": 0
        }
    ]
}