{
    "post_url": "https://www.reddit.com/r/LifeProTips/comments/qich7k/lpt_in_english_you_either_say_how_this_looks_or/",
    "time_posted": "2021-10-29 09:10:33",
    "time_now": "2021-10-30 16:50:44",
    "ups": 0,
    "downs": 0,
    "comments_since_last_sample": [
        {
            "comment_id": "hiib62g",
            "body": "Hello and welcome to r/LifeProTips!\n\nPlease help us decide if this post is a good fit for the subreddit by up or downvoting this comment. \n\nIf you think that this is great advice to improve your life, please upvote. If you think this doesn't help you in any way, please downvote. If you don't care, leave it for the others to decide."
        },
        {
            "comment_id": "hiiuabk",
            "body": "Languages change and evolve over time. Get used to it."
        },
        {
            "comment_id": "hiig7j5",
            "body": "Can you give an example in a sentence please?"
        },
        {
            "comment_id": "hiie5mz",
            "body": "Grammar lessons are not Life Pro Tips."
        },
        {
            "comment_id": "hiibclt",
            "body": "THANK YOU. This is such a pet peeve for me. \u201cHow it looks/sounds/smells/feels like\u201d \ud83d\ude16 I don\u2019t know how this started, but it\u2019s awful."
        }
    ],
    "top_comments_top": [
        {
            "comment_id": "hiib62g",
            "body": "Hello and welcome to r/LifeProTips!\n\nPlease help us decide if this post is a good fit for the subreddit by up or downvoting this comment. \n\nIf you think that this is great advice to improve your life, please upvote. If you think this doesn't help you in any way, please downvote. If you don't care, leave it for the others to decide.",
            "ups": 1,
            "downs": 0
        },
        {
            "comment_id": "hiibclt",
            "body": "THANK YOU. This is such a pet peeve for me. \u201cHow it looks/sounds/smells/feels like\u201d \ud83d\ude16 I don\u2019t know how this started, but it\u2019s awful.",
            "ups": 4,
            "downs": 0
        },
        {
            "comment_id": "hiie5mz",
            "body": "Grammar lessons are not Life Pro Tips.",
            "ups": 2,
            "downs": 0
        },
        {
            "comment_id": "hiig7j5",
            "body": "Can you give an example in a sentence please?",
            "ups": 1,
            "downs": 0
        },
        {
            "comment_id": "hiiuabk",
            "body": "Languages change and evolve over time. Get used to it.",
            "ups": -2,
            "downs": 0
        }
    ],
    "top_comments_best": [
        {
            "comment_id": "hiib62g",
            "body": "Hello and welcome to r/LifeProTips!\n\nPlease help us decide if this post is a good fit for the subreddit by up or downvoting this comment. \n\nIf you think that this is great advice to improve your life, please upvote. If you think this doesn't help you in any way, please downvote. If you don't care, leave it for the others to decide.",
            "ups": 1,
            "downs": 0
        },
        {
            "comment_id": "hiibclt",
            "body": "THANK YOU. This is such a pet peeve for me. \u201cHow it looks/sounds/smells/feels like\u201d \ud83d\ude16 I don\u2019t know how this started, but it\u2019s awful.",
            "ups": 4,
            "downs": 0
        },
        {
            "comment_id": "hiie5mz",
            "body": "Grammar lessons are not Life Pro Tips.",
            "ups": 4,
            "downs": 0
        },
        {
            "comment_id": "hiig7j5",
            "body": "Can you give an example in a sentence please?",
            "ups": 1,
            "downs": 0
        },
        {
            "comment_id": "hiiuabk",
            "body": "Languages change and evolve over time. Get used to it.",
            "ups": -2,
            "downs": 0
        }
    ],
    "top_comments_hot": [
        {
            "comment_id": "hiib62g",
            "body": "Hello and welcome to r/LifeProTips!\n\nPlease help us decide if this post is a good fit for the subreddit by up or downvoting this comment. \n\nIf you think that this is great advice to improve your life, please upvote. If you think this doesn't help you in any way, please downvote. If you don't care, leave it for the others to decide.",
            "ups": 1,
            "downs": 0
        },
        {
            "comment_id": "hiibclt",
            "body": "THANK YOU. This is such a pet peeve for me. \u201cHow it looks/sounds/smells/feels like\u201d \ud83d\ude16 I don\u2019t know how this started, but it\u2019s awful.",
            "ups": 3,
            "downs": 0
        },
        {
            "comment_id": "hiie5mz",
            "body": "Grammar lessons are not Life Pro Tips.",
            "ups": 4,
            "downs": 0
        },
        {
            "comment_id": "hiig7j5",
            "body": "Can you give an example in a sentence please?",
            "ups": 1,
            "downs": 0
        },
        {
            "comment_id": "hiiuabk",
            "body": "Languages change and evolve over time. Get used to it.",
            "ups": -2,
            "downs": 0
        }
    ]
}