{
    "post_url": "https://www.reddit.com/r/LifeProTips/comments/qi9mdo/lpt_if_youre_having_trouble_with_putting_your/",
    "time_posted": "2021-10-29 06:18:52",
    "time_now": "2021-10-30 20:57:11",
    "ups": 31,
    "downs": 0,
    "comments_since_last_sample": [],
    "top_comments_top": [
        {
            "comment_id": "hihu4w1",
            "body": "Hello and welcome to r/LifeProTips!\n\nPlease help us decide if this post is a good fit for the subreddit by up or downvoting this comment. \n\nIf you think that this is great advice to improve your life, please upvote. If you think this doesn't help you in any way, please downvote. If you don't care, leave it for the others to decide.",
            "ups": 1,
            "downs": 0
        },
        {
            "comment_id": "hihudro",
            "body": "Great advice, also works without charging the phone",
            "ups": 6,
            "downs": 0
        },
        {
            "comment_id": "hiig145",
            "body": "Don\u2019t take this advice if you sleep through alarms. My roommate has been doing this and I\u2019ve turned off 6 alarms this morning after they played for 5 minutes",
            "ups": 3,
            "downs": 0
        },
        {
            "comment_id": "hiik04k",
            "body": "There should be some app to prevent us of using phones after some time . But thats already behaviour of addict, if someone else has to deprive us of a phone haha",
            "ups": 3,
            "downs": 0
        },
        {
            "comment_id": "hihupce",
            "body": "Getting in the habit of (over) charging your phone while you sleep may have the added benefit of fucking up your battery.",
            "ups": 2,
            "downs": 0
        }
    ],
    "top_comments_best": [
        {
            "comment_id": "hihu4w1",
            "body": "Hello and welcome to r/LifeProTips!\n\nPlease help us decide if this post is a good fit for the subreddit by up or downvoting this comment. \n\nIf you think that this is great advice to improve your life, please upvote. If you think this doesn't help you in any way, please downvote. If you don't care, leave it for the others to decide.",
            "ups": 1,
            "downs": 0
        },
        {
            "comment_id": "hihudro",
            "body": "Great advice, also works without charging the phone",
            "ups": 6,
            "downs": 0
        },
        {
            "comment_id": "hiig145",
            "body": "Don\u2019t take this advice if you sleep through alarms. My roommate has been doing this and I\u2019ve turned off 6 alarms this morning after they played for 5 minutes",
            "ups": 3,
            "downs": 0
        },
        {
            "comment_id": "hiik04k",
            "body": "There should be some app to prevent us of using phones after some time . But thats already behaviour of addict, if someone else has to deprive us of a phone haha",
            "ups": 3,
            "downs": 0
        },
        {
            "comment_id": "hij1k9d",
            "body": "I\u2019m going to try this again. Problem is I kinda feel restless, might try a natural pill before bed too. Thanks for this!",
            "ups": 2,
            "downs": 0
        }
    ],
    "top_comments_hot": [
        {
            "comment_id": "hihu4w1",
            "body": "Hello and welcome to r/LifeProTips!\n\nPlease help us decide if this post is a good fit for the subreddit by up or downvoting this comment. \n\nIf you think that this is great advice to improve your life, please upvote. If you think this doesn't help you in any way, please downvote. If you don't care, leave it for the others to decide.",
            "ups": 1,
            "downs": 0
        },
        {
            "comment_id": "hihudro",
            "body": "Great advice, also works without charging the phone",
            "ups": 8,
            "downs": 0
        },
        {
            "comment_id": "hiig145",
            "body": "Don\u2019t take this advice if you sleep through alarms. My roommate has been doing this and I\u2019ve turned off 6 alarms this morning after they played for 5 minutes",
            "ups": 3,
            "downs": 0
        },
        {
            "comment_id": "hiik04k",
            "body": "There should be some app to prevent us of using phones after some time . But thats already behaviour of addict, if someone else has to deprive us of a phone haha",
            "ups": 3,
            "downs": 0
        },
        {
            "comment_id": "hij1k9d",
            "body": "I\u2019m going to try this again. Problem is I kinda feel restless, might try a natural pill before bed too. Thanks for this!",
            "ups": 2,
            "downs": 0
        }
    ]
}