{
    "post_url": "https://www.reddit.com/r/LifeProTips/comments/qi1fqx/lpt_never_just_settle_for_taking_someones_word/",
    "time_posted": "2021-10-28 21:21:23",
    "time_now": "2021-11-02 10:44:11",
    "ups": 91,
    "downs": 0,
    "comments_since_last_sample": [],
    "top_comments_top": [
        {
            "comment_id": "higgqml",
            "body": "Hello and welcome to r/LifeProTips!\n\nPlease help us decide if this post is a good fit for the subreddit by up or downvoting this comment. \n\nIf you think that this is great advice to improve your life, please upvote. If you think this doesn't help you in any way, please downvote. If you don't care, leave it for the others to decide.",
            "ups": 1,
            "downs": 0
        },
        {
            "comment_id": "high8qa",
            "body": "I asked my wife to rate my performance during our most recent encounter of sexual congress. She refused to put any of her comments in writing.",
            "ups": 26,
            "downs": 0
        },
        {
            "comment_id": "higj4pw",
            "body": "I asked, \"how are you?\" and I expect your reply in memo format on my desk in 15, Jim!",
            "ups": 13,
            "downs": 0
        },
        {
            "comment_id": "higguv2",
            "body": "Trust but verify.",
            "ups": 8,
            "downs": 0
        },
        {
            "comment_id": "higln6r",
            "body": "No deal in business is real until it's in black and white",
            "ups": 7,
            "downs": 0
        }
    ],
    "top_comments_best": [
        {
            "comment_id": "higgqml",
            "body": "Hello and welcome to r/LifeProTips!\n\nPlease help us decide if this post is a good fit for the subreddit by up or downvoting this comment. \n\nIf you think that this is great advice to improve your life, please upvote. If you think this doesn't help you in any way, please downvote. If you don't care, leave it for the others to decide.",
            "ups": 1,
            "downs": 0
        },
        {
            "comment_id": "high8qa",
            "body": "I asked my wife to rate my performance during our most recent encounter of sexual congress. She refused to put any of her comments in writing.",
            "ups": 25,
            "downs": 0
        },
        {
            "comment_id": "higguv2",
            "body": "Trust but verify.",
            "ups": 7,
            "downs": 0
        },
        {
            "comment_id": "higj4pw",
            "body": "I asked, \"how are you?\" and I expect your reply in memo format on my desk in 15, Jim!",
            "ups": 12,
            "downs": 0
        },
        {
            "comment_id": "higln6r",
            "body": "No deal in business is real until it's in black and white",
            "ups": 6,
            "downs": 0
        }
    ],
    "top_comments_hot": [
        {
            "comment_id": "higgqml",
            "body": "Hello and welcome to r/LifeProTips!\n\nPlease help us decide if this post is a good fit for the subreddit by up or downvoting this comment. \n\nIf you think that this is great advice to improve your life, please upvote. If you think this doesn't help you in any way, please downvote. If you don't care, leave it for the others to decide.",
            "ups": 1,
            "downs": 0
        },
        {
            "comment_id": "high8qa",
            "body": "I asked my wife to rate my performance during our most recent encounter of sexual congress. She refused to put any of her comments in writing.",
            "ups": 25,
            "downs": 0
        },
        {
            "comment_id": "higguv2",
            "body": "Trust but verify.",
            "ups": 8,
            "downs": 0
        },
        {
            "comment_id": "higj4pw",
            "body": "I asked, \"how are you?\" and I expect your reply in memo format on my desk in 15, Jim!",
            "ups": 13,
            "downs": 0
        },
        {
            "comment_id": "higln6r",
            "body": "No deal in business is real until it's in black and white",
            "ups": 7,
            "downs": 0
        }
    ]
}