{
    "post_url": "https://www.reddit.com/r/LifeProTips/comments/qj0szg/lpt_if_your_friend_owns_a_business_dont_ask_for_a/",
    "time_posted": "2021-10-30 08:48:30",
    "time_now": "2021-11-02 06:35:43",
    "ups": 8451,
    "downs": 0,
    "comments_since_last_sample": [],
    "top_comments_top": [
        {
            "comment_id": "himy987",
            "body": "Hello and welcome to r/LifeProTips!\n\nPlease help us decide if this post is a good fit for the subreddit by up or downvoting this comment. \n\nIf you think that this is great advice to improve your life, please upvote. If you think this doesn't help you in any way, please downvote. If you don't care, leave it for the others to decide.",
            "ups": 1,
            "downs": 0
        },
        {
            "comment_id": "hin13kc",
            "body": "Sidenote: MLM is NOT your friend's business, don't support that junk at all",
            "ups": 471,
            "downs": 0
        },
        {
            "comment_id": "hincjd9",
            "body": "Why do I feel like I keep seeing this tip",
            "ups": 432,
            "downs": 0
        },
        {
            "comment_id": "hinkquw",
            "body": "I just laid turf and I have no idea how to take great care of it so I called up a mate who is a greens man at the local golf course\n\nAsked him to come by and asked if he'd be willing to take care of my lawn for me, give it the deluxe treatment \n\nHe agreed and tried to charge me a ridiculous price, way too low, I explained to him he was doing me a favour by taking good care of it and I didnt need special cheap pricing and for him to charge what he's actually worth. He kept low balling himself so I asked what he gets from his work, told him id pay the same and then some on top for giving up his free time for me.\n\nI also will cook up bbqs for him and give him beers when he's working, when he was digging out clay I made sure to be out there with the shovel working too.\n\nIn return he's done a bloody great job, comes by twice a week and really takes care of everything.\n\nPay people what they're worth, and if you consider them a friend, pay them extra.\n\nIn return they will do a good job, or even go the extra mile for you.",
            "ups": 193,
            "downs": 0
        },
        {
            "comment_id": "himym47",
            "body": "\"do i get the friend discount?\"\n\n\"why? do you want to pay me more?\"\n\n~ stepfather of my mother",
            "ups": 192,
            "downs": 0
        }
    ],
    "top_comments_best": [
        {
            "comment_id": "himy987",
            "body": "Hello and welcome to r/LifeProTips!\n\nPlease help us decide if this post is a good fit for the subreddit by up or downvoting this comment. \n\nIf you think that this is great advice to improve your life, please upvote. If you think this doesn't help you in any way, please downvote. If you don't care, leave it for the others to decide.",
            "ups": 1,
            "downs": 0
        },
        {
            "comment_id": "hincjd9",
            "body": "Why do I feel like I keep seeing this tip",
            "ups": 431,
            "downs": 0
        },
        {
            "comment_id": "hinkquw",
            "body": "I just laid turf and I have no idea how to take great care of it so I called up a mate who is a greens man at the local golf course\n\nAsked him to come by and asked if he'd be willing to take care of my lawn for me, give it the deluxe treatment \n\nHe agreed and tried to charge me a ridiculous price, way too low, I explained to him he was doing me a favour by taking good care of it and I didnt need special cheap pricing and for him to charge what he's actually worth. He kept low balling himself so I asked what he gets from his work, told him id pay the same and then some on top for giving up his free time for me.\n\nI also will cook up bbqs for him and give him beers when he's working, when he was digging out clay I made sure to be out there with the shovel working too.\n\nIn return he's done a bloody great job, comes by twice a week and really takes care of everything.\n\nPay people what they're worth, and if you consider them a friend, pay them extra.\n\nIn return they will do a good job, or even go the extra mile for you.",
            "ups": 198,
            "downs": 0
        },
        {
            "comment_id": "hin13kc",
            "body": "Sidenote: MLM is NOT your friend's business, don't support that junk at all",
            "ups": 470,
            "downs": 0
        },
        {
            "comment_id": "himym47",
            "body": "\"do i get the friend discount?\"\n\n\"why? do you want to pay me more?\"\n\n~ stepfather of my mother",
            "ups": 194,
            "downs": 0
        }
    ],
    "top_comments_hot": [
        {
            "comment_id": "himy987",
            "body": "Hello and welcome to r/LifeProTips!\n\nPlease help us decide if this post is a good fit for the subreddit by up or downvoting this comment. \n\nIf you think that this is great advice to improve your life, please upvote. If you think this doesn't help you in any way, please downvote. If you don't care, leave it for the others to decide.",
            "ups": 1,
            "downs": 0
        },
        {
            "comment_id": "hincjd9",
            "body": "Why do I feel like I keep seeing this tip",
            "ups": 430,
            "downs": 0
        },
        {
            "comment_id": "hinkquw",
            "body": "I just laid turf and I have no idea how to take great care of it so I called up a mate who is a greens man at the local golf course\n\nAsked him to come by and asked if he'd be willing to take care of my lawn for me, give it the deluxe treatment \n\nHe agreed and tried to charge me a ridiculous price, way too low, I explained to him he was doing me a favour by taking good care of it and I didnt need special cheap pricing and for him to charge what he's actually worth. He kept low balling himself so I asked what he gets from his work, told him id pay the same and then some on top for giving up his free time for me.\n\nI also will cook up bbqs for him and give him beers when he's working, when he was digging out clay I made sure to be out there with the shovel working too.\n\nIn return he's done a bloody great job, comes by twice a week and really takes care of everything.\n\nPay people what they're worth, and if you consider them a friend, pay them extra.\n\nIn return they will do a good job, or even go the extra mile for you.",
            "ups": 197,
            "downs": 0
        },
        {
            "comment_id": "hin13kc",
            "body": "Sidenote: MLM is NOT your friend's business, don't support that junk at all",
            "ups": 468,
            "downs": 0
        },
        {
            "comment_id": "himym47",
            "body": "\"do i get the friend discount?\"\n\n\"why? do you want to pay me more?\"\n\n~ stepfather of my mother",
            "ups": 193,
            "downs": 0
        }
    ]
}