{
    "post_url": "https://www.reddit.com/r/Music/comments/qivi6k/i_cannot_remember_this_song_please_help/",
    "time_posted": "2021-10-30 02:21:32",
    "time_now": "2021-10-31 13:19:31",
    "ups": 0,
    "downs": 0,
    "comments_since_last_sample": [],
    "top_comments_top": [
        {
            "comment_id": "him3yan",
            "body": "r/tipofmytongue",
            "ups": 2,
            "downs": 0
        },
        {
            "comment_id": "hioasxh",
            "body": "u/elfhelpbook thank you r/solved",
            "ups": 2,
            "downs": 0
        },
        {
            "comment_id": "him3qpo",
            "body": "Hey, I'm in need of some help finding a song but, the problem is I only remember it by its music video. If anyone could help that would be amazing",
            "ups": 1,
            "downs": 0
        },
        {
            "comment_id": "him4keg",
            "body": "lol",
            "ups": 1,
            "downs": 0
        },
        {
            "comment_id": "him4kzz",
            "body": "it's RIGHT THERE.",
            "ups": 1,
            "downs": 0
        }
    ],
    "top_comments_best": [
        {
            "comment_id": "him3yan",
            "body": "r/tipofmytongue",
            "ups": 2,
            "downs": 0
        },
        {
            "comment_id": "hioasxh",
            "body": "u/elfhelpbook thank you r/solved",
            "ups": 2,
            "downs": 0
        },
        {
            "comment_id": "him3qpo",
            "body": "Hey, I'm in need of some help finding a song but, the problem is I only remember it by its music video. If anyone could help that would be amazing",
            "ups": 1,
            "downs": 0
        },
        {
            "comment_id": "him4keg",
            "body": "lol",
            "ups": 1,
            "downs": 0
        },
        {
            "comment_id": "him4kzz",
            "body": "it's RIGHT THERE.",
            "ups": 1,
            "downs": 0
        }
    ],
    "top_comments_hot": [
        {
            "comment_id": "him3yan",
            "body": "r/tipofmytongue",
            "ups": 2,
            "downs": 0
        },
        {
            "comment_id": "hioasxh",
            "body": "u/elfhelpbook thank you r/solved",
            "ups": 2,
            "downs": 0
        },
        {
            "comment_id": "him3qpo",
            "body": "Hey, I'm in need of some help finding a song but, the problem is I only remember it by its music video. If anyone could help that would be amazing",
            "ups": 1,
            "downs": 0
        },
        {
            "comment_id": "him4keg",
            "body": "lol",
            "ups": 1,
            "downs": 0
        },
        {
            "comment_id": "him4kzz",
            "body": "it's RIGHT THERE.",
            "ups": 1,
            "downs": 0
        }
    ]
}