{
    "post_url": "https://www.reddit.com/r/Music/comments/qizdw2/vasilly_i_wanna_take_you_rb_soul_2021/",
    "time_posted": "2021-10-30 07:15:14",
    "time_now": "2021-11-02 06:31:39",
    "ups": 1,
    "downs": 0,
    "comments_since_last_sample": [],
    "top_comments_top": [
        {
            "comment_id": "himzwm5",
            "body": "https://open.spotify.com/album/0CH3dcb4aMmoi0sowWClhI?si=365b70d8df43469e",
            "ups": 1,
            "downs": 0
        }
    ],
    "top_comments_best": [
        {
            "comment_id": "himzwm5",
            "body": "https://open.spotify.com/album/0CH3dcb4aMmoi0sowWClhI?si=365b70d8df43469e",
            "ups": 1,
            "downs": 0
        }
    ],
    "top_comments_hot": [
        {
            "comment_id": "himzwm5",
            "body": "https://open.spotify.com/album/0CH3dcb4aMmoi0sowWClhI?si=365b70d8df43469e",
            "ups": 1,
            "downs": 0
        }
    ]
}