{
    "post_url": "https://www.reddit.com/r/LifeProTips/comments/qikmki/lpt_that_in_order_to_stay_warm_while_camping_you/",
    "time_posted": "2021-10-29 15:37:55",
    "time_now": "2021-11-01 01:45:52",
    "ups": 2,
    "downs": 0,
    "comments_since_last_sample": [],
    "top_comments_top": [
        {
            "comment_id": "hijwwo2",
            "body": "Hello and welcome to r/LifeProTips!\n\nPlease help us decide if this post is a good fit for the subreddit by up or downvoting this comment. \n\nIf you think that this is great advice to improve your life, please upvote. If you think this doesn't help you in any way, please downvote. If you don't care, leave it for the others to decide.",
            "ups": 1,
            "downs": 0
        },
        {
            "comment_id": "hijxasw",
            "body": "Layered LOOSE clothing. No more than 2 layers of socks. Blood circulation is your friend.",
            "ups": 13,
            "downs": 0
        },
        {
            "comment_id": "hik9lr8",
            "body": "Hot water bottle in your sleeping bag is great for cold nights.",
            "ups": 5,
            "downs": 0
        },
        {
            "comment_id": "hikt6g7",
            "body": "Merino wool is your friend.",
            "ups": 3,
            "downs": 0
        }
    ],
    "top_comments_best": [
        {
            "comment_id": "hijwwo2",
            "body": "Hello and welcome to r/LifeProTips!\n\nPlease help us decide if this post is a good fit for the subreddit by up or downvoting this comment. \n\nIf you think that this is great advice to improve your life, please upvote. If you think this doesn't help you in any way, please downvote. If you don't care, leave it for the others to decide.",
            "ups": 1,
            "downs": 0
        },
        {
            "comment_id": "hijxasw",
            "body": "Layered LOOSE clothing. No more than 2 layers of socks. Blood circulation is your friend.",
            "ups": 12,
            "downs": 0
        },
        {
            "comment_id": "hik9lr8",
            "body": "Hot water bottle in your sleeping bag is great for cold nights.",
            "ups": 4,
            "downs": 0
        },
        {
            "comment_id": "hikt6g7",
            "body": "Merino wool is your friend.",
            "ups": 3,
            "downs": 0
        }
    ],
    "top_comments_hot": [
        {
            "comment_id": "hijwwo2",
            "body": "Hello and welcome to r/LifeProTips!\n\nPlease help us decide if this post is a good fit for the subreddit by up or downvoting this comment. \n\nIf you think that this is great advice to improve your life, please upvote. If you think this doesn't help you in any way, please downvote. If you don't care, leave it for the others to decide.",
            "ups": 1,
            "downs": 0
        },
        {
            "comment_id": "hijxasw",
            "body": "Layered LOOSE clothing. No more than 2 layers of socks. Blood circulation is your friend.",
            "ups": 11,
            "downs": 0
        },
        {
            "comment_id": "hik9lr8",
            "body": "Hot water bottle in your sleeping bag is great for cold nights.",
            "ups": 5,
            "downs": 0
        },
        {
            "comment_id": "hikt6g7",
            "body": "Merino wool is your friend.",
            "ups": 3,
            "downs": 0
        }
    ]
}