{
    "post_url": "https://www.reddit.com/r/gaming/comments/qj55zh/hey_i_have_been_looking_for_a_good_racing_game/",
    "time_posted": "2021-10-30 12:35:59",
    "time_now": "2021-11-02 10:39:03",
    "ups": 3,
    "downs": 0,
    "comments_since_last_sample": [],
    "top_comments_top": [
        {
            "comment_id": "hint3mf",
            "body": "Grid is a very decent game. Burnout Remastered gives excellent nostalgia. Forza Horizon is a beautiful racing sim with a nice touch of arcade! I also enjoyed Need For Speed Heat and NFS Hot Pursuit Remastered also give me a sweet kiss of nostalgia. Hopefully these games are on PS4 as I\u2019m a Xbox player myself, I hope this helps friend!",
            "ups": 3,
            "downs": 0
        },
        {
            "comment_id": "hins0c1",
            "body": "I need ones as well but I hate the realistic ones\nLike give me items!!!",
            "ups": 2,
            "downs": 0
        },
        {
            "comment_id": "hinu4dn",
            "body": "Crash nitro racing? There are a few kart games on PS4.",
            "ups": 2,
            "downs": 0
        },
        {
            "comment_id": "hinrqnl",
            "body": "The crew 2, Gran Turismo, dirt rally 2.0",
            "ups": 1,
            "downs": 0
        },
        {
            "comment_id": "hins4xw",
            "body": "Micromachines",
            "ups": 1,
            "downs": 0
        }
    ],
    "top_comments_best": [
        {
            "comment_id": "hint3mf",
            "body": "Grid is a very decent game. Burnout Remastered gives excellent nostalgia. Forza Horizon is a beautiful racing sim with a nice touch of arcade! I also enjoyed Need For Speed Heat and NFS Hot Pursuit Remastered also give me a sweet kiss of nostalgia. Hopefully these games are on PS4 as I\u2019m a Xbox player myself, I hope this helps friend!",
            "ups": 3,
            "downs": 0
        },
        {
            "comment_id": "hins0c1",
            "body": "I need ones as well but I hate the realistic ones\nLike give me items!!!",
            "ups": 2,
            "downs": 0
        },
        {
            "comment_id": "hinu4dn",
            "body": "Crash nitro racing? There are a few kart games on PS4.",
            "ups": 2,
            "downs": 0
        },
        {
            "comment_id": "hinrqnl",
            "body": "The crew 2, Gran Turismo, dirt rally 2.0",
            "ups": 1,
            "downs": 0
        },
        {
            "comment_id": "hins4xw",
            "body": "Micromachines",
            "ups": 1,
            "downs": 0
        }
    ],
    "top_comments_hot": [
        {
            "comment_id": "hint3mf",
            "body": "Grid is a very decent game. Burnout Remastered gives excellent nostalgia. Forza Horizon is a beautiful racing sim with a nice touch of arcade! I also enjoyed Need For Speed Heat and NFS Hot Pursuit Remastered also give me a sweet kiss of nostalgia. Hopefully these games are on PS4 as I\u2019m a Xbox player myself, I hope this helps friend!",
            "ups": 3,
            "downs": 0
        },
        {
            "comment_id": "hins0c1",
            "body": "I need ones as well but I hate the realistic ones\nLike give me items!!!",
            "ups": 2,
            "downs": 0
        },
        {
            "comment_id": "hinu4dn",
            "body": "Crash nitro racing? There are a few kart games on PS4.",
            "ups": 2,
            "downs": 0
        },
        {
            "comment_id": "hinrqnl",
            "body": "The crew 2, Gran Turismo, dirt rally 2.0",
            "ups": 1,
            "downs": 0
        },
        {
            "comment_id": "hins4xw",
            "body": "Micromachines",
            "ups": 1,
            "downs": 0
        }
    ]
}