{
    "post_url": "https://www.reddit.com/r/politics/comments/qj40pz/subpoenas_are_a_real_worry_for_lawmakers_facing/",
    "time_posted": "2021-10-30 11:39:51",
    "time_now": "2021-11-02 18:55:08",
    "ups": 262,
    "downs": 0,
    "comments_since_last_sample": [],
    "top_comments_top": [
        {
            "comment_id": "hinjjs5",
            "body": "\nAs a reminder, this subreddit [is for civil discussion.](/r/politics/wiki/index#wiki_be_civil)\n\nIn general, be courteous to others. Debate/discuss/argue the merits of ideas, don't attack people. Personal insults, shill or troll accusations, hate speech, any suggestion or support of harm, violence, or death, and other rule violations can result in a permanent ban. \n\nIf you see comments in violation of our rules, please report them.\n\n For those who have questions regarding any media outlets being posted on this subreddit, please click [here](https://www.reddit.com/r/politics/wiki/approveddomainslist) to review our details as to our approved domains list and outlet criteria.\n\n***\n\n\n*I am a bot, and this action was performed automatically. Please [contact the moderators of this subreddit](/message/compose/?to=/r/politics) if you have any questions or concerns.*",
            "ups": 1,
            "downs": 0
        },
        {
            "comment_id": "hinloyq",
            "body": "Not when there are zero consequences to ignoring a subpoena.",
            "ups": 32,
            "downs": 0
        },
        {
            "comment_id": "hintmes",
            "body": "If they do have to answer questions under oath, it'll be incredible to hear how forgetful these politicians who claim to be very intelligent become. One will be thinking dementia is contagious among the GOP",
            "ups": 17,
            "downs": 0
        },
        {
            "comment_id": "hins79j",
            "body": "Oh no they are refusing look out the dems may send a strongly worded letter begging them to appear.",
            "ups": 8,
            "downs": 0
        },
        {
            "comment_id": "hinwfa6",
            "body": "Did they ever charge Bannon for contempt, or did they just do nothing again? Or some combination of the two?",
            "ups": 2,
            "downs": 0
        }
    ],
    "top_comments_best": [
        {
            "comment_id": "hinjjs5",
            "body": "\nAs a reminder, this subreddit [is for civil discussion.](/r/politics/wiki/index#wiki_be_civil)\n\nIn general, be courteous to others. Debate/discuss/argue the merits of ideas, don't attack people. Personal insults, shill or troll accusations, hate speech, any suggestion or support of harm, violence, or death, and other rule violations can result in a permanent ban. \n\nIf you see comments in violation of our rules, please report them.\n\n For those who have questions regarding any media outlets being posted on this subreddit, please click [here](https://www.reddit.com/r/politics/wiki/approveddomainslist) to review our details as to our approved domains list and outlet criteria.\n\n***\n\n\n*I am a bot, and this action was performed automatically. Please [contact the moderators of this subreddit](/message/compose/?to=/r/politics) if you have any questions or concerns.*",
            "ups": 1,
            "downs": 0
        },
        {
            "comment_id": "hintmes",
            "body": "If they do have to answer questions under oath, it'll be incredible to hear how forgetful these politicians who claim to be very intelligent become. One will be thinking dementia is contagious among the GOP",
            "ups": 17,
            "downs": 0
        },
        {
            "comment_id": "hinloyq",
            "body": "Not when there are zero consequences to ignoring a subpoena.",
            "ups": 33,
            "downs": 0
        },
        {
            "comment_id": "hins79j",
            "body": "Oh no they are refusing look out the dems may send a strongly worded letter begging them to appear.",
            "ups": 8,
            "downs": 0
        },
        {
            "comment_id": "hinq7mv",
            "body": "Lock em up!",
            "ups": 2,
            "downs": 0
        }
    ],
    "top_comments_hot": [
        {
            "comment_id": "hinjjs5",
            "body": "\nAs a reminder, this subreddit [is for civil discussion.](/r/politics/wiki/index#wiki_be_civil)\n\nIn general, be courteous to others. Debate/discuss/argue the merits of ideas, don't attack people. Personal insults, shill or troll accusations, hate speech, any suggestion or support of harm, violence, or death, and other rule violations can result in a permanent ban. \n\nIf you see comments in violation of our rules, please report them.\n\n For those who have questions regarding any media outlets being posted on this subreddit, please click [here](https://www.reddit.com/r/politics/wiki/approveddomainslist) to review our details as to our approved domains list and outlet criteria.\n\n***\n\n\n*I am a bot, and this action was performed automatically. Please [contact the moderators of this subreddit](/message/compose/?to=/r/politics) if you have any questions or concerns.*",
            "ups": 1,
            "downs": 0
        },
        {
            "comment_id": "hintmes",
            "body": "If they do have to answer questions under oath, it'll be incredible to hear how forgetful these politicians who claim to be very intelligent become. One will be thinking dementia is contagious among the GOP",
            "ups": 18,
            "downs": 0
        },
        {
            "comment_id": "hinloyq",
            "body": "Not when there are zero consequences to ignoring a subpoena.",
            "ups": 34,
            "downs": 0
        },
        {
            "comment_id": "hins79j",
            "body": "Oh no they are refusing look out the dems may send a strongly worded letter begging them to appear.",
            "ups": 7,
            "downs": 0
        },
        {
            "comment_id": "hinq7mv",
            "body": "Lock em up!",
            "ups": 2,
            "downs": 0
        }
    ]
}