{
    "post_url": "https://www.reddit.com/r/politics/comments/qirwl8/indiana_abortion_reporting_law_takes_effect_after/",
    "time_posted": "2021-10-29 22:18:41",
    "time_now": "2021-10-30 16:49:08",
    "ups": 22,
    "downs": 0,
    "comments_since_last_sample": [
        {
            "comment_id": "hiley4e",
            "body": "\nAs a reminder, this subreddit [is for civil discussion.](/r/politics/wiki/index#wiki_be_civil)\n\nIn general, be courteous to others. Debate/discuss/argue the merits of ideas, don't attack people. Personal insults, shill or troll accusations, hate speech, any suggestion or support of harm, violence, or death, and other rule violations can result in a permanent ban. \n\nIf you see comments in violation of our rules, please report them.\n\n For those who have questions regarding any media outlets being posted on this subreddit, please click [here](https://www.reddit.com/r/politics/wiki/approveddomainslist) to review our details as to our approved domains list and outlet criteria.\n\n***\n\n\n*I am a bot, and this action was performed automatically. Please [contact the moderators of this subreddit](/message/compose/?to=/r/politics) if you have any questions or concerns.*"
        },
        {
            "comment_id": "him564p",
            "body": "Hold up here. \n\n\"The law lists 25 physical or psychological conditions \u2014 including unsuccessful abortions, infections, uterine perforations, depression and deaths\"\n\nWith the exception of depression, I would hope this data for ANY and ALL medical procedures was being collected and analyzed by each states department of health. If a person dies during any medical procedure, that didnt have a high chance of death, I would hope we collect this data to try and reduce the chances of it happening.\n\nWe seriously need a law stating that this data is collected? It should be a given for all medical procedures. That is literally how they are improved.\n\nAlso, \"Planned Parenthood challenged the law in federal court, arguing that it was vague \" vague, what is vague about this. I mean how does a doctor miss those or mistaken them for something else?\n\nI awear to God, this is the dumbest thing I habe heard of. Data we should be collecting on all procedures isnt, and a organization that wants to protect womens health is afraid of the data being collected.\n\nWhile I question the true intentions behind this law, their shouldnt be a need for this law to begin with. That data should for any medical procedure should already be collected (anonymized) and studied by doctors.\n\nWhat is next, we dont require drug companies ro report problems patients report with their drugs."
        },
        {
            "comment_id": "hilgji0",
            "body": "Indiana... the Mississippi of the Midwest"
        },
        {
            "comment_id": "hilgds5",
            "body": "Sigh. We waste our taxes on laws that harm women."
        }
    ],
    "top_comments_top": [
        {
            "comment_id": "hiley4e",
            "body": "\nAs a reminder, this subreddit [is for civil discussion.](/r/politics/wiki/index#wiki_be_civil)\n\nIn general, be courteous to others. Debate/discuss/argue the merits of ideas, don't attack people. Personal insults, shill or troll accusations, hate speech, any suggestion or support of harm, violence, or death, and other rule violations can result in a permanent ban. \n\nIf you see comments in violation of our rules, please report them.\n\n For those who have questions regarding any media outlets being posted on this subreddit, please click [here](https://www.reddit.com/r/politics/wiki/approveddomainslist) to review our details as to our approved domains list and outlet criteria.\n\n***\n\n\n*I am a bot, and this action was performed automatically. Please [contact the moderators of this subreddit](/message/compose/?to=/r/politics) if you have any questions or concerns.*",
            "ups": 1,
            "downs": 0
        },
        {
            "comment_id": "hilgji0",
            "body": "Indiana... the Mississippi of the Midwest",
            "ups": 12,
            "downs": 0
        },
        {
            "comment_id": "hilgds5",
            "body": "Sigh. We waste our taxes on laws that harm women.",
            "ups": 9,
            "downs": 0
        },
        {
            "comment_id": "him564p",
            "body": "Hold up here. \n\n\"The law lists 25 physical or psychological conditions \u2014 including unsuccessful abortions, infections, uterine perforations, depression and deaths\"\n\nWith the exception of depression, I would hope this data for ANY and ALL medical procedures was being collected and analyzed by each states department of health. If a person dies during any medical procedure, that didnt have a high chance of death, I would hope we collect this data to try and reduce the chances of it happening.\n\nWe seriously need a law stating that this data is collected? It should be a given for all medical procedures. That is literally how they are improved.\n\nAlso, \"Planned Parenthood challenged the law in federal court, arguing that it was vague \" vague, what is vague about this. I mean how does a doctor miss those or mistaken them for something else?\n\nI awear to God, this is the dumbest thing I habe heard of. Data we should be collecting on all procedures isnt, and a organization that wants to protect womens health is afraid of the data being collected.\n\nWhile I question the true intentions behind this law, their shouldnt be a need for this law to begin with. That data should for any medical procedure should already be collected (anonymized) and studied by doctors.\n\nWhat is next, we dont require drug companies ro report problems patients report with their drugs.",
            "ups": -2,
            "downs": 0
        }
    ],
    "top_comments_best": [
        {
            "comment_id": "hiley4e",
            "body": "\nAs a reminder, this subreddit [is for civil discussion.](/r/politics/wiki/index#wiki_be_civil)\n\nIn general, be courteous to others. Debate/discuss/argue the merits of ideas, don't attack people. Personal insults, shill or troll accusations, hate speech, any suggestion or support of harm, violence, or death, and other rule violations can result in a permanent ban. \n\nIf you see comments in violation of our rules, please report them.\n\n For those who have questions regarding any media outlets being posted on this subreddit, please click [here](https://www.reddit.com/r/politics/wiki/approveddomainslist) to review our details as to our approved domains list and outlet criteria.\n\n***\n\n\n*I am a bot, and this action was performed automatically. Please [contact the moderators of this subreddit](/message/compose/?to=/r/politics) if you have any questions or concerns.*",
            "ups": 1,
            "downs": 0
        },
        {
            "comment_id": "hilgji0",
            "body": "Indiana... the Mississippi of the Midwest",
            "ups": 11,
            "downs": 0
        },
        {
            "comment_id": "hilgds5",
            "body": "Sigh. We waste our taxes on laws that harm women.",
            "ups": 10,
            "downs": 0
        },
        {
            "comment_id": "him564p",
            "body": "Hold up here. \n\n\"The law lists 25 physical or psychological conditions \u2014 including unsuccessful abortions, infections, uterine perforations, depression and deaths\"\n\nWith the exception of depression, I would hope this data for ANY and ALL medical procedures was being collected and analyzed by each states department of health. If a person dies during any medical procedure, that didnt have a high chance of death, I would hope we collect this data to try and reduce the chances of it happening.\n\nWe seriously need a law stating that this data is collected? It should be a given for all medical procedures. That is literally how they are improved.\n\nAlso, \"Planned Parenthood challenged the law in federal court, arguing that it was vague \" vague, what is vague about this. I mean how does a doctor miss those or mistaken them for something else?\n\nI awear to God, this is the dumbest thing I habe heard of. Data we should be collecting on all procedures isnt, and a organization that wants to protect womens health is afraid of the data being collected.\n\nWhile I question the true intentions behind this law, their shouldnt be a need for this law to begin with. That data should for any medical procedure should already be collected (anonymized) and studied by doctors.\n\nWhat is next, we dont require drug companies ro report problems patients report with their drugs.",
            "ups": -2,
            "downs": 0
        }
    ],
    "top_comments_hot": [
        {
            "comment_id": "hiley4e",
            "body": "\nAs a reminder, this subreddit [is for civil discussion.](/r/politics/wiki/index#wiki_be_civil)\n\nIn general, be courteous to others. Debate/discuss/argue the merits of ideas, don't attack people. Personal insults, shill or troll accusations, hate speech, any suggestion or support of harm, violence, or death, and other rule violations can result in a permanent ban. \n\nIf you see comments in violation of our rules, please report them.\n\n For those who have questions regarding any media outlets being posted on this subreddit, please click [here](https://www.reddit.com/r/politics/wiki/approveddomainslist) to review our details as to our approved domains list and outlet criteria.\n\n***\n\n\n*I am a bot, and this action was performed automatically. Please [contact the moderators of this subreddit](/message/compose/?to=/r/politics) if you have any questions or concerns.*",
            "ups": 1,
            "downs": 0
        },
        {
            "comment_id": "hilgji0",
            "body": "Indiana... the Mississippi of the Midwest",
            "ups": 12,
            "downs": 0
        },
        {
            "comment_id": "hilgds5",
            "body": "Sigh. We waste our taxes on laws that harm women.",
            "ups": 9,
            "downs": 0
        },
        {
            "comment_id": "him564p",
            "body": "Hold up here. \n\n\"The law lists 25 physical or psychological conditions \u2014 including unsuccessful abortions, infections, uterine perforations, depression and deaths\"\n\nWith the exception of depression, I would hope this data for ANY and ALL medical procedures was being collected and analyzed by each states department of health. If a person dies during any medical procedure, that didnt have a high chance of death, I would hope we collect this data to try and reduce the chances of it happening.\n\nWe seriously need a law stating that this data is collected? It should be a given for all medical procedures. That is literally how they are improved.\n\nAlso, \"Planned Parenthood challenged the law in federal court, arguing that it was vague \" vague, what is vague about this. I mean how does a doctor miss those or mistaken them for something else?\n\nI awear to God, this is the dumbest thing I habe heard of. Data we should be collecting on all procedures isnt, and a organization that wants to protect womens health is afraid of the data being collected.\n\nWhile I question the true intentions behind this law, their shouldnt be a need for this law to begin with. That data should for any medical procedure should already be collected (anonymized) and studied by doctors.\n\nWhat is next, we dont require drug companies ro report problems patients report with their drugs.",
            "ups": -2,
            "downs": 0
        }
    ]
}