{
    "post_url": "https://www.reddit.com/r/politics/comments/qirq65/no_press_allowed_at_connecticut_republican/",
    "time_posted": "2021-10-29 22:07:28",
    "time_now": "2021-11-01 05:51:24",
    "ups": 202,
    "downs": 0,
    "comments_since_last_sample": [],
    "top_comments_top": [
        {
            "comment_id": "hildm6o",
            "body": "\nAs a reminder, this subreddit [is for civil discussion.](/r/politics/wiki/index#wiki_be_civil)\n\nIn general, be courteous to others. Debate/discuss/argue the merits of ideas, don't attack people. Personal insults, shill or troll accusations, hate speech, any suggestion or support of harm, violence, or death, and other rule violations can result in a permanent ban. \n\nIf you see comments in violation of our rules, please report them.\n\n For those who have questions regarding any media outlets being posted on this subreddit, please click [here](https://www.reddit.com/r/politics/wiki/approveddomainslist) to review our details as to our approved domains list and outlet criteria.\n\n***\n\n\n*I am a bot, and this action was performed automatically. Please [contact the moderators of this subreddit](/message/compose/?to=/r/politics) if you have any questions or concerns.*",
            "ups": 1,
            "downs": 0
        },
        {
            "comment_id": "hilk2hy",
            "body": "Psst.  They're gonna say black people are lazy.",
            "ups": 37,
            "downs": 0
        },
        {
            "comment_id": "hili28l",
            "body": "&gt;HARTFORD \u2014 For decades, the annual Prescott Bush Awards dinner has marked the marquee event for Connecticut Republicans as leaders brought in nationally known speakers to address the party faithful.\n\n&gt;But on Thursday night, reporters were prevented from covering the keynote address by first-term U.S. Sen. John Kennedy of Louisiana \u2014 breaking a decades-long tradition of press access for major national figures like John McCain, Mitt Romney, Jeb Bush, Bob Dole, and Jack Kemp.\n\nWhat the heck?",
            "ups": 32,
            "downs": 0
        },
        {
            "comment_id": "hilfcrk",
            "body": "Don't worry, some Republican rich kid dipshit will post a phone recording of it to social media to 'own the libs'.",
            "ups": 29,
            "downs": 0
        },
        {
            "comment_id": "hilet8a",
            "body": "Pathetic trashy old wind bag says what douches want to hear,  is that a good enough paraphrase?",
            "ups": 23,
            "downs": 0
        }
    ],
    "top_comments_best": [
        {
            "comment_id": "hildm6o",
            "body": "\nAs a reminder, this subreddit [is for civil discussion.](/r/politics/wiki/index#wiki_be_civil)\n\nIn general, be courteous to others. Debate/discuss/argue the merits of ideas, don't attack people. Personal insults, shill or troll accusations, hate speech, any suggestion or support of harm, violence, or death, and other rule violations can result in a permanent ban. \n\nIf you see comments in violation of our rules, please report them.\n\n For those who have questions regarding any media outlets being posted on this subreddit, please click [here](https://www.reddit.com/r/politics/wiki/approveddomainslist) to review our details as to our approved domains list and outlet criteria.\n\n***\n\n\n*I am a bot, and this action was performed automatically. Please [contact the moderators of this subreddit](/message/compose/?to=/r/politics) if you have any questions or concerns.*",
            "ups": 1,
            "downs": 0
        },
        {
            "comment_id": "hili28l",
            "body": "&gt;HARTFORD \u2014 For decades, the annual Prescott Bush Awards dinner has marked the marquee event for Connecticut Republicans as leaders brought in nationally known speakers to address the party faithful.\n\n&gt;But on Thursday night, reporters were prevented from covering the keynote address by first-term U.S. Sen. John Kennedy of Louisiana \u2014 breaking a decades-long tradition of press access for major national figures like John McCain, Mitt Romney, Jeb Bush, Bob Dole, and Jack Kemp.\n\nWhat the heck?",
            "ups": 30,
            "downs": 0
        },
        {
            "comment_id": "hilk2hy",
            "body": "Psst.  They're gonna say black people are lazy.",
            "ups": 40,
            "downs": 0
        },
        {
            "comment_id": "hilfcrk",
            "body": "Don't worry, some Republican rich kid dipshit will post a phone recording of it to social media to 'own the libs'.",
            "ups": 27,
            "downs": 0
        },
        {
            "comment_id": "hilt1pk",
            "body": "A gov\u2019t of the Corporations - by the Corporations - for the Corporations. Isn\u2019t what Lincoln said?",
            "ups": 6,
            "downs": 0
        }
    ],
    "top_comments_hot": [
        {
            "comment_id": "hildm6o",
            "body": "\nAs a reminder, this subreddit [is for civil discussion.](/r/politics/wiki/index#wiki_be_civil)\n\nIn general, be courteous to others. Debate/discuss/argue the merits of ideas, don't attack people. Personal insults, shill or troll accusations, hate speech, any suggestion or support of harm, violence, or death, and other rule violations can result in a permanent ban. \n\nIf you see comments in violation of our rules, please report them.\n\n For those who have questions regarding any media outlets being posted on this subreddit, please click [here](https://www.reddit.com/r/politics/wiki/approveddomainslist) to review our details as to our approved domains list and outlet criteria.\n\n***\n\n\n*I am a bot, and this action was performed automatically. Please [contact the moderators of this subreddit](/message/compose/?to=/r/politics) if you have any questions or concerns.*",
            "ups": 1,
            "downs": 0
        },
        {
            "comment_id": "hili28l",
            "body": "&gt;HARTFORD \u2014 For decades, the annual Prescott Bush Awards dinner has marked the marquee event for Connecticut Republicans as leaders brought in nationally known speakers to address the party faithful.\n\n&gt;But on Thursday night, reporters were prevented from covering the keynote address by first-term U.S. Sen. John Kennedy of Louisiana \u2014 breaking a decades-long tradition of press access for major national figures like John McCain, Mitt Romney, Jeb Bush, Bob Dole, and Jack Kemp.\n\nWhat the heck?",
            "ups": 31,
            "downs": 0
        },
        {
            "comment_id": "hilk2hy",
            "body": "Psst.  They're gonna say black people are lazy.",
            "ups": 38,
            "downs": 0
        },
        {
            "comment_id": "hilfcrk",
            "body": "Don't worry, some Republican rich kid dipshit will post a phone recording of it to social media to 'own the libs'.",
            "ups": 28,
            "downs": 0
        },
        {
            "comment_id": "hilt1pk",
            "body": "A gov\u2019t of the Corporations - by the Corporations - for the Corporations. Isn\u2019t what Lincoln said?",
            "ups": 6,
            "downs": 0
        }
    ]
}