{
    "post_url": "https://www.reddit.com/r/LifeProTips/comments/qj3sdh/lpt_your_annual_goals_and_objectives_at_work_are/",
    "time_posted": "2021-10-30 11:28:30",
    "time_now": "2021-10-31 01:02:41",
    "ups": 87,
    "downs": 0,
    "comments_since_last_sample": [],
    "top_comments_top": [
        {
            "comment_id": "hinhzab",
            "body": "Hello and welcome to r/LifeProTips!\n\nPlease help us decide if this post is a good fit for the subreddit by up or downvoting this comment. \n\nIf you think that this is great advice to improve your life, please upvote. If you think this doesn't help you in any way, please downvote. If you don't care, leave it for the others to decide.",
            "ups": 1,
            "downs": 0
        },
        {
            "comment_id": "hinmzrk",
            "body": "My job used to have a requirement of two widgets a day. I missed it a few times so one of my required yearly goals was to hit that average of two or more widgets a day. At the end of every year I\u2019d be at 1.8-1.9 per day. My supervisor wouldn\u2019t ding me for it but one of my goals again was two widgets average. I played that game for years until we finally ditched the goals and eventually the widget requirement. Yearly goals were absolutely a way to get more work out of you for the same pay, there was no reward for hitting goals and you couldn\u2019t use certain things for goals like education or training. It was a dumb stupid scam and absolutely a way to back door in discipline if they didn\u2019t like you.",
            "ups": 13,
            "downs": 0
        },
        {
            "comment_id": "hinmh2y",
            "body": "Another poor LPT. We can do better...",
            "ups": 4,
            "downs": 0
        },
        {
            "comment_id": "hinz9r2",
            "body": "Instead focus on what was done. Keep a log of accomplishments through the year then your evaluation is no problem.\n\nExample, worked with customer and they doubled their order. Assisted elderly customers  with their phone and apps,",
            "ups": 1,
            "downs": 0
        },
        {
            "comment_id": "hio1pl8",
            "body": "I write my goals and objectives the month before the report is due. It ends up being a list of good things I've done that year. All bosses encourage us to do it this way too.\n\nEdit: Goals do matter. If a promotion board reads a load of low ambition, poorly spelt objectives it is an immediate turn off. \n\"If they can't be bothered to write good objectives they can't care that much about promotion\"",
            "ups": 1,
            "downs": 0
        }
    ],
    "top_comments_best": [
        {
            "comment_id": "hinhzab",
            "body": "Hello and welcome to r/LifeProTips!\n\nPlease help us decide if this post is a good fit for the subreddit by up or downvoting this comment. \n\nIf you think that this is great advice to improve your life, please upvote. If you think this doesn't help you in any way, please downvote. If you don't care, leave it for the others to decide.",
            "ups": 1,
            "downs": 0
        },
        {
            "comment_id": "hinmzrk",
            "body": "My job used to have a requirement of two widgets a day. I missed it a few times so one of my required yearly goals was to hit that average of two or more widgets a day. At the end of every year I\u2019d be at 1.8-1.9 per day. My supervisor wouldn\u2019t ding me for it but one of my goals again was two widgets average. I played that game for years until we finally ditched the goals and eventually the widget requirement. Yearly goals were absolutely a way to get more work out of you for the same pay, there was no reward for hitting goals and you couldn\u2019t use certain things for goals like education or training. It was a dumb stupid scam and absolutely a way to back door in discipline if they didn\u2019t like you.",
            "ups": 13,
            "downs": 0
        },
        {
            "comment_id": "hinz9r2",
            "body": "Instead focus on what was done. Keep a log of accomplishments through the year then your evaluation is no problem.\n\nExample, worked with customer and they doubled their order. Assisted elderly customers  with their phone and apps,",
            "ups": 1,
            "downs": 0
        },
        {
            "comment_id": "hio1pl8",
            "body": "I write my goals and objectives the month before the report is due. It ends up being a list of good things I've done that year. All bosses encourage us to do it this way too.\n\nEdit: Goals do matter. If a promotion board reads a load of low ambition, poorly spelt objectives it is an immediate turn off. \n\"If they can't be bothered to write good objectives they can't care that much about promotion\"",
            "ups": 1,
            "downs": 0
        },
        {
            "comment_id": "hinmh2y",
            "body": "Another poor LPT. We can do better...",
            "ups": 4,
            "downs": 0
        }
    ],
    "top_comments_hot": [
        {
            "comment_id": "hinhzab",
            "body": "Hello and welcome to r/LifeProTips!\n\nPlease help us decide if this post is a good fit for the subreddit by up or downvoting this comment. \n\nIf you think that this is great advice to improve your life, please upvote. If you think this doesn't help you in any way, please downvote. If you don't care, leave it for the others to decide.",
            "ups": 1,
            "downs": 0
        },
        {
            "comment_id": "hinmzrk",
            "body": "My job used to have a requirement of two widgets a day. I missed it a few times so one of my required yearly goals was to hit that average of two or more widgets a day. At the end of every year I\u2019d be at 1.8-1.9 per day. My supervisor wouldn\u2019t ding me for it but one of my goals again was two widgets average. I played that game for years until we finally ditched the goals and eventually the widget requirement. Yearly goals were absolutely a way to get more work out of you for the same pay, there was no reward for hitting goals and you couldn\u2019t use certain things for goals like education or training. It was a dumb stupid scam and absolutely a way to back door in discipline if they didn\u2019t like you.",
            "ups": 13,
            "downs": 0
        },
        {
            "comment_id": "hinz9r2",
            "body": "Instead focus on what was done. Keep a log of accomplishments through the year then your evaluation is no problem.\n\nExample, worked with customer and they doubled their order. Assisted elderly customers  with their phone and apps,",
            "ups": 1,
            "downs": 0
        },
        {
            "comment_id": "hio1pl8",
            "body": "I write my goals and objectives the month before the report is due. It ends up being a list of good things I've done that year. All bosses encourage us to do it this way too.\n\nEdit: Goals do matter. If a promotion board reads a load of low ambition, poorly spelt objectives it is an immediate turn off. \n\"If they can't be bothered to write good objectives they can't care that much about promotion\"",
            "ups": 1,
            "downs": 0
        },
        {
            "comment_id": "hinmh2y",
            "body": "Another poor LPT. We can do better...",
            "ups": 4,
            "downs": 0
        }
    ]
}