{
    "post_url": "https://www.reddit.com/r/politics/comments/qitr0v/whitmer_vetoes_bills_tightening_voter_id_laws_for/",
    "time_posted": "2021-10-30 00:15:10",
    "time_now": "2021-10-30 16:49:01",
    "ups": 195,
    "downs": 0,
    "comments_since_last_sample": [
        {
            "comment_id": "hils8d0",
            "body": "\nAs a reminder, this subreddit [is for civil discussion.](/r/politics/wiki/index#wiki_be_civil)\n\nIn general, be courteous to others. Debate/discuss/argue the merits of ideas, don't attack people. Personal insults, shill or troll accusations, hate speech, any suggestion or support of harm, violence, or death, and other rule violations can result in a permanent ban. \n\nIf you see comments in violation of our rules, please report them.\n\n For those who have questions regarding any media outlets being posted on this subreddit, please click [here](https://www.reddit.com/r/politics/wiki/approveddomainslist) to review our details as to our approved domains list and outlet criteria.\n\n***\n\n\n*I am a bot, and this action was performed automatically. Please [contact the moderators of this subreddit](/message/compose/?to=/r/politics) if you have any questions or concerns.*"
        },
        {
            "comment_id": "himlq7c",
            "body": "Glad someone is speaking up for democracy"
        },
        {
            "comment_id": "hilxl00",
            "body": "what the hell is wrong with the provisional ballot system that we need these dumbass laws?"
        },
        {
            "comment_id": "hilw08r",
            "body": "Does this mean that the GOP will try to capture her again?"
        },
        {
            "comment_id": "hilveb4",
            "body": "Good."
        },
        {
            "comment_id": "hiltkas",
            "body": "okay... good \n\nvoting should  be open, and easy."
        },
        {
            "comment_id": "hilsxmj",
            "body": "Republicans lose when more people vote.\n\nThat says all you need to know about their platform and goals."
        }
    ],
    "top_comments_top": [
        {
            "comment_id": "hils8d0",
            "body": "\nAs a reminder, this subreddit [is for civil discussion.](/r/politics/wiki/index#wiki_be_civil)\n\nIn general, be courteous to others. Debate/discuss/argue the merits of ideas, don't attack people. Personal insults, shill or troll accusations, hate speech, any suggestion or support of harm, violence, or death, and other rule violations can result in a permanent ban. \n\nIf you see comments in violation of our rules, please report them.\n\n For those who have questions regarding any media outlets being posted on this subreddit, please click [here](https://www.reddit.com/r/politics/wiki/approveddomainslist) to review our details as to our approved domains list and outlet criteria.\n\n***\n\n\n*I am a bot, and this action was performed automatically. Please [contact the moderators of this subreddit](/message/compose/?to=/r/politics) if you have any questions or concerns.*",
            "ups": 1,
            "downs": 0
        },
        {
            "comment_id": "hilsxmj",
            "body": "Republicans lose when more people vote.\n\nThat says all you need to know about their platform and goals.",
            "ups": 16,
            "downs": 0
        },
        {
            "comment_id": "hiltkas",
            "body": "okay... good \n\nvoting should  be open, and easy.",
            "ups": 10,
            "downs": 0
        },
        {
            "comment_id": "hilveb4",
            "body": "Good.",
            "ups": 6,
            "downs": 0
        },
        {
            "comment_id": "hilw08r",
            "body": "Does this mean that the GOP will try to capture her again?",
            "ups": 5,
            "downs": 0
        }
    ],
    "top_comments_best": [
        {
            "comment_id": "hils8d0",
            "body": "\nAs a reminder, this subreddit [is for civil discussion.](/r/politics/wiki/index#wiki_be_civil)\n\nIn general, be courteous to others. Debate/discuss/argue the merits of ideas, don't attack people. Personal insults, shill or troll accusations, hate speech, any suggestion or support of harm, violence, or death, and other rule violations can result in a permanent ban. \n\nIf you see comments in violation of our rules, please report them.\n\n For those who have questions regarding any media outlets being posted on this subreddit, please click [here](https://www.reddit.com/r/politics/wiki/approveddomainslist) to review our details as to our approved domains list and outlet criteria.\n\n***\n\n\n*I am a bot, and this action was performed automatically. Please [contact the moderators of this subreddit](/message/compose/?to=/r/politics) if you have any questions or concerns.*",
            "ups": 1,
            "downs": 0
        },
        {
            "comment_id": "hilsxmj",
            "body": "Republicans lose when more people vote.\n\nThat says all you need to know about their platform and goals.",
            "ups": 16,
            "downs": 0
        },
        {
            "comment_id": "hiltkas",
            "body": "okay... good \n\nvoting should  be open, and easy.",
            "ups": 10,
            "downs": 0
        },
        {
            "comment_id": "hilveb4",
            "body": "Good.",
            "ups": 5,
            "downs": 0
        },
        {
            "comment_id": "hilw08r",
            "body": "Does this mean that the GOP will try to capture her again?",
            "ups": 5,
            "downs": 0
        }
    ],
    "top_comments_hot": [
        {
            "comment_id": "hils8d0",
            "body": "\nAs a reminder, this subreddit [is for civil discussion.](/r/politics/wiki/index#wiki_be_civil)\n\nIn general, be courteous to others. Debate/discuss/argue the merits of ideas, don't attack people. Personal insults, shill or troll accusations, hate speech, any suggestion or support of harm, violence, or death, and other rule violations can result in a permanent ban. \n\nIf you see comments in violation of our rules, please report them.\n\n For those who have questions regarding any media outlets being posted on this subreddit, please click [here](https://www.reddit.com/r/politics/wiki/approveddomainslist) to review our details as to our approved domains list and outlet criteria.\n\n***\n\n\n*I am a bot, and this action was performed automatically. Please [contact the moderators of this subreddit](/message/compose/?to=/r/politics) if you have any questions or concerns.*",
            "ups": 1,
            "downs": 0
        },
        {
            "comment_id": "hilsxmj",
            "body": "Republicans lose when more people vote.\n\nThat says all you need to know about their platform and goals.",
            "ups": 16,
            "downs": 0
        },
        {
            "comment_id": "hiltkas",
            "body": "okay... good \n\nvoting should  be open, and easy.",
            "ups": 10,
            "downs": 0
        },
        {
            "comment_id": "hilveb4",
            "body": "Good.",
            "ups": 5,
            "downs": 0
        },
        {
            "comment_id": "hilw08r",
            "body": "Does this mean that the GOP will try to capture her again?",
            "ups": 5,
            "downs": 0
        }
    ]
}