{
    "post_url": "https://www.reddit.com/r/gaming/comments/qj3f7p/does_anyone_know_a_good_software_for_automated/",
    "time_posted": "2021-10-30 11:09:51",
    "time_now": "2021-11-02 18:53:57",
    "ups": 0,
    "downs": 0,
    "comments_since_last_sample": [],
    "top_comments_top": [
        {
            "comment_id": "hing388",
            "body": "You mean software for cheating?",
            "ups": 9,
            "downs": 0
        },
        {
            "comment_id": "hinhbsw",
            "body": "What game you ruining by going AFK on?",
            "ups": 7,
            "downs": 0
        },
        {
            "comment_id": "hinklbk",
            "body": "What, do you think the company in charge of the game you wanna cheat on is gonna kick down your door if you google \"autoclick software\"?",
            "ups": 3,
            "downs": 0
        },
        {
            "comment_id": "hinfnbx",
            "body": "Selenium",
            "ups": -1,
            "downs": 0
        },
        {
            "comment_id": "hinqm2w",
            "body": "I *think* folks use AHK (Or whatever the newer branch is called) for that.",
            "ups": -1,
            "downs": 0
        }
    ],
    "top_comments_best": [
        {
            "comment_id": "hinhbsw",
            "body": "What game you ruining by going AFK on?",
            "ups": 7,
            "downs": 0
        },
        {
            "comment_id": "hing388",
            "body": "You mean software for cheating?",
            "ups": 9,
            "downs": 0
        },
        {
            "comment_id": "hinklbk",
            "body": "What, do you think the company in charge of the game you wanna cheat on is gonna kick down your door if you google \"autoclick software\"?",
            "ups": 5,
            "downs": 0
        },
        {
            "comment_id": "hinfnbx",
            "body": "Selenium",
            "ups": -1,
            "downs": 0
        },
        {
            "comment_id": "hinqm2w",
            "body": "I *think* folks use AHK (Or whatever the newer branch is called) for that.",
            "ups": -1,
            "downs": 0
        }
    ],
    "top_comments_hot": [
        {
            "comment_id": "hinhbsw",
            "body": "What game you ruining by going AFK on?",
            "ups": 6,
            "downs": 0
        },
        {
            "comment_id": "hing388",
            "body": "You mean software for cheating?",
            "ups": 8,
            "downs": 0
        },
        {
            "comment_id": "hinklbk",
            "body": "What, do you think the company in charge of the game you wanna cheat on is gonna kick down your door if you google \"autoclick software\"?",
            "ups": 5,
            "downs": 0
        },
        {
            "comment_id": "hinfnbx",
            "body": "Selenium",
            "ups": -1,
            "downs": 0
        },
        {
            "comment_id": "hinqm2w",
            "body": "I *think* folks use AHK (Or whatever the newer branch is called) for that.",
            "ups": -1,
            "downs": 0
        }
    ]
}