{
    "post_url": "https://www.reddit.com/r/LifeProTips/comments/qi3gop/lpt_request_how_to_make_5000_in_one_year_without/",
    "time_posted": "2021-10-28 23:16:50",
    "time_now": "2021-10-30 16:51:00",
    "ups": 0,
    "downs": 0,
    "comments_since_last_sample": [
        {
            "comment_id": "higvm4n",
            "body": "Hello and welcome to r/LifeProTips!\n\nPlease help us decide if this post is a good fit for the subreddit by up or downvoting this comment. \n\nIf you think that this is great advice to improve your life, please upvote. If you think this doesn't help you in any way, please downvote. If you don't care, leave it for the others to decide."
        },
        {
            "comment_id": "hih94p9",
            "body": "You can\u2019t be serious? Ask your moms for 96 a week for 52 weeks. Or asks 6 moms for 16 a week for 52 weeks. Or ask 20 moms for 5 a week for 52 weeks and turn some sick profits on that debt."
        },
        {
            "comment_id": "hih38xh",
            "body": "\u201c\u201cWhore yourself out to five hundred fat chicks for $10 a piece.   Or whore yourself out to 50 really fat chicks for $100 a piece.\u201d  -Quagmire\u201d\n\n             -ziggyzaggyziggyzaggy\u201d"
        },
        {
            "comment_id": "hih09bu",
            "body": "Walk your country and video blog your journey. Interview interesting people you meet and upload every other day. Get sponsors along the way and viewers generate money, plus from advisors. People will let you take care of you if you yourself are interesting and genuine."
        },
        {
            "comment_id": "higybaq",
            "body": "You can make it in 2 months with a job . Try counting cards lol drop shipped items"
        },
        {
            "comment_id": "higxyvk",
            "body": "&gt; how to make \u00a35000 in one year without a job\n\nGet a job."
        },
        {
            "comment_id": "higxojq",
            "body": "Cut back on the things that put you in debt. Easiest way to make (save) money is to spend less."
        },
        {
            "comment_id": "higvwhr",
            "body": "Donating plasma and sperm/ovum, signing up for medical testing. Not sure if thise are available where youre at, but these work in the US."
        }
    ],
    "top_comments_top": [
        {
            "comment_id": "higvm4n",
            "body": "Hello and welcome to r/LifeProTips!\n\nPlease help us decide if this post is a good fit for the subreddit by up or downvoting this comment. \n\nIf you think that this is great advice to improve your life, please upvote. If you think this doesn't help you in any way, please downvote. If you don't care, leave it for the others to decide.",
            "ups": 1,
            "downs": 0
        },
        {
            "comment_id": "higxyvk",
            "body": "&gt; how to make \u00a35000 in one year without a job\n\nGet a job.",
            "ups": 11,
            "downs": 0
        },
        {
            "comment_id": "higvwhr",
            "body": "Donating plasma and sperm/ovum, signing up for medical testing. Not sure if thise are available where youre at, but these work in the US.",
            "ups": 6,
            "downs": 0
        },
        {
            "comment_id": "hih09bu",
            "body": "Walk your country and video blog your journey. Interview interesting people you meet and upload every other day. Get sponsors along the way and viewers generate money, plus from advisors. People will let you take care of you if you yourself are interesting and genuine.",
            "ups": 5,
            "downs": 0
        },
        {
            "comment_id": "higybaq",
            "body": "You can make it in 2 months with a job . Try counting cards lol drop shipped items",
            "ups": 3,
            "downs": 0
        }
    ],
    "top_comments_best": [
        {
            "comment_id": "higvm4n",
            "body": "Hello and welcome to r/LifeProTips!\n\nPlease help us decide if this post is a good fit for the subreddit by up or downvoting this comment. \n\nIf you think that this is great advice to improve your life, please upvote. If you think this doesn't help you in any way, please downvote. If you don't care, leave it for the others to decide.",
            "ups": 1,
            "downs": 0
        },
        {
            "comment_id": "higvwhr",
            "body": "Donating plasma and sperm/ovum, signing up for medical testing. Not sure if thise are available where youre at, but these work in the US.",
            "ups": 6,
            "downs": 0
        },
        {
            "comment_id": "hih09bu",
            "body": "Walk your country and video blog your journey. Interview interesting people you meet and upload every other day. Get sponsors along the way and viewers generate money, plus from advisors. People will let you take care of you if you yourself are interesting and genuine.",
            "ups": 5,
            "downs": 0
        },
        {
            "comment_id": "higybaq",
            "body": "You can make it in 2 months with a job . Try counting cards lol drop shipped items",
            "ups": 3,
            "downs": 0
        },
        {
            "comment_id": "higxyvk",
            "body": "&gt; how to make \u00a35000 in one year without a job\n\nGet a job.",
            "ups": 12,
            "downs": 0
        }
    ],
    "top_comments_hot": [
        {
            "comment_id": "higvm4n",
            "body": "Hello and welcome to r/LifeProTips!\n\nPlease help us decide if this post is a good fit for the subreddit by up or downvoting this comment. \n\nIf you think that this is great advice to improve your life, please upvote. If you think this doesn't help you in any way, please downvote. If you don't care, leave it for the others to decide.",
            "ups": 1,
            "downs": 0
        },
        {
            "comment_id": "higvwhr",
            "body": "Donating plasma and sperm/ovum, signing up for medical testing. Not sure if thise are available where youre at, but these work in the US.",
            "ups": 4,
            "downs": 0
        },
        {
            "comment_id": "hih09bu",
            "body": "Walk your country and video blog your journey. Interview interesting people you meet and upload every other day. Get sponsors along the way and viewers generate money, plus from advisors. People will let you take care of you if you yourself are interesting and genuine.",
            "ups": 5,
            "downs": 0
        },
        {
            "comment_id": "higybaq",
            "body": "You can make it in 2 months with a job . Try counting cards lol drop shipped items",
            "ups": 3,
            "downs": 0
        },
        {
            "comment_id": "higxyvk",
            "body": "&gt; how to make \u00a35000 in one year without a job\n\nGet a job.",
            "ups": 11,
            "downs": 0
        }
    ]
}