{
    "post_url": "https://www.reddit.com/r/politics/comments/qj10u6/our_kids_deserve_better_its_time_to_regulate/",
    "time_posted": "2021-10-30 09:01:18",
    "time_now": "2021-10-31 01:01:36",
    "ups": 535,
    "downs": 0,
    "comments_since_last_sample": [],
    "top_comments_top": [
        {
            "comment_id": "himzn2u",
            "body": "\nAs a reminder, this subreddit [is for civil discussion.](/r/politics/wiki/index#wiki_be_civil)\n\nIn general, be courteous to others. Debate/discuss/argue the merits of ideas, don't attack people. Personal insults, shill or troll accusations, hate speech, any suggestion or support of harm, violence, or death, and other rule violations can result in a permanent ban. \n\nIf you see comments in violation of our rules, please report them.\n\n For those who have questions regarding any media outlets being posted on this subreddit, please click [here](https://www.reddit.com/r/politics/wiki/approveddomainslist) to review our details as to our approved domains list and outlet criteria.\n\n***\n\n\n*I am a bot, and this action was performed automatically. Please [contact the moderators of this subreddit](/message/compose/?to=/r/politics) if you have any questions or concerns.*",
            "ups": 1,
            "downs": 0
        },
        {
            "comment_id": "hinc3j1",
            "body": "If a policy direction's main argument is \"THINK OF THE CHILDREN\" it's usually without merit or spurious. \n\nSo let's not make this about children, let's make it about a wildly irresponsible data and communications monopoly that can no longer be trusted to regulate itself.",
            "ups": 45,
            "downs": 0
        },
        {
            "comment_id": "hin0jcg",
            "body": "How about just keeping kids off of Facebook?  WTF?",
            "ups": 26,
            "downs": 0
        },
        {
            "comment_id": "hin1ki9",
            "body": "Ours kids. Does anyone under 30yrs old use Facebook?",
            "ups": 21,
            "downs": 0
        },
        {
            "comment_id": "hin4eah",
            "body": "I don't care that Facebook is a thing, parents need to handle their kids at home...it's not Facebook's/Meta fault if people are bad parents. \n\nOn the flip side of that, the company should be burned to the ground for allowing the amount of false propaganda and lies around the world that give voice to radicals and terrorist for a profit, then fucking lie about it.",
            "ups": 9,
            "downs": 0
        }
    ],
    "top_comments_best": [
        {
            "comment_id": "himzn2u",
            "body": "\nAs a reminder, this subreddit [is for civil discussion.](/r/politics/wiki/index#wiki_be_civil)\n\nIn general, be courteous to others. Debate/discuss/argue the merits of ideas, don't attack people. Personal insults, shill or troll accusations, hate speech, any suggestion or support of harm, violence, or death, and other rule violations can result in a permanent ban. \n\nIf you see comments in violation of our rules, please report them.\n\n For those who have questions regarding any media outlets being posted on this subreddit, please click [here](https://www.reddit.com/r/politics/wiki/approveddomainslist) to review our details as to our approved domains list and outlet criteria.\n\n***\n\n\n*I am a bot, and this action was performed automatically. Please [contact the moderators of this subreddit](/message/compose/?to=/r/politics) if you have any questions or concerns.*",
            "ups": 1,
            "downs": 0
        },
        {
            "comment_id": "hinc3j1",
            "body": "If a policy direction's main argument is \"THINK OF THE CHILDREN\" it's usually without merit or spurious. \n\nSo let's not make this about children, let's make it about a wildly irresponsible data and communications monopoly that can no longer be trusted to regulate itself.",
            "ups": 45,
            "downs": 0
        },
        {
            "comment_id": "hin0jcg",
            "body": "How about just keeping kids off of Facebook?  WTF?",
            "ups": 26,
            "downs": 0
        },
        {
            "comment_id": "hin1ki9",
            "body": "Ours kids. Does anyone under 30yrs old use Facebook?",
            "ups": 20,
            "downs": 0
        },
        {
            "comment_id": "hindmcp",
            "body": "Regulate ?? How about just ditch the app altogether. Zuck can go crawl back under that rock he came from .",
            "ups": 4,
            "downs": 0
        }
    ],
    "top_comments_hot": [
        {
            "comment_id": "himzn2u",
            "body": "\nAs a reminder, this subreddit [is for civil discussion.](/r/politics/wiki/index#wiki_be_civil)\n\nIn general, be courteous to others. Debate/discuss/argue the merits of ideas, don't attack people. Personal insults, shill or troll accusations, hate speech, any suggestion or support of harm, violence, or death, and other rule violations can result in a permanent ban. \n\nIf you see comments in violation of our rules, please report them.\n\n For those who have questions regarding any media outlets being posted on this subreddit, please click [here](https://www.reddit.com/r/politics/wiki/approveddomainslist) to review our details as to our approved domains list and outlet criteria.\n\n***\n\n\n*I am a bot, and this action was performed automatically. Please [contact the moderators of this subreddit](/message/compose/?to=/r/politics) if you have any questions or concerns.*",
            "ups": 1,
            "downs": 0
        },
        {
            "comment_id": "hinc3j1",
            "body": "If a policy direction's main argument is \"THINK OF THE CHILDREN\" it's usually without merit or spurious. \n\nSo let's not make this about children, let's make it about a wildly irresponsible data and communications monopoly that can no longer be trusted to regulate itself.",
            "ups": 47,
            "downs": 0
        },
        {
            "comment_id": "hin0jcg",
            "body": "How about just keeping kids off of Facebook?  WTF?",
            "ups": 25,
            "downs": 0
        },
        {
            "comment_id": "hin1ki9",
            "body": "Ours kids. Does anyone under 30yrs old use Facebook?",
            "ups": 21,
            "downs": 0
        },
        {
            "comment_id": "hindmcp",
            "body": "Regulate ?? How about just ditch the app altogether. Zuck can go crawl back under that rock he came from .",
            "ups": 4,
            "downs": 0
        }
    ]
}