{
    "post_url": "https://www.reddit.com/r/gaming/comments/qj36ii/anybody_else_do_this_i_cant_be_the_only_one_surely/",
    "time_posted": "2021-10-30 10:58:30",
    "time_now": "2021-11-01 01:41:45",
    "ups": 13,
    "downs": 0,
    "comments_since_last_sample": [],
    "top_comments_top": [
        {
            "comment_id": "hinei4o",
            "body": "Two words: Stardew Valley.",
            "ups": 5,
            "downs": 0
        },
        {
            "comment_id": "hine4r6",
            "body": "Mine is multiple pages and contains printed checkoff lists.....usually",
            "ups": 5,
            "downs": 0
        },
        {
            "comment_id": "hinera2",
            "body": "I have a glass desk I just write on with a dry erase marker usually.",
            "ups": 5,
            "downs": 0
        },
        {
            "comment_id": "hinfrtm",
            "body": "Definitely not the only one \ud83d\udcdd",
            "ups": 3,
            "downs": 0
        },
        {
            "comment_id": "hingpps",
            "body": "Don\u2019t call me Sherly",
            "ups": 3,
            "downs": 0
        }
    ],
    "top_comments_best": [
        {
            "comment_id": "hinei4o",
            "body": "Two words: Stardew Valley.",
            "ups": 7,
            "downs": 0
        },
        {
            "comment_id": "hine4r6",
            "body": "Mine is multiple pages and contains printed checkoff lists.....usually",
            "ups": 4,
            "downs": 0
        },
        {
            "comment_id": "hinera2",
            "body": "I have a glass desk I just write on with a dry erase marker usually.",
            "ups": 6,
            "downs": 0
        },
        {
            "comment_id": "hinfrtm",
            "body": "Definitely not the only one \ud83d\udcdd",
            "ups": 3,
            "downs": 0
        },
        {
            "comment_id": "hingpps",
            "body": "Don\u2019t call me Sherly",
            "ups": 3,
            "downs": 0
        }
    ],
    "top_comments_hot": [
        {
            "comment_id": "hinei4o",
            "body": "Two words: Stardew Valley.",
            "ups": 7,
            "downs": 0
        },
        {
            "comment_id": "hine4r6",
            "body": "Mine is multiple pages and contains printed checkoff lists.....usually",
            "ups": 6,
            "downs": 0
        },
        {
            "comment_id": "hinera2",
            "body": "I have a glass desk I just write on with a dry erase marker usually.",
            "ups": 5,
            "downs": 0
        },
        {
            "comment_id": "hinfrtm",
            "body": "Definitely not the only one \ud83d\udcdd",
            "ups": 3,
            "downs": 0
        },
        {
            "comment_id": "hingpps",
            "body": "Don\u2019t call me Sherly",
            "ups": 3,
            "downs": 0
        }
    ]
}