{
    "post_url": "https://www.reddit.com/r/LifeProTips/comments/qig9bk/lpt_if_you_have_pets_an_empty_fish_tank_is_an/",
    "time_posted": "2021-10-29 12:09:40",
    "time_now": "2021-10-30 16:50:32",
    "ups": 18,
    "downs": 0,
    "comments_since_last_sample": [
        {
            "comment_id": "hij0yqe",
            "body": "Hello and welcome to r/LifeProTips!\n\nPlease help us decide if this post is a good fit for the subreddit by up or downvoting this comment. \n\nIf you think that this is great advice to improve your life, please upvote. If you think this doesn't help you in any way, please downvote. If you don't care, leave it for the others to decide."
        },
        {
            "comment_id": "hikcjok",
            "body": "My dog is going Full cop mode"
        },
        {
            "comment_id": "hik7gdm",
            "body": "I feel like it would get ruined in the water..."
        },
        {
            "comment_id": "hije9si",
            "body": "My fish are sitting on the counter gasping, please advise urgently"
        },
        {
            "comment_id": "hijat1p",
            "body": "Just make sure it\u2019s big enough to contain your cat or a dog during the holiday season lol.\n\njust kidding. I kid. I would never stuff my cat or dog into an aquarium just because they destroy everything."
        },
        {
            "comment_id": "hij81v8",
            "body": "This is an oddly specific LPT."
        },
        {
            "comment_id": "hij4qer",
            "body": "Thanks for the tip!"
        },
        {
            "comment_id": "hij368i",
            "body": "Wait... this is an actual LPT that actually tells me something that might be useful.  It's not telling me how to scam anyone and it's not asking me to judge others. \n\nYou must be new here.\n\nJust kidding, thanks for the actual useful tip."
        },
        {
            "comment_id": "hij1vwc",
            "body": "Guess I'll throw my fish away"
        },
        {
            "comment_id": "hij1fk6",
            "body": "The LPT I never knew I needed."
        }
    ],
    "top_comments_top": [
        {
            "comment_id": "hij0yqe",
            "body": "Hello and welcome to r/LifeProTips!\n\nPlease help us decide if this post is a good fit for the subreddit by up or downvoting this comment. \n\nIf you think that this is great advice to improve your life, please upvote. If you think this doesn't help you in any way, please downvote. If you don't care, leave it for the others to decide.",
            "ups": 1,
            "downs": 0
        },
        {
            "comment_id": "hij1vwc",
            "body": "Guess I'll throw my fish away",
            "ups": 18,
            "downs": 0
        },
        {
            "comment_id": "hij81v8",
            "body": "This is an oddly specific LPT.",
            "ups": 10,
            "downs": 0
        },
        {
            "comment_id": "hij1fk6",
            "body": "The LPT I never knew I needed.",
            "ups": 8,
            "downs": 0
        },
        {
            "comment_id": "hije9si",
            "body": "My fish are sitting on the counter gasping, please advise urgently",
            "ups": 3,
            "downs": 0
        }
    ],
    "top_comments_best": [
        {
            "comment_id": "hij0yqe",
            "body": "Hello and welcome to r/LifeProTips!\n\nPlease help us decide if this post is a good fit for the subreddit by up or downvoting this comment. \n\nIf you think that this is great advice to improve your life, please upvote. If you think this doesn't help you in any way, please downvote. If you don't care, leave it for the others to decide.",
            "ups": 1,
            "downs": 0
        },
        {
            "comment_id": "hij1vwc",
            "body": "Guess I'll throw my fish away",
            "ups": 17,
            "downs": 0
        },
        {
            "comment_id": "hij81v8",
            "body": "This is an oddly specific LPT.",
            "ups": 9,
            "downs": 0
        },
        {
            "comment_id": "hij1fk6",
            "body": "The LPT I never knew I needed.",
            "ups": 9,
            "downs": 0
        },
        {
            "comment_id": "hije9si",
            "body": "My fish are sitting on the counter gasping, please advise urgently",
            "ups": 3,
            "downs": 0
        }
    ],
    "top_comments_hot": [
        {
            "comment_id": "hij0yqe",
            "body": "Hello and welcome to r/LifeProTips!\n\nPlease help us decide if this post is a good fit for the subreddit by up or downvoting this comment. \n\nIf you think that this is great advice to improve your life, please upvote. If you think this doesn't help you in any way, please downvote. If you don't care, leave it for the others to decide.",
            "ups": 1,
            "downs": 0
        },
        {
            "comment_id": "hij1vwc",
            "body": "Guess I'll throw my fish away",
            "ups": 18,
            "downs": 0
        },
        {
            "comment_id": "hij81v8",
            "body": "This is an oddly specific LPT.",
            "ups": 8,
            "downs": 0
        },
        {
            "comment_id": "hij1fk6",
            "body": "The LPT I never knew I needed.",
            "ups": 9,
            "downs": 0
        },
        {
            "comment_id": "hije9si",
            "body": "My fish are sitting on the counter gasping, please advise urgently",
            "ups": 3,
            "downs": 0
        }
    ]
}