{
    "post_url": "https://www.reddit.com/r/LifeProTips/comments/qj2z5w/lpt_when_your_car_is_low_on_gas_and_youre_driving/",
    "time_posted": "2021-10-30 10:48:06",
    "time_now": "2021-10-30 16:49:34",
    "ups": 0,
    "downs": 0,
    "comments_since_last_sample": [
        {
            "comment_id": "hincltb",
            "body": "Hello and welcome to r/LifeProTips!\n\nPlease help us decide if this post is a good fit for the subreddit by up or downvoting this comment. \n\nIf you think that this is great advice to improve your life, please upvote. If you think this doesn't help you in any way, please downvote. If you don't care, leave it for the others to decide."
        },
        {
            "comment_id": "hinkql9",
            "body": "This doesn\u2019t take into account being in an urban area where gas is more expensive and you are more likely to be harassed or (less likely) a victim of a crime"
        },
        {
            "comment_id": "hinka73",
            "body": "  When your car is getting old, just stop at the dealer and pick up a new one."
        },
        {
            "comment_id": "hinemjp",
            "body": "Award for the dumbest LPT"
        },
        {
            "comment_id": "hindmih",
            "body": "If there is less in your tank the pump has to use more pressure because the tank will create a bit of a vacuum, so keeping the tank filled up more will lengthen the pump lifespan"
        },
        {
            "comment_id": "hindizl",
            "body": "Fuel starvation is eventually gonna ruin your engine."
        },
        {
            "comment_id": "hind5tm",
            "body": "LPT: When you are thirsty, drink water."
        },
        {
            "comment_id": "hincvuj",
            "body": "LPT: when you got to take a dump, go take a dump."
        },
        {
            "comment_id": "hincpgh",
            "body": "LPT: when you are hungry, eat food."
        }
    ],
    "top_comments_top": [
        {
            "comment_id": "hincltb",
            "body": "Hello and welcome to r/LifeProTips!\n\nPlease help us decide if this post is a good fit for the subreddit by up or downvoting this comment. \n\nIf you think that this is great advice to improve your life, please upvote. If you think this doesn't help you in any way, please downvote. If you don't care, leave it for the others to decide.",
            "ups": 1,
            "downs": 0
        },
        {
            "comment_id": "hincpgh",
            "body": "LPT: when you are hungry, eat food.",
            "ups": 1,
            "downs": 0
        },
        {
            "comment_id": "hincvuj",
            "body": "LPT: when you got to take a dump, go take a dump.",
            "ups": 1,
            "downs": 0
        },
        {
            "comment_id": "hind5tm",
            "body": "LPT: When you are thirsty, drink water.",
            "ups": 1,
            "downs": 0
        },
        {
            "comment_id": "hinemjp",
            "body": "Award for the dumbest LPT",
            "ups": 1,
            "downs": 0
        }
    ],
    "top_comments_best": [
        {
            "comment_id": "hincltb",
            "body": "Hello and welcome to r/LifeProTips!\n\nPlease help us decide if this post is a good fit for the subreddit by up or downvoting this comment. \n\nIf you think that this is great advice to improve your life, please upvote. If you think this doesn't help you in any way, please downvote. If you don't care, leave it for the others to decide.",
            "ups": 1,
            "downs": 0
        },
        {
            "comment_id": "hincpgh",
            "body": "LPT: when you are hungry, eat food.",
            "ups": 1,
            "downs": 0
        },
        {
            "comment_id": "hincvuj",
            "body": "LPT: when you got to take a dump, go take a dump.",
            "ups": 1,
            "downs": 0
        },
        {
            "comment_id": "hind5tm",
            "body": "LPT: When you are thirsty, drink water.",
            "ups": 1,
            "downs": 0
        },
        {
            "comment_id": "hinemjp",
            "body": "Award for the dumbest LPT",
            "ups": 1,
            "downs": 0
        }
    ],
    "top_comments_hot": [
        {
            "comment_id": "hincltb",
            "body": "Hello and welcome to r/LifeProTips!\n\nPlease help us decide if this post is a good fit for the subreddit by up or downvoting this comment. \n\nIf you think that this is great advice to improve your life, please upvote. If you think this doesn't help you in any way, please downvote. If you don't care, leave it for the others to decide.",
            "ups": 1,
            "downs": 0
        },
        {
            "comment_id": "hincpgh",
            "body": "LPT: when you are hungry, eat food.",
            "ups": 1,
            "downs": 0
        },
        {
            "comment_id": "hincvuj",
            "body": "LPT: when you got to take a dump, go take a dump.",
            "ups": 1,
            "downs": 0
        },
        {
            "comment_id": "hind5tm",
            "body": "LPT: When you are thirsty, drink water.",
            "ups": 1,
            "downs": 0
        },
        {
            "comment_id": "hinemjp",
            "body": "Award for the dumbest LPT",
            "ups": 1,
            "downs": 0
        }
    ]
}