{
    "post_url": "https://www.reddit.com/r/LifeProTips/comments/qi6kg6/lpt_if_you_are_taking_general_education_classes/",
    "time_posted": "2021-10-29 02:35:22",
    "time_now": "2021-11-01 18:15:26",
    "ups": 18,
    "downs": 0,
    "comments_since_last_sample": [],
    "top_comments_top": [
        {
            "comment_id": "hihej5y",
            "body": "Hello and welcome to r/LifeProTips!\n\nPlease help us decide if this post is a good fit for the subreddit by up or downvoting this comment. \n\nIf you think that this is great advice to improve your life, please upvote. If you think this doesn't help you in any way, please downvote. If you don't care, leave it for the others to decide.",
            "ups": 1,
            "downs": 0
        },
        {
            "comment_id": "hihfrkn",
            "body": "Spend a few minutes on [LibGen](https://libgen.is/). A file-sharing based shadow library website where you can download scholarly journal articles, academic and general-interest books, images, comics, audiobooks, and magazines. Free content in various formats (epub, pdf, doc, mobi, etc.)",
            "ups": 7,
            "downs": 0
        },
        {
            "comment_id": "hihfz4v",
            "body": "Check out the library in your school.",
            "ups": 3,
            "downs": 0
        },
        {
            "comment_id": "hio0ydp",
            "body": "Book publishers are scumbags. Calculus hasn't changed in 300 years but they will come out with a new edition every 2 years so they can switch the exercise numbers around and charge $250 again.",
            "ups": 1,
            "downs": 0
        },
        {
            "comment_id": "hihh9jk",
            "body": "college libraries have textbooks and if they don't you can request them through interlibrary loan. so if you want to get a textbook it's pretty much impossible for you to not find it. you shouldn't ever pay for a textbook",
            "ups": 0,
            "downs": 0
        }
    ],
    "top_comments_best": [
        {
            "comment_id": "hihej5y",
            "body": "Hello and welcome to r/LifeProTips!\n\nPlease help us decide if this post is a good fit for the subreddit by up or downvoting this comment. \n\nIf you think that this is great advice to improve your life, please upvote. If you think this doesn't help you in any way, please downvote. If you don't care, leave it for the others to decide.",
            "ups": 1,
            "downs": 0
        },
        {
            "comment_id": "hihfrkn",
            "body": "Spend a few minutes on [LibGen](https://libgen.is/). A file-sharing based shadow library website where you can download scholarly journal articles, academic and general-interest books, images, comics, audiobooks, and magazines. Free content in various formats (epub, pdf, doc, mobi, etc.)",
            "ups": 7,
            "downs": 0
        },
        {
            "comment_id": "hihfz4v",
            "body": "Check out the library in your school.",
            "ups": 3,
            "downs": 0
        },
        {
            "comment_id": "hio0ydp",
            "body": "Book publishers are scumbags. Calculus hasn't changed in 300 years but they will come out with a new edition every 2 years so they can switch the exercise numbers around and charge $250 again.",
            "ups": 1,
            "downs": 0
        },
        {
            "comment_id": "hihh9jk",
            "body": "college libraries have textbooks and if they don't you can request them through interlibrary loan. so if you want to get a textbook it's pretty much impossible for you to not find it. you shouldn't ever pay for a textbook",
            "ups": 0,
            "downs": 0
        }
    ],
    "top_comments_hot": [
        {
            "comment_id": "hihej5y",
            "body": "Hello and welcome to r/LifeProTips!\n\nPlease help us decide if this post is a good fit for the subreddit by up or downvoting this comment. \n\nIf you think that this is great advice to improve your life, please upvote. If you think this doesn't help you in any way, please downvote. If you don't care, leave it for the others to decide.",
            "ups": 1,
            "downs": 0
        },
        {
            "comment_id": "hihfrkn",
            "body": "Spend a few minutes on [LibGen](https://libgen.is/). A file-sharing based shadow library website where you can download scholarly journal articles, academic and general-interest books, images, comics, audiobooks, and magazines. Free content in various formats (epub, pdf, doc, mobi, etc.)",
            "ups": 7,
            "downs": 0
        },
        {
            "comment_id": "hihfz4v",
            "body": "Check out the library in your school.",
            "ups": 3,
            "downs": 0
        },
        {
            "comment_id": "hio0ydp",
            "body": "Book publishers are scumbags. Calculus hasn't changed in 300 years but they will come out with a new edition every 2 years so they can switch the exercise numbers around and charge $250 again.",
            "ups": 1,
            "downs": 0
        },
        {
            "comment_id": "hihh9jk",
            "body": "college libraries have textbooks and if they don't you can request them through interlibrary loan. so if you want to get a textbook it's pretty much impossible for you to not find it. you shouldn't ever pay for a textbook",
            "ups": 0,
            "downs": 0
        }
    ]
}