{
    "post_url": "https://www.reddit.com/r/politics/comments/qj0fwa/university_of_florida_bars_faculty_from/",
    "time_posted": "2021-10-30 08:25:49",
    "time_now": "2021-11-02 10:41:32",
    "ups": 2797,
    "downs": 0,
    "comments_since_last_sample": [],
    "top_comments_top": [
        {
            "comment_id": "himvxh5",
            "body": "\nAs a reminder, this subreddit [is for civil discussion.](/r/politics/wiki/index#wiki_be_civil)\n\nIn general, be courteous to others. Debate/discuss/argue the merits of ideas, don't attack people. Personal insults, shill or troll accusations, hate speech, any suggestion or support of harm, violence, or death, and other rule violations can result in a permanent ban. \n\nIf you see comments in violation of our rules, please report them.\n\n For those who have questions regarding any media outlets being posted on this subreddit, please click [here](https://www.reddit.com/r/politics/wiki/approveddomainslist) to review our details as to our approved domains list and outlet criteria.\n\n***\n\n\n*I am a bot, and this action was performed automatically. Please [contact the moderators of this subreddit](/message/compose/?to=/r/politics) if you have any questions or concerns.*",
            "ups": 1,
            "downs": 0
        },
        {
            "comment_id": "himwrhq",
            "body": "This is a blatant violation of the First Amendment.  They should testify and then sue UF for violating their constitutional rights if there is any blow back.",
            "ups": 557,
            "downs": 0
        },
        {
            "comment_id": "himw1uy",
            "body": "tldr; UF has some big election researchers, UF is a state school, and in Florida state schools are *directly* linked to the state gov, so they blocked them from testifying\n\nedit: using my top level comment to share that FPL (largest florida utility) has basically [seized control of it's own state regulatory board](https://www.sun-sentinel.com/opinion/editorials/fl-op-edit-florida-power-light-raising-rates-20211029-eulqrric35fj5jskosdbg5jype-story.html)",
            "ups": 450,
            "downs": 0
        },
        {
            "comment_id": "hinh74q",
            "body": "Now this is an actual First Amendment violation.\n\nA state actor, the University of Florida, is interfering with the free speech rights of its employees.\n\nRing wingers should take note. They constantly complain about First Amendment violations when private actors like social media companies act to limit speech. But the First Amendment only applies to government entites, like this state-sponsored university.",
            "ups": 440,
            "downs": 0
        },
        {
            "comment_id": "hin0fax",
            "body": "This speed at which this country is losing democracy is accelerating day by day",
            "ups": 93,
            "downs": 0
        }
    ],
    "top_comments_best": [
        {
            "comment_id": "himvxh5",
            "body": "\nAs a reminder, this subreddit [is for civil discussion.](/r/politics/wiki/index#wiki_be_civil)\n\nIn general, be courteous to others. Debate/discuss/argue the merits of ideas, don't attack people. Personal insults, shill or troll accusations, hate speech, any suggestion or support of harm, violence, or death, and other rule violations can result in a permanent ban. \n\nIf you see comments in violation of our rules, please report them.\n\n For those who have questions regarding any media outlets being posted on this subreddit, please click [here](https://www.reddit.com/r/politics/wiki/approveddomainslist) to review our details as to our approved domains list and outlet criteria.\n\n***\n\n\n*I am a bot, and this action was performed automatically. Please [contact the moderators of this subreddit](/message/compose/?to=/r/politics) if you have any questions or concerns.*",
            "ups": 1,
            "downs": 0
        },
        {
            "comment_id": "himw1uy",
            "body": "tldr; UF has some big election researchers, UF is a state school, and in Florida state schools are *directly* linked to the state gov, so they blocked them from testifying\n\nedit: using my top level comment to share that FPL (largest florida utility) has basically [seized control of it's own state regulatory board](https://www.sun-sentinel.com/opinion/editorials/fl-op-edit-florida-power-light-raising-rates-20211029-eulqrric35fj5jskosdbg5jype-story.html)",
            "ups": 450,
            "downs": 0
        },
        {
            "comment_id": "hinh74q",
            "body": "Now this is an actual First Amendment violation.\n\nA state actor, the University of Florida, is interfering with the free speech rights of its employees.\n\nRing wingers should take note. They constantly complain about First Amendment violations when private actors like social media companies act to limit speech. But the First Amendment only applies to government entites, like this state-sponsored university.",
            "ups": 437,
            "downs": 0
        },
        {
            "comment_id": "himwrhq",
            "body": "This is a blatant violation of the First Amendment.  They should testify and then sue UF for violating their constitutional rights if there is any blow back.",
            "ups": 559,
            "downs": 0
        },
        {
            "comment_id": "himw7fk",
            "body": "Good luck enforcing that one.",
            "ups": 85,
            "downs": 0
        }
    ],
    "top_comments_hot": [
        {
            "comment_id": "himvxh5",
            "body": "\nAs a reminder, this subreddit [is for civil discussion.](/r/politics/wiki/index#wiki_be_civil)\n\nIn general, be courteous to others. Debate/discuss/argue the merits of ideas, don't attack people. Personal insults, shill or troll accusations, hate speech, any suggestion or support of harm, violence, or death, and other rule violations can result in a permanent ban. \n\nIf you see comments in violation of our rules, please report them.\n\n For those who have questions regarding any media outlets being posted on this subreddit, please click [here](https://www.reddit.com/r/politics/wiki/approveddomainslist) to review our details as to our approved domains list and outlet criteria.\n\n***\n\n\n*I am a bot, and this action was performed automatically. Please [contact the moderators of this subreddit](/message/compose/?to=/r/politics) if you have any questions or concerns.*",
            "ups": 1,
            "downs": 0
        },
        {
            "comment_id": "himw1uy",
            "body": "tldr; UF has some big election researchers, UF is a state school, and in Florida state schools are *directly* linked to the state gov, so they blocked them from testifying\n\nedit: using my top level comment to share that FPL (largest florida utility) has basically [seized control of it's own state regulatory board](https://www.sun-sentinel.com/opinion/editorials/fl-op-edit-florida-power-light-raising-rates-20211029-eulqrric35fj5jskosdbg5jype-story.html)",
            "ups": 455,
            "downs": 0
        },
        {
            "comment_id": "hinh74q",
            "body": "Now this is an actual First Amendment violation.\n\nA state actor, the University of Florida, is interfering with the free speech rights of its employees.\n\nRing wingers should take note. They constantly complain about First Amendment violations when private actors like social media companies act to limit speech. But the First Amendment only applies to government entites, like this state-sponsored university.",
            "ups": 440,
            "downs": 0
        },
        {
            "comment_id": "himwrhq",
            "body": "This is a blatant violation of the First Amendment.  They should testify and then sue UF for violating their constitutional rights if there is any blow back.",
            "ups": 558,
            "downs": 0
        },
        {
            "comment_id": "himw7fk",
            "body": "Good luck enforcing that one.",
            "ups": 83,
            "downs": 0
        }
    ]
}