{
    "post_url": "https://www.reddit.com/r/gaming/comments/qj3adv/apparently_people_are_asking_500_for_these_on_ebay/",
    "time_posted": "2021-10-30 11:03:28",
    "time_now": "2021-10-30 16:47:22",
    "ups": 4,
    "downs": 0,
    "comments_since_last_sample": [
        {
            "comment_id": "hinpehy",
            "body": "Pretty sure I can go buy some Oreos right now for a few bucks. This seems like it's probably a bad deal."
        },
        {
            "comment_id": "hinf7kh",
            "body": "Is it a misprint/wrong production?\n\nThere was a chicken nugget that was in an odd shape sold for 2000$, stuff that people see Jesus in it sells for lot of money. So yeah, some stuff gets sold, others don't."
        },
        {
            "comment_id": "hinexov",
            "body": "People can list things for whatever they want, doesnt mean its worth that or that people are willing to pay it."
        }
    ],
    "top_comments_top": [
        {
            "comment_id": "hinexov",
            "body": "People can list things for whatever they want, doesnt mean its worth that or that people are willing to pay it.",
            "ups": 3,
            "downs": 0
        },
        {
            "comment_id": "hinf7kh",
            "body": "Is it a misprint/wrong production?\n\nThere was a chicken nugget that was in an odd shape sold for 2000$, stuff that people see Jesus in it sells for lot of money. So yeah, some stuff gets sold, others don't.",
            "ups": 1,
            "downs": 0
        },
        {
            "comment_id": "hinpehy",
            "body": "Pretty sure I can go buy some Oreos right now for a few bucks. This seems like it's probably a bad deal.",
            "ups": 1,
            "downs": 0
        }
    ],
    "top_comments_best": [
        {
            "comment_id": "hinexov",
            "body": "People can list things for whatever they want, doesnt mean its worth that or that people are willing to pay it.",
            "ups": 3,
            "downs": 0
        },
        {
            "comment_id": "hinf7kh",
            "body": "Is it a misprint/wrong production?\n\nThere was a chicken nugget that was in an odd shape sold for 2000$, stuff that people see Jesus in it sells for lot of money. So yeah, some stuff gets sold, others don't.",
            "ups": 1,
            "downs": 0
        },
        {
            "comment_id": "hinpehy",
            "body": "Pretty sure I can go buy some Oreos right now for a few bucks. This seems like it's probably a bad deal.",
            "ups": 1,
            "downs": 0
        }
    ],
    "top_comments_hot": [
        {
            "comment_id": "hinexov",
            "body": "People can list things for whatever they want, doesnt mean its worth that or that people are willing to pay it.",
            "ups": 3,
            "downs": 0
        },
        {
            "comment_id": "hinf7kh",
            "body": "Is it a misprint/wrong production?\n\nThere was a chicken nugget that was in an odd shape sold for 2000$, stuff that people see Jesus in it sells for lot of money. So yeah, some stuff gets sold, others don't.",
            "ups": 1,
            "downs": 0
        },
        {
            "comment_id": "hinpehy",
            "body": "Pretty sure I can go buy some Oreos right now for a few bucks. This seems like it's probably a bad deal.",
            "ups": 1,
            "downs": 0
        }
    ]
}