{
    "post_url": "https://www.reddit.com/r/gaming/comments/qj1dkm/advice_on_keyboard_set/",
    "time_posted": "2021-10-30 09:21:32",
    "time_now": "2021-10-30 16:47:38",
    "ups": 1,
    "downs": 0,
    "comments_since_last_sample": [
        {
            "comment_id": "hin2d4s",
            "body": "Red dragon I have used, it was alright! Id say its average, but I have a razer mini and just a Logitech mouse. I like them very much, but I have also heard ducky keyboards are great. Hopefully you have a great trip man."
        },
        {
            "comment_id": "hin29ku",
            "body": "They work pretty well. I just checked out the Amazon reviews. For a nice but cheap set it's only $60 and it's got fantastic reviews. It's recommended as Amazon's choice as well when you only search \"gaming keyboard\""
        }
    ],
    "top_comments_top": [
        {
            "comment_id": "hin29ku",
            "body": "They work pretty well. I just checked out the Amazon reviews. For a nice but cheap set it's only $60 and it's got fantastic reviews. It's recommended as Amazon's choice as well when you only search \"gaming keyboard\"",
            "ups": 2,
            "downs": 0
        },
        {
            "comment_id": "hin2d4s",
            "body": "Red dragon I have used, it was alright! Id say its average, but I have a razer mini and just a Logitech mouse. I like them very much, but I have also heard ducky keyboards are great. Hopefully you have a great trip man.",
            "ups": 1,
            "downs": 0
        }
    ],
    "top_comments_best": [
        {
            "comment_id": "hin29ku",
            "body": "They work pretty well. I just checked out the Amazon reviews. For a nice but cheap set it's only $60 and it's got fantastic reviews. It's recommended as Amazon's choice as well when you only search \"gaming keyboard\"",
            "ups": 2,
            "downs": 0
        },
        {
            "comment_id": "hin2d4s",
            "body": "Red dragon I have used, it was alright! Id say its average, but I have a razer mini and just a Logitech mouse. I like them very much, but I have also heard ducky keyboards are great. Hopefully you have a great trip man.",
            "ups": 1,
            "downs": 0
        }
    ],
    "top_comments_hot": [
        {
            "comment_id": "hin29ku",
            "body": "They work pretty well. I just checked out the Amazon reviews. For a nice but cheap set it's only $60 and it's got fantastic reviews. It's recommended as Amazon's choice as well when you only search \"gaming keyboard\"",
            "ups": 2,
            "downs": 0
        },
        {
            "comment_id": "hin2d4s",
            "body": "Red dragon I have used, it was alright! Id say its average, but I have a razer mini and just a Logitech mouse. I like them very much, but I have also heard ducky keyboards are great. Hopefully you have a great trip man.",
            "ups": 1,
            "downs": 0
        }
    ]
}