{
    "post_url": "https://www.reddit.com/r/LifeProTips/comments/qim9d8/lpt_if_your_router_modem_is_constantly_dropping/",
    "time_posted": "2021-10-29 16:59:42",
    "time_now": "2021-10-31 09:16:59",
    "ups": 21,
    "downs": 0,
    "comments_since_last_sample": [],
    "top_comments_top": [
        {
            "comment_id": "hik9dxl",
            "body": "Hello and welcome to r/LifeProTips!\n\nPlease help us decide if this post is a good fit for the subreddit by up or downvoting this comment. \n\nIf you think that this is great advice to improve your life, please upvote. If you think this doesn't help you in any way, please downvote. If you don't care, leave it for the others to decide.",
            "ups": 1,
            "downs": 0
        },
        {
            "comment_id": "hikbdl1",
            "body": "Any modem or router or combo thereof provided by the isp will have this issue intermittently, with consistently worsening results after the first 6months... Buy high quality, regularly spray out with can of air, and provide plenty of breathing room... (And if using ISP provided demand replacement after 6-9months)",
            "ups": 3,
            "downs": 0
        }
    ],
    "top_comments_best": [
        {
            "comment_id": "hik9dxl",
            "body": "Hello and welcome to r/LifeProTips!\n\nPlease help us decide if this post is a good fit for the subreddit by up or downvoting this comment. \n\nIf you think that this is great advice to improve your life, please upvote. If you think this doesn't help you in any way, please downvote. If you don't care, leave it for the others to decide.",
            "ups": 1,
            "downs": 0
        },
        {
            "comment_id": "hikbdl1",
            "body": "Any modem or router or combo thereof provided by the isp will have this issue intermittently, with consistently worsening results after the first 6months... Buy high quality, regularly spray out with can of air, and provide plenty of breathing room... (And if using ISP provided demand replacement after 6-9months)",
            "ups": 5,
            "downs": 0
        }
    ],
    "top_comments_hot": [
        {
            "comment_id": "hik9dxl",
            "body": "Hello and welcome to r/LifeProTips!\n\nPlease help us decide if this post is a good fit for the subreddit by up or downvoting this comment. \n\nIf you think that this is great advice to improve your life, please upvote. If you think this doesn't help you in any way, please downvote. If you don't care, leave it for the others to decide.",
            "ups": 1,
            "downs": 0
        },
        {
            "comment_id": "hikbdl1",
            "body": "Any modem or router or combo thereof provided by the isp will have this issue intermittently, with consistently worsening results after the first 6months... Buy high quality, regularly spray out with can of air, and provide plenty of breathing room... (And if using ISP provided demand replacement after 6-9months)",
            "ups": 5,
            "downs": 0
        }
    ]
}