{
    "post_url": "https://www.reddit.com/r/Music/comments/qivrtp/killian_hough_california_sound_indie_pop/",
    "time_posted": "2021-10-30 02:41:13",
    "time_now": "2021-10-31 17:26:29",
    "ups": 3,
    "downs": 0,
    "comments_since_last_sample": [],
    "top_comments_top": [
        {
            "comment_id": "him59bv",
            "body": "I would really appreciate honest feedback and an engaging conversation about this track and it\u2019s lyrical content! I look forward to chatting! Thank you :)",
            "ups": 1,
            "downs": 0
        }
    ],
    "top_comments_best": [
        {
            "comment_id": "him59bv",
            "body": "I would really appreciate honest feedback and an engaging conversation about this track and it\u2019s lyrical content! I look forward to chatting! Thank you :)",
            "ups": 1,
            "downs": 0
        }
    ],
    "top_comments_hot": [
        {
            "comment_id": "him59bv",
            "body": "I would really appreciate honest feedback and an engaging conversation about this track and it\u2019s lyrical content! I look forward to chatting! Thank you :)",
            "ups": 1,
            "downs": 0
        }
    ]
}