{
    "post_url": "https://www.reddit.com/r/Music/comments/qj3kxn/daphne_eckman_drunk_in_your_kitchenampersand_live/",
    "time_posted": "2021-10-30 11:18:09",
    "time_now": "2021-11-01 09:54:33",
    "ups": 0,
    "downs": 0,
    "comments_since_last_sample": [],
    "top_comments_top": [
        {
            "comment_id": "hinh34f",
            "body": "So lovely song",
            "ups": 1,
            "downs": 0
        }
    ],
    "top_comments_best": [
        {
            "comment_id": "hinh34f",
            "body": "So lovely song",
            "ups": 1,
            "downs": 0
        }
    ],
    "top_comments_hot": [
        {
            "comment_id": "hinh34f",
            "body": "So lovely song",
            "ups": 1,
            "downs": 0
        }
    ]
}