{
    "post_url": "https://www.reddit.com/r/politics/comments/qj4cfl/wichita_lawmaker_invokes_holocaust_during_hearing/",
    "time_posted": "2021-10-30 11:56:23",
    "time_now": "2021-11-02 23:02:14",
    "ups": 120,
    "downs": 0,
    "comments_since_last_sample": [],
    "top_comments_top": [
        {
            "comment_id": "hinlxha",
            "body": "\nAs a reminder, this subreddit [is for civil discussion.](/r/politics/wiki/index#wiki_be_civil)\n\nIn general, be courteous to others. Debate/discuss/argue the merits of ideas, don't attack people. Personal insults, shill or troll accusations, hate speech, any suggestion or support of harm, violence, or death, and other rule violations can result in a permanent ban. \n\nIf you see comments in violation of our rules, please report them.\n\n For those who have questions regarding any media outlets being posted on this subreddit, please click [here](https://www.reddit.com/r/politics/wiki/approveddomainslist) to review our details as to our approved domains list and outlet criteria.\n\n***\n\n\n*I am a bot, and this action was performed automatically. Please [contact the moderators of this subreddit](/message/compose/?to=/r/politics) if you have any questions or concerns.*",
            "ups": 1,
            "downs": 0
        },
        {
            "comment_id": "hinndjl",
            "body": "I may be going out on a limb here, but I'd say that Landwehr's argument suffers from a false equivalence fallacy.",
            "ups": 22,
            "downs": 0
        },
        {
            "comment_id": "hinp0qr",
            "body": "Everybody sing it with me \u201cif you\u2019re not experiencing an actual genocide don\u2019t compare your situation to the Holocaust\u201d",
            "ups": 18,
            "downs": 0
        },
        {
            "comment_id": "hinutza",
            "body": "Does the GOP maintain a \"One Stupid Thing to Say Today\" calendar?",
            "ups": 7,
            "downs": 0
        },
        {
            "comment_id": "hinp0um",
            "body": "Yes I can see how a vaccine mandate enacted to protect the population from a deadly global virus is the same as carrying out a systematic genocide. SO similar!",
            "ups": 5,
            "downs": 0
        }
    ],
    "top_comments_best": [
        {
            "comment_id": "hinlxha",
            "body": "\nAs a reminder, this subreddit [is for civil discussion.](/r/politics/wiki/index#wiki_be_civil)\n\nIn general, be courteous to others. Debate/discuss/argue the merits of ideas, don't attack people. Personal insults, shill or troll accusations, hate speech, any suggestion or support of harm, violence, or death, and other rule violations can result in a permanent ban. \n\nIf you see comments in violation of our rules, please report them.\n\n For those who have questions regarding any media outlets being posted on this subreddit, please click [here](https://www.reddit.com/r/politics/wiki/approveddomainslist) to review our details as to our approved domains list and outlet criteria.\n\n***\n\n\n*I am a bot, and this action was performed automatically. Please [contact the moderators of this subreddit](/message/compose/?to=/r/politics) if you have any questions or concerns.*",
            "ups": 1,
            "downs": 0
        },
        {
            "comment_id": "hinndjl",
            "body": "I may be going out on a limb here, but I'd say that Landwehr's argument suffers from a false equivalence fallacy.",
            "ups": 22,
            "downs": 0
        },
        {
            "comment_id": "hinp0qr",
            "body": "Everybody sing it with me \u201cif you\u2019re not experiencing an actual genocide don\u2019t compare your situation to the Holocaust\u201d",
            "ups": 15,
            "downs": 0
        },
        {
            "comment_id": "hio5f47",
            "body": "An asinine comment coming from a political ass.",
            "ups": 5,
            "downs": 0
        },
        {
            "comment_id": "hio7j6s",
            "body": "as if these people wouldn't be the first to turn in their jewish neighbors to the nazis",
            "ups": 4,
            "downs": 0
        }
    ],
    "top_comments_hot": [
        {
            "comment_id": "hinlxha",
            "body": "\nAs a reminder, this subreddit [is for civil discussion.](/r/politics/wiki/index#wiki_be_civil)\n\nIn general, be courteous to others. Debate/discuss/argue the merits of ideas, don't attack people. Personal insults, shill or troll accusations, hate speech, any suggestion or support of harm, violence, or death, and other rule violations can result in a permanent ban. \n\nIf you see comments in violation of our rules, please report them.\n\n For those who have questions regarding any media outlets being posted on this subreddit, please click [here](https://www.reddit.com/r/politics/wiki/approveddomainslist) to review our details as to our approved domains list and outlet criteria.\n\n***\n\n\n*I am a bot, and this action was performed automatically. Please [contact the moderators of this subreddit](/message/compose/?to=/r/politics) if you have any questions or concerns.*",
            "ups": 1,
            "downs": 0
        },
        {
            "comment_id": "hinndjl",
            "body": "I may be going out on a limb here, but I'd say that Landwehr's argument suffers from a false equivalence fallacy.",
            "ups": 24,
            "downs": 0
        },
        {
            "comment_id": "hinp0qr",
            "body": "Everybody sing it with me \u201cif you\u2019re not experiencing an actual genocide don\u2019t compare your situation to the Holocaust\u201d",
            "ups": 17,
            "downs": 0
        },
        {
            "comment_id": "hio5f47",
            "body": "An asinine comment coming from a political ass.",
            "ups": 4,
            "downs": 0
        },
        {
            "comment_id": "hio7j6s",
            "body": "as if these people wouldn't be the first to turn in their jewish neighbors to the nazis",
            "ups": 5,
            "downs": 0
        }
    ]
}