{
    "post_url": "https://www.reddit.com/r/politics/comments/qiu16a/jayapal_warned_klain_not_to_push_an/",
    "time_posted": "2021-10-30 00:34:56",
    "time_now": "2021-11-02 18:56:41",
    "ups": 43,
    "downs": 0,
    "comments_since_last_sample": [],
    "top_comments_top": [
        {
            "comment_id": "hilu8hj",
            "body": "\nAs a reminder, this subreddit [is for civil discussion.](/r/politics/wiki/index#wiki_be_civil)\n\nIn general, be courteous to others. Debate/discuss/argue the merits of ideas, don't attack people. Personal insults, shill or troll accusations, hate speech, any suggestion or support of harm, violence, or death, and other rule violations can result in a permanent ban. \n\nIf you see comments in violation of our rules, please report them.\n\n For those who have questions regarding any media outlets being posted on this subreddit, please click [here](https://www.reddit.com/r/politics/wiki/approveddomainslist) to review our details as to our approved domains list and outlet criteria.\n\n***\n\n\n*I am a bot, and this action was performed automatically. Please [contact the moderators of this subreddit](/message/compose/?to=/r/politics) if you have any questions or concerns.*",
            "ups": 1,
            "downs": 0
        },
        {
            "comment_id": "him19k4",
            "body": "No one pn the progressive side believes ANYTHING in thier bill will pass if they pass the infrastructure first.\n\nThe fact pelosi is pushing this doesnt mean anything.  Other then some mild disappointment from me. Pelosi knows better.",
            "ups": 29,
            "downs": 0
        },
        {
            "comment_id": "hilyqjb",
            "body": "Pretty sure Jayapal was clear about passing the BBB bill either before or alongside the bipartisan infrastructure bill or don't pass either. I guess the master legislator thought she was bluffing.",
            "ups": 23,
            "downs": 0
        },
        {
            "comment_id": "himg9ik",
            "body": "Leadership is trying to kill the BBB act.",
            "ups": 19,
            "downs": 0
        },
        {
            "comment_id": "him1bms",
            "body": "&gt; As the day wore on, senior Democrats only grew more furious with the White House\u2019s silence. While taking Air Force One to Rome, Biden made only one call House Democrats were briefed on \u2014 to Rep. Madeleine Dean (D-Pa.), to tell her he appreciated her CNN appearance talking positively about their agenda. *Biden then reiterated that he wasn\u2019t explicitly pushing for the House to pass the infrastructure vote immediately, according to multiple Democrats familiar with that conversation.*\n\n...\n\n&gt; *Biden\u2019s hesitancy to demand a vote Thursday was one of several glaring issues that senior Democrats had with the White House\u2019s strategy during the chaotic nine hours before Pelosi and her leadership team yanked the infrastructure bill for the second time in a month.* As Biden attempted to sell his incomplete social spending framework to the public, delivering a speech shortly after visiting with House Democrats, he and his team did not try to clear up whether or not they wanted an infrastructure vote on Thursday.\n\nHoly moly POTUS. What are you doing. [*emphasis mine*]",
            "ups": 13,
            "downs": 0
        }
    ],
    "top_comments_best": [
        {
            "comment_id": "hilu8hj",
            "body": "\nAs a reminder, this subreddit [is for civil discussion.](/r/politics/wiki/index#wiki_be_civil)\n\nIn general, be courteous to others. Debate/discuss/argue the merits of ideas, don't attack people. Personal insults, shill or troll accusations, hate speech, any suggestion or support of harm, violence, or death, and other rule violations can result in a permanent ban. \n\nIf you see comments in violation of our rules, please report them.\n\n For those who have questions regarding any media outlets being posted on this subreddit, please click [here](https://www.reddit.com/r/politics/wiki/approveddomainslist) to review our details as to our approved domains list and outlet criteria.\n\n***\n\n\n*I am a bot, and this action was performed automatically. Please [contact the moderators of this subreddit](/message/compose/?to=/r/politics) if you have any questions or concerns.*",
            "ups": 1,
            "downs": 0
        },
        {
            "comment_id": "him19k4",
            "body": "No one pn the progressive side believes ANYTHING in thier bill will pass if they pass the infrastructure first.\n\nThe fact pelosi is pushing this doesnt mean anything.  Other then some mild disappointment from me. Pelosi knows better.",
            "ups": 29,
            "downs": 0
        },
        {
            "comment_id": "himg9ik",
            "body": "Leadership is trying to kill the BBB act.",
            "ups": 18,
            "downs": 0
        },
        {
            "comment_id": "hilvsak",
            "body": "Politico coming after the Dems hard today",
            "ups": 10,
            "downs": 0
        },
        {
            "comment_id": "hilyqjb",
            "body": "Pretty sure Jayapal was clear about passing the BBB bill either before or alongside the bipartisan infrastructure bill or don't pass either. I guess the master legislator thought she was bluffing.",
            "ups": 22,
            "downs": 0
        }
    ],
    "top_comments_hot": [
        {
            "comment_id": "hilu8hj",
            "body": "\nAs a reminder, this subreddit [is for civil discussion.](/r/politics/wiki/index#wiki_be_civil)\n\nIn general, be courteous to others. Debate/discuss/argue the merits of ideas, don't attack people. Personal insults, shill or troll accusations, hate speech, any suggestion or support of harm, violence, or death, and other rule violations can result in a permanent ban. \n\nIf you see comments in violation of our rules, please report them.\n\n For those who have questions regarding any media outlets being posted on this subreddit, please click [here](https://www.reddit.com/r/politics/wiki/approveddomainslist) to review our details as to our approved domains list and outlet criteria.\n\n***\n\n\n*I am a bot, and this action was performed automatically. Please [contact the moderators of this subreddit](/message/compose/?to=/r/politics) if you have any questions or concerns.*",
            "ups": 1,
            "downs": 0
        },
        {
            "comment_id": "him19k4",
            "body": "No one pn the progressive side believes ANYTHING in thier bill will pass if they pass the infrastructure first.\n\nThe fact pelosi is pushing this doesnt mean anything.  Other then some mild disappointment from me. Pelosi knows better.",
            "ups": 28,
            "downs": 0
        },
        {
            "comment_id": "himg9ik",
            "body": "Leadership is trying to kill the BBB act.",
            "ups": 18,
            "downs": 0
        },
        {
            "comment_id": "hilvsak",
            "body": "Politico coming after the Dems hard today",
            "ups": 9,
            "downs": 0
        },
        {
            "comment_id": "hilyqjb",
            "body": "Pretty sure Jayapal was clear about passing the BBB bill either before or alongside the bipartisan infrastructure bill or don't pass either. I guess the master legislator thought she was bluffing.",
            "ups": 20,
            "downs": 0
        }
    ]
}