{
    "post_url": "https://www.reddit.com/r/LifeProTips/comments/qij1oh/lpt_request_how_do_you_guys_list_the_groceries/",
    "time_posted": "2021-10-29 14:22:14",
    "time_now": "2021-10-31 21:38:51",
    "ups": 6,
    "downs": 0,
    "comments_since_last_sample": [],
    "top_comments_top": [
        {
            "comment_id": "hijlgzo",
            "body": "Hello and welcome to r/LifeProTips!\n\nPlease help us decide if this post is a good fit for the subreddit by up or downvoting this comment. \n\nIf you think that this is great advice to improve your life, please upvote. If you think this doesn't help you in any way, please downvote. If you don't care, leave it for the others to decide.",
            "ups": 1,
            "downs": 0
        },
        {
            "comment_id": "hijmijk",
            "body": "In the old days, a piece of paper in the kitchen where we can both add to the list. Now, we use Google Keep and have a shared list.",
            "ups": 8,
            "downs": 0
        },
        {
            "comment_id": "hijuc8b",
            "body": "I'm the shopper in my house of 3 adults.  There is a grocery list on the counter.  If it's not on the list, I don't buy it.  No whining about not having chips!",
            "ups": 5,
            "downs": 0
        },
        {
            "comment_id": "hik0qs9",
            "body": "We use Google shopping list",
            "ups": 3,
            "downs": 0
        },
        {
            "comment_id": "hijvnhb",
            "body": "We usually shop together. We both put things in the notes on our phone when we think of them, and then if only one person goes, the other person texts them their list so they can be combined.  \nWe would probably use a shared app if we weren\u2019t too cheap to pay for one. We use one to keep track of appointments.",
            "ups": 2,
            "downs": 0
        }
    ],
    "top_comments_best": [
        {
            "comment_id": "hijlgzo",
            "body": "Hello and welcome to r/LifeProTips!\n\nPlease help us decide if this post is a good fit for the subreddit by up or downvoting this comment. \n\nIf you think that this is great advice to improve your life, please upvote. If you think this doesn't help you in any way, please downvote. If you don't care, leave it for the others to decide.",
            "ups": 1,
            "downs": 0
        },
        {
            "comment_id": "hijmijk",
            "body": "In the old days, a piece of paper in the kitchen where we can both add to the list. Now, we use Google Keep and have a shared list.",
            "ups": 8,
            "downs": 0
        },
        {
            "comment_id": "hijuc8b",
            "body": "I'm the shopper in my house of 3 adults.  There is a grocery list on the counter.  If it's not on the list, I don't buy it.  No whining about not having chips!",
            "ups": 5,
            "downs": 0
        },
        {
            "comment_id": "hik0qs9",
            "body": "We use Google shopping list",
            "ups": 3,
            "downs": 0
        },
        {
            "comment_id": "hijvnhb",
            "body": "We usually shop together. We both put things in the notes on our phone when we think of them, and then if only one person goes, the other person texts them their list so they can be combined.  \nWe would probably use a shared app if we weren\u2019t too cheap to pay for one. We use one to keep track of appointments.",
            "ups": 2,
            "downs": 0
        }
    ],
    "top_comments_hot": [
        {
            "comment_id": "hijlgzo",
            "body": "Hello and welcome to r/LifeProTips!\n\nPlease help us decide if this post is a good fit for the subreddit by up or downvoting this comment. \n\nIf you think that this is great advice to improve your life, please upvote. If you think this doesn't help you in any way, please downvote. If you don't care, leave it for the others to decide.",
            "ups": 1,
            "downs": 0
        },
        {
            "comment_id": "hijmijk",
            "body": "In the old days, a piece of paper in the kitchen where we can both add to the list. Now, we use Google Keep and have a shared list.",
            "ups": 8,
            "downs": 0
        },
        {
            "comment_id": "hijuc8b",
            "body": "I'm the shopper in my house of 3 adults.  There is a grocery list on the counter.  If it's not on the list, I don't buy it.  No whining about not having chips!",
            "ups": 4,
            "downs": 0
        },
        {
            "comment_id": "hik0qs9",
            "body": "We use Google shopping list",
            "ups": 3,
            "downs": 0
        },
        {
            "comment_id": "hijvnhb",
            "body": "We usually shop together. We both put things in the notes on our phone when we think of them, and then if only one person goes, the other person texts them their list so they can be combined.  \nWe would probably use a shared app if we weren\u2019t too cheap to pay for one. We use one to keep track of appointments.",
            "ups": 2,
            "downs": 0
        }
    ]
}