{
    "post_url": "https://www.reddit.com/r/gaming/comments/qj0ddi/at_least_we_all_had_fun/",
    "time_posted": "2021-10-30 08:21:12",
    "time_now": "2021-10-31 09:13:43",
    "ups": 51273,
    "downs": 0,
    "comments_since_last_sample": [],
    "top_comments_top": [
        {
            "comment_id": "himvzh7",
            "body": "In CSGO you'll get so much abuse from the other team (and your team mates) and then as soon as the game finishes it's all \"GG WP\" as if they weren't wishing you dead 5 minutes before hand!",
            "ups": 1385,
            "downs": 0
        },
        {
            "comment_id": "hinc36e",
            "body": "The winning team saying GG at the end is like icing on the cake for them. No shit it was a good game, they won! However If you lose and say GG that is true sportsmanship. Which is something I hardly ever see.",
            "ups": 714,
            "downs": 0
        },
        {
            "comment_id": "hinqyrr",
            "body": "They said GG. \nBut it wasn't GG. \nIt was BG.",
            "ups": 197,
            "downs": 0
        },
        {
            "comment_id": "hinazcv",
            "body": "\u201cGG\u201d can turn from friendly to toxic if you add \u201cEZ\u201d to it.",
            "ups": 185,
            "downs": 0
        },
        {
            "comment_id": "hin9mgl",
            "body": "I'm complete opposite. If my team gets completely stomped and its not a game at all, and the enemy still goes \"gg\". That shit tilts the complete fuck out of me and that is their goal by saying it.",
            "ups": 119,
            "downs": 0
        }
    ],
    "top_comments_best": [
        {
            "comment_id": "himvzh7",
            "body": "In CSGO you'll get so much abuse from the other team (and your team mates) and then as soon as the game finishes it's all \"GG WP\" as if they weren't wishing you dead 5 minutes before hand!",
            "ups": 1385,
            "downs": 0
        },
        {
            "comment_id": "hinc36e",
            "body": "The winning team saying GG at the end is like icing on the cake for them. No shit it was a good game, they won! However If you lose and say GG that is true sportsmanship. Which is something I hardly ever see.",
            "ups": 710,
            "downs": 0
        },
        {
            "comment_id": "hinqyrr",
            "body": "They said GG. \nBut it wasn't GG. \nIt was BG.",
            "ups": 197,
            "downs": 0
        },
        {
            "comment_id": "hinazcv",
            "body": "\u201cGG\u201d can turn from friendly to toxic if you add \u201cEZ\u201d to it.",
            "ups": 187,
            "downs": 0
        },
        {
            "comment_id": "hinnl97",
            "body": "\"EZ EZ EZ EZ EZ AS EASY AS YOUR MOM!\" - every league game..",
            "ups": 64,
            "downs": 0
        }
    ],
    "top_comments_hot": [
        {
            "comment_id": "himvzh7",
            "body": "In CSGO you'll get so much abuse from the other team (and your team mates) and then as soon as the game finishes it's all \"GG WP\" as if they weren't wishing you dead 5 minutes before hand!",
            "ups": 1390,
            "downs": 0
        },
        {
            "comment_id": "hinc36e",
            "body": "The winning team saying GG at the end is like icing on the cake for them. No shit it was a good game, they won! However If you lose and say GG that is true sportsmanship. Which is something I hardly ever see.",
            "ups": 710,
            "downs": 0
        },
        {
            "comment_id": "hinqyrr",
            "body": "They said GG. \nBut it wasn't GG. \nIt was BG.",
            "ups": 198,
            "downs": 0
        },
        {
            "comment_id": "hinazcv",
            "body": "\u201cGG\u201d can turn from friendly to toxic if you add \u201cEZ\u201d to it.",
            "ups": 186,
            "downs": 0
        },
        {
            "comment_id": "hinnl97",
            "body": "\"EZ EZ EZ EZ EZ AS EASY AS YOUR MOM!\" - every league game..",
            "ups": 63,
            "downs": 0
        }
    ]
}