{
    "post_url": "https://www.reddit.com/r/politics/comments/qj1qru/its_clear_capitalism_isnt_working_when_us/",
    "time_posted": "2021-10-30 09:42:31",
    "time_now": "2021-11-01 18:12:29",
    "ups": 44106,
    "downs": 0,
    "comments_since_last_sample": [
        {
            "comment_id": "hiwsidh",
            "body": "Our kids had enough school work to do that they didn't have time to work long shifts.  Maybe 3 hours one school night and the same on a weekend day.  It at least taught them that the service industry is not something they want to do in the future."
        }
    ],
    "top_comments_top": [
        {
            "comment_id": "hin4dgw",
            "body": "\nAs a reminder, this subreddit [is for civil discussion.](/r/politics/wiki/index#wiki_be_civil)\n\nIn general, be courteous to others. Debate/discuss/argue the merits of ideas, don't attack people. Personal insults, shill or troll accusations, hate speech, any suggestion or support of harm, violence, or death, and other rule violations can result in a permanent ban. \n\nIf you see comments in violation of our rules, please report them.\n\n For those who have questions regarding any media outlets being posted on this subreddit, please click [here](https://www.reddit.com/r/politics/wiki/approveddomainslist) to review our details as to our approved domains list and outlet criteria.\n\n***\n\n\n*I am a bot, and this action was performed automatically. Please [contact the moderators of this subreddit](/message/compose/?to=/r/politics) if you have any questions or concerns.*",
            "ups": 1,
            "downs": 0
        },
        {
            "comment_id": "hin7l1f",
            "body": "I\u2019m on a road trip rn. I went to Burger King yesterday and they had to close the place down right after we ordered because there was only one employee on shift. He had to  take orders and then go cook the food. It took way longer than normal and I didn\u2019t mind one bit. If I had to eat the apples the I packed instead of fries I would not have cared a bit. I hope these workers keep quitting. Force a change.",
            "ups": 5910,
            "downs": 0
        },
        {
            "comment_id": "hinattj",
            "body": "&gt;Over the summer school board members in the Waukesha school district made headlines after they voted to leave a federal free meals program because they worried it made it easy for families to \u201cbecome spoiled\u201d or develop an \u201caddiction\u201d to the service. Imagine if kids became addicted to the government ensuring they didn\u2019t starve, eh?\n\nThis is at the core of why the wealthy don't like government. In their minds they fund all of government and it all goes to spoilt poors who can't afford it on their own. \n\nIf those poors take too much of a liking to government and government services they are sure to keep voting for tax increases so that more services can be provided. \n\nThe wealthy would provide that the government do three basic things. Protect their wealth, promote their business interests, and protect them personally against their own actions. \n\nIt's amazing how this message is being parroted at school board meetings now and is taking food from kids mouths to protect the accumulated wealth of a few.",
            "ups": 3372,
            "downs": 0
        },
        {
            "comment_id": "hinbds5",
            "body": "Have they tried paying the one guy at the top less and everyone else a bit more?",
            "ups": 1631,
            "downs": 0
        },
        {
            "comment_id": "hinqoc3",
            "body": "I worked at a local warehouse as a forklift operator working with heavy duty truck parts. On the board posted above where we clocked in I saw a letter stating they were now allowed to hire 15 yr. olds to do the same job as 8 older men on our late 20s, early 30s, and 40s were doing and this was almost a year ago. I said screw that and started looking elsewhere for work. I knew that it was meant to also devalue us and keep our wages low. Plus no 15 year old should start destroying their body pulling parts at a warehouse for 10+ hours. They should be enjoying life. That warehouse was a shitshow &amp; a hazardous place to work in anyways.",
            "ups": 1582,
            "downs": 0
        }
    ],
    "top_comments_best": [
        {
            "comment_id": "hin4dgw",
            "body": "\nAs a reminder, this subreddit [is for civil discussion.](/r/politics/wiki/index#wiki_be_civil)\n\nIn general, be courteous to others. Debate/discuss/argue the merits of ideas, don't attack people. Personal insults, shill or troll accusations, hate speech, any suggestion or support of harm, violence, or death, and other rule violations can result in a permanent ban. \n\nIf you see comments in violation of our rules, please report them.\n\n For those who have questions regarding any media outlets being posted on this subreddit, please click [here](https://www.reddit.com/r/politics/wiki/approveddomainslist) to review our details as to our approved domains list and outlet criteria.\n\n***\n\n\n*I am a bot, and this action was performed automatically. Please [contact the moderators of this subreddit](/message/compose/?to=/r/politics) if you have any questions or concerns.*",
            "ups": 1,
            "downs": 0
        },
        {
            "comment_id": "hin7l1f",
            "body": "I\u2019m on a road trip rn. I went to Burger King yesterday and they had to close the place down right after we ordered because there was only one employee on shift. He had to  take orders and then go cook the food. It took way longer than normal and I didn\u2019t mind one bit. If I had to eat the apples the I packed instead of fries I would not have cared a bit. I hope these workers keep quitting. Force a change.",
            "ups": 5909,
            "downs": 0
        },
        {
            "comment_id": "hinattj",
            "body": "&gt;Over the summer school board members in the Waukesha school district made headlines after they voted to leave a federal free meals program because they worried it made it easy for families to \u201cbecome spoiled\u201d or develop an \u201caddiction\u201d to the service. Imagine if kids became addicted to the government ensuring they didn\u2019t starve, eh?\n\nThis is at the core of why the wealthy don't like government. In their minds they fund all of government and it all goes to spoilt poors who can't afford it on their own. \n\nIf those poors take too much of a liking to government and government services they are sure to keep voting for tax increases so that more services can be provided. \n\nThe wealthy would provide that the government do three basic things. Protect their wealth, promote their business interests, and protect them personally against their own actions. \n\nIt's amazing how this message is being parroted at school board meetings now and is taking food from kids mouths to protect the accumulated wealth of a few.",
            "ups": 3367,
            "downs": 0
        },
        {
            "comment_id": "hinqoc3",
            "body": "I worked at a local warehouse as a forklift operator working with heavy duty truck parts. On the board posted above where we clocked in I saw a letter stating they were now allowed to hire 15 yr. olds to do the same job as 8 older men on our late 20s, early 30s, and 40s were doing and this was almost a year ago. I said screw that and started looking elsewhere for work. I knew that it was meant to also devalue us and keep our wages low. Plus no 15 year old should start destroying their body pulling parts at a warehouse for 10+ hours. They should be enjoying life. That warehouse was a shitshow &amp; a hazardous place to work in anyways.",
            "ups": 1588,
            "downs": 0
        },
        {
            "comment_id": "hinbds5",
            "body": "Have they tried paying the one guy at the top less and everyone else a bit more?",
            "ups": 1636,
            "downs": 0
        }
    ],
    "top_comments_hot": [
        {
            "comment_id": "hin4dgw",
            "body": "\nAs a reminder, this subreddit [is for civil discussion.](/r/politics/wiki/index#wiki_be_civil)\n\nIn general, be courteous to others. Debate/discuss/argue the merits of ideas, don't attack people. Personal insults, shill or troll accusations, hate speech, any suggestion or support of harm, violence, or death, and other rule violations can result in a permanent ban. \n\nIf you see comments in violation of our rules, please report them.\n\n For those who have questions regarding any media outlets being posted on this subreddit, please click [here](https://www.reddit.com/r/politics/wiki/approveddomainslist) to review our details as to our approved domains list and outlet criteria.\n\n***\n\n\n*I am a bot, and this action was performed automatically. Please [contact the moderators of this subreddit](/message/compose/?to=/r/politics) if you have any questions or concerns.*",
            "ups": 1,
            "downs": 0
        },
        {
            "comment_id": "hin7l1f",
            "body": "I\u2019m on a road trip rn. I went to Burger King yesterday and they had to close the place down right after we ordered because there was only one employee on shift. He had to  take orders and then go cook the food. It took way longer than normal and I didn\u2019t mind one bit. If I had to eat the apples the I packed instead of fries I would not have cared a bit. I hope these workers keep quitting. Force a change.",
            "ups": 5908,
            "downs": 0
        },
        {
            "comment_id": "hinattj",
            "body": "&gt;Over the summer school board members in the Waukesha school district made headlines after they voted to leave a federal free meals program because they worried it made it easy for families to \u201cbecome spoiled\u201d or develop an \u201caddiction\u201d to the service. Imagine if kids became addicted to the government ensuring they didn\u2019t starve, eh?\n\nThis is at the core of why the wealthy don't like government. In their minds they fund all of government and it all goes to spoilt poors who can't afford it on their own. \n\nIf those poors take too much of a liking to government and government services they are sure to keep voting for tax increases so that more services can be provided. \n\nThe wealthy would provide that the government do three basic things. Protect their wealth, promote their business interests, and protect them personally against their own actions. \n\nIt's amazing how this message is being parroted at school board meetings now and is taking food from kids mouths to protect the accumulated wealth of a few.",
            "ups": 3368,
            "downs": 0
        },
        {
            "comment_id": "hinqoc3",
            "body": "I worked at a local warehouse as a forklift operator working with heavy duty truck parts. On the board posted above where we clocked in I saw a letter stating they were now allowed to hire 15 yr. olds to do the same job as 8 older men on our late 20s, early 30s, and 40s were doing and this was almost a year ago. I said screw that and started looking elsewhere for work. I knew that it was meant to also devalue us and keep our wages low. Plus no 15 year old should start destroying their body pulling parts at a warehouse for 10+ hours. They should be enjoying life. That warehouse was a shitshow &amp; a hazardous place to work in anyways.",
            "ups": 1583,
            "downs": 0
        },
        {
            "comment_id": "hinbds5",
            "body": "Have they tried paying the one guy at the top less and everyone else a bit more?",
            "ups": 1634,
            "downs": 0
        }
    ]
}