{
    "post_url": "https://www.reddit.com/r/politics/comments/qir8pn/terry_mcauliffes_free_fall_in_virginia_a_mess_of/",
    "time_posted": "2021-10-29 21:37:36",
    "time_now": "2021-11-01 18:13:36",
    "ups": 0,
    "downs": 0,
    "comments_since_last_sample": [],
    "top_comments_top": [
        {
            "comment_id": "hil9z8x",
            "body": "\nAs a reminder, this subreddit [is for civil discussion.](/r/politics/wiki/index#wiki_be_civil)\n\nIn general, be courteous to others. Debate/discuss/argue the merits of ideas, don't attack people. Personal insults, shill or troll accusations, hate speech, any suggestion or support of harm, violence, or death, and other rule violations can result in a permanent ban. \n\nIf you see comments in violation of our rules, please report them.\n\n For those who have questions regarding any media outlets being posted on this subreddit, please click [here](https://www.reddit.com/r/politics/wiki/approveddomainslist) to review our details as to our approved domains list and outlet criteria.\n\n***\n\n\n*I am a bot, and this action was performed automatically. Please [contact the moderators of this subreddit](/message/compose/?to=/r/politics) if you have any questions or concerns.*",
            "ups": 1,
            "downs": 0
        },
        {
            "comment_id": "hilaik7",
            "body": "NY Post is a Rupert Murdoch owned tabloid.",
            "ups": 25,
            "downs": 0
        },
        {
            "comment_id": "hilgmov",
            "body": "Funny in the article they claim Abram's argument about a stolen election is a lie while their own candidate is already using that excuse in VA and the election isn't even here yet.",
            "ups": 9,
            "downs": 0
        },
        {
            "comment_id": "hilyacl",
            "body": "&gt;Things are bad for President Biden these days, but he can take solace in one thing: At least he\u2019s not Terry McAuliffe. \n\nA roll of toilet paper can take solace in one thing: At least it's not the New York Post.",
            "ups": 6,
            "downs": 0
        },
        {
            "comment_id": "hilgh8q",
            "body": "Fake news from faux news",
            "ups": 4,
            "downs": 0
        }
    ],
    "top_comments_best": [
        {
            "comment_id": "hil9z8x",
            "body": "\nAs a reminder, this subreddit [is for civil discussion.](/r/politics/wiki/index#wiki_be_civil)\n\nIn general, be courteous to others. Debate/discuss/argue the merits of ideas, don't attack people. Personal insults, shill or troll accusations, hate speech, any suggestion or support of harm, violence, or death, and other rule violations can result in a permanent ban. \n\nIf you see comments in violation of our rules, please report them.\n\n For those who have questions regarding any media outlets being posted on this subreddit, please click [here](https://www.reddit.com/r/politics/wiki/approveddomainslist) to review our details as to our approved domains list and outlet criteria.\n\n***\n\n\n*I am a bot, and this action was performed automatically. Please [contact the moderators of this subreddit](/message/compose/?to=/r/politics) if you have any questions or concerns.*",
            "ups": 1,
            "downs": 0
        },
        {
            "comment_id": "hilyacl",
            "body": "&gt;Things are bad for President Biden these days, but he can take solace in one thing: At least he\u2019s not Terry McAuliffe. \n\nA roll of toilet paper can take solace in one thing: At least it's not the New York Post.",
            "ups": 7,
            "downs": 0
        },
        {
            "comment_id": "hilaik7",
            "body": "NY Post is a Rupert Murdoch owned tabloid.",
            "ups": 23,
            "downs": 0
        },
        {
            "comment_id": "hilgmov",
            "body": "Funny in the article they claim Abram's argument about a stolen election is a lie while their own candidate is already using that excuse in VA and the election isn't even here yet.",
            "ups": 8,
            "downs": 0
        },
        {
            "comment_id": "hilgh8q",
            "body": "Fake news from faux news",
            "ups": 6,
            "downs": 0
        }
    ],
    "top_comments_hot": [
        {
            "comment_id": "hil9z8x",
            "body": "\nAs a reminder, this subreddit [is for civil discussion.](/r/politics/wiki/index#wiki_be_civil)\n\nIn general, be courteous to others. Debate/discuss/argue the merits of ideas, don't attack people. Personal insults, shill or troll accusations, hate speech, any suggestion or support of harm, violence, or death, and other rule violations can result in a permanent ban. \n\nIf you see comments in violation of our rules, please report them.\n\n For those who have questions regarding any media outlets being posted on this subreddit, please click [here](https://www.reddit.com/r/politics/wiki/approveddomainslist) to review our details as to our approved domains list and outlet criteria.\n\n***\n\n\n*I am a bot, and this action was performed automatically. Please [contact the moderators of this subreddit](/message/compose/?to=/r/politics) if you have any questions or concerns.*",
            "ups": 1,
            "downs": 0
        },
        {
            "comment_id": "hilyacl",
            "body": "&gt;Things are bad for President Biden these days, but he can take solace in one thing: At least he\u2019s not Terry McAuliffe. \n\nA roll of toilet paper can take solace in one thing: At least it's not the New York Post.",
            "ups": 7,
            "downs": 0
        },
        {
            "comment_id": "hilaik7",
            "body": "NY Post is a Rupert Murdoch owned tabloid.",
            "ups": 23,
            "downs": 0
        },
        {
            "comment_id": "hilgmov",
            "body": "Funny in the article they claim Abram's argument about a stolen election is a lie while their own candidate is already using that excuse in VA and the election isn't even here yet.",
            "ups": 8,
            "downs": 0
        },
        {
            "comment_id": "hilgh8q",
            "body": "Fake news from faux news",
            "ups": 5,
            "downs": 0
        }
    ]
}