{
    "post_url": "https://www.reddit.com/r/politics/comments/qipzze/lincoln_project_admits_to_planting_fake_unite_the/",
    "time_posted": "2021-10-29 20:23:24",
    "time_now": "2021-11-02 06:35:29",
    "ups": 0,
    "downs": 0,
    "comments_since_last_sample": [],
    "top_comments_top": [
        {
            "comment_id": "hil0ujb",
            "body": "\nAs a reminder, this subreddit [is for civil discussion.](/r/politics/wiki/index#wiki_be_civil)\n\nIn general, be courteous to others. Debate/discuss/argue the merits of ideas, don't attack people. Personal insults, shill or troll accusations, hate speech, any suggestion or support of harm, violence, or death, and other rule violations can result in a permanent ban. \n\nIf you see comments in violation of our rules, please report them.\n\n For those who have questions regarding any media outlets being posted on this subreddit, please click [here](https://www.reddit.com/r/politics/wiki/approveddomainslist) to review our details as to our approved domains list and outlet criteria.\n\n***\n\n\n*I am a bot, and this action was performed automatically. Please [contact the moderators of this subreddit](/message/compose/?to=/r/politics) if you have any questions or concerns.*",
            "ups": 1,
            "downs": 0
        },
        {
            "comment_id": "hil1eag",
            "body": "The enemy of your enemy is not always your friend.",
            "ups": 18,
            "downs": 0
        },
        {
            "comment_id": "hil2i6q",
            "body": " No one needs any help to link Glenn Youngkin to racists.",
            "ups": 12,
            "downs": 0
        },
        {
            "comment_id": "hil8h64",
            "body": "So why should I be shocked at this?  For one, it was a Republican group behind it.  For two, they dressed as a group of Republican supporters.  Am I supposed to believe the Republican \"ah-HA\"s are now genuine, after they spent four years lying in bed with tiki torch types?  Republicans, this IS your party's reflection staring back in the mirror.  You can't distance yourselves from it when it is convenient, not after your cult leader declared there were many fine people on both sides in Charlottesville, and you nodded your heads and kept waving his flag.",
            "ups": 6,
            "downs": 0
        },
        {
            "comment_id": "hilc6ll",
            "body": "So... right-wingers doing what right-wingers do then? But I'm sure this will be used as an implication to prove beyond all doubt that Democrats and THE LEFT/antifa/socialist/communist are actually doing this and that everything bad the right does is actually somehow the left even when the right are very proud of what is being done but it's totally antifa just trying to set them up.",
            "ups": 6,
            "downs": 0
        }
    ],
    "top_comments_best": [
        {
            "comment_id": "hil0ujb",
            "body": "\nAs a reminder, this subreddit [is for civil discussion.](/r/politics/wiki/index#wiki_be_civil)\n\nIn general, be courteous to others. Debate/discuss/argue the merits of ideas, don't attack people. Personal insults, shill or troll accusations, hate speech, any suggestion or support of harm, violence, or death, and other rule violations can result in a permanent ban. \n\nIf you see comments in violation of our rules, please report them.\n\n For those who have questions regarding any media outlets being posted on this subreddit, please click [here](https://www.reddit.com/r/politics/wiki/approveddomainslist) to review our details as to our approved domains list and outlet criteria.\n\n***\n\n\n*I am a bot, and this action was performed automatically. Please [contact the moderators of this subreddit](/message/compose/?to=/r/politics) if you have any questions or concerns.*",
            "ups": 1,
            "downs": 0
        },
        {
            "comment_id": "hil1eag",
            "body": "The enemy of your enemy is not always your friend.",
            "ups": 17,
            "downs": 0
        },
        {
            "comment_id": "hilc6ll",
            "body": "So... right-wingers doing what right-wingers do then? But I'm sure this will be used as an implication to prove beyond all doubt that Democrats and THE LEFT/antifa/socialist/communist are actually doing this and that everything bad the right does is actually somehow the left even when the right are very proud of what is being done but it's totally antifa just trying to set them up.",
            "ups": 5,
            "downs": 0
        },
        {
            "comment_id": "hil2i6q",
            "body": " No one needs any help to link Glenn Youngkin to racists.",
            "ups": 12,
            "downs": 0
        },
        {
            "comment_id": "hile2g7",
            "body": "Gop and links to racists are like chocolate and peanut butter.  Dont need dems or anyone else to draw that line.",
            "ups": 3,
            "downs": 0
        }
    ],
    "top_comments_hot": [
        {
            "comment_id": "hil0ujb",
            "body": "\nAs a reminder, this subreddit [is for civil discussion.](/r/politics/wiki/index#wiki_be_civil)\n\nIn general, be courteous to others. Debate/discuss/argue the merits of ideas, don't attack people. Personal insults, shill or troll accusations, hate speech, any suggestion or support of harm, violence, or death, and other rule violations can result in a permanent ban. \n\nIf you see comments in violation of our rules, please report them.\n\n For those who have questions regarding any media outlets being posted on this subreddit, please click [here](https://www.reddit.com/r/politics/wiki/approveddomainslist) to review our details as to our approved domains list and outlet criteria.\n\n***\n\n\n*I am a bot, and this action was performed automatically. Please [contact the moderators of this subreddit](/message/compose/?to=/r/politics) if you have any questions or concerns.*",
            "ups": 1,
            "downs": 0
        },
        {
            "comment_id": "hil1eag",
            "body": "The enemy of your enemy is not always your friend.",
            "ups": 17,
            "downs": 0
        },
        {
            "comment_id": "hilc6ll",
            "body": "So... right-wingers doing what right-wingers do then? But I'm sure this will be used as an implication to prove beyond all doubt that Democrats and THE LEFT/antifa/socialist/communist are actually doing this and that everything bad the right does is actually somehow the left even when the right are very proud of what is being done but it's totally antifa just trying to set them up.",
            "ups": 5,
            "downs": 0
        },
        {
            "comment_id": "hil2i6q",
            "body": " No one needs any help to link Glenn Youngkin to racists.",
            "ups": 12,
            "downs": 0
        },
        {
            "comment_id": "hile2g7",
            "body": "Gop and links to racists are like chocolate and peanut butter.  Dont need dems or anyone else to draw that line.",
            "ups": 3,
            "downs": 0
        }
    ]
}