{
    "post_url": "https://www.reddit.com/r/gaming/comments/qizt7l/remember_instruction_manuals_happy_halloween/",
    "time_posted": "2021-10-30 07:44:23",
    "time_now": "2021-10-30 16:47:53",
    "ups": 37,
    "downs": 0,
    "comments_since_last_sample": [
        {
            "comment_id": "hin1ghw",
            "body": "Good old instruction books and strategy guides!\n\nWhen I was a kid I pretended I played FF1 on NES using the Nintendo Power strategy guide until Christmas.\n\nI only played Dragon Warrior so I would write down how much HP I jad as I traced my finger on the map.\n\nI would write down my G and use that to buy stuff in the strategy guide making up stories based on screenshots in the guide.\n\nThen maybe a year later a friend at school told me about this thing called.. Dungeons and treasure?  Dragons and treasure?   I didnt know more then, he got hit by a car and died so I didnt know about that game until the Internet appeared.  :("
        },
        {
            "comment_id": "himyumf",
            "body": "very nostalgic perfect to dust of and play silent hill 2 again"
        },
        {
            "comment_id": "himvx6e",
            "body": "Oooh, now I'm getting flashbacks to my Uncharted game manual. I think they did this all the way up to PS3 right?"
        },
        {
            "comment_id": "himtcnq",
            "body": "Scary how theyre gone\u2026 isnt it."
        },
        {
            "comment_id": "himt9d7",
            "body": "The manuals I loved were the ones where it would have a upcoming game advertisement."
        },
        {
            "comment_id": "himsm1g",
            "body": "I remember being stuck in a closet whilst Pyramid Head did\u2026.things."
        },
        {
            "comment_id": "hims6v8",
            "body": "I loved my Silent Hill game boxes and manuals... !"
        }
    ],
    "top_comments_top": [
        {
            "comment_id": "hims6v8",
            "body": "I loved my Silent Hill game boxes and manuals... !",
            "ups": 2,
            "downs": 0
        },
        {
            "comment_id": "himsm1g",
            "body": "I remember being stuck in a closet whilst Pyramid Head did\u2026.things.",
            "ups": 2,
            "downs": 0
        },
        {
            "comment_id": "himt9d7",
            "body": "The manuals I loved were the ones where it would have a upcoming game advertisement.",
            "ups": 2,
            "downs": 0
        },
        {
            "comment_id": "himvx6e",
            "body": "Oooh, now I'm getting flashbacks to my Uncharted game manual. I think they did this all the way up to PS3 right?",
            "ups": 1,
            "downs": 0
        },
        {
            "comment_id": "himyumf",
            "body": "very nostalgic perfect to dust of and play silent hill 2 again",
            "ups": 1,
            "downs": 0
        }
    ],
    "top_comments_best": [
        {
            "comment_id": "hims6v8",
            "body": "I loved my Silent Hill game boxes and manuals... !",
            "ups": 2,
            "downs": 0
        },
        {
            "comment_id": "himsm1g",
            "body": "I remember being stuck in a closet whilst Pyramid Head did\u2026.things.",
            "ups": 2,
            "downs": 0
        },
        {
            "comment_id": "himt9d7",
            "body": "The manuals I loved were the ones where it would have a upcoming game advertisement.",
            "ups": 2,
            "downs": 0
        },
        {
            "comment_id": "himvx6e",
            "body": "Oooh, now I'm getting flashbacks to my Uncharted game manual. I think they did this all the way up to PS3 right?",
            "ups": 1,
            "downs": 0
        },
        {
            "comment_id": "himyumf",
            "body": "very nostalgic perfect to dust of and play silent hill 2 again",
            "ups": 1,
            "downs": 0
        }
    ],
    "top_comments_hot": [
        {
            "comment_id": "hims6v8",
            "body": "I loved my Silent Hill game boxes and manuals... !",
            "ups": 2,
            "downs": 0
        },
        {
            "comment_id": "himsm1g",
            "body": "I remember being stuck in a closet whilst Pyramid Head did\u2026.things.",
            "ups": 2,
            "downs": 0
        },
        {
            "comment_id": "himt9d7",
            "body": "The manuals I loved were the ones where it would have a upcoming game advertisement.",
            "ups": 2,
            "downs": 0
        },
        {
            "comment_id": "himvx6e",
            "body": "Oooh, now I'm getting flashbacks to my Uncharted game manual. I think they did this all the way up to PS3 right?",
            "ups": 1,
            "downs": 0
        },
        {
            "comment_id": "himyumf",
            "body": "very nostalgic perfect to dust of and play silent hill 2 again",
            "ups": 1,
            "downs": 0
        }
    ]
}