{
    "post_url": "https://www.reddit.com/r/Music/comments/qj4dmx/dexter_season_1_episode_1/",
    "time_posted": "2021-10-30 11:58:01",
    "time_now": "2021-11-01 14:02:10",
    "ups": 0,
    "downs": 0,
    "comments_since_last_sample": [],
    "top_comments_top": [
        {
            "comment_id": "hinnn0j",
            "body": "https://www.tunefind.com/show/dexter",
            "ups": 2,
            "downs": 0
        }
    ],
    "top_comments_best": [
        {
            "comment_id": "hinnn0j",
            "body": "https://www.tunefind.com/show/dexter",
            "ups": 2,
            "downs": 0
        }
    ],
    "top_comments_hot": [
        {
            "comment_id": "hinnn0j",
            "body": "https://www.tunefind.com/show/dexter",
            "ups": 2,
            "downs": 0
        }
    ]
}