{
    "post_url": "https://www.reddit.com/r/LifeProTips/comments/qikgc1/lpt_budgeting_is_you_telling_your_money_what_to/",
    "time_posted": "2021-10-29 15:29:47",
    "time_now": "2021-10-31 13:24:04",
    "ups": 31,
    "downs": 0,
    "comments_since_last_sample": [],
    "top_comments_top": [
        {
            "comment_id": "hijvnhn",
            "body": "Hello and welcome to r/LifeProTips!\n\nPlease help us decide if this post is a good fit for the subreddit by up or downvoting this comment. \n\nIf you think that this is great advice to improve your life, please upvote. If you think this doesn't help you in any way, please downvote. If you don't care, leave it for the others to decide.",
            "ups": 1,
            "downs": 0
        },
        {
            "comment_id": "hijw4yp",
            "body": "I keep telling it to stay but my car says otherwise",
            "ups": 3,
            "downs": 0
        },
        {
            "comment_id": "hijyofx",
            "body": "I feel like this only works if you have excess money in your budget. A budget that doesn\u2019t fully cover all expenses will definitely tell the person what to do.",
            "ups": 2,
            "downs": 0
        },
        {
            "comment_id": "hiksw6l",
            "body": "&gt;your credit score will be higher, and that results in better insurance rates, and loan rates\n\nHow does keeping a budget have anything to do with your credit score , insurance / loan rates ?.",
            "ups": 1,
            "downs": 0
        }
    ],
    "top_comments_best": [
        {
            "comment_id": "hijvnhn",
            "body": "Hello and welcome to r/LifeProTips!\n\nPlease help us decide if this post is a good fit for the subreddit by up or downvoting this comment. \n\nIf you think that this is great advice to improve your life, please upvote. If you think this doesn't help you in any way, please downvote. If you don't care, leave it for the others to decide.",
            "ups": 1,
            "downs": 0
        },
        {
            "comment_id": "hijw4yp",
            "body": "I keep telling it to stay but my car says otherwise",
            "ups": 3,
            "downs": 0
        },
        {
            "comment_id": "hijyofx",
            "body": "I feel like this only works if you have excess money in your budget. A budget that doesn\u2019t fully cover all expenses will definitely tell the person what to do.",
            "ups": 2,
            "downs": 0
        },
        {
            "comment_id": "hiksw6l",
            "body": "&gt;your credit score will be higher, and that results in better insurance rates, and loan rates\n\nHow does keeping a budget have anything to do with your credit score , insurance / loan rates ?.",
            "ups": 1,
            "downs": 0
        }
    ],
    "top_comments_hot": [
        {
            "comment_id": "hijvnhn",
            "body": "Hello and welcome to r/LifeProTips!\n\nPlease help us decide if this post is a good fit for the subreddit by up or downvoting this comment. \n\nIf you think that this is great advice to improve your life, please upvote. If you think this doesn't help you in any way, please downvote. If you don't care, leave it for the others to decide.",
            "ups": 1,
            "downs": 0
        },
        {
            "comment_id": "hijw4yp",
            "body": "I keep telling it to stay but my car says otherwise",
            "ups": 3,
            "downs": 0
        },
        {
            "comment_id": "hijyofx",
            "body": "I feel like this only works if you have excess money in your budget. A budget that doesn\u2019t fully cover all expenses will definitely tell the person what to do.",
            "ups": 2,
            "downs": 0
        },
        {
            "comment_id": "hiksw6l",
            "body": "&gt;your credit score will be higher, and that results in better insurance rates, and loan rates\n\nHow does keeping a budget have anything to do with your credit score , insurance / loan rates ?.",
            "ups": 1,
            "downs": 0
        }
    ]
}