{
    "post_url": "https://www.reddit.com/r/Music/comments/qj1eyz/is_this_representation_of_talent/",
    "time_posted": "2021-10-30 09:23:46",
    "time_now": "2021-11-01 01:40:47",
    "ups": 0,
    "downs": 0,
    "comments_since_last_sample": [],
    "top_comments_top": [
        {
            "comment_id": "hin2rhd",
            "body": "not everyone talented gets famous. the ppl who get famous are just the people who get put in front of record execs and they then say yes. it's a fabricated and controlled industry like many others.",
            "ups": 5,
            "downs": 0
        },
        {
            "comment_id": "hin2lv9",
            "body": "Because of marketing",
            "ups": 5,
            "downs": 0
        },
        {
            "comment_id": "hin2u7s",
            "body": "It\u2019s okay. It\u2019s nothing spectacular. I think there are so many people right now who have this exact same vocal style.",
            "ups": 5,
            "downs": 0
        },
        {
            "comment_id": "hin3lu0",
            "body": "The most talented singers and actors are rarely the most famous.",
            "ups": 3,
            "downs": 0
        },
        {
            "comment_id": "hinixp0",
            "body": "Why not just be thankful you live in a time where you get to hear this instead of worrying what other people think and who gets famous? Any other time in history and you only get to hear the famous ones. Beautiful voice.",
            "ups": 3,
            "downs": 0
        }
    ],
    "top_comments_best": [
        {
            "comment_id": "hin2rhd",
            "body": "not everyone talented gets famous. the ppl who get famous are just the people who get put in front of record execs and they then say yes. it's a fabricated and controlled industry like many others.",
            "ups": 6,
            "downs": 0
        },
        {
            "comment_id": "hin2lv9",
            "body": "Because of marketing",
            "ups": 4,
            "downs": 0
        },
        {
            "comment_id": "hin2u7s",
            "body": "It\u2019s okay. It\u2019s nothing spectacular. I think there are so many people right now who have this exact same vocal style.",
            "ups": 4,
            "downs": 0
        },
        {
            "comment_id": "hin3lu0",
            "body": "The most talented singers and actors are rarely the most famous.",
            "ups": 3,
            "downs": 0
        },
        {
            "comment_id": "hinixp0",
            "body": "Why not just be thankful you live in a time where you get to hear this instead of worrying what other people think and who gets famous? Any other time in history and you only get to hear the famous ones. Beautiful voice.",
            "ups": 3,
            "downs": 0
        }
    ],
    "top_comments_hot": [
        {
            "comment_id": "hin2rhd",
            "body": "not everyone talented gets famous. the ppl who get famous are just the people who get put in front of record execs and they then say yes. it's a fabricated and controlled industry like many others.",
            "ups": 7,
            "downs": 0
        },
        {
            "comment_id": "hin2lv9",
            "body": "Because of marketing",
            "ups": 4,
            "downs": 0
        },
        {
            "comment_id": "hin2u7s",
            "body": "It\u2019s okay. It\u2019s nothing spectacular. I think there are so many people right now who have this exact same vocal style.",
            "ups": 5,
            "downs": 0
        },
        {
            "comment_id": "hin3lu0",
            "body": "The most talented singers and actors are rarely the most famous.",
            "ups": 3,
            "downs": 0
        },
        {
            "comment_id": "hinixp0",
            "body": "Why not just be thankful you live in a time where you get to hear this instead of worrying what other people think and who gets famous? Any other time in history and you only get to hear the famous ones. Beautiful voice.",
            "ups": 3,
            "downs": 0
        }
    ]
}