{
    "post_url": "https://www.reddit.com/r/LifeProTips/comments/qi3p26/lpt_you_can_freeze_almost_anything_but_always_use/",
    "time_posted": "2021-10-28 23:30:20",
    "time_now": "2021-11-02 18:58:51",
    "ups": 10,
    "downs": 0,
    "comments_since_last_sample": [],
    "top_comments_top": [
        {
            "comment_id": "higx87l",
            "body": "Hello and welcome to r/LifeProTips!\n\nPlease help us decide if this post is a good fit for the subreddit by up or downvoting this comment. \n\nIf you think that this is great advice to improve your life, please upvote. If you think this doesn't help you in any way, please downvote. If you don't care, leave it for the others to decide.",
            "ups": 1,
            "downs": 0
        },
        {
            "comment_id": "higxilc",
            "body": "I stopped even doing that. I just food save everything now. Vacuum sealed food even lasts longer in the fridge.",
            "ups": 4,
            "downs": 0
        },
        {
            "comment_id": "hih6y7c",
            "body": "I portion everything into regular sandwich bags, then store them in a heavy duty freezer bag.  Much more practical and lots cheaper.",
            "ups": 3,
            "downs": 0
        },
        {
            "comment_id": "higy6bq",
            "body": "Vacuum sealed my grandma. \n\nSaved a fortune on cryogenics.",
            "ups": 2,
            "downs": 0
        },
        {
            "comment_id": "hihuu8v",
            "body": "What is this \"freezer burn\"? Never happened to anything in my freezer.",
            "ups": 1,
            "downs": 0
        }
    ],
    "top_comments_best": [
        {
            "comment_id": "higx87l",
            "body": "Hello and welcome to r/LifeProTips!\n\nPlease help us decide if this post is a good fit for the subreddit by up or downvoting this comment. \n\nIf you think that this is great advice to improve your life, please upvote. If you think this doesn't help you in any way, please downvote. If you don't care, leave it for the others to decide.",
            "ups": 1,
            "downs": 0
        },
        {
            "comment_id": "higxilc",
            "body": "I stopped even doing that. I just food save everything now. Vacuum sealed food even lasts longer in the fridge.",
            "ups": 6,
            "downs": 0
        },
        {
            "comment_id": "hih6y7c",
            "body": "I portion everything into regular sandwich bags, then store them in a heavy duty freezer bag.  Much more practical and lots cheaper.",
            "ups": 3,
            "downs": 0
        },
        {
            "comment_id": "higy6bq",
            "body": "Vacuum sealed my grandma. \n\nSaved a fortune on cryogenics.",
            "ups": 2,
            "downs": 0
        },
        {
            "comment_id": "hihuu8v",
            "body": "What is this \"freezer burn\"? Never happened to anything in my freezer.",
            "ups": 1,
            "downs": 0
        }
    ],
    "top_comments_hot": [
        {
            "comment_id": "higx87l",
            "body": "Hello and welcome to r/LifeProTips!\n\nPlease help us decide if this post is a good fit for the subreddit by up or downvoting this comment. \n\nIf you think that this is great advice to improve your life, please upvote. If you think this doesn't help you in any way, please downvote. If you don't care, leave it for the others to decide.",
            "ups": 1,
            "downs": 0
        },
        {
            "comment_id": "higxilc",
            "body": "I stopped even doing that. I just food save everything now. Vacuum sealed food even lasts longer in the fridge.",
            "ups": 5,
            "downs": 0
        },
        {
            "comment_id": "hih6y7c",
            "body": "I portion everything into regular sandwich bags, then store them in a heavy duty freezer bag.  Much more practical and lots cheaper.",
            "ups": 3,
            "downs": 0
        },
        {
            "comment_id": "higy6bq",
            "body": "Vacuum sealed my grandma. \n\nSaved a fortune on cryogenics.",
            "ups": 2,
            "downs": 0
        },
        {
            "comment_id": "hihuu8v",
            "body": "What is this \"freezer burn\"? Never happened to anything in my freezer.",
            "ups": 1,
            "downs": 0
        }
    ]
}