{
    "post_url": "https://www.reddit.com/r/gaming/comments/qj4845/what_system_should_i_play_ori_on/",
    "time_posted": "2021-10-30 11:50:08",
    "time_now": "2021-11-01 18:10:26",
    "ups": 3,
    "downs": 0,
    "comments_since_last_sample": [],
    "top_comments_top": [
        {
            "comment_id": "hinldto",
            "body": "Not sure how the switch version feels but I played both games on gamepass on Xbox so.. the amount of cash I saved with gamepass overtime was more what I was focusing on.\n\nI liked it on Xbox fine",
            "ups": 2,
            "downs": 0
        },
        {
            "comment_id": "hinm5o5",
            "body": "I experienced it on Xbox with a 5.1 surround system. The audio and graphics are just awesome and might not feel like that on the switch, depending on if you are playing your switch as mobile console or if you use your TV dock. I also own a switch, but did not play Ori on it. I would, however, prefer the Xbox Controller to play it with, due to some fast and good timed button presses you will need to do during the game. So I would recommend the Xbox version.",
            "ups": 2,
            "downs": 0
        },
        {
            "comment_id": "hinpnfq",
            "body": "I just finished the first game on the switch and it ran flawlessly from start to finish and looked stunning. I got the double pack that just launched as a birthday present, so if you want a physical copy there's that too.",
            "ups": 2,
            "downs": 0
        },
        {
            "comment_id": "hinm2ot",
            "body": "The duology is regularly on sale for less than \u00a315 on Steam, pretty good deal for some good games",
            "ups": 1,
            "downs": 0
        },
        {
            "comment_id": "hio15ka",
            "body": "I got it on Xbox One. It's been sitting there unused for years so I figured I should make use of it.",
            "ups": 1,
            "downs": 0
        }
    ],
    "top_comments_best": [
        {
            "comment_id": "hinldto",
            "body": "Not sure how the switch version feels but I played both games on gamepass on Xbox so.. the amount of cash I saved with gamepass overtime was more what I was focusing on.\n\nI liked it on Xbox fine",
            "ups": 2,
            "downs": 0
        },
        {
            "comment_id": "hinm5o5",
            "body": "I experienced it on Xbox with a 5.1 surround system. The audio and graphics are just awesome and might not feel like that on the switch, depending on if you are playing your switch as mobile console or if you use your TV dock. I also own a switch, but did not play Ori on it. I would, however, prefer the Xbox Controller to play it with, due to some fast and good timed button presses you will need to do during the game. So I would recommend the Xbox version.",
            "ups": 2,
            "downs": 0
        },
        {
            "comment_id": "hinpnfq",
            "body": "I just finished the first game on the switch and it ran flawlessly from start to finish and looked stunning. I got the double pack that just launched as a birthday present, so if you want a physical copy there's that too.",
            "ups": 2,
            "downs": 0
        },
        {
            "comment_id": "hinm2ot",
            "body": "The duology is regularly on sale for less than \u00a315 on Steam, pretty good deal for some good games",
            "ups": 1,
            "downs": 0
        },
        {
            "comment_id": "hio15ka",
            "body": "I got it on Xbox One. It's been sitting there unused for years so I figured I should make use of it.",
            "ups": 1,
            "downs": 0
        }
    ],
    "top_comments_hot": [
        {
            "comment_id": "hinldto",
            "body": "Not sure how the switch version feels but I played both games on gamepass on Xbox so.. the amount of cash I saved with gamepass overtime was more what I was focusing on.\n\nI liked it on Xbox fine",
            "ups": 2,
            "downs": 0
        },
        {
            "comment_id": "hinm5o5",
            "body": "I experienced it on Xbox with a 5.1 surround system. The audio and graphics are just awesome and might not feel like that on the switch, depending on if you are playing your switch as mobile console or if you use your TV dock. I also own a switch, but did not play Ori on it. I would, however, prefer the Xbox Controller to play it with, due to some fast and good timed button presses you will need to do during the game. So I would recommend the Xbox version.",
            "ups": 2,
            "downs": 0
        },
        {
            "comment_id": "hinpnfq",
            "body": "I just finished the first game on the switch and it ran flawlessly from start to finish and looked stunning. I got the double pack that just launched as a birthday present, so if you want a physical copy there's that too.",
            "ups": 2,
            "downs": 0
        },
        {
            "comment_id": "hinm2ot",
            "body": "The duology is regularly on sale for less than \u00a315 on Steam, pretty good deal for some good games",
            "ups": 1,
            "downs": 0
        },
        {
            "comment_id": "hio15ka",
            "body": "I got it on Xbox One. It's been sitting there unused for years so I figured I should make use of it.",
            "ups": 1,
            "downs": 0
        }
    ]
}