{
    "post_url": "https://www.reddit.com/r/LifeProTips/comments/qil61d/lpt_suspect_somebody_snooping_on_your_phone/",
    "time_posted": "2021-10-29 16:03:56",
    "time_now": "2021-11-03 11:27:11",
    "ups": 0,
    "downs": 0,
    "comments_since_last_sample": [],
    "top_comments_top": [
        {
            "comment_id": "hik0zah",
            "body": "Hello and welcome to r/LifeProTips!\n\nPlease help us decide if this post is a good fit for the subreddit by up or downvoting this comment. \n\nIf you think that this is great advice to improve your life, please upvote. If you think this doesn't help you in any way, please downvote. If you don't care, leave it for the others to decide.",
            "ups": 1,
            "downs": 0
        },
        {
            "comment_id": "hik3cvs",
            "body": "No, leave it unwiped, snoopers often wipe off their own prints, a wiped screen will be your evidence.",
            "ups": 6,
            "downs": 0
        },
        {
            "comment_id": "hika2pn",
            "body": "Or just not leave your phone for people that would snoop your phone without your password/fingerprint.",
            "ups": 3,
            "downs": 0
        },
        {
            "comment_id": "hinixq7",
            "body": "What if you have buttons?",
            "ups": 1,
            "downs": 0
        }
    ],
    "top_comments_best": [
        {
            "comment_id": "hik0zah",
            "body": "Hello and welcome to r/LifeProTips!\n\nPlease help us decide if this post is a good fit for the subreddit by up or downvoting this comment. \n\nIf you think that this is great advice to improve your life, please upvote. If you think this doesn't help you in any way, please downvote. If you don't care, leave it for the others to decide.",
            "ups": 1,
            "downs": 0
        },
        {
            "comment_id": "hik3cvs",
            "body": "No, leave it unwiped, snoopers often wipe off their own prints, a wiped screen will be your evidence.",
            "ups": 5,
            "downs": 0
        },
        {
            "comment_id": "hika2pn",
            "body": "Or just not leave your phone for people that would snoop your phone without your password/fingerprint.",
            "ups": 3,
            "downs": 0
        },
        {
            "comment_id": "hinixq7",
            "body": "What if you have buttons?",
            "ups": 1,
            "downs": 0
        }
    ],
    "top_comments_hot": [
        {
            "comment_id": "hik0zah",
            "body": "Hello and welcome to r/LifeProTips!\n\nPlease help us decide if this post is a good fit for the subreddit by up or downvoting this comment. \n\nIf you think that this is great advice to improve your life, please upvote. If you think this doesn't help you in any way, please downvote. If you don't care, leave it for the others to decide.",
            "ups": 1,
            "downs": 0
        },
        {
            "comment_id": "hik3cvs",
            "body": "No, leave it unwiped, snoopers often wipe off their own prints, a wiped screen will be your evidence.",
            "ups": 7,
            "downs": 0
        },
        {
            "comment_id": "hika2pn",
            "body": "Or just not leave your phone for people that would snoop your phone without your password/fingerprint.",
            "ups": 3,
            "downs": 0
        },
        {
            "comment_id": "hinixq7",
            "body": "What if you have buttons?",
            "ups": 1,
            "downs": 0
        }
    ]
}