{
    "time_posted": "2021-10-30 09:55:48",
    "url": "https://www.youtube.com/watch?v=1Bj8PkXwiqM",
    "time_now": "2021-11-02 10:37:28",
    "ups": "64409",
    "downs": "6440",
    "views": "583764",
    "top_comments": [
        {
            "comment": "I'm worried the Haters will attack her , since she is still young , no experience and still doesn't had any training as trainee . I hope she is okay and strong , because the haters right now is so cruel and even support if the member bullying and discard her .. I hope the other members will always by her side and protect her from any malicious cmmt and action . I'm so worried",
            "likes": 244,
            "number_of_replies": 0
        },
        {
            "comment": "Excited to see you perform on stage and debut. \u2763\u2763 proud of youuuu",
            "likes": 232,
            "number_of_replies": 0
        },
        {
            "comment": "We love you and we are proud of you BAHIYYIH \ud83e\udd70\ud83e\udd70\ud83e\udd70",
            "likes": 140,
            "number_of_replies": 0
        },
        {
            "comment": "Her voice is so soothing!",
            "likes": 99,
            "number_of_replies": 0
        },
        {
            "comment": "BAHIYYIH, WE LOVE YOU ! FIGHTING ! DO YOUR BEST BESTIE ^^",
            "likes": 76,
            "number_of_replies": 0
        }
    ],
    "comments_since_last_sample": []
}