{
    "time_posted": "2021-10-30 11:00:01",
    "url": "https://www.youtube.com/watch?v=1ZCvjb6TqgI",
    "time_now": "2021-10-31 17:25:34",
    "ups": "8664",
    "downs": "221",
    "views": "341462",
    "top_comments": [
        {
            "comment": "The MSM needs to be held accountable. Their lies led to this horrible administration being elected.",
            "likes": 1,
            "number_of_replies": 0
        },
        {
            "comment": "Not surprising from someone as incredulous and clueless as  Biden who excuses away his ignorance with ignorance.",
            "likes": 1,
            "number_of_replies": 0
        }
    ],
    "comments_since_last_sample": [
        {
            "body": "\"Rule for thee, but not for me\" is why people dont like politics."
        },
        {
            "body": "One more 'clumsy' mistake in a string of disasters..."
        },
        {
            "body": "I don't understand why Harold thinks it's ok to keep put putting America in debt \ud83e\udd14 He knows whats being done to us is not right \ud83d\ude12"
        },
        {
            "body": "One other reason besides the lying and scumbags that people absolutely hate politics is because it's seeped it's way into nearly aspect of our lives. The pure hatefulness of the left doesn't help either."
        },
        {
            "body": "We will have a winner Tuesday!?!?  Oh, you mean like we did in the 1950's, 60's 70's 80' 90's, when we did not use the internet to connect voting machines!!!!????"
        },
        {
            "body": "No America should put up with the ideas this administration wants!!!"
        },
        {
            "body": "It's historic alright, Harold. A historic DISASTER of a bill. It must not pass. We can't afford it in any way. It's mostly wokey nonsense, the Green New Steal and pork."
        },
        {
            "body": "Let\u2019s go Brandon\u2026."
        },
        {
            "body": "Kids can vote now?"
        },
        {
            "body": "Liar Liar pants on \ud83d\udd25\ud83d\udd25\ud83d\udd25\ud83d\udd25\ud83d\udd25!!!!\nDon\u2019t believe one word that he utters!!!"
        },
        {
            "body": "One debokel after another. Is this real? Are we dreaming a unbelievable nightmare?"
        },
        {
            "body": "Well I\u2019d sure like to see this but YouTube won\u2019t let me"
        },
        {
            "body": "Not surprising from someone as incredulous and clueless as  Biden who excuses away his ignorance with ignorance."
        },
        {
            "body": "The MSM needs to be held accountable. Their lies led to this horrible administration being elected."
        },
        {
            "body": "I want to see Trey Gowdy on the US Supreme Court.  \nBut I believe that Former Vice President biden did not even know about it.  Even if they told him.  Repeatedly."
        },
        {
            "body": "This is WAR!....F@#%$ Joe Biden"
        },
        {
            "body": "VIRGINIA  if you vote for FREEDOM  that name is Republican. The Democrat party  will kick mother & father a out of school"
        },
        {
            "body": "The Dems are rubbing our noses in it with the 450k.  It is designed to be obscene and to create division."
        },
        {
            "body": "ALL THE THINGS YOU CANT BELIEVE ABOUT THIS ILLEGAL REGIME ARE JUST A SOFTENER FOR THE COUP DEGRAS CREEP JO IS GOING TO SPRING ON YOU WHEN HE SAYS WE HAVE SURRENDERED  TO CHINA. BUT ON THE BRIGHT SIDE HIS GENIOUS SON WILL BE A HIGH RANKING CHINA OFFICIAL"
        }
    ]
}