{
    "time_posted": "2021-10-30 11:00:01",
    "url": "https://www.youtube.com/watch?v=1ZCvjb6TqgI",
    "time_now": "2021-11-03 03:07:07",
    "ups": "10636",
    "downs": "270",
    "views": "449758",
    "top_comments": [],
    "comments_since_last_sample": [
        {
            "body": "This is why people hate Joe Biden"
        },
        {
            "body": "Biden can't even talk .he is being laughed at from all over the world. What an disgrace to  America. Not to mention or national security.."
        },
        {
            "body": "Biden never apologizes or accepts blame. Worst president ever"
        },
        {
            "body": "MCNUMBNUTS DOESN'T LOOK VERY HAPPY!!!!! \ud83d\ude02\ud83d\ude02\ud83d\ude02\ud83d\ude02\ud83d\ude02"
        },
        {
            "body": "I never could have imagined when Macron came along, that the US would  one day elect a man who was 100 times the clown that he is."
        }
    ]
}