{
    "post_url": "https://www.reddit.com/r/gaming/comments/qj2wzw/gamers_of_a_certain_age_when_did_you_give_up_and/",
    "time_posted": "2021-10-30 10:45:06",
    "time_now": "2021-11-02 23:01:17",
    "ups": 42,
    "downs": 0,
    "comments_since_last_sample": [],
    "top_comments_top": [
        {
            "comment_id": "hindwoc",
            "body": "One day, I got home from work; I ate something, had some coffee, showered, and went for some gaming before bed. I don't even remember what I played then, I think it was \u201cMass Effect\u201d or something, and I was stuck at some fight that I just couldn't win. Been stuck there for a couple of evenings already. Then I just didn't care anymore. Yeah, I wanted to beat this damn fight on the hardest difficulty, but far more than this gratification I wanted to know how the story progressed. It was at that point that I realised that after a day at work and after doing all chores, I just didn't care for a \u201cchallenge\u201d anymore\u2014I just want to enjoy a good story.\n\nI've not looked back since.",
            "ups": 51,
            "downs": 0
        },
        {
            "comment_id": "hincgfe",
            "body": "Once I had kids. I just don\u2019t the ability to devote the same amount of time I did before on a game. It\u2019s more of a casual gaming experience nowadays.",
            "ups": 20,
            "downs": 0
        },
        {
            "comment_id": "hinf3au",
            "body": "I was having a conversation with a friend the other day about how I own multiple God of War games that I've never even played because I knew I wanted them, but I refused to play them out of order and I was stuck on a fight in the second one. He suggested maybe I should turn the difficulty down to which my immediate reaction was how lame that would be. After dwelling on it longer and now seeing this thread I realize how stupid the situation is, and how clearly I should get over myself and just enjoy the games, even if some of it needs to be turned down.",
            "ups": 18,
            "downs": 0
        },
        {
            "comment_id": "hindoyk",
            "body": "I am too damn stubborn to do it, even if it takes me 20 hours i will not turn it down.",
            "ups": 17,
            "downs": 0
        },
        {
            "comment_id": "hincqpo",
            "body": "A while back. In my 30s sometime. I realized I\u2019d rather enjoy a game than have an aneurysm. Watched a friend play through Dark Souls and throw a controller, and this guy NEVER rages.",
            "ups": 10,
            "downs": 0
        }
    ],
    "top_comments_best": [
        {
            "comment_id": "hindwoc",
            "body": "One day, I got home from work; I ate something, had some coffee, showered, and went for some gaming before bed. I don't even remember what I played then, I think it was \u201cMass Effect\u201d or something, and I was stuck at some fight that I just couldn't win. Been stuck there for a couple of evenings already. Then I just didn't care anymore. Yeah, I wanted to beat this damn fight on the hardest difficulty, but far more than this gratification I wanted to know how the story progressed. It was at that point that I realised that after a day at work and after doing all chores, I just didn't care for a \u201cchallenge\u201d anymore\u2014I just want to enjoy a good story.\n\nI've not looked back since.",
            "ups": 50,
            "downs": 0
        },
        {
            "comment_id": "hinf3au",
            "body": "I was having a conversation with a friend the other day about how I own multiple God of War games that I've never even played because I knew I wanted them, but I refused to play them out of order and I was stuck on a fight in the second one. He suggested maybe I should turn the difficulty down to which my immediate reaction was how lame that would be. After dwelling on it longer and now seeing this thread I realize how stupid the situation is, and how clearly I should get over myself and just enjoy the games, even if some of it needs to be turned down.",
            "ups": 18,
            "downs": 0
        },
        {
            "comment_id": "hincqpo",
            "body": "A while back. In my 30s sometime. I realized I\u2019d rather enjoy a game than have an aneurysm. Watched a friend play through Dark Souls and throw a controller, and this guy NEVER rages.",
            "ups": 10,
            "downs": 0
        },
        {
            "comment_id": "hincgfe",
            "body": "Once I had kids. I just don\u2019t the ability to devote the same amount of time I did before on a game. It\u2019s more of a casual gaming experience nowadays.",
            "ups": 21,
            "downs": 0
        },
        {
            "comment_id": "hiniz4c",
            "body": "I've actually finally began turning up the difficulty on games, nothing crazy. I always used to play on the easiest setting since I wanted to just enjoy it. Now I enjoy a slight challenge, and will try most games on normal difficulty.",
            "ups": 7,
            "downs": 0
        }
    ],
    "top_comments_hot": [
        {
            "comment_id": "hindwoc",
            "body": "One day, I got home from work; I ate something, had some coffee, showered, and went for some gaming before bed. I don't even remember what I played then, I think it was \u201cMass Effect\u201d or something, and I was stuck at some fight that I just couldn't win. Been stuck there for a couple of evenings already. Then I just didn't care anymore. Yeah, I wanted to beat this damn fight on the hardest difficulty, but far more than this gratification I wanted to know how the story progressed. It was at that point that I realised that after a day at work and after doing all chores, I just didn't care for a \u201cchallenge\u201d anymore\u2014I just want to enjoy a good story.\n\nI've not looked back since.",
            "ups": 51,
            "downs": 0
        },
        {
            "comment_id": "hinf3au",
            "body": "I was having a conversation with a friend the other day about how I own multiple God of War games that I've never even played because I knew I wanted them, but I refused to play them out of order and I was stuck on a fight in the second one. He suggested maybe I should turn the difficulty down to which my immediate reaction was how lame that would be. After dwelling on it longer and now seeing this thread I realize how stupid the situation is, and how clearly I should get over myself and just enjoy the games, even if some of it needs to be turned down.",
            "ups": 19,
            "downs": 0
        },
        {
            "comment_id": "hincqpo",
            "body": "A while back. In my 30s sometime. I realized I\u2019d rather enjoy a game than have an aneurysm. Watched a friend play through Dark Souls and throw a controller, and this guy NEVER rages.",
            "ups": 11,
            "downs": 0
        },
        {
            "comment_id": "hincgfe",
            "body": "Once I had kids. I just don\u2019t the ability to devote the same amount of time I did before on a game. It\u2019s more of a casual gaming experience nowadays.",
            "ups": 20,
            "downs": 0
        },
        {
            "comment_id": "hiniz4c",
            "body": "I've actually finally began turning up the difficulty on games, nothing crazy. I always used to play on the easiest setting since I wanted to just enjoy it. Now I enjoy a slight challenge, and will try most games on normal difficulty.",
            "ups": 7,
            "downs": 0
        }
    ]
}