{
    "post_url": "https://www.reddit.com/r/Music/comments/qivfug/the_ramblr_wash_my_sole_alt_soul/",
    "time_posted": "2021-10-30 02:16:34",
    "time_now": "2021-11-02 18:53:26",
    "ups": 3,
    "downs": 0,
    "comments_since_last_sample": [],
    "top_comments_top": [
        {
            "comment_id": "him37w2",
            "body": "Sorry, your submission was removed from /r/Music because your account is less than one day old. We have to take these measures to combat spammers - it's nothing personal. We'd like you to get to know the place better before contributing, so for now, just sit back and enjoy the content posted here. Please read this entire reply as we're trying to help you become successful on reddit.\n\n**First time redditors** should be aware of [reddit's site-wide guidelines](http://www.reddit.com/wiki/reddiquette). If you are planning to submit your own music, site, or channel in /r/music, you must read the guidelines for [self-promotion on reddit](http://reddit.com/wiki/selfpromotion). Violating these rules will result in a site-wide shadowban - that's just the way reddit operates, there's nothing we can do about it.\n\n**New users** should take the time to read the [subreddit introduction](/r/music/wiki/introduction) to learn what this place is all about and how we operate. Tomorrow, you will be able to comment on threads but not submit posts to /r/music. Keep in mind that if you don't have anything positive or constructive to say in your comment, it's best to refrain from saying anything. \n\nNew users must maintain a minimum positive karma score to submit posts in /r/music. Again, this is nothing personal, it's something we *have to do* to avoid spammers clogging up our feed to the tune of hundreds of submissions each day. We can't reveal what this score is, but we can tell you that anyone who actively uses reddit and is a *positive* part of the community will have no problem earning their way past this limit quickly.\n\n**If you wish to promote in /r/music without participating in the community,** you can buy cheap ($5-$30) [sponsored links](http://www.reddit.com/advertising). These will place your music at the *top of the page* for a couple of days without the need to earn upvotes, so everyone will see them. These advertisements are *extremely effective.*\n\nIf you have any questions about reddit, please [read the reddit FAQ](http://www.reddit.com/wiki/faq).\n\n**If you are just starting out on your career as a musician,** /r/music is not the place where you want to submit your works-in-progress or first musical creations. This is the place for *finished* tracks and albums that are for sale. There are many other active, knowledgeable music communities made up of people like you who will provide feedback, advice, and technical tips on how to improve your sound. Reddit will even help you to find new band members and learn to play an instrument. Some of the most well known communities are listed below.\n\n* /r/wearethemusicmakers - reply to the feedback threads in their sidebar      \n* /r/thisisourmusic - share your songs for feedback\n* /r/theseareouralbums - share your albums for feedback\n* /r/icoveredasong - share your covers for feedback\n* /r/radioreddit - a radio station of redditor-made music hungry for your tracks  \n* /r/mashups - share your new mashup creations\n* /r/remix - share your remixes\n* /r/ratemyaudio - get critical feedback on your music *production*\n\nThe **[music makers multireddit](/u/evilnight/m/musicmakers)** contains 80 communities, each dedicated to a different aspect of making music. There is no better place on the entire internet to get advice and feedback on your own music. Use these resources because they *will* help you become a better musician.\n\nAs you participate in these communities, you will quickly earn enough karma to submit your music in /r/music, and prove that you are an honest user making positive contributions. We apologize for all of these hoops, however there is no other way to protect this subreddit from spammers and users aiming to exploit it. Thank you for understanding, and good luck!\n\n[permalink](https://www.reddit.com/r/Music/comments/qivfug/the_ramblr_wash_my_sole_alt_soul/)\n\n*I am a bot, and this action was performed automatically. Please [contact the moderators of this subreddit](/message/compose/?to=/r/Music) if you have any questions or concerns.*",
            "ups": 1,
            "downs": 0
        }
    ],
    "top_comments_best": [
        {
            "comment_id": "him37w2",
            "body": "Sorry, your submission was removed from /r/Music because your account is less than one day old. We have to take these measures to combat spammers - it's nothing personal. We'd like you to get to know the place better before contributing, so for now, just sit back and enjoy the content posted here. Please read this entire reply as we're trying to help you become successful on reddit.\n\n**First time redditors** should be aware of [reddit's site-wide guidelines](http://www.reddit.com/wiki/reddiquette). If you are planning to submit your own music, site, or channel in /r/music, you must read the guidelines for [self-promotion on reddit](http://reddit.com/wiki/selfpromotion). Violating these rules will result in a site-wide shadowban - that's just the way reddit operates, there's nothing we can do about it.\n\n**New users** should take the time to read the [subreddit introduction](/r/music/wiki/introduction) to learn what this place is all about and how we operate. Tomorrow, you will be able to comment on threads but not submit posts to /r/music. Keep in mind that if you don't have anything positive or constructive to say in your comment, it's best to refrain from saying anything. \n\nNew users must maintain a minimum positive karma score to submit posts in /r/music. Again, this is nothing personal, it's something we *have to do* to avoid spammers clogging up our feed to the tune of hundreds of submissions each day. We can't reveal what this score is, but we can tell you that anyone who actively uses reddit and is a *positive* part of the community will have no problem earning their way past this limit quickly.\n\n**If you wish to promote in /r/music without participating in the community,** you can buy cheap ($5-$30) [sponsored links](http://www.reddit.com/advertising). These will place your music at the *top of the page* for a couple of days without the need to earn upvotes, so everyone will see them. These advertisements are *extremely effective.*\n\nIf you have any questions about reddit, please [read the reddit FAQ](http://www.reddit.com/wiki/faq).\n\n**If you are just starting out on your career as a musician,** /r/music is not the place where you want to submit your works-in-progress or first musical creations. This is the place for *finished* tracks and albums that are for sale. There are many other active, knowledgeable music communities made up of people like you who will provide feedback, advice, and technical tips on how to improve your sound. Reddit will even help you to find new band members and learn to play an instrument. Some of the most well known communities are listed below.\n\n* /r/wearethemusicmakers - reply to the feedback threads in their sidebar      \n* /r/thisisourmusic - share your songs for feedback\n* /r/theseareouralbums - share your albums for feedback\n* /r/icoveredasong - share your covers for feedback\n* /r/radioreddit - a radio station of redditor-made music hungry for your tracks  \n* /r/mashups - share your new mashup creations\n* /r/remix - share your remixes\n* /r/ratemyaudio - get critical feedback on your music *production*\n\nThe **[music makers multireddit](/u/evilnight/m/musicmakers)** contains 80 communities, each dedicated to a different aspect of making music. There is no better place on the entire internet to get advice and feedback on your own music. Use these resources because they *will* help you become a better musician.\n\nAs you participate in these communities, you will quickly earn enough karma to submit your music in /r/music, and prove that you are an honest user making positive contributions. We apologize for all of these hoops, however there is no other way to protect this subreddit from spammers and users aiming to exploit it. Thank you for understanding, and good luck!\n\n[permalink](https://www.reddit.com/r/Music/comments/qivfug/the_ramblr_wash_my_sole_alt_soul/)\n\n*I am a bot, and this action was performed automatically. Please [contact the moderators of this subreddit](/message/compose/?to=/r/Music) if you have any questions or concerns.*",
            "ups": 1,
            "downs": 0
        }
    ],
    "top_comments_hot": [
        {
            "comment_id": "him37w2",
            "body": "Sorry, your submission was removed from /r/Music because your account is less than one day old. We have to take these measures to combat spammers - it's nothing personal. We'd like you to get to know the place better before contributing, so for now, just sit back and enjoy the content posted here. Please read this entire reply as we're trying to help you become successful on reddit.\n\n**First time redditors** should be aware of [reddit's site-wide guidelines](http://www.reddit.com/wiki/reddiquette). If you are planning to submit your own music, site, or channel in /r/music, you must read the guidelines for [self-promotion on reddit](http://reddit.com/wiki/selfpromotion). Violating these rules will result in a site-wide shadowban - that's just the way reddit operates, there's nothing we can do about it.\n\n**New users** should take the time to read the [subreddit introduction](/r/music/wiki/introduction) to learn what this place is all about and how we operate. Tomorrow, you will be able to comment on threads but not submit posts to /r/music. Keep in mind that if you don't have anything positive or constructive to say in your comment, it's best to refrain from saying anything. \n\nNew users must maintain a minimum positive karma score to submit posts in /r/music. Again, this is nothing personal, it's something we *have to do* to avoid spammers clogging up our feed to the tune of hundreds of submissions each day. We can't reveal what this score is, but we can tell you that anyone who actively uses reddit and is a *positive* part of the community will have no problem earning their way past this limit quickly.\n\n**If you wish to promote in /r/music without participating in the community,** you can buy cheap ($5-$30) [sponsored links](http://www.reddit.com/advertising). These will place your music at the *top of the page* for a couple of days without the need to earn upvotes, so everyone will see them. These advertisements are *extremely effective.*\n\nIf you have any questions about reddit, please [read the reddit FAQ](http://www.reddit.com/wiki/faq).\n\n**If you are just starting out on your career as a musician,** /r/music is not the place where you want to submit your works-in-progress or first musical creations. This is the place for *finished* tracks and albums that are for sale. There are many other active, knowledgeable music communities made up of people like you who will provide feedback, advice, and technical tips on how to improve your sound. Reddit will even help you to find new band members and learn to play an instrument. Some of the most well known communities are listed below.\n\n* /r/wearethemusicmakers - reply to the feedback threads in their sidebar      \n* /r/thisisourmusic - share your songs for feedback\n* /r/theseareouralbums - share your albums for feedback\n* /r/icoveredasong - share your covers for feedback\n* /r/radioreddit - a radio station of redditor-made music hungry for your tracks  \n* /r/mashups - share your new mashup creations\n* /r/remix - share your remixes\n* /r/ratemyaudio - get critical feedback on your music *production*\n\nThe **[music makers multireddit](/u/evilnight/m/musicmakers)** contains 80 communities, each dedicated to a different aspect of making music. There is no better place on the entire internet to get advice and feedback on your own music. Use these resources because they *will* help you become a better musician.\n\nAs you participate in these communities, you will quickly earn enough karma to submit your music in /r/music, and prove that you are an honest user making positive contributions. We apologize for all of these hoops, however there is no other way to protect this subreddit from spammers and users aiming to exploit it. Thank you for understanding, and good luck!\n\n[permalink](https://www.reddit.com/r/Music/comments/qivfug/the_ramblr_wash_my_sole_alt_soul/)\n\n*I am a bot, and this action was performed automatically. Please [contact the moderators of this subreddit](/message/compose/?to=/r/Music) if you have any questions or concerns.*",
            "ups": 1,
            "downs": 0
        }
    ]
}