{
    "post_url": "https://www.reddit.com/r/Music/comments/qj3gmp/jordan_venn_and_the_slizneys_time_machine/",
    "time_posted": "2021-10-30 11:11:56",
    "time_now": "2021-11-01 09:54:35",
    "ups": 1,
    "downs": 0,
    "comments_since_last_sample": [],
    "top_comments_top": [
        {
            "comment_id": "hinfup7",
            "body": "Released this 8 years ago tomorrow. If you have any questions on making your own stop motion, happy to answer.",
            "ups": 1,
            "downs": 0
        }
    ],
    "top_comments_best": [
        {
            "comment_id": "hinfup7",
            "body": "Released this 8 years ago tomorrow. If you have any questions on making your own stop motion, happy to answer.",
            "ups": 1,
            "downs": 0
        }
    ],
    "top_comments_hot": [
        {
            "comment_id": "hinfup7",
            "body": "Released this 8 years ago tomorrow. If you have any questions on making your own stop motion, happy to answer.",
            "ups": 1,
            "downs": 0
        }
    ]
}