{
    "post_url": "https://www.reddit.com/r/politics/comments/qipn1a/what_biden_cant_do_on_student_debtand_what_he/",
    "time_posted": "2021-10-29 20:01:56",
    "time_now": "2021-11-01 18:13:47",
    "ups": 56,
    "downs": 0,
    "comments_since_last_sample": [],
    "top_comments_top": [
        {
            "comment_id": "hiky5vx",
            "body": "\nAs a reminder, this subreddit [is for civil discussion.](/r/politics/wiki/index#wiki_be_civil)\n\nIn general, be courteous to others. Debate/discuss/argue the merits of ideas, don't attack people. Personal insults, shill or troll accusations, hate speech, any suggestion or support of harm, violence, or death, and other rule violations can result in a permanent ban. \n\nIf you see comments in violation of our rules, please report them.\n\n For those who have questions regarding any media outlets being posted on this subreddit, please click [here](https://www.reddit.com/r/politics/wiki/approveddomainslist) to review our details as to our approved domains list and outlet criteria.\n\n***\n\n\n*I am a bot, and this action was performed automatically. Please [contact the moderators of this subreddit](/message/compose/?to=/r/politics) if you have any questions or concerns.*",
            "ups": 1,
            "downs": 0
        },
        {
            "comment_id": "hil02r7",
            "body": "Article is unnecessarily long.\n\nBasically, it *seems* like Biden can cancel student loan debt but is keeping it under wraps and stalling because he doesn't want to.",
            "ups": 25,
            "downs": 0
        },
        {
            "comment_id": "hikyiok",
            "body": "Student loan payment deferments end in January. I really hope Dems can pull some kind of student loan relief together before then... even if it's making them 0% interest.  Or even if it's kicking the can a few more months, every bit helps.",
            "ups": 19,
            "downs": 0
        },
        {
            "comment_id": "hil488j",
            "body": "There is no \u201ctempering expectations\u201d Biden won\u2019t have much of a base if he doesn\u2019t follow through on what he promised and campaigned on.",
            "ups": 16,
            "downs": 0
        },
        {
            "comment_id": "hikzpxr",
            "body": "Since April 8th, The Biden administration has been sitting on a completed Department of Education memo outlining his legal authority to cancel student loan while claiming that they're still working on it lol:\n\n&gt; The Debt Collective activists developed a theory: that the lawyers at the Department of Education had already written their memo, that they had advised Biden that he did have the authority to cancel debt, and that the Administration was keeping the memo quiet because they didn\u2019t like its conclusions. But this was mere speculation. So Gokey, one of the organizers, submitted a request through the Freedom of Information Act. If a memo had already been drafted, then he asked the Department of Education to send it to him. On August 20th, he got the results: dozens of pages of e-mails among Department of Education officials, including a seven-page memo called \u201cThe Secretary\u2019s Legal Authority for Broad-Based Debt Cancellation.\u201d The memo\u2019s contents were redacted\u2014in hot pink, for some reason\u2014but it was proof that a memo existed. \u201cI really felt this version was excellent,\u201d the general counsel at the Department of Education wrote, on April 5th. Three days later, the word \u201cdraft\u201d was removed from the memo\u2019s header. This all seemed to vindicate the activists\u2019 theory.\n\n&gt; After reviewing Gokey\u2019s documents, I asked both the White House and the Department of Education whether the department\u2019s internal legal review was complete, but I didn\u2019t get a specific answer. Nor is it clear whether, if Biden\u2019s lawyers do conclude that he has the authority to cancel a large (or unlimited) amount of student debt, he is willing to use that authority. \u201cThe Department of Education is continuing to work in partnership with colleagues at the Department of Justice and the White House to review options with respect to debt cancellation,\u201d a spokesperson from the Department of Education told me. A White House official told me that the President \u201ccontinues to look into what debt-relief actions can be taken administratively\u201d but that \u201cthese steps take time.\u201d",
            "ups": 8,
            "downs": 0
        }
    ],
    "top_comments_best": [
        {
            "comment_id": "hiky5vx",
            "body": "\nAs a reminder, this subreddit [is for civil discussion.](/r/politics/wiki/index#wiki_be_civil)\n\nIn general, be courteous to others. Debate/discuss/argue the merits of ideas, don't attack people. Personal insults, shill or troll accusations, hate speech, any suggestion or support of harm, violence, or death, and other rule violations can result in a permanent ban. \n\nIf you see comments in violation of our rules, please report them.\n\n For those who have questions regarding any media outlets being posted on this subreddit, please click [here](https://www.reddit.com/r/politics/wiki/approveddomainslist) to review our details as to our approved domains list and outlet criteria.\n\n***\n\n\n*I am a bot, and this action was performed automatically. Please [contact the moderators of this subreddit](/message/compose/?to=/r/politics) if you have any questions or concerns.*",
            "ups": 1,
            "downs": 0
        },
        {
            "comment_id": "hil488j",
            "body": "There is no \u201ctempering expectations\u201d Biden won\u2019t have much of a base if he doesn\u2019t follow through on what he promised and campaigned on.",
            "ups": 16,
            "downs": 0
        },
        {
            "comment_id": "hikyiok",
            "body": "Student loan payment deferments end in January. I really hope Dems can pull some kind of student loan relief together before then... even if it's making them 0% interest.  Or even if it's kicking the can a few more months, every bit helps.",
            "ups": 19,
            "downs": 0
        },
        {
            "comment_id": "hil4mfi",
            "body": "Even if this is gone, rest assured they will find new ways to put you into debt.",
            "ups": 6,
            "downs": 0
        },
        {
            "comment_id": "hil02r7",
            "body": "Article is unnecessarily long.\n\nBasically, it *seems* like Biden can cancel student loan debt but is keeping it under wraps and stalling because he doesn't want to.",
            "ups": 25,
            "downs": 0
        }
    ],
    "top_comments_hot": [
        {
            "comment_id": "hiky5vx",
            "body": "\nAs a reminder, this subreddit [is for civil discussion.](/r/politics/wiki/index#wiki_be_civil)\n\nIn general, be courteous to others. Debate/discuss/argue the merits of ideas, don't attack people. Personal insults, shill or troll accusations, hate speech, any suggestion or support of harm, violence, or death, and other rule violations can result in a permanent ban. \n\nIf you see comments in violation of our rules, please report them.\n\n For those who have questions regarding any media outlets being posted on this subreddit, please click [here](https://www.reddit.com/r/politics/wiki/approveddomainslist) to review our details as to our approved domains list and outlet criteria.\n\n***\n\n\n*I am a bot, and this action was performed automatically. Please [contact the moderators of this subreddit](/message/compose/?to=/r/politics) if you have any questions or concerns.*",
            "ups": 1,
            "downs": 0
        },
        {
            "comment_id": "hil488j",
            "body": "There is no \u201ctempering expectations\u201d Biden won\u2019t have much of a base if he doesn\u2019t follow through on what he promised and campaigned on.",
            "ups": 16,
            "downs": 0
        },
        {
            "comment_id": "hikyiok",
            "body": "Student loan payment deferments end in January. I really hope Dems can pull some kind of student loan relief together before then... even if it's making them 0% interest.  Or even if it's kicking the can a few more months, every bit helps.",
            "ups": 19,
            "downs": 0
        },
        {
            "comment_id": "hil4mfi",
            "body": "Even if this is gone, rest assured they will find new ways to put you into debt.",
            "ups": 5,
            "downs": 0
        },
        {
            "comment_id": "hil02r7",
            "body": "Article is unnecessarily long.\n\nBasically, it *seems* like Biden can cancel student loan debt but is keeping it under wraps and stalling because he doesn't want to.",
            "ups": 25,
            "downs": 0
        }
    ]
}