{
    "post_url": "https://www.reddit.com/r/LifeProTips/comments/qi3tnz/lpt_when_going_hiking_take_a_friend_that_runs/",
    "time_posted": "2021-10-28 23:37:59",
    "time_now": "2021-10-31 01:04:10",
    "ups": 0,
    "downs": 0,
    "comments_since_last_sample": [],
    "top_comments_top": [
        {
            "comment_id": "higy853",
            "body": "Hello and welcome to r/LifeProTips!\n\nPlease help us decide if this post is a good fit for the subreddit by up or downvoting this comment. \n\nIf you think that this is great advice to improve your life, please upvote. If you think this doesn't help you in any way, please downvote. If you don't care, leave it for the others to decide.",
            "ups": 1,
            "downs": 0
        },
        {
            "comment_id": "higymxe",
            "body": "Always keep a fat friend nearby \ud83e\udd1c\ud83e\udd1b",
            "ups": 3,
            "downs": 0
        },
        {
            "comment_id": "higypgc",
            "body": "Right, because then you don't need to outrun the bear, you only need to outrun your friend. \ud83d\ude10",
            "ups": 1,
            "downs": 0
        },
        {
            "comment_id": "higzs1t",
            "body": "First rule of survival. You don\u2019t have to be fastest, just don\u2019t be slowest.",
            "ups": 1,
            "downs": 0
        },
        {
            "comment_id": "hih585j",
            "body": "and don\u2019t worry too much that your friend might see this post. \n\nif i knew this post and this guy i might guess that if a bear is not around that i might be needed for the next hike and too valuable to lose.",
            "ups": 1,
            "downs": 0
        }
    ],
    "top_comments_best": [
        {
            "comment_id": "higy853",
            "body": "Hello and welcome to r/LifeProTips!\n\nPlease help us decide if this post is a good fit for the subreddit by up or downvoting this comment. \n\nIf you think that this is great advice to improve your life, please upvote. If you think this doesn't help you in any way, please downvote. If you don't care, leave it for the others to decide.",
            "ups": 1,
            "downs": 0
        },
        {
            "comment_id": "higymxe",
            "body": "Always keep a fat friend nearby \ud83e\udd1c\ud83e\udd1b",
            "ups": 3,
            "downs": 0
        },
        {
            "comment_id": "higypgc",
            "body": "Right, because then you don't need to outrun the bear, you only need to outrun your friend. \ud83d\ude10",
            "ups": 1,
            "downs": 0
        },
        {
            "comment_id": "higzs1t",
            "body": "First rule of survival. You don\u2019t have to be fastest, just don\u2019t be slowest.",
            "ups": 1,
            "downs": 0
        },
        {
            "comment_id": "hih585j",
            "body": "and don\u2019t worry too much that your friend might see this post. \n\nif i knew this post and this guy i might guess that if a bear is not around that i might be needed for the next hike and too valuable to lose.",
            "ups": 1,
            "downs": 0
        }
    ],
    "top_comments_hot": [
        {
            "comment_id": "higy853",
            "body": "Hello and welcome to r/LifeProTips!\n\nPlease help us decide if this post is a good fit for the subreddit by up or downvoting this comment. \n\nIf you think that this is great advice to improve your life, please upvote. If you think this doesn't help you in any way, please downvote. If you don't care, leave it for the others to decide.",
            "ups": 1,
            "downs": 0
        },
        {
            "comment_id": "higymxe",
            "body": "Always keep a fat friend nearby \ud83e\udd1c\ud83e\udd1b",
            "ups": 3,
            "downs": 0
        },
        {
            "comment_id": "higypgc",
            "body": "Right, because then you don't need to outrun the bear, you only need to outrun your friend. \ud83d\ude10",
            "ups": 1,
            "downs": 0
        },
        {
            "comment_id": "higzs1t",
            "body": "First rule of survival. You don\u2019t have to be fastest, just don\u2019t be slowest.",
            "ups": 1,
            "downs": 0
        },
        {
            "comment_id": "hih585j",
            "body": "and don\u2019t worry too much that your friend might see this post. \n\nif i knew this post and this guy i might guess that if a bear is not around that i might be needed for the next hike and too valuable to lose.",
            "ups": 1,
            "downs": 0
        }
    ]
}