{
    "post_url": "https://www.reddit.com/r/gaming/comments/qj4bpo/eltharion_low_vs_ultra/",
    "time_posted": "2021-10-30 11:55:23",
    "time_now": "2021-11-01 22:17:52",
    "ups": 2,
    "downs": 0,
    "comments_since_last_sample": [],
    "top_comments_top": [
        {
            "comment_id": "hinznpa",
            "body": "This is what I like about having not so great vision, I can run games at lower settings without realizing any difference.",
            "ups": 3,
            "downs": 0
        }
    ],
    "top_comments_best": [
        {
            "comment_id": "hinznpa",
            "body": "This is what I like about having not so great vision, I can run games at lower settings without realizing any difference.",
            "ups": 3,
            "downs": 0
        }
    ],
    "top_comments_hot": [
        {
            "comment_id": "hinznpa",
            "body": "This is what I like about having not so great vision, I can run games at lower settings without realizing any difference.",
            "ups": 3,
            "downs": 0
        }
    ]
}