{
    "post_url": "https://www.reddit.com/r/Music/comments/qiy7ti/zeca_pagodinho_alto_l\u00e1_samba/",
    "time_posted": "2021-10-30 05:49:50",
    "time_now": "2021-10-31 09:12:32",
    "ups": 4,
    "downs": 0,
    "comments_since_last_sample": [],
    "top_comments_top": [
        {
            "comment_id": "himjxtd",
            "body": "CARAIO ZECA PAGODINHO NO R/MUSIC KKKKKKKKKKKKKKKKKKKKKKKKKKKKKKKKKKKKKKKKKJ AI SIM OP POST BEM BASEADO E PAGODEPILLED",
            "ups": 2,
            "downs": 0
        }
    ],
    "top_comments_best": [
        {
            "comment_id": "himjxtd",
            "body": "CARAIO ZECA PAGODINHO NO R/MUSIC KKKKKKKKKKKKKKKKKKKKKKKKKKKKKKKKKKKKKKKKKJ AI SIM OP POST BEM BASEADO E PAGODEPILLED",
            "ups": 2,
            "downs": 0
        }
    ],
    "top_comments_hot": [
        {
            "comment_id": "himjxtd",
            "body": "CARAIO ZECA PAGODINHO NO R/MUSIC KKKKKKKKKKKKKKKKKKKKKKKKKKKKKKKKKKKKKKKKKJ AI SIM OP POST BEM BASEADO E PAGODEPILLED",
            "ups": 2,
            "downs": 0
        }
    ]
}