{
    "time_posted": "2021-10-30 13:10:35",
    "url": "https://www.youtube.com/watch?v=2cE-e4XObPI",
    "time_now": "2021-11-03 07:14:30",
    "ups": "3464",
    "downs": "95",
    "views": "137531",
    "top_comments": [
        {
            "comment": "Every Mother's Battle Scar! I used to  be annoyed when I was a kid seeing my mother's stretch marks all over her tummy. Sorry but no one enlightened me how those scars should be look at. How and why those scars where there. After I had my girl I have this massive battlescars all over my tummy. I used to cry at night looking back how I see myself, how horrible I look and feel. But everytime I look at my child, I understand why I have this, why it shouldn't be ashamed of, why it should be normalised. Let us be the one to educate our children that this won't make her/him less beautiful. In the first place your genetics is a big factor. Even those Super Models have their own stretch marks. \ud83d\udc9a",
            "likes": 104,
            "number_of_replies": 4
        },
        {
            "comment": "Swerte nyo p nga sis.kc may kasama kau s bahay and kay baby,ung iba wala like us..first time parents din kami and we also have a baby boy.We are also employed salitan kami ng husband k para makawork din ako s office.nakakaya nmn namin \ud83d\ude0a so you guys can survive also\ud83d\ude0aenjoyin mo lng sis kc sobrang bilis lumaki ng baby..hnd n natin mababalikan pg may mga na missed  tau s mga ginagawa ng babies natin dhl nga mabilis lng sila lumaki.CS din pla me like you\ud83d\ude0ajust enjoy your baby sis!\ud83d\ude0a",
            "likes": 1,
            "number_of_replies": 0
        },
        {
            "comment": "Sana Geloy will quit smoking na lalo na may baby X Na \ud83e\udd70",
            "likes": 1,
            "number_of_replies": 0
        },
        {
            "comment": "Getting stretch marks removal done does not decrease the value of motherhood! They are DIFFERENT things. \u203c\ufe0f\n\nHow mothers do to their child, how they become responsible and how they prioritize or handle everything that has something to do with the child\u2019s development, their future and how their relationship and connection goes is what truly matter. \u2665\ufe0f Do what you gotta do mommah! Wanting to do something with your body that doesn\u2019t harm your child is no crime. It does not make you less of a mom.",
            "likes": 1,
            "number_of_replies": 0
        },
        {
            "comment": "Kaway kaway kay mommy rhaze \ud83d\ude0a",
            "likes": 1,
            "number_of_replies": 1
        }
    ],
    "comments_since_last_sample": [
        {
            "body": "Yang stretchmark kusa yan mawawala. Sobrang bilis lumaki ng baby Ms. Anna Cay! Sulitin niyo po kase yan yubg nga moments na hahanapin mo pag nakakalakad na sila. Hehe"
        },
        {
            "body": "Hi Miss Anna, I've been watching your vlogs here in UAE. HAHA brings back memories toh nong nanganak ako last year January 2020. Kami lng ni Husband ko d2 nong nanganak ako at sobrang hindi namin alam papano namin naisurvive yun kC ang hirap ng walang family support. Pag naaalala namin natatawa na lang kami. BUT...we learned on our own ways! Enjoy mo lang yan po at mabilis lumaki ang mga baby!\ud83d\ude31\ud83d\ude0d may GOD give you both more strength sa pag asikaso kay baby X. God Bless po. More more vlogs pa! \u2665\ufe0f\ud83d\ude07"
        }
    ]
}