{
    "post_url": "https://www.reddit.com/r/gaming/comments/qj4obr/it_was_definitely_the_memes_that_killed_among_us/",
    "time_posted": "2021-10-30 12:12:02",
    "time_now": "2021-11-01 14:03:06",
    "ups": 0,
    "downs": 0,
    "comments_since_last_sample": [],
    "top_comments_top": [
        {
            "comment_id": "hinp8st",
            "body": "?? It was a flavor of the month game, what are you on about. It was bound to die, bad memes had nothing to do with it",
            "ups": 4,
            "downs": 0
        },
        {
            "comment_id": "hinpm5k",
            "body": "Among us was a fad just like every other game like it. It\u2019s fall guys. It\u2019s animal crossing. We played it. We liked it. We moved on. It\u2019s not a bad thing.",
            "ups": 3,
            "downs": 0
        },
        {
            "comment_id": "hinpeqt",
            "body": "***A m o o g u s.***\n\n&gt;!Implying the shitty memes weren't the only thing keeping it relevant, and that it's temporary success wasn't only due to streamer boredom and that it's lifespan wasn't inherently limited in the first place.!&lt;",
            "ups": 3,
            "downs": 0
        },
        {
            "comment_id": "hinq5xe",
            "body": "It\u2019s a party game you\u2019ll play with friends every now and then. Randoms suck to bad to play all the time and it\u2019s to simple to have a huge skill gap like a competitive game",
            "ups": 2,
            "downs": 0
        },
        {
            "comment_id": "hinuj7a",
            "body": "I played it once I thought it was dumb",
            "ups": 2,
            "downs": 0
        }
    ],
    "top_comments_best": [
        {
            "comment_id": "hinp8st",
            "body": "?? It was a flavor of the month game, what are you on about. It was bound to die, bad memes had nothing to do with it",
            "ups": 3,
            "downs": 0
        },
        {
            "comment_id": "hinpm5k",
            "body": "Among us was a fad just like every other game like it. It\u2019s fall guys. It\u2019s animal crossing. We played it. We liked it. We moved on. It\u2019s not a bad thing.",
            "ups": 4,
            "downs": 0
        },
        {
            "comment_id": "hinpeqt",
            "body": "***A m o o g u s.***\n\n&gt;!Implying the shitty memes weren't the only thing keeping it relevant, and that it's temporary success wasn't only due to streamer boredom and that it's lifespan wasn't inherently limited in the first place.!&lt;",
            "ups": 3,
            "downs": 0
        },
        {
            "comment_id": "hinq5xe",
            "body": "It\u2019s a party game you\u2019ll play with friends every now and then. Randoms suck to bad to play all the time and it\u2019s to simple to have a huge skill gap like a competitive game",
            "ups": 2,
            "downs": 0
        },
        {
            "comment_id": "hinuj7a",
            "body": "I played it once I thought it was dumb",
            "ups": 2,
            "downs": 0
        }
    ],
    "top_comments_hot": [
        {
            "comment_id": "hinp8st",
            "body": "?? It was a flavor of the month game, what are you on about. It was bound to die, bad memes had nothing to do with it",
            "ups": 4,
            "downs": 0
        },
        {
            "comment_id": "hinpm5k",
            "body": "Among us was a fad just like every other game like it. It\u2019s fall guys. It\u2019s animal crossing. We played it. We liked it. We moved on. It\u2019s not a bad thing.",
            "ups": 4,
            "downs": 0
        },
        {
            "comment_id": "hinpeqt",
            "body": "***A m o o g u s.***\n\n&gt;!Implying the shitty memes weren't the only thing keeping it relevant, and that it's temporary success wasn't only due to streamer boredom and that it's lifespan wasn't inherently limited in the first place.!&lt;",
            "ups": 3,
            "downs": 0
        },
        {
            "comment_id": "hinq5xe",
            "body": "It\u2019s a party game you\u2019ll play with friends every now and then. Randoms suck to bad to play all the time and it\u2019s to simple to have a huge skill gap like a competitive game",
            "ups": 2,
            "downs": 0
        },
        {
            "comment_id": "hinuj7a",
            "body": "I played it once I thought it was dumb",
            "ups": 2,
            "downs": 0
        }
    ]
}