{
    "post_url": "https://www.reddit.com/r/LifeProTips/comments/qi1752/lpt_if_you_are_stuck_on_hold_with_customer/",
    "time_posted": "2021-10-28 21:07:57",
    "time_now": "2021-11-01 14:08:10",
    "ups": 23,
    "downs": 0,
    "comments_since_last_sample": [],
    "top_comments_top": [
        {
            "comment_id": "higeys2",
            "body": "Hello and welcome to r/LifeProTips!\n\nPlease help us decide if this post is a good fit for the subreddit by up or downvoting this comment. \n\nIf you think that this is great advice to improve your life, please upvote. If you think this doesn't help you in any way, please downvote. If you don't care, leave it for the others to decide.",
            "ups": 1,
            "downs": 0
        },
        {
            "comment_id": "higg6vh",
            "body": "I try to amp myself up while on hold, and then keep myself on edge but polite during the call.  I find it gets MUCH better results than being calm.",
            "ups": 2,
            "downs": 0
        },
        {
            "comment_id": "higu35o",
            "body": "Those are good for going to sleep with also.",
            "ups": 1,
            "downs": 0
        },
        {
            "comment_id": "hii2suk",
            "body": "Do ppl seriously get upset or anxious from being on hold? If so, wow, you legit should talk to a therapist.",
            "ups": 1,
            "downs": 0
        }
    ],
    "top_comments_best": [
        {
            "comment_id": "higeys2",
            "body": "Hello and welcome to r/LifeProTips!\n\nPlease help us decide if this post is a good fit for the subreddit by up or downvoting this comment. \n\nIf you think that this is great advice to improve your life, please upvote. If you think this doesn't help you in any way, please downvote. If you don't care, leave it for the others to decide.",
            "ups": 1,
            "downs": 0
        },
        {
            "comment_id": "higg6vh",
            "body": "I try to amp myself up while on hold, and then keep myself on edge but polite during the call.  I find it gets MUCH better results than being calm.",
            "ups": 2,
            "downs": 0
        },
        {
            "comment_id": "higu35o",
            "body": "Those are good for going to sleep with also.",
            "ups": 1,
            "downs": 0
        },
        {
            "comment_id": "hii2suk",
            "body": "Do ppl seriously get upset or anxious from being on hold? If so, wow, you legit should talk to a therapist.",
            "ups": 1,
            "downs": 0
        }
    ],
    "top_comments_hot": [
        {
            "comment_id": "higeys2",
            "body": "Hello and welcome to r/LifeProTips!\n\nPlease help us decide if this post is a good fit for the subreddit by up or downvoting this comment. \n\nIf you think that this is great advice to improve your life, please upvote. If you think this doesn't help you in any way, please downvote. If you don't care, leave it for the others to decide.",
            "ups": 1,
            "downs": 0
        },
        {
            "comment_id": "higg6vh",
            "body": "I try to amp myself up while on hold, and then keep myself on edge but polite during the call.  I find it gets MUCH better results than being calm.",
            "ups": 2,
            "downs": 0
        },
        {
            "comment_id": "higu35o",
            "body": "Those are good for going to sleep with also.",
            "ups": 1,
            "downs": 0
        },
        {
            "comment_id": "hii2suk",
            "body": "Do ppl seriously get upset or anxious from being on hold? If so, wow, you legit should talk to a therapist.",
            "ups": 1,
            "downs": 0
        }
    ]
}