{
    "post_url": "https://www.reddit.com/r/LifeProTips/comments/qj2pik/lpt_if_youre_a_college_student_and_you_miss_class/",
    "time_posted": "2021-10-30 10:34:10",
    "time_now": "2021-11-02 23:04:30",
    "ups": 162,
    "downs": 0,
    "comments_since_last_sample": [],
    "top_comments_top": [
        {
            "comment_id": "hinath5",
            "body": "Hello and welcome to r/LifeProTips!\n\nPlease help us decide if this post is a good fit for the subreddit by up or downvoting this comment. \n\nIf you think that this is great advice to improve your life, please upvote. If you think this doesn't help you in any way, please downvote. If you don't care, leave it for the others to decide.",
            "ups": 1,
            "downs": 0
        },
        {
            "comment_id": "hinb6y6",
            "body": "Yes, and its easy to think \"oh but look it shows I'm responsible and I care,\" no, it doesn't. It shows that only sometimes you think the class is important and that they have nothing else better to do but to answer your tiny email. You aren't their only student nor their only class, your professor is not your messenger boy.",
            "ups": 36,
            "downs": 0
        },
        {
            "comment_id": "hinucp3",
            "body": "Real lpt\u2026 when you miss class, check the syllabus for what lecture was scheduled that day. Skim the the book/ask a friend for the notes until you find something you genuinely don\u2019t understand. Ask the professor about it during office hours or next class",
            "ups": 25,
            "downs": 0
        },
        {
            "comment_id": "hiorx6v",
            "body": "I always respond to that question: Yes, you could ask to one of your peers for the class notes. I wouldn't say it feels insulting but you sure won't be making extra points for participation in class.",
            "ups": 6,
            "downs": 0
        },
        {
            "comment_id": "hip855o",
            "body": "Former professor here. \n\nIt\u2019s not only insulting, it\u2019s infuriating. By our standards, you HAVE and ALWAYS WILL HAVE missed important material if you aren\u2019t in attendance. Most of us in the liberal arts have 15 weeks in which to deliver 20-25 chapters (as a general benchmark) of content. We spend weeks perfecting that syllabus every damn semester, only for it to be ignored despite the fact that it lays out the entire course, all the readings, and all the homework*. It\u2019s beyond insulting, it\u2019s like you could care less and thus it not only irritates the professor, it makes you look like a lazy fool and I guarantee it impacts your grade in some way, given how subjective they are. There have definitely been times when I\u2019ve declined to round up an 87.5 to an A- for a student who had pestered me with b.s. like that (more than once). \n\n* Even if the syllabus is sparse or the class behind/ahead, there are *how many other students* in the class you could ask? \n\nIf you *are* going to ask the prof because the syllabus is crap and fellow students have been unhelpful - at least try to ask during office hours, not just before/after the lecture. And if you communicate by email, make sure that email has a decent subject line, a professional greeting, polite language, and is free of spelling/grammar errors - it\u2019s one thing to be a bit annoying, it\u2019s another thing to be purposely obtuse.\n\n* PS. if you aren\u2019t getting a detailed syllabus from your professor with all the info you need (assuming the missing info isn\u2019t online somewhere), complain to the department chair and then feel free to annoy the fuck out of them with your \u201cdid I miss anything?s\u201d.",
            "ups": 5,
            "downs": 0
        }
    ],
    "top_comments_best": [
        {
            "comment_id": "hinath5",
            "body": "Hello and welcome to r/LifeProTips!\n\nPlease help us decide if this post is a good fit for the subreddit by up or downvoting this comment. \n\nIf you think that this is great advice to improve your life, please upvote. If you think this doesn't help you in any way, please downvote. If you don't care, leave it for the others to decide.",
            "ups": 1,
            "downs": 0
        },
        {
            "comment_id": "hinb6y6",
            "body": "Yes, and its easy to think \"oh but look it shows I'm responsible and I care,\" no, it doesn't. It shows that only sometimes you think the class is important and that they have nothing else better to do but to answer your tiny email. You aren't their only student nor their only class, your professor is not your messenger boy.",
            "ups": 39,
            "downs": 0
        },
        {
            "comment_id": "hinucp3",
            "body": "Real lpt\u2026 when you miss class, check the syllabus for what lecture was scheduled that day. Skim the the book/ask a friend for the notes until you find something you genuinely don\u2019t understand. Ask the professor about it during office hours or next class",
            "ups": 25,
            "downs": 0
        },
        {
            "comment_id": "hiorx6v",
            "body": "I always respond to that question: Yes, you could ask to one of your peers for the class notes. I wouldn't say it feels insulting but you sure won't be making extra points for participation in class.",
            "ups": 6,
            "downs": 0
        },
        {
            "comment_id": "hipf54g",
            "body": "Don\u2019t ask your prof this ask 3 classmates.",
            "ups": 6,
            "downs": 0
        }
    ],
    "top_comments_hot": [
        {
            "comment_id": "hinath5",
            "body": "Hello and welcome to r/LifeProTips!\n\nPlease help us decide if this post is a good fit for the subreddit by up or downvoting this comment. \n\nIf you think that this is great advice to improve your life, please upvote. If you think this doesn't help you in any way, please downvote. If you don't care, leave it for the others to decide.",
            "ups": 1,
            "downs": 0
        },
        {
            "comment_id": "hinb6y6",
            "body": "Yes, and its easy to think \"oh but look it shows I'm responsible and I care,\" no, it doesn't. It shows that only sometimes you think the class is important and that they have nothing else better to do but to answer your tiny email. You aren't their only student nor their only class, your professor is not your messenger boy.",
            "ups": 37,
            "downs": 0
        },
        {
            "comment_id": "hinucp3",
            "body": "Real lpt\u2026 when you miss class, check the syllabus for what lecture was scheduled that day. Skim the the book/ask a friend for the notes until you find something you genuinely don\u2019t understand. Ask the professor about it during office hours or next class",
            "ups": 26,
            "downs": 0
        },
        {
            "comment_id": "hiorx6v",
            "body": "I always respond to that question: Yes, you could ask to one of your peers for the class notes. I wouldn't say it feels insulting but you sure won't be making extra points for participation in class.",
            "ups": 6,
            "downs": 0
        },
        {
            "comment_id": "hipf54g",
            "body": "Don\u2019t ask your prof this ask 3 classmates.",
            "ups": 4,
            "downs": 0
        }
    ]
}