{
    "post_url": "https://www.reddit.com/r/LifeProTips/comments/qicitd/lpt_usca_if_your_lease_is_ending_do_not_return/",
    "time_posted": "2021-10-29 09:12:46",
    "time_now": "2021-11-03 15:35:09",
    "ups": 5,
    "downs": 0,
    "comments_since_last_sample": [],
    "top_comments_top": [
        {
            "comment_id": "hiibg9t",
            "body": "Hello and welcome to r/LifeProTips!\n\nPlease help us decide if this post is a good fit for the subreddit by up or downvoting this comment. \n\nIf you think that this is great advice to improve your life, please upvote. If you think this doesn't help you in any way, please downvote. If you don't care, leave it for the others to decide.",
            "ups": 1,
            "downs": 0
        },
        {
            "comment_id": "hiic8tr",
            "body": "Can confirm did same thing with my 2017 Honda Accord, leased for three years, bought out at the end. Thing has 25k on it right now, thanks covid \ud83d\ude02. Could have made a few grand on selling it at the time, might be able to still. 0 down, 200 a month, was kinda the best lease deal for me at the time. \n\nAlways double check real quick on sites that buy cars too for an easy flip if you\u2019re not comfortable doing private sales!",
            "ups": 2,
            "downs": 0
        }
    ],
    "top_comments_best": [
        {
            "comment_id": "hiibg9t",
            "body": "Hello and welcome to r/LifeProTips!\n\nPlease help us decide if this post is a good fit for the subreddit by up or downvoting this comment. \n\nIf you think that this is great advice to improve your life, please upvote. If you think this doesn't help you in any way, please downvote. If you don't care, leave it for the others to decide.",
            "ups": 1,
            "downs": 0
        },
        {
            "comment_id": "hiic8tr",
            "body": "Can confirm did same thing with my 2017 Honda Accord, leased for three years, bought out at the end. Thing has 25k on it right now, thanks covid \ud83d\ude02. Could have made a few grand on selling it at the time, might be able to still. 0 down, 200 a month, was kinda the best lease deal for me at the time. \n\nAlways double check real quick on sites that buy cars too for an easy flip if you\u2019re not comfortable doing private sales!",
            "ups": 2,
            "downs": 0
        }
    ],
    "top_comments_hot": [
        {
            "comment_id": "hiibg9t",
            "body": "Hello and welcome to r/LifeProTips!\n\nPlease help us decide if this post is a good fit for the subreddit by up or downvoting this comment. \n\nIf you think that this is great advice to improve your life, please upvote. If you think this doesn't help you in any way, please downvote. If you don't care, leave it for the others to decide.",
            "ups": 1,
            "downs": 0
        },
        {
            "comment_id": "hiic8tr",
            "body": "Can confirm did same thing with my 2017 Honda Accord, leased for three years, bought out at the end. Thing has 25k on it right now, thanks covid \ud83d\ude02. Could have made a few grand on selling it at the time, might be able to still. 0 down, 200 a month, was kinda the best lease deal for me at the time. \n\nAlways double check real quick on sites that buy cars too for an easy flip if you\u2019re not comfortable doing private sales!",
            "ups": 2,
            "downs": 0
        }
    ]
}