{
    "post_url": "https://www.reddit.com/r/gaming/comments/qj0oua/gaming_shelf/",
    "time_posted": "2021-10-30 08:41:28",
    "time_now": "2021-11-01 18:11:06",
    "ups": 0,
    "downs": 0,
    "comments_since_last_sample": [],
    "top_comments_top": [
        {
            "comment_id": "himy5l9",
            "body": "anime figurines of a catgirl showing off her underwear. do not question this.",
            "ups": 3,
            "downs": 0
        },
        {
            "comment_id": "himzx3t",
            "body": "The Death Stranding baby pod. It\u2019s not creepy\u2026.",
            "ups": 3,
            "downs": 0
        },
        {
            "comment_id": "hin0f7v",
            "body": "a bottle of Nuka Cola",
            "ups": 2,
            "downs": 0
        }
    ],
    "top_comments_best": [
        {
            "comment_id": "himy5l9",
            "body": "anime figurines of a catgirl showing off her underwear. do not question this.",
            "ups": 3,
            "downs": 0
        },
        {
            "comment_id": "himzx3t",
            "body": "The Death Stranding baby pod. It\u2019s not creepy\u2026.",
            "ups": 3,
            "downs": 0
        },
        {
            "comment_id": "hin0f7v",
            "body": "a bottle of Nuka Cola",
            "ups": 2,
            "downs": 0
        }
    ],
    "top_comments_hot": [
        {
            "comment_id": "himy5l9",
            "body": "anime figurines of a catgirl showing off her underwear. do not question this.",
            "ups": 3,
            "downs": 0
        },
        {
            "comment_id": "himzx3t",
            "body": "The Death Stranding baby pod. It\u2019s not creepy\u2026.",
            "ups": 3,
            "downs": 0
        },
        {
            "comment_id": "hin0f7v",
            "body": "a bottle of Nuka Cola",
            "ups": 2,
            "downs": 0
        }
    ]
}