{
    "post_url": "https://www.reddit.com/r/politics/comments/qisfom/iowa_governor_signs_law_granting_unemployment/",
    "time_posted": "2021-10-29 22:51:54",
    "time_now": "2021-10-31 17:29:43",
    "ups": 65,
    "downs": 0,
    "comments_since_last_sample": [],
    "top_comments_top": [
        {
            "comment_id": "hiliw9d",
            "body": "\nAs a reminder, this subreddit [is for civil discussion.](/r/politics/wiki/index#wiki_be_civil)\n\nIn general, be courteous to others. Debate/discuss/argue the merits of ideas, don't attack people. Personal insults, shill or troll accusations, hate speech, any suggestion or support of harm, violence, or death, and other rule violations can result in a permanent ban. \n\nIf you see comments in violation of our rules, please report them.\n\n For those who have questions regarding any media outlets being posted on this subreddit, please click [here](https://www.reddit.com/r/politics/wiki/approveddomainslist) to review our details as to our approved domains list and outlet criteria.\n\n***\n\n\n*I am a bot, and this action was performed automatically. Please [contact the moderators of this subreddit](/message/compose/?to=/r/politics) if you have any questions or concerns.*",
            "ups": 1,
            "downs": 0
        },
        {
            "comment_id": "hilj9l3",
            "body": "LOL it's not communism when WE do it.",
            "ups": 115,
            "downs": 0
        },
        {
            "comment_id": "hilkaxy",
            "body": "This is even worse knowing that Reynolds cut federal UI covid benefits early and claimed they made Iowans too lazy to take any of the jobs no one wants.",
            "ups": 63,
            "downs": 0
        },
        {
            "comment_id": "hilkiy2",
            "body": "Giving government handouts to lazy people who don\u2019t want to work.",
            "ups": 31,
            "downs": 0
        },
        {
            "comment_id": "hilkm1t",
            "body": "Welfare for antivaxxers",
            "ups": 30,
            "downs": 0
        }
    ],
    "top_comments_best": [
        {
            "comment_id": "hiliw9d",
            "body": "\nAs a reminder, this subreddit [is for civil discussion.](/r/politics/wiki/index#wiki_be_civil)\n\nIn general, be courteous to others. Debate/discuss/argue the merits of ideas, don't attack people. Personal insults, shill or troll accusations, hate speech, any suggestion or support of harm, violence, or death, and other rule violations can result in a permanent ban. \n\nIf you see comments in violation of our rules, please report them.\n\n For those who have questions regarding any media outlets being posted on this subreddit, please click [here](https://www.reddit.com/r/politics/wiki/approveddomainslist) to review our details as to our approved domains list and outlet criteria.\n\n***\n\n\n*I am a bot, and this action was performed automatically. Please [contact the moderators of this subreddit](/message/compose/?to=/r/politics) if you have any questions or concerns.*",
            "ups": 1,
            "downs": 0
        },
        {
            "comment_id": "hilj9l3",
            "body": "LOL it's not communism when WE do it.",
            "ups": 113,
            "downs": 0
        },
        {
            "comment_id": "hilkaxy",
            "body": "This is even worse knowing that Reynolds cut federal UI covid benefits early and claimed they made Iowans too lazy to take any of the jobs no one wants.",
            "ups": 63,
            "downs": 0
        },
        {
            "comment_id": "hiljvb1",
            "body": "... unless they're vulnerable workers at pork processing plants.",
            "ups": 17,
            "downs": 0
        },
        {
            "comment_id": "hill89j",
            "body": "Whats the purpose of the republican party again?",
            "ups": 18,
            "downs": 0
        }
    ],
    "top_comments_hot": [
        {
            "comment_id": "hiliw9d",
            "body": "\nAs a reminder, this subreddit [is for civil discussion.](/r/politics/wiki/index#wiki_be_civil)\n\nIn general, be courteous to others. Debate/discuss/argue the merits of ideas, don't attack people. Personal insults, shill or troll accusations, hate speech, any suggestion or support of harm, violence, or death, and other rule violations can result in a permanent ban. \n\nIf you see comments in violation of our rules, please report them.\n\n For those who have questions regarding any media outlets being posted on this subreddit, please click [here](https://www.reddit.com/r/politics/wiki/approveddomainslist) to review our details as to our approved domains list and outlet criteria.\n\n***\n\n\n*I am a bot, and this action was performed automatically. Please [contact the moderators of this subreddit](/message/compose/?to=/r/politics) if you have any questions or concerns.*",
            "ups": 1,
            "downs": 0
        },
        {
            "comment_id": "hilj9l3",
            "body": "LOL it's not communism when WE do it.",
            "ups": 115,
            "downs": 0
        },
        {
            "comment_id": "hilkaxy",
            "body": "This is even worse knowing that Reynolds cut federal UI covid benefits early and claimed they made Iowans too lazy to take any of the jobs no one wants.",
            "ups": 64,
            "downs": 0
        },
        {
            "comment_id": "hiljvb1",
            "body": "... unless they're vulnerable workers at pork processing plants.",
            "ups": 20,
            "downs": 0
        },
        {
            "comment_id": "hill89j",
            "body": "Whats the purpose of the republican party again?",
            "ups": 18,
            "downs": 0
        }
    ]
}