{
    "post_url": "https://www.reddit.com/r/politics/comments/qj11x6/the_lincoln_project_roasted_as_deranged_hacks_for/",
    "time_posted": "2021-10-30 09:03:00",
    "time_now": "2021-10-31 05:08:17",
    "ups": 0,
    "downs": 0,
    "comments_since_last_sample": [],
    "top_comments_top": [
        {
            "comment_id": "himzu5a",
            "body": "\nAs a reminder, this subreddit [is for civil discussion.](/r/politics/wiki/index#wiki_be_civil)\n\nIn general, be courteous to others. Debate/discuss/argue the merits of ideas, don't attack people. Personal insults, shill or troll accusations, hate speech, any suggestion or support of harm, violence, or death, and other rule violations can result in a permanent ban. \n\nIf you see comments in violation of our rules, please report them.\n\n For those who have questions regarding any media outlets being posted on this subreddit, please click [here](https://www.reddit.com/r/politics/wiki/approveddomainslist) to review our details as to our approved domains list and outlet criteria.\n\n***\n\n\n*I am a bot, and this action was performed automatically. Please [contact the moderators of this subreddit](/message/compose/?to=/r/politics) if you have any questions or concerns.*",
            "ups": 1,
            "downs": 0
        },
        {
            "comment_id": "hin0oev",
            "body": "Fuck fox news.",
            "ups": 22,
            "downs": 0
        },
        {
            "comment_id": "hin3i0e",
            "body": "Youngkin thought they were legit, and he welcomed them.  Hard stop.",
            "ups": 18,
            "downs": 0
        },
        {
            "comment_id": "hin0ovn",
            "body": "By the pearl clutchers on the right.  I think it was spot on.",
            "ups": 15,
            "downs": 0
        },
        {
            "comment_id": "hin23l9",
            "body": "It really warms my dark and empty lil heart to see conservatives receive the same kind of underhanded ratfuck treatment they\u2019ve been dishing to everyone else for the last century. \n\nI mean, until you widen focus and realize that the crazy people are winning and we\u2019re all gonna have to deal with THAT in 2022 and 2024.",
            "ups": 13,
            "downs": 0
        }
    ],
    "top_comments_best": [
        {
            "comment_id": "himzu5a",
            "body": "\nAs a reminder, this subreddit [is for civil discussion.](/r/politics/wiki/index#wiki_be_civil)\n\nIn general, be courteous to others. Debate/discuss/argue the merits of ideas, don't attack people. Personal insults, shill or troll accusations, hate speech, any suggestion or support of harm, violence, or death, and other rule violations can result in a permanent ban. \n\nIf you see comments in violation of our rules, please report them.\n\n For those who have questions regarding any media outlets being posted on this subreddit, please click [here](https://www.reddit.com/r/politics/wiki/approveddomainslist) to review our details as to our approved domains list and outlet criteria.\n\n***\n\n\n*I am a bot, and this action was performed automatically. Please [contact the moderators of this subreddit](/message/compose/?to=/r/politics) if you have any questions or concerns.*",
            "ups": 1,
            "downs": 0
        },
        {
            "comment_id": "hin0oev",
            "body": "Fuck fox news.",
            "ups": 21,
            "downs": 0
        },
        {
            "comment_id": "hin0ovn",
            "body": "By the pearl clutchers on the right.  I think it was spot on.",
            "ups": 16,
            "downs": 0
        },
        {
            "comment_id": "hin23l9",
            "body": "It really warms my dark and empty lil heart to see conservatives receive the same kind of underhanded ratfuck treatment they\u2019ve been dishing to everyone else for the last century. \n\nI mean, until you widen focus and realize that the crazy people are winning and we\u2019re all gonna have to deal with THAT in 2022 and 2024.",
            "ups": 13,
            "downs": 0
        },
        {
            "comment_id": "hin1oac",
            "body": "Conservatives making shit up again.",
            "ups": 11,
            "downs": 0
        }
    ],
    "top_comments_hot": [
        {
            "comment_id": "himzu5a",
            "body": "\nAs a reminder, this subreddit [is for civil discussion.](/r/politics/wiki/index#wiki_be_civil)\n\nIn general, be courteous to others. Debate/discuss/argue the merits of ideas, don't attack people. Personal insults, shill or troll accusations, hate speech, any suggestion or support of harm, violence, or death, and other rule violations can result in a permanent ban. \n\nIf you see comments in violation of our rules, please report them.\n\n For those who have questions regarding any media outlets being posted on this subreddit, please click [here](https://www.reddit.com/r/politics/wiki/approveddomainslist) to review our details as to our approved domains list and outlet criteria.\n\n***\n\n\n*I am a bot, and this action was performed automatically. Please [contact the moderators of this subreddit](/message/compose/?to=/r/politics) if you have any questions or concerns.*",
            "ups": 1,
            "downs": 0
        },
        {
            "comment_id": "hin0oev",
            "body": "Fuck fox news.",
            "ups": 21,
            "downs": 0
        },
        {
            "comment_id": "hin0ovn",
            "body": "By the pearl clutchers on the right.  I think it was spot on.",
            "ups": 16,
            "downs": 0
        },
        {
            "comment_id": "hin23l9",
            "body": "It really warms my dark and empty lil heart to see conservatives receive the same kind of underhanded ratfuck treatment they\u2019ve been dishing to everyone else for the last century. \n\nI mean, until you widen focus and realize that the crazy people are winning and we\u2019re all gonna have to deal with THAT in 2022 and 2024.",
            "ups": 14,
            "downs": 0
        },
        {
            "comment_id": "hin1oac",
            "body": "Conservatives making shit up again.",
            "ups": 11,
            "downs": 0
        }
    ]
}