{
    "post_url": "https://www.reddit.com/r/Music/comments/qiw68w/2_days_of_long_drive_with_my_6_years_old_husband/",
    "time_posted": "2021-10-30 03:11:14",
    "time_now": "2021-10-31 17:26:28",
    "ups": 0,
    "downs": 0,
    "comments_since_last_sample": [],
    "top_comments_top": [
        {
            "comment_id": "him7lyf",
            "body": "I am so confused by the title and description.",
            "ups": 11,
            "downs": 0
        },
        {
            "comment_id": "him8510",
            "body": "Might wanna rethink the title of this post OP.",
            "ups": 7,
            "downs": 0
        },
        {
            "comment_id": "him7qal",
            "body": "Is this legal?",
            "ups": 7,
            "downs": 0
        },
        {
            "comment_id": "him84sp",
            "body": "You go right to prison",
            "ups": 5,
            "downs": 0
        },
        {
            "comment_id": "him89l2",
            "body": "I would think having a 6 year old husband has already made it memorable...\n\nProofreading is a wonderful thing to do before hitting \"post\".",
            "ups": 3,
            "downs": 0
        }
    ],
    "top_comments_best": [
        {
            "comment_id": "him7lyf",
            "body": "I am so confused by the title and description.",
            "ups": 12,
            "downs": 0
        },
        {
            "comment_id": "him8510",
            "body": "Might wanna rethink the title of this post OP.",
            "ups": 7,
            "downs": 0
        },
        {
            "comment_id": "him7qal",
            "body": "Is this legal?",
            "ups": 5,
            "downs": 0
        },
        {
            "comment_id": "him84sp",
            "body": "You go right to prison",
            "ups": 6,
            "downs": 0
        },
        {
            "comment_id": "him89l2",
            "body": "I would think having a 6 year old husband has already made it memorable...\n\nProofreading is a wonderful thing to do before hitting \"post\".",
            "ups": 3,
            "downs": 0
        }
    ],
    "top_comments_hot": [
        {
            "comment_id": "him7lyf",
            "body": "I am so confused by the title and description.",
            "ups": 12,
            "downs": 0
        },
        {
            "comment_id": "him8510",
            "body": "Might wanna rethink the title of this post OP.",
            "ups": 6,
            "downs": 0
        },
        {
            "comment_id": "him7qal",
            "body": "Is this legal?",
            "ups": 6,
            "downs": 0
        },
        {
            "comment_id": "him84sp",
            "body": "You go right to prison",
            "ups": 4,
            "downs": 0
        },
        {
            "comment_id": "him89l2",
            "body": "I would think having a 6 year old husband has already made it memorable...\n\nProofreading is a wonderful thing to do before hitting \"post\".",
            "ups": 3,
            "downs": 0
        }
    ]
}