{
    "post_url": "https://www.reddit.com/r/gaming/comments/qj2f3q/do_any_of_you_watch_stealthgamerbr/",
    "time_posted": "2021-10-30 10:19:08",
    "time_now": "2021-11-01 05:48:55",
    "ups": 24,
    "downs": 0,
    "comments_since_last_sample": [],
    "top_comments_top": [
        {
            "comment_id": "hioy46t",
            "body": "Not hard to make it look good when you cheat and have infinite mana.",
            "ups": 2,
            "downs": 0
        },
        {
            "comment_id": "hina9vk",
            "body": "Damn he good",
            "ups": 1,
            "downs": 0
        },
        {
            "comment_id": "hincd2w",
            "body": "OOOH I MISS THIS GAME! I am going to have to get my PS3 back from my little sister so I can play this again",
            "ups": 1,
            "downs": 0
        },
        {
            "comment_id": "hioxrea",
            "body": "Since when the fuck can you chop people in half in Dishonored 1?\n\nOh right I never kill anyone because I actually play Stealth. I wouldn't know.",
            "ups": 1,
            "downs": 0
        },
        {
            "comment_id": "hioysi5",
            "body": "r/underratedgames",
            "ups": 1,
            "downs": 0
        }
    ],
    "top_comments_best": [
        {
            "comment_id": "hioy46t",
            "body": "Not hard to make it look good when you cheat and have infinite mana.",
            "ups": 4,
            "downs": 0
        },
        {
            "comment_id": "hioxrea",
            "body": "Since when the fuck can you chop people in half in Dishonored 1?\n\nOh right I never kill anyone because I actually play Stealth. I wouldn't know.",
            "ups": 1,
            "downs": 0
        },
        {
            "comment_id": "hina9vk",
            "body": "Damn he good",
            "ups": 1,
            "downs": 0
        },
        {
            "comment_id": "hincd2w",
            "body": "OOOH I MISS THIS GAME! I am going to have to get my PS3 back from my little sister so I can play this again",
            "ups": 1,
            "downs": 0
        },
        {
            "comment_id": "hioysi5",
            "body": "r/underratedgames",
            "ups": 1,
            "downs": 0
        }
    ],
    "top_comments_hot": [
        {
            "comment_id": "hioy46t",
            "body": "Not hard to make it look good when you cheat and have infinite mana.",
            "ups": 3,
            "downs": 0
        },
        {
            "comment_id": "hioxrea",
            "body": "Since when the fuck can you chop people in half in Dishonored 1?\n\nOh right I never kill anyone because I actually play Stealth. I wouldn't know.",
            "ups": 1,
            "downs": 0
        },
        {
            "comment_id": "hina9vk",
            "body": "Damn he good",
            "ups": 1,
            "downs": 0
        },
        {
            "comment_id": "hincd2w",
            "body": "OOOH I MISS THIS GAME! I am going to have to get my PS3 back from my little sister so I can play this again",
            "ups": 1,
            "downs": 0
        },
        {
            "comment_id": "hioysi5",
            "body": "r/underratedgames",
            "ups": 1,
            "downs": 0
        }
    ]
}