{
    "post_url": "https://www.reddit.com/r/gaming/comments/qizrea/what_are_the_best_horror_games_out_right_now/",
    "time_posted": "2021-10-30 07:40:48",
    "time_now": "2021-10-30 16:47:54",
    "ups": 6,
    "downs": 0,
    "comments_since_last_sample": [
        {
            "comment_id": "hing4k6",
            "body": "RE7 Biohazard, RE Village and Visage.  Infliction is pretty low budget but will scare the shit out of you at times too."
        },
        {
            "comment_id": "hindgwv",
            "body": "Resident evil 7"
        },
        {
            "comment_id": "hin8762",
            "body": "I had an absolute blast playing the Resident evil series from start when Village was announced. But 7 &amp; Village are the stuff if you want quality horror and they are pretty much a standalone story."
        },
        {
            "comment_id": "hin6dwk",
            "body": "Dead Space 1, Alien Isolation, SOMA."
        },
        {
            "comment_id": "himwg7l",
            "body": "It's a bit older, but Amnesia, the dark descent is pretty great, and made me pee myself a few times. It even has sequels but I haven't gotten around to them yet."
        },
        {
            "comment_id": "himuypr",
            "body": "I\u2019d check out The Dark Pictures Anthology series.\n\nMan of Medan was pretty good, as was Little Hope. If you\u2019re into decision based gaming. There\u2019s a new one out now too.\n\nUntil Dawn is excellent too. And Outlast. Although these have been out several years."
        },
        {
            "comment_id": "himue3n",
            "body": "Dead Space\n\nSOMA\n\nSilent Hills\n\nAlan Wake \n\nBioshock\n\nFEAR\n\nControl"
        },
        {
            "comment_id": "himue00",
            "body": "rust because one second you\u2019re chilling in your base and next second, your base gets RPG\u2019d 5 times in a row."
        },
        {
            "comment_id": "himt7ge",
            "body": "Tarkov"
        },
        {
            "comment_id": "himt744",
            "body": "Not new but The Forest is amazing, especially with friends. The sequel comes out next year."
        },
        {
            "comment_id": "himt1ix",
            "body": "Alien isolation, difficult aswell"
        },
        {
            "comment_id": "hims0ut",
            "body": "New Worlds. Its so scary that I don't wanna play it. I'm afraid that my gpu go boom."
        }
    ],
    "top_comments_top": [
        {
            "comment_id": "himt1ix",
            "body": "Alien isolation, difficult aswell",
            "ups": 4,
            "downs": 0
        },
        {
            "comment_id": "himue3n",
            "body": "Dead Space\n\nSOMA\n\nSilent Hills\n\nAlan Wake \n\nBioshock\n\nFEAR\n\nControl",
            "ups": 4,
            "downs": 0
        },
        {
            "comment_id": "himuypr",
            "body": "I\u2019d check out The Dark Pictures Anthology series.\n\nMan of Medan was pretty good, as was Little Hope. If you\u2019re into decision based gaming. There\u2019s a new one out now too.\n\nUntil Dawn is excellent too. And Outlast. Although these have been out several years.",
            "ups": 2,
            "downs": 0
        },
        {
            "comment_id": "hin6dwk",
            "body": "Dead Space 1, Alien Isolation, SOMA.",
            "ups": 2,
            "downs": 0
        },
        {
            "comment_id": "hin8762",
            "body": "I had an absolute blast playing the Resident evil series from start when Village was announced. But 7 &amp; Village are the stuff if you want quality horror and they are pretty much a standalone story.",
            "ups": 2,
            "downs": 0
        }
    ],
    "top_comments_best": [
        {
            "comment_id": "himt1ix",
            "body": "Alien isolation, difficult aswell",
            "ups": 5,
            "downs": 0
        },
        {
            "comment_id": "himue3n",
            "body": "Dead Space\n\nSOMA\n\nSilent Hills\n\nAlan Wake \n\nBioshock\n\nFEAR\n\nControl",
            "ups": 5,
            "downs": 0
        },
        {
            "comment_id": "himuypr",
            "body": "I\u2019d check out The Dark Pictures Anthology series.\n\nMan of Medan was pretty good, as was Little Hope. If you\u2019re into decision based gaming. There\u2019s a new one out now too.\n\nUntil Dawn is excellent too. And Outlast. Although these have been out several years.",
            "ups": 2,
            "downs": 0
        },
        {
            "comment_id": "hin6dwk",
            "body": "Dead Space 1, Alien Isolation, SOMA.",
            "ups": 2,
            "downs": 0
        },
        {
            "comment_id": "hin8762",
            "body": "I had an absolute blast playing the Resident evil series from start when Village was announced. But 7 &amp; Village are the stuff if you want quality horror and they are pretty much a standalone story.",
            "ups": 2,
            "downs": 0
        }
    ],
    "top_comments_hot": [
        {
            "comment_id": "himt1ix",
            "body": "Alien isolation, difficult aswell",
            "ups": 5,
            "downs": 0
        },
        {
            "comment_id": "himue3n",
            "body": "Dead Space\n\nSOMA\n\nSilent Hills\n\nAlan Wake \n\nBioshock\n\nFEAR\n\nControl",
            "ups": 4,
            "downs": 0
        },
        {
            "comment_id": "himuypr",
            "body": "I\u2019d check out The Dark Pictures Anthology series.\n\nMan of Medan was pretty good, as was Little Hope. If you\u2019re into decision based gaming. There\u2019s a new one out now too.\n\nUntil Dawn is excellent too. And Outlast. Although these have been out several years.",
            "ups": 2,
            "downs": 0
        },
        {
            "comment_id": "hin6dwk",
            "body": "Dead Space 1, Alien Isolation, SOMA.",
            "ups": 2,
            "downs": 0
        },
        {
            "comment_id": "hin8762",
            "body": "I had an absolute blast playing the Resident evil series from start when Village was announced. But 7 &amp; Village are the stuff if you want quality horror and they are pretty much a standalone story.",
            "ups": 2,
            "downs": 0
        }
    ]
}