{
    "post_url": "https://www.reddit.com/r/politics/comments/qj2s0l/aoc_says_biden_should_cancel_student_debt_after/",
    "time_posted": "2021-10-30 10:37:52",
    "time_now": "2021-11-02 18:55:21",
    "ups": 5258,
    "downs": 0,
    "comments_since_last_sample": [],
    "top_comments_top": [
        {
            "comment_id": "hinbani",
            "body": "\nAs a reminder, this subreddit [is for civil discussion.](/r/politics/wiki/index#wiki_be_civil)\n\nIn general, be courteous to others. Debate/discuss/argue the merits of ideas, don't attack people. Personal insults, shill or troll accusations, hate speech, any suggestion or support of harm, violence, or death, and other rule violations can result in a permanent ban. \n\nIf you see comments in violation of our rules, please report them.\n\n For those who have questions regarding any media outlets being posted on this subreddit, please click [here](https://www.reddit.com/r/politics/wiki/approveddomainslist) to review our details as to our approved domains list and outlet criteria.\n\n***\n\n\n*I am a bot, and this action was performed automatically. Please [contact the moderators of this subreddit](/message/compose/?to=/r/politics) if you have any questions or concerns.*",
            "ups": 1,
            "downs": 0
        },
        {
            "comment_id": "hinduk8",
            "body": "This is fox news garbage, even if the headline seems appealing.  As if they support her or what she stands for.",
            "ups": 232,
            "downs": 0
        },
        {
            "comment_id": "hinc1os",
            "body": "Everytime I think about this (debt cancellation) I cannot fathom the reason for delay.",
            "ups": 101,
            "downs": 0
        },
        {
            "comment_id": "hioqi5v",
            "body": "Biden would never do it. We could only dream of such a reality",
            "ups": 40,
            "downs": 0
        },
        {
            "comment_id": "hio7ge0",
            "body": "Yet if he did it I am sure Manchin would use it as a reason to withhold his vote yet again.",
            "ups": 34,
            "downs": 0
        }
    ],
    "top_comments_best": [
        {
            "comment_id": "hinbani",
            "body": "\nAs a reminder, this subreddit [is for civil discussion.](/r/politics/wiki/index#wiki_be_civil)\n\nIn general, be courteous to others. Debate/discuss/argue the merits of ideas, don't attack people. Personal insults, shill or troll accusations, hate speech, any suggestion or support of harm, violence, or death, and other rule violations can result in a permanent ban. \n\nIf you see comments in violation of our rules, please report them.\n\n For those who have questions regarding any media outlets being posted on this subreddit, please click [here](https://www.reddit.com/r/politics/wiki/approveddomainslist) to review our details as to our approved domains list and outlet criteria.\n\n***\n\n\n*I am a bot, and this action was performed automatically. Please [contact the moderators of this subreddit](/message/compose/?to=/r/politics) if you have any questions or concerns.*",
            "ups": 1,
            "downs": 0
        },
        {
            "comment_id": "hinduk8",
            "body": "This is fox news garbage, even if the headline seems appealing.  As if they support her or what she stands for.",
            "ups": 232,
            "downs": 0
        },
        {
            "comment_id": "hio7ge0",
            "body": "Yet if he did it I am sure Manchin would use it as a reason to withhold his vote yet again.",
            "ups": 33,
            "downs": 0
        },
        {
            "comment_id": "hiopqb4",
            "body": "He might do it towards the end of his term to try and get a boost of public support for re-election.",
            "ups": 28,
            "downs": 0
        },
        {
            "comment_id": "hioai1v",
            "body": "President Manchin might be upset about that.",
            "ups": 27,
            "downs": 0
        }
    ],
    "top_comments_hot": [
        {
            "comment_id": "hinbani",
            "body": "\nAs a reminder, this subreddit [is for civil discussion.](/r/politics/wiki/index#wiki_be_civil)\n\nIn general, be courteous to others. Debate/discuss/argue the merits of ideas, don't attack people. Personal insults, shill or troll accusations, hate speech, any suggestion or support of harm, violence, or death, and other rule violations can result in a permanent ban. \n\nIf you see comments in violation of our rules, please report them.\n\n For those who have questions regarding any media outlets being posted on this subreddit, please click [here](https://www.reddit.com/r/politics/wiki/approveddomainslist) to review our details as to our approved domains list and outlet criteria.\n\n***\n\n\n*I am a bot, and this action was performed automatically. Please [contact the moderators of this subreddit](/message/compose/?to=/r/politics) if you have any questions or concerns.*",
            "ups": 1,
            "downs": 0
        },
        {
            "comment_id": "hinduk8",
            "body": "This is fox news garbage, even if the headline seems appealing.  As if they support her or what she stands for.",
            "ups": 230,
            "downs": 0
        },
        {
            "comment_id": "hio7ge0",
            "body": "Yet if he did it I am sure Manchin would use it as a reason to withhold his vote yet again.",
            "ups": 36,
            "downs": 0
        },
        {
            "comment_id": "hiopqb4",
            "body": "He might do it towards the end of his term to try and get a boost of public support for re-election.",
            "ups": 29,
            "downs": 0
        },
        {
            "comment_id": "hioai1v",
            "body": "President Manchin might be upset about that.",
            "ups": 28,
            "downs": 0
        }
    ]
}