{
    "post_url": "https://www.reddit.com/r/LifeProTips/comments/qibdbh/lpt_if_you_are_a_student_and_have_an_assignment/",
    "time_posted": "2021-10-29 08:09:09",
    "time_now": "2021-11-01 01:46:20",
    "ups": 28792,
    "downs": 0,
    "comments_since_last_sample": [],
    "top_comments_top": [
        {
            "comment_id": "hii3xr3",
            "body": "Hello and welcome to r/LifeProTips!\n\nPlease help us decide if this post is a good fit for the subreddit by up or downvoting this comment. \n\nIf you think that this is great advice to improve your life, please upvote. If you think this doesn't help you in any way, please downvote. If you don't care, leave it for the others to decide.",
            "ups": 1,
            "downs": 0
        },
        {
            "comment_id": "hii9zu6",
            "body": "I think if one were to make a Venn diagram of people who are frequently late with school work and people who can proactively consult with the teacher, that Venn diagram would look like sunset on Tatooine.",
            "ups": 3253,
            "downs": 0
        },
        {
            "comment_id": "hiideyr",
            "body": "This works for being sick as well. This year I have missed a class due to just getting bombarded with staph, strep, and now something else\u2026 I have missed probably 1/3 of my classes. \n\nI was super anxious about emailing professors out sick, but what I\u2019ve learned is just be upfront and honest, and participate when you are in class, and they don\u2019t care if you miss a lot. Just email them before you miss the class.",
            "ups": 2852,
            "downs": 0
        },
        {
            "comment_id": "hii528i",
            "body": "LPT: If you\u2019re going to be late for work, call your boss BEFORE you arrive late, not AFTER.",
            "ups": 658,
            "downs": 0
        },
        {
            "comment_id": "hiimn5f",
            "body": "Indeed.  Fact is, your teachers want you to pass. They're on your side. Most of them, at least. Even from a cynical standpoint that drop-out rates and failure rates don't look good in league tables. It's in nobody's interests for you to struggle, fail, or drop out. Reach out early and let them help you if they can. And if you're unlucky enough to have an unhelpful teacher/tutor/supervisor, and you really care about your education, ask someone else. Don't panic, or stew in your worries.",
            "ups": 435,
            "downs": 0
        }
    ],
    "top_comments_best": [
        {
            "comment_id": "hii3xr3",
            "body": "Hello and welcome to r/LifeProTips!\n\nPlease help us decide if this post is a good fit for the subreddit by up or downvoting this comment. \n\nIf you think that this is great advice to improve your life, please upvote. If you think this doesn't help you in any way, please downvote. If you don't care, leave it for the others to decide.",
            "ups": 1,
            "downs": 0
        },
        {
            "comment_id": "hiideyr",
            "body": "This works for being sick as well. This year I have missed a class due to just getting bombarded with staph, strep, and now something else\u2026 I have missed probably 1/3 of my classes. \n\nI was super anxious about emailing professors out sick, but what I\u2019ve learned is just be upfront and honest, and participate when you are in class, and they don\u2019t care if you miss a lot. Just email them before you miss the class.",
            "ups": 2852,
            "downs": 0
        },
        {
            "comment_id": "hiimn5f",
            "body": "Indeed.  Fact is, your teachers want you to pass. They're on your side. Most of them, at least. Even from a cynical standpoint that drop-out rates and failure rates don't look good in league tables. It's in nobody's interests for you to struggle, fail, or drop out. Reach out early and let them help you if they can. And if you're unlucky enough to have an unhelpful teacher/tutor/supervisor, and you really care about your education, ask someone else. Don't panic, or stew in your worries.",
            "ups": 434,
            "downs": 0
        },
        {
            "comment_id": "hii9zu6",
            "body": "I think if one were to make a Venn diagram of people who are frequently late with school work and people who can proactively consult with the teacher, that Venn diagram would look like sunset on Tatooine.",
            "ups": 3254,
            "downs": 0
        },
        {
            "comment_id": "hii528i",
            "body": "LPT: If you\u2019re going to be late for work, call your boss BEFORE you arrive late, not AFTER.",
            "ups": 656,
            "downs": 0
        }
    ],
    "top_comments_hot": [
        {
            "comment_id": "hii3xr3",
            "body": "Hello and welcome to r/LifeProTips!\n\nPlease help us decide if this post is a good fit for the subreddit by up or downvoting this comment. \n\nIf you think that this is great advice to improve your life, please upvote. If you think this doesn't help you in any way, please downvote. If you don't care, leave it for the others to decide.",
            "ups": 1,
            "downs": 0
        },
        {
            "comment_id": "hiideyr",
            "body": "This works for being sick as well. This year I have missed a class due to just getting bombarded with staph, strep, and now something else\u2026 I have missed probably 1/3 of my classes. \n\nI was super anxious about emailing professors out sick, but what I\u2019ve learned is just be upfront and honest, and participate when you are in class, and they don\u2019t care if you miss a lot. Just email them before you miss the class.",
            "ups": 2854,
            "downs": 0
        },
        {
            "comment_id": "hiimn5f",
            "body": "Indeed.  Fact is, your teachers want you to pass. They're on your side. Most of them, at least. Even from a cynical standpoint that drop-out rates and failure rates don't look good in league tables. It's in nobody's interests for you to struggle, fail, or drop out. Reach out early and let them help you if they can. And if you're unlucky enough to have an unhelpful teacher/tutor/supervisor, and you really care about your education, ask someone else. Don't panic, or stew in your worries.",
            "ups": 433,
            "downs": 0
        },
        {
            "comment_id": "hii9zu6",
            "body": "I think if one were to make a Venn diagram of people who are frequently late with school work and people who can proactively consult with the teacher, that Venn diagram would look like sunset on Tatooine.",
            "ups": 3260,
            "downs": 0
        },
        {
            "comment_id": "hii528i",
            "body": "LPT: If you\u2019re going to be late for work, call your boss BEFORE you arrive late, not AFTER.",
            "ups": 661,
            "downs": 0
        }
    ]
}