{
    "time_posted": "2021-10-30 12:00:11",
    "url": "https://www.youtube.com/watch?v=4bEpJNejSu0",
    "time_now": "2021-11-03 11:20:45",
    "ups": "6732",
    "downs": "357",
    "views": "566332",
    "top_comments": [
        {
            "comment": "Around 1:46:00 mark, EFN gets annoyed af with Wale when he starts playing Nore's music. Your man put his parent voice on and said \"Ok guys...stop the bullsh!t\" \ud83d\ude02\ud83d\ude02\ud83d\ude02",
            "likes": 1,
            "number_of_replies": 0
        },
        {
            "comment": "WALE VS BIG SEAN VERZUZ MAKE IT HAPPEN!",
            "likes": 1,
            "number_of_replies": 0
        },
        {
            "comment": "Wale, Burna Boy and Jae Crowder the same Person",
            "likes": 1,
            "number_of_replies": 0
        }
    ],
    "comments_since_last_sample": [
        {
            "body": "Wale crazy as a sum bitch"
        },
        {
            "body": "This is beautiful- fucked with wale since like 08 - but man, them glasses hiding the eyes, and the truth"
        },
        {
            "body": "Yo Wale flipped it lol"
        },
        {
            "body": "Everytime I watch drink champs I remember why I don't like watching drink champs \ud83e\udd26\ud83c\udffe\u200d\u2642\ufe0f"
        },
        {
            "body": "I\u2019m so glad Wale didn\u2019t disappoint. This was a good episode!!!"
        },
        {
            "body": "Wale, Burna Boy and Jae Crowder the same Person"
        },
        {
            "body": "Burna Boy from D.C?"
        }
    ]
}