{
    "time_posted": "2021-10-30 12:00:11",
    "url": "https://www.youtube.com/watch?v=4bEpJNejSu0",
    "time_now": "2021-11-02 18:51:53",
    "ups": "6391",
    "downs": "329",
    "views": "524306",
    "top_comments": [],
    "comments_since_last_sample": [
        {
            "body": "WALE NEED A GIRL TO RIDE, RIDE, RIDE. HE NEED A GIRL TO MAKE HIS WIFE. I NEEDS A GIRL MY OH MY. HE NEED A GIRL IN HIS LIFE"
        },
        {
            "body": "Great interview!! Wale, Nore, EFN much respect my Brothas!!!\ud83d\ude4f"
        },
        {
            "body": "This one of the best mf drink champs episodes ever bruh! Wale energy is unmatched and even got Nore got fucked up for once. \ud83e\udd23"
        },
        {
            "body": "nore\u2019s face after wale answered the respect or loyalty question, respect all day loyalty will run out every time."
        },
        {
            "body": "He called this man's album a periodic element...Fluorine."
        },
        {
            "body": "Damn, as many DC episodes I've watched, I have NEVER seen NORE this wasted! He can't even talk at the end."
        },
        {
            "body": "Molly bag by Fat Trel still hit different"
        },
        {
            "body": "fat trel let that thing go \ud83d\ude02\ud83d\ude02"
        },
        {
            "body": "That boy trel wild as shit \ud83d\ude02\ud83d\ude02\ud83d\ude02 #sb"
        },
        {
            "body": "The drunker Wale gets the more DC ascent comes out. Great Interview"
        },
        {
            "body": "This interview made me feel drunk. NORE seems like he got pissed at the end though. All that was unnecessary but he seemed WASTED"
        },
        {
            "body": "Jordan tracksuit is disrespectful to the belly."
        },
        {
            "body": "Upset that Folarin 2 is trash!"
        },
        {
            "body": "Weird and scintillating interview lmao. Funniest part is Wale saying Nore fried\u2026because he is lmaoooo. Even EFN laughing."
        },
        {
            "body": "I love how charismatic and sarcastic Wale is. This interview kept me laughing unexpectedly. Wale is underrated and should have more recognition by now. I also loved the way he answered the respect vs loyalty question."
        },
        {
            "body": "Fiend and Mia x"
        },
        {
            "body": "N.O.R.E. shoulda yelled \"SECURITY!!!\" this was kinda hard to watch.  Wale took over drink champs :-/"
        },
        {
            "body": "25:00 \"prospresary\" LLS"
        },
        {
            "body": "On god!!! I felt that NORE!!! \ud83c\udf39.. I kno Wale did too!! Hands down this the best episode so far! Better than the last Nas joint!"
        }
    ]
}