{
    "time_posted": "2021-10-30 12:00:11",
    "url": "https://www.youtube.com/watch?v=4bEpJNejSu0",
    "time_now": "2021-10-31 05:04:26",
    "ups": "3461",
    "downs": "121",
    "views": "196498",
    "top_comments": [
        {
            "comment": "im sorry wale always seems like he got a chip on his shoulder and he tries too hard to be organically \u2018cool\u2019 but it just comes off as him being difficult and dry\u2026he still aint learned after all these years shows me he has zero self-awareness \ud83d\ude44",
            "likes": 3,
            "number_of_replies": 1
        },
        {
            "comment": "Wale is a passive aggressive type bull. \ud83d\udc4e\ud83c\udfff",
            "likes": 2,
            "number_of_replies": 0
        },
        {
            "comment": "Wale is kinda an asshole...this is probably the weakest episode",
            "likes": 2,
            "number_of_replies": 0
        },
        {
            "comment": "Love Drink champs ...but wale  interviews/conversations always fall flat ..... like the dude but damn slime gotta relax!!! #WeAllWeGot Peace",
            "likes": 1,
            "number_of_replies": 0
        },
        {
            "comment": "This interview was just awkward lol. Wale was stand offish as hell. Nigga clearly didn\u2019t care to be there. Smh. Shit felt forced.",
            "likes": 1,
            "number_of_replies": 0
        }
    ],
    "comments_since_last_sample": [
        {
            "body": "NORE getting fat."
        },
        {
            "body": "This interview was just awkward lol. Wale was stand offish as hell. Nigga clearly didn\u2019t care to be there. Smh. Shit felt forced."
        },
        {
            "body": "All the Crying wale do about not getting his credit and this is about celebrating Him and his Career and he decide to just be on his phone \ud83e\udd14\ud83e\udd14\ud83e\udd14 WEIRDO!!"
        },
        {
            "body": "Wale is comical. Album fire\ud83d\udd25\ud83d\udd25\ud83d\udd25 doe"
        },
        {
            "body": "Felt like them boys was about to bump heads \ud83d\ude05"
        },
        {
            "body": "I'm only 8mins in and I already want to push Wale closer to the table so he can be closer to the mic \ud83c\udfa4"
        },
        {
            "body": "I fuck with wale but he acting like it didn\u2019t take 3 years for \u201cThe Gifted\u201d to go Gold."
        },
        {
            "body": "give nore his flowers for putting up with this feminine emotional guy"
        },
        {
            "body": "this is so uncomfortable."
        },
        {
            "body": "Aye Landover Landova......\ud83d\udc46\ud83c\udffe"
        },
        {
            "body": "RESPECT\ud83d\udcaf\ud83d\udcab\ud83d\ude05\u262e\ufe0f"
        },
        {
            "body": "Did you finger pop her \ud83d\ude02 Nore out his mind \ud83d\udcaa\ud83c\udfff\ud83d\ude02\ud83d\ude02\ud83d\ude02"
        },
        {
            "body": "Wale is kinda an asshole...this is probably the weakest episode"
        },
        {
            "body": "Wale is a passive aggressive type bull. \ud83d\udc4e\ud83c\udfff"
        },
        {
            "body": "That gulp N.O. took, took his ass out."
        },
        {
            "body": "Wale v JCole Verzuz"
        },
        {
            "body": "The beat after the intro \ud83d\udd25\ud83d\udd25\ud83d\udd25"
        },
        {
            "body": "Wale versus Lupe Fiasco would be a good verzuz"
        },
        {
            "body": "im sorry wale always seems like he got a chip on his shoulder and he tries too hard to be organically \u2018cool\u2019 but it just comes off as him being difficult and dry\u2026he still aint learned after all these years shows me he has zero self-awareness \ud83d\ude44"
        },
        {
            "body": "Love Drink champs ...but wale  interviews/conversations always fall flat ..... like the dude but damn slime gotta relax!!! #WeAllWeGot Peace"
        }
    ]
}