{
    "post_url": "https://www.reddit.com/r/Music/comments/qiur93/john_mayer_last_train_home_ballad_version_pop/",
    "time_posted": "2021-10-30 01:26:23",
    "time_now": "2021-10-31 17:26:31",
    "ups": 0,
    "downs": 0,
    "comments_since_last_sample": [],
    "top_comments_top": [
        {
            "comment_id": "hilz0jy",
            "body": "Your submission was removed because it looks like you're posting music without a correct title. \n\nThe correct format is:      \n\n**Artist Name - Song Name [genre]** (optional year) Optional extra text    \n\nCheck your post now. Does it have spaces around the dash \" - \", and does it have the [genre]?    \n\nForgetting these points are almost definitely why it was removed.    \n\nAn example of a correct title:    \n\n     Damu the Fudgemunk - Tea Thyme [instrumental hip-hop/funk] (2010)    \n     \n\n\nYou will need to delete this post before submitting again (click on delete above).\n\n---\n\n**If you are not posting music, please resubmit with the appropriate tag in the title:**\n\n    {non-music audio} for audio submissions that are not music\n    {non-music video} for video submissions that are not music\n\n*I am a bot, and this action was performed automatically. Please [contact the moderators of this subreddit](/message/compose/?to=/r/Music) if you have any questions or concerns.*",
            "ups": 1,
            "downs": 0
        }
    ],
    "top_comments_best": [
        {
            "comment_id": "hilz0jy",
            "body": "Your submission was removed because it looks like you're posting music without a correct title. \n\nThe correct format is:      \n\n**Artist Name - Song Name [genre]** (optional year) Optional extra text    \n\nCheck your post now. Does it have spaces around the dash \" - \", and does it have the [genre]?    \n\nForgetting these points are almost definitely why it was removed.    \n\nAn example of a correct title:    \n\n     Damu the Fudgemunk - Tea Thyme [instrumental hip-hop/funk] (2010)    \n     \n\n\nYou will need to delete this post before submitting again (click on delete above).\n\n---\n\n**If you are not posting music, please resubmit with the appropriate tag in the title:**\n\n    {non-music audio} for audio submissions that are not music\n    {non-music video} for video submissions that are not music\n\n*I am a bot, and this action was performed automatically. Please [contact the moderators of this subreddit](/message/compose/?to=/r/Music) if you have any questions or concerns.*",
            "ups": 1,
            "downs": 0
        }
    ],
    "top_comments_hot": [
        {
            "comment_id": "hilz0jy",
            "body": "Your submission was removed because it looks like you're posting music without a correct title. \n\nThe correct format is:      \n\n**Artist Name - Song Name [genre]** (optional year) Optional extra text    \n\nCheck your post now. Does it have spaces around the dash \" - \", and does it have the [genre]?    \n\nForgetting these points are almost definitely why it was removed.    \n\nAn example of a correct title:    \n\n     Damu the Fudgemunk - Tea Thyme [instrumental hip-hop/funk] (2010)    \n     \n\n\nYou will need to delete this post before submitting again (click on delete above).\n\n---\n\n**If you are not posting music, please resubmit with the appropriate tag in the title:**\n\n    {non-music audio} for audio submissions that are not music\n    {non-music video} for video submissions that are not music\n\n*I am a bot, and this action was performed automatically. Please [contact the moderators of this subreddit](/message/compose/?to=/r/Music) if you have any questions or concerns.*",
            "ups": 1,
            "downs": 0
        }
    ]
}