{
    "post_url": "https://www.reddit.com/r/politics/comments/qj4h44/congress_fails_to_pin_down_oil_company_execs_on/",
    "time_posted": "2021-10-30 12:02:15",
    "time_now": "2021-10-31 17:27:58",
    "ups": 270,
    "downs": 0,
    "comments_since_last_sample": [],
    "top_comments_top": [
        {
            "comment_id": "hinmrjk",
            "body": "\nAs a reminder, this subreddit [is for civil discussion.](/r/politics/wiki/index#wiki_be_civil)\n\nIn general, be courteous to others. Debate/discuss/argue the merits of ideas, don't attack people. Personal insults, shill or troll accusations, hate speech, any suggestion or support of harm, violence, or death, and other rule violations can result in a permanent ban. \n\nIf you see comments in violation of our rules, please report them.\n\n For those who have questions regarding any media outlets being posted on this subreddit, please click [here](https://www.reddit.com/r/politics/wiki/approveddomainslist) to review our details as to our approved domains list and outlet criteria.\n\n***\n\n\n*I am a bot, and this action was performed automatically. Please [contact the moderators of this subreddit](/message/compose/?to=/r/politics) if you have any questions or concerns.*",
            "ups": 1,
            "downs": 0
        },
        {
            "comment_id": "hinosed",
            "body": "Democrats pin down oil execs, Republicans let them off the hook.\n\n&amp;#x200B;\n\nFIFY",
            "ups": 28,
            "downs": 0
        },
        {
            "comment_id": "hinnnqc",
            "body": "We didn't lie to the American people....we just hired a lot of people to lie to the American people for us.  It is much easier to avoid consequences that way. - Big Oil",
            "ups": 25,
            "downs": 0
        },
        {
            "comment_id": "hinnk70",
            "body": "Color me surprised.",
            "ups": 7,
            "downs": 0
        },
        {
            "comment_id": "hinnbpa",
            "body": "Our leaders failed?\n\nYou're kidding!!!????\n\n/s",
            "ups": 7,
            "downs": 0
        }
    ],
    "top_comments_best": [
        {
            "comment_id": "hinmrjk",
            "body": "\nAs a reminder, this subreddit [is for civil discussion.](/r/politics/wiki/index#wiki_be_civil)\n\nIn general, be courteous to others. Debate/discuss/argue the merits of ideas, don't attack people. Personal insults, shill or troll accusations, hate speech, any suggestion or support of harm, violence, or death, and other rule violations can result in a permanent ban. \n\nIf you see comments in violation of our rules, please report them.\n\n For those who have questions regarding any media outlets being posted on this subreddit, please click [here](https://www.reddit.com/r/politics/wiki/approveddomainslist) to review our details as to our approved domains list and outlet criteria.\n\n***\n\n\n*I am a bot, and this action was performed automatically. Please [contact the moderators of this subreddit](/message/compose/?to=/r/politics) if you have any questions or concerns.*",
            "ups": 1,
            "downs": 0
        },
        {
            "comment_id": "hinosed",
            "body": "Democrats pin down oil execs, Republicans let them off the hook.\n\n&amp;#x200B;\n\nFIFY",
            "ups": 27,
            "downs": 0
        },
        {
            "comment_id": "hinnnqc",
            "body": "We didn't lie to the American people....we just hired a lot of people to lie to the American people for us.  It is much easier to avoid consequences that way. - Big Oil",
            "ups": 25,
            "downs": 0
        },
        {
            "comment_id": "hinnk70",
            "body": "Color me surprised.",
            "ups": 7,
            "downs": 0
        },
        {
            "comment_id": "hinnbpa",
            "body": "Our leaders failed?\n\nYou're kidding!!!????\n\n/s",
            "ups": 7,
            "downs": 0
        }
    ],
    "top_comments_hot": [
        {
            "comment_id": "hinmrjk",
            "body": "\nAs a reminder, this subreddit [is for civil discussion.](/r/politics/wiki/index#wiki_be_civil)\n\nIn general, be courteous to others. Debate/discuss/argue the merits of ideas, don't attack people. Personal insults, shill or troll accusations, hate speech, any suggestion or support of harm, violence, or death, and other rule violations can result in a permanent ban. \n\nIf you see comments in violation of our rules, please report them.\n\n For those who have questions regarding any media outlets being posted on this subreddit, please click [here](https://www.reddit.com/r/politics/wiki/approveddomainslist) to review our details as to our approved domains list and outlet criteria.\n\n***\n\n\n*I am a bot, and this action was performed automatically. Please [contact the moderators of this subreddit](/message/compose/?to=/r/politics) if you have any questions or concerns.*",
            "ups": 1,
            "downs": 0
        },
        {
            "comment_id": "hinosed",
            "body": "Democrats pin down oil execs, Republicans let them off the hook.\n\n&amp;#x200B;\n\nFIFY",
            "ups": 27,
            "downs": 0
        },
        {
            "comment_id": "hinnnqc",
            "body": "We didn't lie to the American people....we just hired a lot of people to lie to the American people for us.  It is much easier to avoid consequences that way. - Big Oil",
            "ups": 24,
            "downs": 0
        },
        {
            "comment_id": "hinnk70",
            "body": "Color me surprised.",
            "ups": 6,
            "downs": 0
        },
        {
            "comment_id": "hinnbpa",
            "body": "Our leaders failed?\n\nYou're kidding!!!????\n\n/s",
            "ups": 6,
            "downs": 0
        }
    ]
}