{
    "post_url": "https://www.reddit.com/r/politics/comments/qiw4g0/the_coup_is_ongoing_rep_gallego_on_gop/",
    "time_posted": "2021-10-30 03:07:29",
    "time_now": "2021-11-01 09:58:27",
    "ups": 1125,
    "downs": 0,
    "comments_since_last_sample": [],
    "top_comments_top": [
        {
            "comment_id": "him78fx",
            "body": "\nAs a reminder, this subreddit [is for civil discussion.](/r/politics/wiki/index#wiki_be_civil)\n\nIn general, be courteous to others. Debate/discuss/argue the merits of ideas, don't attack people. Personal insults, shill or troll accusations, hate speech, any suggestion or support of harm, violence, or death, and other rule violations can result in a permanent ban. \n\nIf you see comments in violation of our rules, please report them.\n\n For those who have questions regarding any media outlets being posted on this subreddit, please click [here](https://www.reddit.com/r/politics/wiki/approveddomainslist) to review our details as to our approved domains list and outlet criteria.\n\n***\n\n\n*I am a bot, and this action was performed automatically. Please [contact the moderators of this subreddit](/message/compose/?to=/r/politics) if you have any questions or concerns.*",
            "ups": 1,
            "downs": 0
        },
        {
            "comment_id": "himbasd",
            "body": "1/6\n\nWas a coup\n\nThat is all",
            "ups": 65,
            "downs": 0
        },
        {
            "comment_id": "hinon7o",
            "body": "Traitors rarely give up after one try. They'll be back for another try soon. Their goal is to end American democracy.",
            "ups": 23,
            "downs": 0
        },
        {
            "comment_id": "himlg02",
            "body": "Why wouldn\u2019t they white wash it? \n\nThere have been zero consequences for Jan 6 or the disinformation campaigns by any of the media companies.",
            "ups": 24,
            "downs": 0
        },
        {
            "comment_id": "hinlf83",
            "body": "I\u2019m actually surprised they didn\u2019t burn the capital down.  It would be a literal Reich tag fire.  Maybe that\u2019s a little too on the nose for these traitors.",
            "ups": 14,
            "downs": 0
        }
    ],
    "top_comments_best": [
        {
            "comment_id": "him78fx",
            "body": "\nAs a reminder, this subreddit [is for civil discussion.](/r/politics/wiki/index#wiki_be_civil)\n\nIn general, be courteous to others. Debate/discuss/argue the merits of ideas, don't attack people. Personal insults, shill or troll accusations, hate speech, any suggestion or support of harm, violence, or death, and other rule violations can result in a permanent ban. \n\nIf you see comments in violation of our rules, please report them.\n\n For those who have questions regarding any media outlets being posted on this subreddit, please click [here](https://www.reddit.com/r/politics/wiki/approveddomainslist) to review our details as to our approved domains list and outlet criteria.\n\n***\n\n\n*I am a bot, and this action was performed automatically. Please [contact the moderators of this subreddit](/message/compose/?to=/r/politics) if you have any questions or concerns.*",
            "ups": 1,
            "downs": 0
        },
        {
            "comment_id": "hinon7o",
            "body": "Traitors rarely give up after one try. They'll be back for another try soon. Their goal is to end American democracy.",
            "ups": 23,
            "downs": 0
        },
        {
            "comment_id": "himbasd",
            "body": "1/6\n\nWas a coup\n\nThat is all",
            "ups": 65,
            "downs": 0
        },
        {
            "comment_id": "hinlf83",
            "body": "I\u2019m actually surprised they didn\u2019t burn the capital down.  It would be a literal Reich tag fire.  Maybe that\u2019s a little too on the nose for these traitors.",
            "ups": 14,
            "downs": 0
        },
        {
            "comment_id": "himlg02",
            "body": "Why wouldn\u2019t they white wash it? \n\nThere have been zero consequences for Jan 6 or the disinformation campaigns by any of the media companies.",
            "ups": 24,
            "downs": 0
        }
    ],
    "top_comments_hot": [
        {
            "comment_id": "him78fx",
            "body": "\nAs a reminder, this subreddit [is for civil discussion.](/r/politics/wiki/index#wiki_be_civil)\n\nIn general, be courteous to others. Debate/discuss/argue the merits of ideas, don't attack people. Personal insults, shill or troll accusations, hate speech, any suggestion or support of harm, violence, or death, and other rule violations can result in a permanent ban. \n\nIf you see comments in violation of our rules, please report them.\n\n For those who have questions regarding any media outlets being posted on this subreddit, please click [here](https://www.reddit.com/r/politics/wiki/approveddomainslist) to review our details as to our approved domains list and outlet criteria.\n\n***\n\n\n*I am a bot, and this action was performed automatically. Please [contact the moderators of this subreddit](/message/compose/?to=/r/politics) if you have any questions or concerns.*",
            "ups": 1,
            "downs": 0
        },
        {
            "comment_id": "hinon7o",
            "body": "Traitors rarely give up after one try. They'll be back for another try soon. Their goal is to end American democracy.",
            "ups": 24,
            "downs": 0
        },
        {
            "comment_id": "himbasd",
            "body": "1/6\n\nWas a coup\n\nThat is all",
            "ups": 65,
            "downs": 0
        },
        {
            "comment_id": "hinlf83",
            "body": "I\u2019m actually surprised they didn\u2019t burn the capital down.  It would be a literal Reich tag fire.  Maybe that\u2019s a little too on the nose for these traitors.",
            "ups": 13,
            "downs": 0
        },
        {
            "comment_id": "himlg02",
            "body": "Why wouldn\u2019t they white wash it? \n\nThere have been zero consequences for Jan 6 or the disinformation campaigns by any of the media companies.",
            "ups": 24,
            "downs": 0
        }
    ]
}