{
    "post_url": "https://www.reddit.com/r/gaming/comments/qj3f1u/when_you_and_the_boys_decide_to_play_on_a_new/",
    "time_posted": "2021-10-30 11:09:36",
    "time_now": "2021-11-01 18:10:36",
    "ups": 31,
    "downs": 0,
    "comments_since_last_sample": [],
    "top_comments_top": [
        {
            "comment_id": "hinhmhe",
            "body": "Is the first guy even shooting his head? It looks more hat than head",
            "ups": 4,
            "downs": 0
        },
        {
            "comment_id": "hino8e2",
            "body": "Film?",
            "ups": 2,
            "downs": 0
        }
    ],
    "top_comments_best": [
        {
            "comment_id": "hinhmhe",
            "body": "Is the first guy even shooting his head? It looks more hat than head",
            "ups": 4,
            "downs": 0
        },
        {
            "comment_id": "hino8e2",
            "body": "Film?",
            "ups": 2,
            "downs": 0
        }
    ],
    "top_comments_hot": [
        {
            "comment_id": "hinhmhe",
            "body": "Is the first guy even shooting his head? It looks more hat than head",
            "ups": 4,
            "downs": 0
        },
        {
            "comment_id": "hino8e2",
            "body": "Film?",
            "ups": 2,
            "downs": 0
        }
    ]
}