{
    "post_url": "https://www.reddit.com/r/LifeProTips/comments/qj1fqw/lpt_if_youre_visiting_a_big_city_for_the_day_drop/",
    "time_posted": "2021-10-30 09:25:00",
    "time_now": "2021-11-01 05:51:57",
    "ups": 11,
    "downs": 0,
    "comments_since_last_sample": [],
    "top_comments_top": [
        {
            "comment_id": "hin2b3p",
            "body": "Hello and welcome to r/LifeProTips!\n\nPlease help us decide if this post is a good fit for the subreddit by up or downvoting this comment. \n\nIf you think that this is great advice to improve your life, please upvote. If you think this doesn't help you in any way, please downvote. If you don't care, leave it for the others to decide.",
            "ups": 1,
            "downs": 0
        },
        {
            "comment_id": "hin3lvt",
            "body": "You have to be careful of the mechanic's pricing-- many located in a city charge much higher prices than those in more suburban/rural areas do.  That just may eat up your \"saved\" parking costs (and more).",
            "ups": 18,
            "downs": 0
        },
        {
            "comment_id": "hin3dec",
            "body": "I like the creativity but an oil change costs 50 dollars too",
            "ups": 6,
            "downs": 0
        },
        {
            "comment_id": "hin2yne",
            "body": "This is a pretty good one actually",
            "ups": 4,
            "downs": 0
        },
        {
            "comment_id": "hinz84m",
            "body": "Lol. Oil change in a big city takes 5 minutes and includes a free car wash. If you are in a neighborhood with oil change shops there will be free street parking nearby.\n\nNYC for example. No quick lubes in times Square or soho. Go out to Queens or the Bronx where there are auto repair shops and you can park anywhere you want.",
            "ups": 1,
            "downs": 0
        }
    ],
    "top_comments_best": [
        {
            "comment_id": "hin2b3p",
            "body": "Hello and welcome to r/LifeProTips!\n\nPlease help us decide if this post is a good fit for the subreddit by up or downvoting this comment. \n\nIf you think that this is great advice to improve your life, please upvote. If you think this doesn't help you in any way, please downvote. If you don't care, leave it for the others to decide.",
            "ups": 1,
            "downs": 0
        },
        {
            "comment_id": "hin3lvt",
            "body": "You have to be careful of the mechanic's pricing-- many located in a city charge much higher prices than those in more suburban/rural areas do.  That just may eat up your \"saved\" parking costs (and more).",
            "ups": 17,
            "downs": 0
        },
        {
            "comment_id": "hin3dec",
            "body": "I like the creativity but an oil change costs 50 dollars too",
            "ups": 7,
            "downs": 0
        },
        {
            "comment_id": "hin2yne",
            "body": "This is a pretty good one actually",
            "ups": 4,
            "downs": 0
        },
        {
            "comment_id": "hinz84m",
            "body": "Lol. Oil change in a big city takes 5 minutes and includes a free car wash. If you are in a neighborhood with oil change shops there will be free street parking nearby.\n\nNYC for example. No quick lubes in times Square or soho. Go out to Queens or the Bronx where there are auto repair shops and you can park anywhere you want.",
            "ups": 1,
            "downs": 0
        }
    ],
    "top_comments_hot": [
        {
            "comment_id": "hin2b3p",
            "body": "Hello and welcome to r/LifeProTips!\n\nPlease help us decide if this post is a good fit for the subreddit by up or downvoting this comment. \n\nIf you think that this is great advice to improve your life, please upvote. If you think this doesn't help you in any way, please downvote. If you don't care, leave it for the others to decide.",
            "ups": 1,
            "downs": 0
        },
        {
            "comment_id": "hin3lvt",
            "body": "You have to be careful of the mechanic's pricing-- many located in a city charge much higher prices than those in more suburban/rural areas do.  That just may eat up your \"saved\" parking costs (and more).",
            "ups": 17,
            "downs": 0
        },
        {
            "comment_id": "hin3dec",
            "body": "I like the creativity but an oil change costs 50 dollars too",
            "ups": 6,
            "downs": 0
        },
        {
            "comment_id": "hin2yne",
            "body": "This is a pretty good one actually",
            "ups": 5,
            "downs": 0
        },
        {
            "comment_id": "hinz84m",
            "body": "Lol. Oil change in a big city takes 5 minutes and includes a free car wash. If you are in a neighborhood with oil change shops there will be free street parking nearby.\n\nNYC for example. No quick lubes in times Square or soho. Go out to Queens or the Bronx where there are auto repair shops and you can park anywhere you want.",
            "ups": 1,
            "downs": 0
        }
    ]
}