{
    "post_url": "https://www.reddit.com/r/LifeProTips/comments/qio1d4/lpt_if_someone_is_playing_an_instrument_and_seems/",
    "time_posted": "2021-10-29 18:30:38",
    "time_now": "2021-10-31 09:16:50",
    "ups": 48,
    "downs": 0,
    "comments_since_last_sample": [],
    "top_comments_top": [
        {
            "comment_id": "hikm9pc",
            "body": "Hello and welcome to r/LifeProTips!\n\nPlease help us decide if this post is a good fit for the subreddit by up or downvoting this comment. \n\nIf you think that this is great advice to improve your life, please upvote. If you think this doesn't help you in any way, please downvote. If you don't care, leave it for the others to decide.",
            "ups": 1,
            "downs": 0
        },
        {
            "comment_id": "hikniac",
            "body": "That's my wife, we could sit around for days not saying a word, the second I go and pick up the guitar to practice, she's right there trying to ask me things.",
            "ups": 18,
            "downs": 0
        },
        {
            "comment_id": "hikod4p",
            "body": "Can we add like knitting/ crocheting in public?\n\n\n\nLike I just want to relax on my lunch break, I don't want to explain wtf I'm doing my guy",
            "ups": 12,
            "downs": 0
        },
        {
            "comment_id": "hikpk1m",
            "body": "Unless the question is really important. Then ask the question. Their instrument isn\u2019t going to get up and walk away.",
            "ups": 3,
            "downs": 0
        },
        {
            "comment_id": "hiks3ub",
            "body": "Dude you're spot on. Ive wondered if maybe the part of my brain responsible for speech is the one used to play guitar, I can do exactly one of those and no more.",
            "ups": 4,
            "downs": 0
        }
    ],
    "top_comments_best": [
        {
            "comment_id": "hikm9pc",
            "body": "Hello and welcome to r/LifeProTips!\n\nPlease help us decide if this post is a good fit for the subreddit by up or downvoting this comment. \n\nIf you think that this is great advice to improve your life, please upvote. If you think this doesn't help you in any way, please downvote. If you don't care, leave it for the others to decide.",
            "ups": 1,
            "downs": 0
        },
        {
            "comment_id": "hikniac",
            "body": "That's my wife, we could sit around for days not saying a word, the second I go and pick up the guitar to practice, she's right there trying to ask me things.",
            "ups": 17,
            "downs": 0
        },
        {
            "comment_id": "hikod4p",
            "body": "Can we add like knitting/ crocheting in public?\n\n\n\nLike I just want to relax on my lunch break, I don't want to explain wtf I'm doing my guy",
            "ups": 10,
            "downs": 0
        },
        {
            "comment_id": "hiks3ub",
            "body": "Dude you're spot on. Ive wondered if maybe the part of my brain responsible for speech is the one used to play guitar, I can do exactly one of those and no more.",
            "ups": 4,
            "downs": 0
        },
        {
            "comment_id": "hil3n4p",
            "body": "Or just don\u2019t interrupt ppl who are doing anything without checking for a cue that it\u2019s okay. I wear headphones almost constantly now because so many ppl seem to think if they can see you they can accost you with a conversation. I\u2019m starting to notice there are a lot more of us introverts out there than ppl previously thought! Happy to not talk. Thanks!",
            "ups": 3,
            "downs": 0
        }
    ],
    "top_comments_hot": [
        {
            "comment_id": "hikm9pc",
            "body": "Hello and welcome to r/LifeProTips!\n\nPlease help us decide if this post is a good fit for the subreddit by up or downvoting this comment. \n\nIf you think that this is great advice to improve your life, please upvote. If you think this doesn't help you in any way, please downvote. If you don't care, leave it for the others to decide.",
            "ups": 1,
            "downs": 0
        },
        {
            "comment_id": "hikniac",
            "body": "That's my wife, we could sit around for days not saying a word, the second I go and pick up the guitar to practice, she's right there trying to ask me things.",
            "ups": 17,
            "downs": 0
        },
        {
            "comment_id": "hikod4p",
            "body": "Can we add like knitting/ crocheting in public?\n\n\n\nLike I just want to relax on my lunch break, I don't want to explain wtf I'm doing my guy",
            "ups": 11,
            "downs": 0
        },
        {
            "comment_id": "hiks3ub",
            "body": "Dude you're spot on. Ive wondered if maybe the part of my brain responsible for speech is the one used to play guitar, I can do exactly one of those and no more.",
            "ups": 5,
            "downs": 0
        },
        {
            "comment_id": "hil3n4p",
            "body": "Or just don\u2019t interrupt ppl who are doing anything without checking for a cue that it\u2019s okay. I wear headphones almost constantly now because so many ppl seem to think if they can see you they can accost you with a conversation. I\u2019m starting to notice there are a lot more of us introverts out there than ppl previously thought! Happy to not talk. Thanks!",
            "ups": 3,
            "downs": 0
        }
    ]
}