{
    "post_url": "https://www.reddit.com/r/politics/comments/qj4t0q/supreme_court_declines_to_block_maine_covid19/",
    "time_posted": "2021-10-30 12:18:28",
    "time_now": "2021-11-02 14:47:33",
    "ups": 147,
    "downs": 0,
    "comments_since_last_sample": [],
    "top_comments_top": [
        {
            "comment_id": "hinp1i4",
            "body": "\nAs a reminder, this subreddit [is for civil discussion.](/r/politics/wiki/index#wiki_be_civil)\n\nIn general, be courteous to others. Debate/discuss/argue the merits of ideas, don't attack people. Personal insults, shill or troll accusations, hate speech, any suggestion or support of harm, violence, or death, and other rule violations can result in a permanent ban. \n\nIf you see comments in violation of our rules, please report them.\n\n For those who have questions regarding any media outlets being posted on this subreddit, please click [here](https://www.reddit.com/r/politics/wiki/approveddomainslist) to review our details as to our approved domains list and outlet criteria.\n\n***\n\n\n*I am a bot, and this action was performed automatically. Please [contact the moderators of this subreddit](/message/compose/?to=/r/politics) if you have any questions or concerns.*",
            "ups": 1,
            "downs": 0
        },
        {
            "comment_id": "hinpq48",
            "body": "&gt;That was the crux of the lawsuit by healthcare workers who objected to the requirement. The Liberty Counsel, a national religious non-profit, filed the lawsuit on behalf of eight healthcare workers and one provider who said they rejected any medicine or procedure developed with or aided by the use of fetal tissue.\n\nI'd just like to remind them that monoclonal antibody therapy for Covid-19 also involved fetal tissue.  So, if you get it and end up in the hospital...good luck.",
            "ups": 17,
            "downs": 0
        },
        {
            "comment_id": "hinphu6",
            "body": "Good.",
            "ups": 4,
            "downs": 0
        }
    ],
    "top_comments_best": [
        {
            "comment_id": "hinp1i4",
            "body": "\nAs a reminder, this subreddit [is for civil discussion.](/r/politics/wiki/index#wiki_be_civil)\n\nIn general, be courteous to others. Debate/discuss/argue the merits of ideas, don't attack people. Personal insults, shill or troll accusations, hate speech, any suggestion or support of harm, violence, or death, and other rule violations can result in a permanent ban. \n\nIf you see comments in violation of our rules, please report them.\n\n For those who have questions regarding any media outlets being posted on this subreddit, please click [here](https://www.reddit.com/r/politics/wiki/approveddomainslist) to review our details as to our approved domains list and outlet criteria.\n\n***\n\n\n*I am a bot, and this action was performed automatically. Please [contact the moderators of this subreddit](/message/compose/?to=/r/politics) if you have any questions or concerns.*",
            "ups": 1,
            "downs": 0
        },
        {
            "comment_id": "hinpq48",
            "body": "&gt;That was the crux of the lawsuit by healthcare workers who objected to the requirement. The Liberty Counsel, a national religious non-profit, filed the lawsuit on behalf of eight healthcare workers and one provider who said they rejected any medicine or procedure developed with or aided by the use of fetal tissue.\n\nI'd just like to remind them that monoclonal antibody therapy for Covid-19 also involved fetal tissue.  So, if you get it and end up in the hospital...good luck.",
            "ups": 19,
            "downs": 0
        },
        {
            "comment_id": "hinphu6",
            "body": "Good.",
            "ups": 5,
            "downs": 0
        }
    ],
    "top_comments_hot": [
        {
            "comment_id": "hinp1i4",
            "body": "\nAs a reminder, this subreddit [is for civil discussion.](/r/politics/wiki/index#wiki_be_civil)\n\nIn general, be courteous to others. Debate/discuss/argue the merits of ideas, don't attack people. Personal insults, shill or troll accusations, hate speech, any suggestion or support of harm, violence, or death, and other rule violations can result in a permanent ban. \n\nIf you see comments in violation of our rules, please report them.\n\n For those who have questions regarding any media outlets being posted on this subreddit, please click [here](https://www.reddit.com/r/politics/wiki/approveddomainslist) to review our details as to our approved domains list and outlet criteria.\n\n***\n\n\n*I am a bot, and this action was performed automatically. Please [contact the moderators of this subreddit](/message/compose/?to=/r/politics) if you have any questions or concerns.*",
            "ups": 1,
            "downs": 0
        },
        {
            "comment_id": "hinpq48",
            "body": "&gt;That was the crux of the lawsuit by healthcare workers who objected to the requirement. The Liberty Counsel, a national religious non-profit, filed the lawsuit on behalf of eight healthcare workers and one provider who said they rejected any medicine or procedure developed with or aided by the use of fetal tissue.\n\nI'd just like to remind them that monoclonal antibody therapy for Covid-19 also involved fetal tissue.  So, if you get it and end up in the hospital...good luck.",
            "ups": 19,
            "downs": 0
        },
        {
            "comment_id": "hinphu6",
            "body": "Good.",
            "ups": 5,
            "downs": 0
        }
    ]
}