{
    "post_url": "https://www.reddit.com/r/gaming/comments/qj4310/i_am_irresolute/",
    "time_posted": "2021-10-30 11:42:55",
    "time_now": "2021-11-01 18:10:27",
    "ups": 4,
    "downs": 0,
    "comments_since_last_sample": [],
    "top_comments_top": [
        {
            "comment_id": "hinkjqw",
            "body": "doom eternal the shooting and moving is so good",
            "ups": 4,
            "downs": 0
        },
        {
            "comment_id": "hinnwaj",
            "body": "I'd go with the shorter ones first. Doom Eternal, then GoW2018.",
            "ups": 5,
            "downs": 0
        },
        {
            "comment_id": "hinnmhy",
            "body": "Put them on a roulette. They are all great games. Big fan of music and pace in doom. Enjoy the relaxing witcher",
            "ups": 3,
            "downs": 0
        },
        {
            "comment_id": "hinrb4y",
            "body": "I too have the Witcher 3 (since day one) haven\u2019t played it yet. Think it\u2019s time. \n\nShort story why - when it came out I immediately had to start working 13 days 1 off schedules on a night shift for 2 years. All my free time went to the wife so I just didn\u2019t play games. Then once that schedule ended I had so many other games to play that a game that\u2019s 100+ hrs sounded too long for what little free time I have.",
            "ups": 4,
            "downs": 0
        },
        {
            "comment_id": "hioj75q",
            "body": "GoW if you\u2019ve got the time. Doom Eternal is a game I\u2019ve played multiple times because it\u2019s crazy fun, and quick to play through.",
            "ups": 2,
            "downs": 0
        }
    ],
    "top_comments_best": [
        {
            "comment_id": "hinkjqw",
            "body": "doom eternal the shooting and moving is so good",
            "ups": 6,
            "downs": 0
        },
        {
            "comment_id": "hinnwaj",
            "body": "I'd go with the shorter ones first. Doom Eternal, then GoW2018.",
            "ups": 5,
            "downs": 0
        },
        {
            "comment_id": "hinnmhy",
            "body": "Put them on a roulette. They are all great games. Big fan of music and pace in doom. Enjoy the relaxing witcher",
            "ups": 5,
            "downs": 0
        },
        {
            "comment_id": "hinrb4y",
            "body": "I too have the Witcher 3 (since day one) haven\u2019t played it yet. Think it\u2019s time. \n\nShort story why - when it came out I immediately had to start working 13 days 1 off schedules on a night shift for 2 years. All my free time went to the wife so I just didn\u2019t play games. Then once that schedule ended I had so many other games to play that a game that\u2019s 100+ hrs sounded too long for what little free time I have.",
            "ups": 3,
            "downs": 0
        },
        {
            "comment_id": "hioj75q",
            "body": "GoW if you\u2019ve got the time. Doom Eternal is a game I\u2019ve played multiple times because it\u2019s crazy fun, and quick to play through.",
            "ups": 2,
            "downs": 0
        }
    ],
    "top_comments_hot": [
        {
            "comment_id": "hinkjqw",
            "body": "doom eternal the shooting and moving is so good",
            "ups": 4,
            "downs": 0
        },
        {
            "comment_id": "hinnwaj",
            "body": "I'd go with the shorter ones first. Doom Eternal, then GoW2018.",
            "ups": 5,
            "downs": 0
        },
        {
            "comment_id": "hinnmhy",
            "body": "Put them on a roulette. They are all great games. Big fan of music and pace in doom. Enjoy the relaxing witcher",
            "ups": 4,
            "downs": 0
        },
        {
            "comment_id": "hinrb4y",
            "body": "I too have the Witcher 3 (since day one) haven\u2019t played it yet. Think it\u2019s time. \n\nShort story why - when it came out I immediately had to start working 13 days 1 off schedules on a night shift for 2 years. All my free time went to the wife so I just didn\u2019t play games. Then once that schedule ended I had so many other games to play that a game that\u2019s 100+ hrs sounded too long for what little free time I have.",
            "ups": 5,
            "downs": 0
        },
        {
            "comment_id": "hioj75q",
            "body": "GoW if you\u2019ve got the time. Doom Eternal is a game I\u2019ve played multiple times because it\u2019s crazy fun, and quick to play through.",
            "ups": 2,
            "downs": 0
        }
    ]
}