{
    "time_posted": "2021-10-30 14:00:13",
    "url": "https://www.youtube.com/watch?v=5E97BY6E--k",
    "time_now": "2021-11-01 09:54:21",
    "ups": "9283",
    "downs": "235",
    "views": "116817",
    "top_comments": [
        {
            "comment": "The major challenges investors face may range from controlling impulsiveness to the frail of compulsion. Most newbies and investors often undermine and most often neglect the importance of technical analysis with regards to trading. Technical analysis overly predicts the movement of asset prices regardless of what is happening in the wider or broader market. Essentially, the process involves studying the paths of a particular asset movement in the past so as to establish a sustainable pattern that can be used to predict future movements. Permit me to say that, it\u2019s is best advice you find a working strategy/daily signals that works well in other to accumulate and grow a very strong portfolio ahead. I have been trading with DR Benjamin Edginton's daily signals and strategy, him guidance makes trading less stressful and more profit despite the recent fluctuations. I was able to easily increase my portfolio in just 4weeks of trading with Benjamin Edginton''s daily signals growing 1.5 BTC to 6.7 BTC. His daily signals are very accurate and yields a great positive return on investment and is available to give assistance to anyone who love crypto trading, you can contact him on WhatsApp:+ 447-883-171-286 and Telegram @ BenEdginton * for inquires and profitable trading systems...",
            "likes": 35,
            "number_of_replies": 11
        }
    ],
    "comments_since_last_sample": [
        {
            "body": "Sir koi Sugar/Ethanol stock isme add karna ho to..kaunsa kare?"
        },
        {
            "body": "Laxmi organic"
        },
        {
            "body": "Thode din aur trade dijye taki hum apka batch join kar sakee"
        },
        {
            "body": "Sir ICICI Bank And SBI Bank Le Sakte Hai"
        },
        {
            "body": "asian paints\nAurobindo Pharma\nbandhan Bank"
        },
        {
            "body": "What would be buying level for Reliance ,TCS Pidilites ?"
        },
        {
            "body": "Sir you are conflicting your own work , not mentioned Dabur, Cupid as uou suggestedin one of your prev video"
        },
        {
            "body": "The major challenges investors face may range from controlling impulsiveness to the frail of compulsion. Most newbies and investors often undermine and most often neglect the importance of technical analysis with regards to trading. Technical analysis overly predicts the movement of asset prices regardless of what is happening in the wider or broader market. Essentially, the process involves studying the paths of a particular asset movement in the past so as to establish a sustainable pattern that can be used to predict future movements. Permit me to say that, it\u2019s is best advice you find a working strategy/daily signals that works well in other to accumulate and grow a very strong portfolio ahead. I have been trading with DR Benjamin Edginton's daily signals and strategy, him guidance makes trading less stressful and more profit despite the recent fluctuations. I was able to easily increase my portfolio in just 4weeks of trading with Benjamin Edginton''s daily signals growing 1.5 BTC to 6.7 BTC. His daily signals are very accurate and yields a great positive return on investment and is available to give assistance to anyone who love crypto trading, you can contact him on WhatsApp:+ 447-883-171-286 and Telegram @ BenEdginton * for inquires and profitable trading systems..."
        },
        {
            "body": "Sir louras lab me kya kare 640 me liya hai"
        },
        {
            "body": "cams ke baare video banao"
        }
    ]
}