{
    "post_url": "https://www.reddit.com/r/politics/comments/qir0ya/missouri_senate_candidate_mark_mccloskey_says/",
    "time_posted": "2021-10-29 21:24:15",
    "time_now": "2021-11-02 18:57:03",
    "ups": 453,
    "downs": 0,
    "comments_since_last_sample": [],
    "top_comments_top": [
        {
            "comment_id": "hil8c0m",
            "body": "\nAs a reminder, this subreddit [is for civil discussion.](/r/politics/wiki/index#wiki_be_civil)\n\nIn general, be courteous to others. Debate/discuss/argue the merits of ideas, don't attack people. Personal insults, shill or troll accusations, hate speech, any suggestion or support of harm, violence, or death, and other rule violations can result in a permanent ban. \n\nIf you see comments in violation of our rules, please report them.\n\n For those who have questions regarding any media outlets being posted on this subreddit, please click [here](https://www.reddit.com/r/politics/wiki/approveddomainslist) to review our details as to our approved domains list and outlet criteria.\n\n***\n\n\n*I am a bot, and this action was performed automatically. Please [contact the moderators of this subreddit](/message/compose/?to=/r/politics) if you have any questions or concerns.*",
            "ups": 1,
            "downs": 0
        },
        {
            "comment_id": "hilga99",
            "body": "I just can\u2019t. I gave birth twice and I could never even fathom recommending that a 13 year old incest victim carry to term and give birth. This Senate candidate is vile and disgusting and misogynistic and gross.\n\nEdited to fix autocorrect",
            "ups": 106,
            "downs": 0
        },
        {
            "comment_id": "hil95mj",
            "body": "Makes me wonder if he is the result of an incestuous pregnancy.",
            "ups": 40,
            "downs": 0
        },
        {
            "comment_id": "hil8gg8",
            "body": "&gt;\u201cThere\u2019s a lot of candidates that say they\u2019re pro-life but really they\u2019re not completely pro-life,\u201d the woman in the audience said, according to a video of the event posted on Facebook. \u201cThere\u2019s a lot of, \u2018Well in this case it would be allowed.\u2019\u201d\n\n&gt;McCloskey, a St. Louis personal injury attorney, responded that he doesn\u2019t \u201cbelieve in any exceptions.\u201d\n\n&gt;\u201cWe were down in Poplar Bluff a couple of months ago, and somebody asked me that question, \u2018So you would force a 13-year-old who\u2019s raped by a family member to keep that baby?\u2019\u201d he said. \u201cAnd I said, \u2018Yes, and more than that I\u2019ve got that client.\u2019 I\u2019ve got a client who was raped by an uncle when she was 13 years old, had the child; she finished high school, finished college and got a master\u2019s degree. That child she would have aborted finished high school, finished college and now has a master\u2019s degree.\u201d ...\n\n&gt;Jane Cunningham, a Republican former state senator who attended the event, said the audience was thrilled by his answer. The \u201cright to life\u201d is a key part in the decision-making of primary voters, she said.\n\n&gt;\u201cIt\u2019s one of the litmus tests if you\u2019re running in a Republican primary,\u201d Cunningham said. ...\n\n&gt;McCloskey and his wife were catapulted to fame last summer when they brandished guns at Black Lives Matter protesters who were marching down their street in St. Louis. He launched a campaign for Senate this year and later pleaded guilty to misdemeanor assault in the incident. His wife pleaded guilty to misdemeanor harassment; Gov. Mike Parson granted both a promised pardon weeks later.",
            "ups": 40,
            "downs": 0
        },
        {
            "comment_id": "hildy3a",
            "body": "If anyone wonders why the American family is under so much stress and often fails altogether, just consider that young girls get raped and Republican men aren't strong enough to protect them by putting rapists in jail or by helping them avoid parenthood in childhood.\n\nRepublican men are a problem for Society.",
            "ups": 36,
            "downs": 0
        }
    ],
    "top_comments_best": [
        {
            "comment_id": "hil8c0m",
            "body": "\nAs a reminder, this subreddit [is for civil discussion.](/r/politics/wiki/index#wiki_be_civil)\n\nIn general, be courteous to others. Debate/discuss/argue the merits of ideas, don't attack people. Personal insults, shill or troll accusations, hate speech, any suggestion or support of harm, violence, or death, and other rule violations can result in a permanent ban. \n\nIf you see comments in violation of our rules, please report them.\n\n For those who have questions regarding any media outlets being posted on this subreddit, please click [here](https://www.reddit.com/r/politics/wiki/approveddomainslist) to review our details as to our approved domains list and outlet criteria.\n\n***\n\n\n*I am a bot, and this action was performed automatically. Please [contact the moderators of this subreddit](/message/compose/?to=/r/politics) if you have any questions or concerns.*",
            "ups": 1,
            "downs": 0
        },
        {
            "comment_id": "hilga99",
            "body": "I just can\u2019t. I gave birth twice and I could never even fathom recommending that a 13 year old incest victim carry to term and give birth. This Senate candidate is vile and disgusting and misogynistic and gross.\n\nEdited to fix autocorrect",
            "ups": 107,
            "downs": 0
        },
        {
            "comment_id": "hil8gg8",
            "body": "&gt;\u201cThere\u2019s a lot of candidates that say they\u2019re pro-life but really they\u2019re not completely pro-life,\u201d the woman in the audience said, according to a video of the event posted on Facebook. \u201cThere\u2019s a lot of, \u2018Well in this case it would be allowed.\u2019\u201d\n\n&gt;McCloskey, a St. Louis personal injury attorney, responded that he doesn\u2019t \u201cbelieve in any exceptions.\u201d\n\n&gt;\u201cWe were down in Poplar Bluff a couple of months ago, and somebody asked me that question, \u2018So you would force a 13-year-old who\u2019s raped by a family member to keep that baby?\u2019\u201d he said. \u201cAnd I said, \u2018Yes, and more than that I\u2019ve got that client.\u2019 I\u2019ve got a client who was raped by an uncle when she was 13 years old, had the child; she finished high school, finished college and got a master\u2019s degree. That child she would have aborted finished high school, finished college and now has a master\u2019s degree.\u201d ...\n\n&gt;Jane Cunningham, a Republican former state senator who attended the event, said the audience was thrilled by his answer. The \u201cright to life\u201d is a key part in the decision-making of primary voters, she said.\n\n&gt;\u201cIt\u2019s one of the litmus tests if you\u2019re running in a Republican primary,\u201d Cunningham said. ...\n\n&gt;McCloskey and his wife were catapulted to fame last summer when they brandished guns at Black Lives Matter protesters who were marching down their street in St. Louis. He launched a campaign for Senate this year and later pleaded guilty to misdemeanor assault in the incident. His wife pleaded guilty to misdemeanor harassment; Gov. Mike Parson granted both a promised pardon weeks later.",
            "ups": 36,
            "downs": 0
        },
        {
            "comment_id": "hilejy6",
            "body": "He's so pro-life he waved his rifle around at protestors.",
            "ups": 30,
            "downs": 0
        },
        {
            "comment_id": "hilmass",
            "body": "I'm shocked that the guy who became famous for waving guns guns at people for walking on the sidewalk turned out to be an asshole. \n\nFun fact: he also destroyed beehives kept by a neighboring synagogue.",
            "ups": 25,
            "downs": 0
        }
    ],
    "top_comments_hot": [
        {
            "comment_id": "hil8c0m",
            "body": "\nAs a reminder, this subreddit [is for civil discussion.](/r/politics/wiki/index#wiki_be_civil)\n\nIn general, be courteous to others. Debate/discuss/argue the merits of ideas, don't attack people. Personal insults, shill or troll accusations, hate speech, any suggestion or support of harm, violence, or death, and other rule violations can result in a permanent ban. \n\nIf you see comments in violation of our rules, please report them.\n\n For those who have questions regarding any media outlets being posted on this subreddit, please click [here](https://www.reddit.com/r/politics/wiki/approveddomainslist) to review our details as to our approved domains list and outlet criteria.\n\n***\n\n\n*I am a bot, and this action was performed automatically. Please [contact the moderators of this subreddit](/message/compose/?to=/r/politics) if you have any questions or concerns.*",
            "ups": 1,
            "downs": 0
        },
        {
            "comment_id": "hilga99",
            "body": "I just can\u2019t. I gave birth twice and I could never even fathom recommending that a 13 year old incest victim carry to term and give birth. This Senate candidate is vile and disgusting and misogynistic and gross.\n\nEdited to fix autocorrect",
            "ups": 103,
            "downs": 0
        },
        {
            "comment_id": "hil8gg8",
            "body": "&gt;\u201cThere\u2019s a lot of candidates that say they\u2019re pro-life but really they\u2019re not completely pro-life,\u201d the woman in the audience said, according to a video of the event posted on Facebook. \u201cThere\u2019s a lot of, \u2018Well in this case it would be allowed.\u2019\u201d\n\n&gt;McCloskey, a St. Louis personal injury attorney, responded that he doesn\u2019t \u201cbelieve in any exceptions.\u201d\n\n&gt;\u201cWe were down in Poplar Bluff a couple of months ago, and somebody asked me that question, \u2018So you would force a 13-year-old who\u2019s raped by a family member to keep that baby?\u2019\u201d he said. \u201cAnd I said, \u2018Yes, and more than that I\u2019ve got that client.\u2019 I\u2019ve got a client who was raped by an uncle when she was 13 years old, had the child; she finished high school, finished college and got a master\u2019s degree. That child she would have aborted finished high school, finished college and now has a master\u2019s degree.\u201d ...\n\n&gt;Jane Cunningham, a Republican former state senator who attended the event, said the audience was thrilled by his answer. The \u201cright to life\u201d is a key part in the decision-making of primary voters, she said.\n\n&gt;\u201cIt\u2019s one of the litmus tests if you\u2019re running in a Republican primary,\u201d Cunningham said. ...\n\n&gt;McCloskey and his wife were catapulted to fame last summer when they brandished guns at Black Lives Matter protesters who were marching down their street in St. Louis. He launched a campaign for Senate this year and later pleaded guilty to misdemeanor assault in the incident. His wife pleaded guilty to misdemeanor harassment; Gov. Mike Parson granted both a promised pardon weeks later.",
            "ups": 38,
            "downs": 0
        },
        {
            "comment_id": "hilejy6",
            "body": "He's so pro-life he waved his rifle around at protestors.",
            "ups": 32,
            "downs": 0
        },
        {
            "comment_id": "hilmass",
            "body": "I'm shocked that the guy who became famous for waving guns guns at people for walking on the sidewalk turned out to be an asshole. \n\nFun fact: he also destroyed beehives kept by a neighboring synagogue.",
            "ups": 27,
            "downs": 0
        }
    ]
}