{
    "post_url": "https://www.reddit.com/r/LifeProTips/comments/qi2ak5/lpt_you_can_give_yourself_an_exorcism_if_you_have/",
    "time_posted": "2021-10-28 22:09:47",
    "time_now": "2021-11-02 18:58:53",
    "ups": 0,
    "downs": 0,
    "comments_since_last_sample": [],
    "top_comments_top": [
        {
            "comment_id": "hign4gt",
            "body": "Hello and welcome to r/LifeProTips!\n\nPlease help us decide if this post is a good fit for the subreddit by up or downvoting this comment. \n\nIf you think that this is great advice to improve your life, please upvote. If you think this doesn't help you in any way, please downvote. If you don't care, leave it for the others to decide.",
            "ups": 1,
            "downs": 0
        },
        {
            "comment_id": "higot7g",
            "body": "If I could blow myself in a hot shower, I wouldn't need reddit.\n\n\nAlso, happy cake day.",
            "ups": 12,
            "downs": 0
        },
        {
            "comment_id": "higndf5",
            "body": "Happy cake day! Good tip",
            "ups": 4,
            "downs": 0
        }
    ],
    "top_comments_best": [
        {
            "comment_id": "hign4gt",
            "body": "Hello and welcome to r/LifeProTips!\n\nPlease help us decide if this post is a good fit for the subreddit by up or downvoting this comment. \n\nIf you think that this is great advice to improve your life, please upvote. If you think this doesn't help you in any way, please downvote. If you don't care, leave it for the others to decide.",
            "ups": 1,
            "downs": 0
        },
        {
            "comment_id": "higot7g",
            "body": "If I could blow myself in a hot shower, I wouldn't need reddit.\n\n\nAlso, happy cake day.",
            "ups": 11,
            "downs": 0
        },
        {
            "comment_id": "higndf5",
            "body": "Happy cake day! Good tip",
            "ups": 4,
            "downs": 0
        }
    ],
    "top_comments_hot": [
        {
            "comment_id": "hign4gt",
            "body": "Hello and welcome to r/LifeProTips!\n\nPlease help us decide if this post is a good fit for the subreddit by up or downvoting this comment. \n\nIf you think that this is great advice to improve your life, please upvote. If you think this doesn't help you in any way, please downvote. If you don't care, leave it for the others to decide.",
            "ups": 1,
            "downs": 0
        },
        {
            "comment_id": "higot7g",
            "body": "If I could blow myself in a hot shower, I wouldn't need reddit.\n\n\nAlso, happy cake day.",
            "ups": 11,
            "downs": 0
        },
        {
            "comment_id": "higndf5",
            "body": "Happy cake day! Good tip",
            "ups": 5,
            "downs": 0
        }
    ]
}