{
    "post_url": "https://www.reddit.com/r/politics/comments/qj20rq/i_ran_for_office_as_a_republican_in_virginia_but/",
    "time_posted": "2021-10-30 09:57:49",
    "time_now": "2021-11-01 09:57:40",
    "ups": 11222,
    "downs": 0,
    "comments_since_last_sample": [],
    "top_comments_top": [
        {
            "comment_id": "hin68a6",
            "body": "\nAs a reminder, this subreddit [is for civil discussion.](/r/politics/wiki/index#wiki_be_civil)\n\nIn general, be courteous to others. Debate/discuss/argue the merits of ideas, don't attack people. Personal insults, shill or troll accusations, hate speech, any suggestion or support of harm, violence, or death, and other rule violations can result in a permanent ban. \n\nIf you see comments in violation of our rules, please report them.\n\n For those who have questions regarding any media outlets being posted on this subreddit, please click [here](https://www.reddit.com/r/politics/wiki/approveddomainslist) to review our details as to our approved domains list and outlet criteria.\n\n***\n\n\n*I am a bot, and this action was performed automatically. Please [contact the moderators of this subreddit](/message/compose/?to=/r/politics) if you have any questions or concerns.*",
            "ups": 1,
            "downs": 0
        },
        {
            "comment_id": "hin95ez",
            "body": "Okay, y'all can rail at this person all you want. But they are not running for office, and they are saying they're voting for the Democrat, because they no longer believe in the gop. I like it when people wake up.",
            "ups": 1049,
            "downs": 0
        },
        {
            "comment_id": "hinssgt",
            "body": "I went to vote yesterday and was blown away by how many people were queued on a Friday in an off-year election. Here's hoping VA can stay blue, it's done some great things for us imo.",
            "ups": 667,
            "downs": 0
        },
        {
            "comment_id": "hinu9ya",
            "body": "what gets me is the GOP is running, once again about the gov getting between parents and in this case schools, last time it was doctors.\n\nbut all my life its been republicans burning books, demanding books not be taught or taken out of class.. and its only by the grace of the supreme court that any school in the south teaches evolution.\n\nYou know the party that edited the textbooks in texas to downplay slavery and thomas jeffersons contribution to the US.\n\nLiberals arent doing that. Liberals arent actually pushing schools to do squat. Liberals are just getting out the way of teachers.\n\nwe dont demand they teach liberal economic theory or try to erase republicans from history. But the right sure is.\n\nyou know the party that is currently getting in between people and medical professionals.",
            "ups": 435,
            "downs": 0
        },
        {
            "comment_id": "hinbv12",
            "body": "I left the GOP this year and changed my voting registration to Democrat. I can no longer in good conscience support the GOP as its changed to a party of hate and conspiracy that wants to install a dictator. I honestly don't see myself as a Democrat but I am definitely not what the Republicans are now.",
            "ups": 303,
            "downs": 0
        }
    ],
    "top_comments_best": [
        {
            "comment_id": "hin68a6",
            "body": "\nAs a reminder, this subreddit [is for civil discussion.](/r/politics/wiki/index#wiki_be_civil)\n\nIn general, be courteous to others. Debate/discuss/argue the merits of ideas, don't attack people. Personal insults, shill or troll accusations, hate speech, any suggestion or support of harm, violence, or death, and other rule violations can result in a permanent ban. \n\nIf you see comments in violation of our rules, please report them.\n\n For those who have questions regarding any media outlets being posted on this subreddit, please click [here](https://www.reddit.com/r/politics/wiki/approveddomainslist) to review our details as to our approved domains list and outlet criteria.\n\n***\n\n\n*I am a bot, and this action was performed automatically. Please [contact the moderators of this subreddit](/message/compose/?to=/r/politics) if you have any questions or concerns.*",
            "ups": 1,
            "downs": 0
        },
        {
            "comment_id": "hinssgt",
            "body": "I went to vote yesterday and was blown away by how many people were queued on a Friday in an off-year election. Here's hoping VA can stay blue, it's done some great things for us imo.",
            "ups": 674,
            "downs": 0
        },
        {
            "comment_id": "hin95ez",
            "body": "Okay, y'all can rail at this person all you want. But they are not running for office, and they are saying they're voting for the Democrat, because they no longer believe in the gop. I like it when people wake up.",
            "ups": 1051,
            "downs": 0
        },
        {
            "comment_id": "hinu9ya",
            "body": "what gets me is the GOP is running, once again about the gov getting between parents and in this case schools, last time it was doctors.\n\nbut all my life its been republicans burning books, demanding books not be taught or taken out of class.. and its only by the grace of the supreme court that any school in the south teaches evolution.\n\nYou know the party that edited the textbooks in texas to downplay slavery and thomas jeffersons contribution to the US.\n\nLiberals arent doing that. Liberals arent actually pushing schools to do squat. Liberals are just getting out the way of teachers.\n\nwe dont demand they teach liberal economic theory or try to erase republicans from history. But the right sure is.\n\nyou know the party that is currently getting in between people and medical professionals.",
            "ups": 435,
            "downs": 0
        },
        {
            "comment_id": "hinbv12",
            "body": "I left the GOP this year and changed my voting registration to Democrat. I can no longer in good conscience support the GOP as its changed to a party of hate and conspiracy that wants to install a dictator. I honestly don't see myself as a Democrat but I am definitely not what the Republicans are now.",
            "ups": 303,
            "downs": 0
        }
    ],
    "top_comments_hot": [
        {
            "comment_id": "hin68a6",
            "body": "\nAs a reminder, this subreddit [is for civil discussion.](/r/politics/wiki/index#wiki_be_civil)\n\nIn general, be courteous to others. Debate/discuss/argue the merits of ideas, don't attack people. Personal insults, shill or troll accusations, hate speech, any suggestion or support of harm, violence, or death, and other rule violations can result in a permanent ban. \n\nIf you see comments in violation of our rules, please report them.\n\n For those who have questions regarding any media outlets being posted on this subreddit, please click [here](https://www.reddit.com/r/politics/wiki/approveddomainslist) to review our details as to our approved domains list and outlet criteria.\n\n***\n\n\n*I am a bot, and this action was performed automatically. Please [contact the moderators of this subreddit](/message/compose/?to=/r/politics) if you have any questions or concerns.*",
            "ups": 1,
            "downs": 0
        },
        {
            "comment_id": "hinssgt",
            "body": "I went to vote yesterday and was blown away by how many people were queued on a Friday in an off-year election. Here's hoping VA can stay blue, it's done some great things for us imo.",
            "ups": 671,
            "downs": 0
        },
        {
            "comment_id": "hin95ez",
            "body": "Okay, y'all can rail at this person all you want. But they are not running for office, and they are saying they're voting for the Democrat, because they no longer believe in the gop. I like it when people wake up.",
            "ups": 1057,
            "downs": 0
        },
        {
            "comment_id": "hinu9ya",
            "body": "what gets me is the GOP is running, once again about the gov getting between parents and in this case schools, last time it was doctors.\n\nbut all my life its been republicans burning books, demanding books not be taught or taken out of class.. and its only by the grace of the supreme court that any school in the south teaches evolution.\n\nYou know the party that edited the textbooks in texas to downplay slavery and thomas jeffersons contribution to the US.\n\nLiberals arent doing that. Liberals arent actually pushing schools to do squat. Liberals are just getting out the way of teachers.\n\nwe dont demand they teach liberal economic theory or try to erase republicans from history. But the right sure is.\n\nyou know the party that is currently getting in between people and medical professionals.",
            "ups": 435,
            "downs": 0
        },
        {
            "comment_id": "hinbv12",
            "body": "I left the GOP this year and changed my voting registration to Democrat. I can no longer in good conscience support the GOP as its changed to a party of hate and conspiracy that wants to install a dictator. I honestly don't see myself as a Democrat but I am definitely not what the Republicans are now.",
            "ups": 298,
            "downs": 0
        }
    ]
}