{
    "post_url": "https://www.reddit.com/r/gaming/comments/qiz7go/3d_games/",
    "time_posted": "2021-10-30 07:02:42",
    "time_now": "2021-10-30 16:47:56",
    "ups": 1,
    "downs": 0,
    "comments_since_last_sample": [
        {
            "comment_id": "hin0w6d",
            "body": "VR dude\n\nLike its basically the same thing"
        },
        {
            "comment_id": "himw2r6",
            "body": "Probably the best version of this I've played was the Arkham Asylum 3D version on the 360 I think it was, might be difficult to get your hands on these days but I'd recommend it, it was pretty cool"
        },
        {
            "comment_id": "himpta6",
            "body": "I remember that this was a thing for a few PS2 and PS3 games. I recall that Sly 3: Honor Among Thieves had a 3D mode and it included a pair of 3D glasses clipped in with the manual.\n\nMaybe it was just a problem with my TV, but I wasn't impressed by it..."
        },
        {
            "comment_id": "himp67x",
            "body": "Loads of pc and ps3/4 games support 3D. Also the nintendo 3DS"
        }
    ],
    "top_comments_top": [
        {
            "comment_id": "himp67x",
            "body": "Loads of pc and ps3/4 games support 3D. Also the nintendo 3DS",
            "ups": 3,
            "downs": 0
        },
        {
            "comment_id": "himpta6",
            "body": "I remember that this was a thing for a few PS2 and PS3 games. I recall that Sly 3: Honor Among Thieves had a 3D mode and it included a pair of 3D glasses clipped in with the manual.\n\nMaybe it was just a problem with my TV, but I wasn't impressed by it...",
            "ups": 2,
            "downs": 0
        },
        {
            "comment_id": "himw2r6",
            "body": "Probably the best version of this I've played was the Arkham Asylum 3D version on the 360 I think it was, might be difficult to get your hands on these days but I'd recommend it, it was pretty cool",
            "ups": 1,
            "downs": 0
        },
        {
            "comment_id": "hin0w6d",
            "body": "VR dude\n\nLike its basically the same thing",
            "ups": 1,
            "downs": 0
        }
    ],
    "top_comments_best": [
        {
            "comment_id": "himp67x",
            "body": "Loads of pc and ps3/4 games support 3D. Also the nintendo 3DS",
            "ups": 3,
            "downs": 0
        },
        {
            "comment_id": "himpta6",
            "body": "I remember that this was a thing for a few PS2 and PS3 games. I recall that Sly 3: Honor Among Thieves had a 3D mode and it included a pair of 3D glasses clipped in with the manual.\n\nMaybe it was just a problem with my TV, but I wasn't impressed by it...",
            "ups": 2,
            "downs": 0
        },
        {
            "comment_id": "himw2r6",
            "body": "Probably the best version of this I've played was the Arkham Asylum 3D version on the 360 I think it was, might be difficult to get your hands on these days but I'd recommend it, it was pretty cool",
            "ups": 1,
            "downs": 0
        },
        {
            "comment_id": "hin0w6d",
            "body": "VR dude\n\nLike its basically the same thing",
            "ups": 1,
            "downs": 0
        }
    ],
    "top_comments_hot": [
        {
            "comment_id": "himp67x",
            "body": "Loads of pc and ps3/4 games support 3D. Also the nintendo 3DS",
            "ups": 3,
            "downs": 0
        },
        {
            "comment_id": "himpta6",
            "body": "I remember that this was a thing for a few PS2 and PS3 games. I recall that Sly 3: Honor Among Thieves had a 3D mode and it included a pair of 3D glasses clipped in with the manual.\n\nMaybe it was just a problem with my TV, but I wasn't impressed by it...",
            "ups": 2,
            "downs": 0
        },
        {
            "comment_id": "himw2r6",
            "body": "Probably the best version of this I've played was the Arkham Asylum 3D version on the 360 I think it was, might be difficult to get your hands on these days but I'd recommend it, it was pretty cool",
            "ups": 1,
            "downs": 0
        },
        {
            "comment_id": "hin0w6d",
            "body": "VR dude\n\nLike its basically the same thing",
            "ups": 1,
            "downs": 0
        }
    ]
}