{
    "post_url": "https://www.reddit.com/r/gaming/comments/qj0wbn/memories/",
    "time_posted": "2021-10-30 08:54:18",
    "time_now": "2021-11-01 14:03:44",
    "ups": 7490,
    "downs": 0,
    "comments_since_last_sample": [],
    "top_comments_top": [
        {
            "comment_id": "hin12gl",
            "body": "Cs_Italy",
            "ups": 968,
            "downs": 0
        },
        {
            "comment_id": "hin2so8",
            "body": "Man this brings me back. Thank you.",
            "ups": 322,
            "downs": 0
        },
        {
            "comment_id": "hinjegn",
            "body": "Gets distracted by chickens in the marketplace: Headshot.",
            "ups": 283,
            "downs": 0
        },
        {
            "comment_id": "hin7m2i",
            "body": "Too bad everyone always wanted to play Dust_2.",
            "ups": 182,
            "downs": 0
        },
        {
            "comment_id": "hintq0a",
            "body": "Hold on, it was a REAL PLACE!?",
            "ups": 146,
            "downs": 0
        }
    ],
    "top_comments_best": [
        {
            "comment_id": "hin2so8",
            "body": "Man this brings me back. Thank you.",
            "ups": 321,
            "downs": 0
        },
        {
            "comment_id": "hin12gl",
            "body": "Cs_Italy",
            "ups": 975,
            "downs": 0
        },
        {
            "comment_id": "hinjegn",
            "body": "Gets distracted by chickens in the marketplace: Headshot.",
            "ups": 285,
            "downs": 0
        },
        {
            "comment_id": "hin7m2i",
            "body": "Too bad everyone always wanted to play Dust_2.",
            "ups": 182,
            "downs": 0
        },
        {
            "comment_id": "hintq0a",
            "body": "Hold on, it was a REAL PLACE!?",
            "ups": 144,
            "downs": 0
        }
    ],
    "top_comments_hot": [
        {
            "comment_id": "hin2so8",
            "body": "Man this brings me back. Thank you.",
            "ups": 315,
            "downs": 0
        },
        {
            "comment_id": "hin12gl",
            "body": "Cs_Italy",
            "ups": 973,
            "downs": 0
        },
        {
            "comment_id": "hinjegn",
            "body": "Gets distracted by chickens in the marketplace: Headshot.",
            "ups": 285,
            "downs": 0
        },
        {
            "comment_id": "hin7m2i",
            "body": "Too bad everyone always wanted to play Dust_2.",
            "ups": 180,
            "downs": 0
        },
        {
            "comment_id": "hintq0a",
            "body": "Hold on, it was a REAL PLACE!?",
            "ups": 144,
            "downs": 0
        }
    ]
}