{
    "post_url": "https://www.reddit.com/r/politics/comments/qj2k9k/postal_banking_is_finally_a_reality_in_some_of/",
    "time_posted": "2021-10-30 10:26:46",
    "time_now": "2021-11-01 05:50:12",
    "ups": 794,
    "downs": 0,
    "comments_since_last_sample": [],
    "top_comments_top": [
        {
            "comment_id": "hin9vy7",
            "body": "\nAs a reminder, this subreddit [is for civil discussion.](/r/politics/wiki/index#wiki_be_civil)\n\nIn general, be courteous to others. Debate/discuss/argue the merits of ideas, don't attack people. Personal insults, shill or troll accusations, hate speech, any suggestion or support of harm, violence, or death, and other rule violations can result in a permanent ban. \n\nIf you see comments in violation of our rules, please report them.\n\n For those who have questions regarding any media outlets being posted on this subreddit, please click [here](https://www.reddit.com/r/politics/wiki/approveddomainslist) to review our details as to our approved domains list and outlet criteria.\n\n***\n\n\n*I am a bot, and this action was performed automatically. Please [contact the moderators of this subreddit](/message/compose/?to=/r/politics) if you have any questions or concerns.*",
            "ups": 1,
            "downs": 0
        },
        {
            "comment_id": "hinan9a",
            "body": "Save the post office! Fire/Jail DeJoy and remove that ridiculous 75 year prefunding mandate!",
            "ups": 95,
            "downs": 0
        },
        {
            "comment_id": "hinu2nd",
            "body": "What? Can someone explain to an European, plz? Am at loss.",
            "ups": 9,
            "downs": 0
        },
        {
            "comment_id": "hingpx3",
            "body": "Not while DeJoy is in charge. He'll only use it to line his pockets.",
            "ups": 7,
            "downs": 0
        },
        {
            "comment_id": "hinhp60",
            "body": "Please do so but hire new people because the lines are already ridiculous as is to see a clerk.",
            "ups": 7,
            "downs": 0
        }
    ],
    "top_comments_best": [
        {
            "comment_id": "hin9vy7",
            "body": "\nAs a reminder, this subreddit [is for civil discussion.](/r/politics/wiki/index#wiki_be_civil)\n\nIn general, be courteous to others. Debate/discuss/argue the merits of ideas, don't attack people. Personal insults, shill or troll accusations, hate speech, any suggestion or support of harm, violence, or death, and other rule violations can result in a permanent ban. \n\nIf you see comments in violation of our rules, please report them.\n\n For those who have questions regarding any media outlets being posted on this subreddit, please click [here](https://www.reddit.com/r/politics/wiki/approveddomainslist) to review our details as to our approved domains list and outlet criteria.\n\n***\n\n\n*I am a bot, and this action was performed automatically. Please [contact the moderators of this subreddit](/message/compose/?to=/r/politics) if you have any questions or concerns.*",
            "ups": 1,
            "downs": 0
        },
        {
            "comment_id": "hinan9a",
            "body": "Save the post office! Fire/Jail DeJoy and remove that ridiculous 75 year prefunding mandate!",
            "ups": 95,
            "downs": 0
        },
        {
            "comment_id": "hinu2nd",
            "body": "What? Can someone explain to an European, plz? Am at loss.",
            "ups": 10,
            "downs": 0
        },
        {
            "comment_id": "hinhp60",
            "body": "Please do so but hire new people because the lines are already ridiculous as is to see a clerk.",
            "ups": 8,
            "downs": 0
        },
        {
            "comment_id": "hioeud5",
            "body": "this could be a huge plus for lower income people\n\nyou can be certain the banking industry, they fight it down to the last lobbyist",
            "ups": 4,
            "downs": 0
        }
    ],
    "top_comments_hot": [
        {
            "comment_id": "hin9vy7",
            "body": "\nAs a reminder, this subreddit [is for civil discussion.](/r/politics/wiki/index#wiki_be_civil)\n\nIn general, be courteous to others. Debate/discuss/argue the merits of ideas, don't attack people. Personal insults, shill or troll accusations, hate speech, any suggestion or support of harm, violence, or death, and other rule violations can result in a permanent ban. \n\nIf you see comments in violation of our rules, please report them.\n\n For those who have questions regarding any media outlets being posted on this subreddit, please click [here](https://www.reddit.com/r/politics/wiki/approveddomainslist) to review our details as to our approved domains list and outlet criteria.\n\n***\n\n\n*I am a bot, and this action was performed automatically. Please [contact the moderators of this subreddit](/message/compose/?to=/r/politics) if you have any questions or concerns.*",
            "ups": 1,
            "downs": 0
        },
        {
            "comment_id": "hinan9a",
            "body": "Save the post office! Fire/Jail DeJoy and remove that ridiculous 75 year prefunding mandate!",
            "ups": 97,
            "downs": 0
        },
        {
            "comment_id": "hinu2nd",
            "body": "What? Can someone explain to an European, plz? Am at loss.",
            "ups": 9,
            "downs": 0
        },
        {
            "comment_id": "hinhp60",
            "body": "Please do so but hire new people because the lines are already ridiculous as is to see a clerk.",
            "ups": 7,
            "downs": 0
        },
        {
            "comment_id": "hioeud5",
            "body": "this could be a huge plus for lower income people\n\nyou can be certain the banking industry, they fight it down to the last lobbyist",
            "ups": 5,
            "downs": 0
        }
    ]
}