{
    "post_url": "https://www.reddit.com/r/gaming/comments/qj4rdw/is_this_xbox_series_x_price_real_because_i_could/",
    "time_posted": "2021-10-30 12:16:15",
    "time_now": "2021-10-31 13:19:47",
    "ups": 0,
    "downs": 0,
    "comments_since_last_sample": [],
    "top_comments_top": [
        {
            "comment_id": "hinpnbc",
            "body": "If you saved for a little while? Bruh lol that shit is absolutely not real. They're gonna send you the souja boy console if you purchase that",
            "ups": 45,
            "downs": 0
        },
        {
            "comment_id": "hinoxxq",
            "body": "Highly doubt it's real..",
            "ups": 29,
            "downs": 0
        },
        {
            "comment_id": "hinozsp",
            "body": "Definitely not, nobody is selling an in demand product that cheap.",
            "ups": 20,
            "downs": 0
        },
        {
            "comment_id": "hinoz67",
            "body": "No. The normal price is 500 dollars.",
            "ups": 15,
            "downs": 0
        },
        {
            "comment_id": "hinpq1v",
            "body": "If it\u2019s too good to be true, it\u2019s NEVER true.",
            "ups": 11,
            "downs": 0
        }
    ],
    "top_comments_best": [
        {
            "comment_id": "hinpnbc",
            "body": "If you saved for a little while? Bruh lol that shit is absolutely not real. They're gonna send you the souja boy console if you purchase that",
            "ups": 40,
            "downs": 0
        },
        {
            "comment_id": "hinoxxq",
            "body": "Highly doubt it's real..",
            "ups": 28,
            "downs": 0
        },
        {
            "comment_id": "hinozsp",
            "body": "Definitely not, nobody is selling an in demand product that cheap.",
            "ups": 18,
            "downs": 0
        },
        {
            "comment_id": "hinoz67",
            "body": "No. The normal price is 500 dollars.",
            "ups": 15,
            "downs": 0
        },
        {
            "comment_id": "hinpq1v",
            "body": "If it\u2019s too good to be true, it\u2019s NEVER true.",
            "ups": 11,
            "downs": 0
        }
    ],
    "top_comments_hot": [
        {
            "comment_id": "hinpnbc",
            "body": "If you saved for a little while? Bruh lol that shit is absolutely not real. They're gonna send you the souja boy console if you purchase that",
            "ups": 44,
            "downs": 0
        },
        {
            "comment_id": "hinoxxq",
            "body": "Highly doubt it's real..",
            "ups": 30,
            "downs": 0
        },
        {
            "comment_id": "hinozsp",
            "body": "Definitely not, nobody is selling an in demand product that cheap.",
            "ups": 19,
            "downs": 0
        },
        {
            "comment_id": "hinoz67",
            "body": "No. The normal price is 500 dollars.",
            "ups": 15,
            "downs": 0
        },
        {
            "comment_id": "hinpq1v",
            "body": "If it\u2019s too good to be true, it\u2019s NEVER true.",
            "ups": 12,
            "downs": 0
        }
    ]
}