{
    "time_posted": "2021-10-30 14:00:13",
    "url": "https://www.youtube.com/watch?v=6hXEZysidiU",
    "time_now": "2021-10-31 13:18:38",
    "ups": "2731",
    "downs": "27",
    "views": "34749",
    "top_comments": [],
    "comments_since_last_sample": [
        {
            "body": "The most beautiful conversation with Gurudev \u2764"
        },
        {
            "body": "All  doctor and scientist are just book worms who have never ponder on what they have studied that's why they are asking a spiritual person  who is also with bookish knowledge, not any kind of self experience. Questions are good but answers are escaping."
        },
        {
            "body": "I wish to hear it again and again..this is so profound and deep...science and spirituality..."
        },
        {
            "body": "This was goosebumps talks!!"
        },
        {
            "body": "Amazing Knowledge Gurudev...Must Watch..."
        },
        {
            "body": "\u091c\u092f \u0917\u0941\u0930\u0941\u0926\u0947\u0935 \u092a\u094d\u0930\u0923\u093e\u092e \ud83d\ude4f\ud83c\udffb\ud83c\udf39\ud83e\udd70"
        },
        {
            "body": "Jgd very very very interesting  and amaaaazing Gurudev we are  lucky to know this precious  knowledge  which is not allowed  for normal person  we are greatful to you \u2764\u2764\ud83d\ude4f\ud83d\ude4f\ud83c\udf39\ud83c\udf1f\ud83d\udc90"
        },
        {
            "body": "Great ful Gurudev \ud83c\udf39\ud83c\udf39\ud83c\udf39\ud83c\udf39\ud83c\udf39\ud83c\udf39\ud83c\udf39\ud83d\ude4f\ud83d\ude4f\ud83d\ude4f\ud83d\ude4f\u2764\ufe0f Jgd \ud83d\udc90"
        },
        {
            "body": "Grateful. Jgd."
        }
    ]
}