{
    "time_posted": "2021-10-30 14:00:03",
    "url": "https://www.youtube.com/watch?v=6N0nw7_M7EU",
    "time_now": "2021-10-31 00:58:25",
    "ups": "2911",
    "downs": "35",
    "views": "50113",
    "top_comments": [
        {
            "comment": "I be High as hell when I get a taste of that jungle",
            "likes": 1,
            "number_of_replies": 0
        },
        {
            "comment": "Wow! That was a very nice and unique Haloween drink! Cheers, and stay tipsy!",
            "likes": 1,
            "number_of_replies": 0
        }
    ],
    "comments_since_last_sample": [
        {
            "body": "I want to know what happens to these monster mixes after the video."
        },
        {
            "body": "1:14 caught in 8k 16 mil g hertz"
        },
        {
            "body": "His voice is becoming hoarse, due to exaggeration of prices\ud83d\ude02"
        },
        {
            "body": "\ud83d\ude4c\ud83c\udfff\ud83d\ude4c\ud83c\udfff\ud83d\ude4c\ud83c\udfff."
        },
        {
            "body": "I\u2019m surprised you haven\u2019t got Colon Cancer from everything you make and drink everyday.\nAnd I\u2019m don\u2019t say that out of Condescension, but Concern."
        },
        {
            "body": "sounds like someone has covid"
        },
        {
            "body": "\u201cZoinks scoob\u201d"
        },
        {
            "body": "Is Skyy okay? He sounds like he\u2019s got a cold! \ud83d\ude15"
        },
        {
            "body": "Homeboy sounds like Busta Rhymes in this one lol"
        },
        {
            "body": "Is sky ok?"
        },
        {
            "body": "Feel better soon your throat sounds all torn up"
        },
        {
            "body": "His voice :D Was he hungovered? :D"
        },
        {
            "body": "Bro u sound like u had hangover"
        },
        {
            "body": "Get well soon mate I love u r voice it's missisng"
        },
        {
            "body": "Hope you feel better homeboi"
        },
        {
            "body": "Wow! That was a very nice and unique Haloween drink! Cheers, and stay tipsy!"
        },
        {
            "body": "I be High as hell when I get a taste of that jungle"
        },
        {
            "body": "Sky sounds like he's going through puberty again \ud83d\ude02"
        },
        {
            "body": "Oh u got the videos dropping BACK TO BACK"
        }
    ]
}