{
    "post_url": "https://www.reddit.com/r/politics/comments/qizais/congress_outmatched_by_oil_executives_at_what_was/",
    "time_posted": "2021-10-30 07:08:37",
    "time_now": "2021-11-01 14:05:42",
    "ups": 119,
    "downs": 0,
    "comments_since_last_sample": [],
    "top_comments_top": [
        {
            "comment_id": "himp61s",
            "body": "\nAs a reminder, this subreddit [is for civil discussion.](/r/politics/wiki/index#wiki_be_civil)\n\nIn general, be courteous to others. Debate/discuss/argue the merits of ideas, don't attack people. Personal insults, shill or troll accusations, hate speech, any suggestion or support of harm, violence, or death, and other rule violations can result in a permanent ban. \n\nIf you see comments in violation of our rules, please report them.\n\n For those who have questions regarding any media outlets being posted on this subreddit, please click [here](https://www.reddit.com/r/politics/wiki/approveddomainslist) to review our details as to our approved domains list and outlet criteria.\n\n***\n\n\n*I am a bot, and this action was performed automatically. Please [contact the moderators of this subreddit](/message/compose/?to=/r/politics) if you have any questions or concerns.*",
            "ups": 1,
            "downs": 0
        },
        {
            "comment_id": "himsqcp",
            "body": "Weird headline is weird. Oil executives refusing petulantly refusing to answer questions isn\u2019t quite the same thing as rhetorically outmatching their Congressional adversaries. \n\n&gt;\u201cBIG OIL IS due its Big Tobacco moment,\u201d exclaimed a Los Angeles Times opinion column that ran the day before. In the first moments of the hearing, Maloney declared that the assorted oil executives \u201care obviously lying like the tobacco executives were.\u201d\n\n&gt;To be sure, the parallels are hardly contrived. ExxonMobil scientists have known since the late 1970s that the mass burning of fossil fuels will heat the environment to a dangerous degree, while the company\u2019s lobbying affiliates and executives spent decades deceiving the public about this fact. The tobacco companies knew the clear harm of their products and lied; so does the oil and gas industry.\n\nThe facts really don\u2019t paint the oil industry in a good light here, and that\u2019s what matters. Can one really say that this part wasn\u2019t effective just because the executives ignored the question?:\n\n&gt;During the hearing, Rep. Ro Khanna, D-Calif., delivered one of the most memorable moments, pressing the executives over their duplicitous use of third-party groups. The oil companies claim to support renewable energy, yet their trade groups lobby against electric vehicle-friendly policies, Khanna pointed out.\n\n&gt;Khanna demanded to know if any of the companies would commit to ending funding to such lobby groups. \u201cWill any of you commit to having an independent audit to verify that none of your funds are going to climate denial?\u201d No one responded.\n\nOkay, granted, this next part wasn\u2019t good. Land sakes, Rep. Bush, I like your politics but this isn\u2019t the problem anyone in their right mind is worried about right now, and you\u2019re just making yourself look worse.\n\n&gt;Rep. Cori Bush, D-Mo., pressed the executives on \u201cwhite supremacy\u201d and diversity, asking BP\u2019s David Lawler, \u201cAre the overwhelming majority of fossil fuel CEOs Black or white?\u201d",
            "ups": 20,
            "downs": 0
        },
        {
            "comment_id": "hinyj6e",
            "body": "You can count the Politicians that are not owned by Big Oil on 2 hands. This was always just a Dog and Pony show to fool the peasants into thinking something good was going to happen.",
            "ups": 2,
            "downs": 0
        },
        {
            "comment_id": "hinbmek",
            "body": "I wonder who funds the intercept.",
            "ups": 0,
            "downs": 0
        }
    ],
    "top_comments_best": [
        {
            "comment_id": "himp61s",
            "body": "\nAs a reminder, this subreddit [is for civil discussion.](/r/politics/wiki/index#wiki_be_civil)\n\nIn general, be courteous to others. Debate/discuss/argue the merits of ideas, don't attack people. Personal insults, shill or troll accusations, hate speech, any suggestion or support of harm, violence, or death, and other rule violations can result in a permanent ban. \n\nIf you see comments in violation of our rules, please report them.\n\n For those who have questions regarding any media outlets being posted on this subreddit, please click [here](https://www.reddit.com/r/politics/wiki/approveddomainslist) to review our details as to our approved domains list and outlet criteria.\n\n***\n\n\n*I am a bot, and this action was performed automatically. Please [contact the moderators of this subreddit](/message/compose/?to=/r/politics) if you have any questions or concerns.*",
            "ups": 1,
            "downs": 0
        },
        {
            "comment_id": "himsqcp",
            "body": "Weird headline is weird. Oil executives refusing petulantly refusing to answer questions isn\u2019t quite the same thing as rhetorically outmatching their Congressional adversaries. \n\n&gt;\u201cBIG OIL IS due its Big Tobacco moment,\u201d exclaimed a Los Angeles Times opinion column that ran the day before. In the first moments of the hearing, Maloney declared that the assorted oil executives \u201care obviously lying like the tobacco executives were.\u201d\n\n&gt;To be sure, the parallels are hardly contrived. ExxonMobil scientists have known since the late 1970s that the mass burning of fossil fuels will heat the environment to a dangerous degree, while the company\u2019s lobbying affiliates and executives spent decades deceiving the public about this fact. The tobacco companies knew the clear harm of their products and lied; so does the oil and gas industry.\n\nThe facts really don\u2019t paint the oil industry in a good light here, and that\u2019s what matters. Can one really say that this part wasn\u2019t effective just because the executives ignored the question?:\n\n&gt;During the hearing, Rep. Ro Khanna, D-Calif., delivered one of the most memorable moments, pressing the executives over their duplicitous use of third-party groups. The oil companies claim to support renewable energy, yet their trade groups lobby against electric vehicle-friendly policies, Khanna pointed out.\n\n&gt;Khanna demanded to know if any of the companies would commit to ending funding to such lobby groups. \u201cWill any of you commit to having an independent audit to verify that none of your funds are going to climate denial?\u201d No one responded.\n\nOkay, granted, this next part wasn\u2019t good. Land sakes, Rep. Bush, I like your politics but this isn\u2019t the problem anyone in their right mind is worried about right now, and you\u2019re just making yourself look worse.\n\n&gt;Rep. Cori Bush, D-Mo., pressed the executives on \u201cwhite supremacy\u201d and diversity, asking BP\u2019s David Lawler, \u201cAre the overwhelming majority of fossil fuel CEOs Black or white?\u201d",
            "ups": 19,
            "downs": 0
        },
        {
            "comment_id": "hinyj6e",
            "body": "You can count the Politicians that are not owned by Big Oil on 2 hands. This was always just a Dog and Pony show to fool the peasants into thinking something good was going to happen.",
            "ups": 2,
            "downs": 0
        },
        {
            "comment_id": "hinbmek",
            "body": "I wonder who funds the intercept.",
            "ups": 0,
            "downs": 0
        }
    ],
    "top_comments_hot": [
        {
            "comment_id": "himp61s",
            "body": "\nAs a reminder, this subreddit [is for civil discussion.](/r/politics/wiki/index#wiki_be_civil)\n\nIn general, be courteous to others. Debate/discuss/argue the merits of ideas, don't attack people. Personal insults, shill or troll accusations, hate speech, any suggestion or support of harm, violence, or death, and other rule violations can result in a permanent ban. \n\nIf you see comments in violation of our rules, please report them.\n\n For those who have questions regarding any media outlets being posted on this subreddit, please click [here](https://www.reddit.com/r/politics/wiki/approveddomainslist) to review our details as to our approved domains list and outlet criteria.\n\n***\n\n\n*I am a bot, and this action was performed automatically. Please [contact the moderators of this subreddit](/message/compose/?to=/r/politics) if you have any questions or concerns.*",
            "ups": 1,
            "downs": 0
        },
        {
            "comment_id": "himsqcp",
            "body": "Weird headline is weird. Oil executives refusing petulantly refusing to answer questions isn\u2019t quite the same thing as rhetorically outmatching their Congressional adversaries. \n\n&gt;\u201cBIG OIL IS due its Big Tobacco moment,\u201d exclaimed a Los Angeles Times opinion column that ran the day before. In the first moments of the hearing, Maloney declared that the assorted oil executives \u201care obviously lying like the tobacco executives were.\u201d\n\n&gt;To be sure, the parallels are hardly contrived. ExxonMobil scientists have known since the late 1970s that the mass burning of fossil fuels will heat the environment to a dangerous degree, while the company\u2019s lobbying affiliates and executives spent decades deceiving the public about this fact. The tobacco companies knew the clear harm of their products and lied; so does the oil and gas industry.\n\nThe facts really don\u2019t paint the oil industry in a good light here, and that\u2019s what matters. Can one really say that this part wasn\u2019t effective just because the executives ignored the question?:\n\n&gt;During the hearing, Rep. Ro Khanna, D-Calif., delivered one of the most memorable moments, pressing the executives over their duplicitous use of third-party groups. The oil companies claim to support renewable energy, yet their trade groups lobby against electric vehicle-friendly policies, Khanna pointed out.\n\n&gt;Khanna demanded to know if any of the companies would commit to ending funding to such lobby groups. \u201cWill any of you commit to having an independent audit to verify that none of your funds are going to climate denial?\u201d No one responded.\n\nOkay, granted, this next part wasn\u2019t good. Land sakes, Rep. Bush, I like your politics but this isn\u2019t the problem anyone in their right mind is worried about right now, and you\u2019re just making yourself look worse.\n\n&gt;Rep. Cori Bush, D-Mo., pressed the executives on \u201cwhite supremacy\u201d and diversity, asking BP\u2019s David Lawler, \u201cAre the overwhelming majority of fossil fuel CEOs Black or white?\u201d",
            "ups": 20,
            "downs": 0
        },
        {
            "comment_id": "hinyj6e",
            "body": "You can count the Politicians that are not owned by Big Oil on 2 hands. This was always just a Dog and Pony show to fool the peasants into thinking something good was going to happen.",
            "ups": 2,
            "downs": 0
        },
        {
            "comment_id": "hinbmek",
            "body": "I wonder who funds the intercept.",
            "ups": 0,
            "downs": 0
        }
    ]
}