{
    "post_url": "https://www.reddit.com/r/Music/comments/qj11ij/goldfinger_superman_skapoppunk_full_band_cover/",
    "time_posted": "2021-10-30 09:02:20",
    "time_now": "2021-10-31 21:33:22",
    "ups": 10,
    "downs": 0,
    "comments_since_last_sample": [],
    "top_comments_top": [
        {
            "comment_id": "himzu9w",
            "body": "Some friends and I made a full band cover of \"Superman\" by Goldfinger.It's the most popular song of the Tony Hawk's Pro Skater series and we always wanted to honour this milestone in music and in our youth.\n\nWe cover THPS sountracks. We are The Hidden Tape.",
            "ups": 1,
            "downs": 0
        }
    ],
    "top_comments_best": [
        {
            "comment_id": "himzu9w",
            "body": "Some friends and I made a full band cover of \"Superman\" by Goldfinger.It's the most popular song of the Tony Hawk's Pro Skater series and we always wanted to honour this milestone in music and in our youth.\n\nWe cover THPS sountracks. We are The Hidden Tape.",
            "ups": 1,
            "downs": 0
        }
    ],
    "top_comments_hot": [
        {
            "comment_id": "himzu9w",
            "body": "Some friends and I made a full band cover of \"Superman\" by Goldfinger.It's the most popular song of the Tony Hawk's Pro Skater series and we always wanted to honour this milestone in music and in our youth.\n\nWe cover THPS sountracks. We are The Hidden Tape.",
            "ups": 1,
            "downs": 0
        }
    ]
}