{
    "time_posted": "2021-10-30 16:00:13",
    "url": "https://www.youtube.com/watch?v=75DEffOWhT8",
    "time_now": "2021-11-03 03:06:33",
    "ups": "27385",
    "downs": "89",
    "views": "250529",
    "top_comments": [
        {
            "comment": "I'd be pissed too if all my attacks were telegraphed and had big \"Dodge/Hit here!!\" markers lmao",
            "likes": 1,
            "number_of_replies": 0
        }
    ],
    "comments_since_last_sample": [
        {
            "body": "man's rage disintegrated Ralsei"
        },
        {
            "body": "cope"
        },
        {
            "body": "That ending was the best it could be."
        },
        {
            "body": "hahahaha"
        }
    ]
}