{
    "post_url": "https://www.reddit.com/r/gaming/comments/qj0jzr/how_is_nobody_talking_about_guardians_of_the/",
    "time_posted": "2021-10-30 08:33:11",
    "time_now": "2021-10-31 13:20:31",
    "ups": 2,
    "downs": 0,
    "comments_since_last_sample": [],
    "top_comments_top": [
        {
            "comment_id": "himxkyi",
            "body": "It actually is.\n\nThe story is really good &amp; the characters have great chemistry &amp; are interesting, more especially Mantis. Why couldn\u2019t we get this Mantis in the movies?",
            "ups": 7,
            "downs": 0
        },
        {
            "comment_id": "himx4i7",
            "body": "Yea it\u2019s great and I love the chemistry with all of the characters.",
            "ups": 4,
            "downs": 0
        },
        {
            "comment_id": "himygqs",
            "body": "Got burned on my last two new releases. Hesitant with any right now.",
            "ups": 3,
            "downs": 0
        },
        {
            "comment_id": "hin22cg",
            "body": "Yeah the story and characters are great for the fans of the comics/movies\n\nbut gameplay is mediocre \n\nI wouldn't suggest this game to a non fan of the comics/movies",
            "ups": 3,
            "downs": 0
        },
        {
            "comment_id": "himwtvq",
            "body": "i played the cloud demo on my switch. it was definitely interesting, didn\u2019t run particularly well but that\u2019s to be expected with a cloud stream. i\u2019m sure i\u2019ll have more to say when i play it on a stronger console.",
            "ups": 2,
            "downs": 0
        }
    ],
    "top_comments_best": [
        {
            "comment_id": "himxkyi",
            "body": "It actually is.\n\nThe story is really good &amp; the characters have great chemistry &amp; are interesting, more especially Mantis. Why couldn\u2019t we get this Mantis in the movies?",
            "ups": 7,
            "downs": 0
        },
        {
            "comment_id": "himx4i7",
            "body": "Yea it\u2019s great and I love the chemistry with all of the characters.",
            "ups": 4,
            "downs": 0
        },
        {
            "comment_id": "hin22cg",
            "body": "Yeah the story and characters are great for the fans of the comics/movies\n\nbut gameplay is mediocre \n\nI wouldn't suggest this game to a non fan of the comics/movies",
            "ups": 3,
            "downs": 0
        },
        {
            "comment_id": "himwtvq",
            "body": "i played the cloud demo on my switch. it was definitely interesting, didn\u2019t run particularly well but that\u2019s to be expected with a cloud stream. i\u2019m sure i\u2019ll have more to say when i play it on a stronger console.",
            "ups": 2,
            "downs": 0
        },
        {
            "comment_id": "hindbt0",
            "body": "I like everything about the game other than the combat. The writers definitely love the universe.",
            "ups": 2,
            "downs": 0
        }
    ],
    "top_comments_hot": [
        {
            "comment_id": "himxkyi",
            "body": "It actually is.\n\nThe story is really good &amp; the characters have great chemistry &amp; are interesting, more especially Mantis. Why couldn\u2019t we get this Mantis in the movies?",
            "ups": 7,
            "downs": 0
        },
        {
            "comment_id": "himx4i7",
            "body": "Yea it\u2019s great and I love the chemistry with all of the characters.",
            "ups": 3,
            "downs": 0
        },
        {
            "comment_id": "hin22cg",
            "body": "Yeah the story and characters are great for the fans of the comics/movies\n\nbut gameplay is mediocre \n\nI wouldn't suggest this game to a non fan of the comics/movies",
            "ups": 3,
            "downs": 0
        },
        {
            "comment_id": "himwtvq",
            "body": "i played the cloud demo on my switch. it was definitely interesting, didn\u2019t run particularly well but that\u2019s to be expected with a cloud stream. i\u2019m sure i\u2019ll have more to say when i play it on a stronger console.",
            "ups": 2,
            "downs": 0
        },
        {
            "comment_id": "hindbt0",
            "body": "I like everything about the game other than the combat. The writers definitely love the universe.",
            "ups": 2,
            "downs": 0
        }
    ]
}