{
    "post_url": "https://www.reddit.com/r/gaming/comments/qj3tuq/crab_game_is_pure_chaos/",
    "time_posted": "2021-10-30 11:30:30",
    "time_now": "2021-11-03 03:08:26",
    "ups": 3,
    "downs": 0,
    "comments_since_last_sample": [],
    "top_comments_top": [
        {
            "comment_id": "hip4xpz",
            "body": "Wow. Blatant ripoffs are cool.",
            "ups": 0,
            "downs": 0
        }
    ],
    "top_comments_best": [
        {
            "comment_id": "hip4xpz",
            "body": "Wow. Blatant ripoffs are cool.",
            "ups": 0,
            "downs": 0
        }
    ],
    "top_comments_hot": [
        {
            "comment_id": "hip4xpz",
            "body": "Wow. Blatant ripoffs are cool.",
            "ups": 0,
            "downs": 0
        }
    ]
}