{
    "post_url": "https://www.reddit.com/r/LifeProTips/comments/qip1zf/lpt_if_you_have_a_newborn_file_their_nails/",
    "time_posted": "2021-10-29 19:28:06",
    "time_now": "2021-11-02 23:05:07",
    "ups": 36,
    "downs": 0,
    "comments_since_last_sample": [],
    "top_comments_top": [
        {
            "comment_id": "hiktuy5",
            "body": "Hello and welcome to r/LifeProTips!\n\nPlease help us decide if this post is a good fit for the subreddit by up or downvoting this comment. \n\nIf you think that this is great advice to improve your life, please upvote. If you think this doesn't help you in any way, please downvote. If you don't care, leave it for the others to decide.",
            "ups": 1,
            "downs": 0
        },
        {
            "comment_id": "hikucvu",
            "body": "It\u2019s fine. Never once cut any of my three kids.",
            "ups": 17,
            "downs": 0
        },
        {
            "comment_id": "hilwjkr",
            "body": "Bad tip. Don't worry new parents, bite them or clip them. You'll instinctively be gentle. Don't file them. The nails are soft.",
            "ups": 4,
            "downs": 0
        },
        {
            "comment_id": "hikuvp7",
            "body": "My grandmother taught us to bite them off.",
            "ups": 4,
            "downs": 0
        },
        {
            "comment_id": "hiltxtl",
            "body": "My baby\u2019s nails were super soft, and when I tried filing it took way too long or it didn\u2019t work.",
            "ups": 4,
            "downs": 0
        }
    ],
    "top_comments_best": [
        {
            "comment_id": "hiktuy5",
            "body": "Hello and welcome to r/LifeProTips!\n\nPlease help us decide if this post is a good fit for the subreddit by up or downvoting this comment. \n\nIf you think that this is great advice to improve your life, please upvote. If you think this doesn't help you in any way, please downvote. If you don't care, leave it for the others to decide.",
            "ups": 1,
            "downs": 0
        },
        {
            "comment_id": "hikucvu",
            "body": "It\u2019s fine. Never once cut any of my three kids.",
            "ups": 16,
            "downs": 0
        },
        {
            "comment_id": "hiltxtl",
            "body": "My baby\u2019s nails were super soft, and when I tried filing it took way too long or it didn\u2019t work.",
            "ups": 3,
            "downs": 0
        },
        {
            "comment_id": "hiluv7j",
            "body": "We were told the same thing but those suckers get LOOONG so fast. We had to clip them and haven't cut our infant accidentally with the clippers yet.",
            "ups": 3,
            "downs": 0
        },
        {
            "comment_id": "hilwjkr",
            "body": "Bad tip. Don't worry new parents, bite them or clip them. You'll instinctively be gentle. Don't file them. The nails are soft.",
            "ups": 5,
            "downs": 0
        }
    ],
    "top_comments_hot": [
        {
            "comment_id": "hiktuy5",
            "body": "Hello and welcome to r/LifeProTips!\n\nPlease help us decide if this post is a good fit for the subreddit by up or downvoting this comment. \n\nIf you think that this is great advice to improve your life, please upvote. If you think this doesn't help you in any way, please downvote. If you don't care, leave it for the others to decide.",
            "ups": 1,
            "downs": 0
        },
        {
            "comment_id": "hikucvu",
            "body": "It\u2019s fine. Never once cut any of my three kids.",
            "ups": 16,
            "downs": 0
        },
        {
            "comment_id": "hiltxtl",
            "body": "My baby\u2019s nails were super soft, and when I tried filing it took way too long or it didn\u2019t work.",
            "ups": 4,
            "downs": 0
        },
        {
            "comment_id": "hiluv7j",
            "body": "We were told the same thing but those suckers get LOOONG so fast. We had to clip them and haven't cut our infant accidentally with the clippers yet.",
            "ups": 3,
            "downs": 0
        },
        {
            "comment_id": "hilwjkr",
            "body": "Bad tip. Don't worry new parents, bite them or clip them. You'll instinctively be gentle. Don't file them. The nails are soft.",
            "ups": 4,
            "downs": 0
        }
    ]
}