{
    "post_url": "https://www.reddit.com/r/gaming/comments/qj1aco/paid_150_for_all_of_it/",
    "time_posted": "2021-10-30 09:16:23",
    "time_now": "2021-10-31 13:20:22",
    "ups": 1159,
    "downs": 0,
    "comments_since_last_sample": [],
    "top_comments_top": [
        {
            "comment_id": "hin1izw",
            "body": "It\u2019s got a huge crack on it! You should return it.",
            "ups": 101,
            "downs": 0
        },
        {
            "comment_id": "hin1goi",
            "body": "It looks worth more than that! Good deal!",
            "ups": 49,
            "downs": 0
        },
        {
            "comment_id": "hingju8",
            "body": "Did GameStop finally change their ridiculous pricing and allow customers to occasionally get a deal?!?",
            "ups": 15,
            "downs": 0
        },
        {
            "comment_id": "hin2d47",
            "body": "Kinda looks like the giant thwomp in Super Mario 64.",
            "ups": 7,
            "downs": 0
        },
        {
            "comment_id": "hiow1ip",
            "body": "Gamestop gave me this version as a warranty replacement for a plain One X. I was stoked.",
            "ups": 7,
            "downs": 0
        }
    ],
    "top_comments_best": [
        {
            "comment_id": "hin1goi",
            "body": "It looks worth more than that! Good deal!",
            "ups": 51,
            "downs": 0
        },
        {
            "comment_id": "hin1izw",
            "body": "It\u2019s got a huge crack on it! You should return it.",
            "ups": 104,
            "downs": 0
        },
        {
            "comment_id": "hiow1ip",
            "body": "Gamestop gave me this version as a warranty replacement for a plain One X. I was stoked.",
            "ups": 6,
            "downs": 0
        },
        {
            "comment_id": "hip30c7",
            "body": "Nice grab, dude!\nGet used to the sound effects of the disc drive on this one!\nI have the same Xbox One X, and EVERYTIME I eject a disc (which I think because of this, is hardly ever now) I'm convinced it's scratching my discs to shit lol.",
            "ups": 3,
            "downs": 0
        },
        {
            "comment_id": "hingju8",
            "body": "Did GameStop finally change their ridiculous pricing and allow customers to occasionally get a deal?!?",
            "ups": 15,
            "downs": 0
        }
    ],
    "top_comments_hot": [
        {
            "comment_id": "hin1goi",
            "body": "It looks worth more than that! Good deal!",
            "ups": 49,
            "downs": 0
        },
        {
            "comment_id": "hin1izw",
            "body": "It\u2019s got a huge crack on it! You should return it.",
            "ups": 103,
            "downs": 0
        },
        {
            "comment_id": "hiow1ip",
            "body": "Gamestop gave me this version as a warranty replacement for a plain One X. I was stoked.",
            "ups": 6,
            "downs": 0
        },
        {
            "comment_id": "hip30c7",
            "body": "Nice grab, dude!\nGet used to the sound effects of the disc drive on this one!\nI have the same Xbox One X, and EVERYTIME I eject a disc (which I think because of this, is hardly ever now) I'm convinced it's scratching my discs to shit lol.",
            "ups": 4,
            "downs": 0
        },
        {
            "comment_id": "hingju8",
            "body": "Did GameStop finally change their ridiculous pricing and allow customers to occasionally get a deal?!?",
            "ups": 15,
            "downs": 0
        }
    ]
}