{
    "post_url": "https://www.reddit.com/r/politics/comments/qit2vn/reality_star_jim_bob_duggar_announces_candidacy/",
    "time_posted": "2021-10-29 23:33:32",
    "time_now": "2021-10-31 01:02:09",
    "ups": 0,
    "downs": 0,
    "comments_since_last_sample": [],
    "top_comments_top": [
        {
            "comment_id": "hilnqx5",
            "body": "\nAs a reminder, this subreddit [is for civil discussion.](/r/politics/wiki/index#wiki_be_civil)\n\nIn general, be courteous to others. Debate/discuss/argue the merits of ideas, don't attack people. Personal insults, shill or troll accusations, hate speech, any suggestion or support of harm, violence, or death, and other rule violations can result in a permanent ban. \n\nIf you see comments in violation of our rules, please report them.\n\n For those who have questions regarding any media outlets being posted on this subreddit, please click [here](https://www.reddit.com/r/politics/wiki/approveddomainslist) to review our details as to our approved domains list and outlet criteria.\n\n***\n\n\n*I am a bot, and this action was performed automatically. Please [contact the moderators of this subreddit](/message/compose/?to=/r/politics) if you have any questions or concerns.*",
            "ups": 1,
            "downs": 0
        },
        {
            "comment_id": "hilonbt",
            "body": "Campaign slogan: \"Protecting Arkansas like I protected my pedophile son after he raped our daughters\"",
            "ups": 81,
            "downs": 0
        },
        {
            "comment_id": "hilo1ml",
            "body": "His slogan - \u201c I promise to keep my son away from YOU!\u201d",
            "ups": 31,
            "downs": 0
        },
        {
            "comment_id": "hilo4pc",
            "body": "No idea who this guy is but a guy named \"Jim Bob\" running in Arkansas already has a huge advantage there.",
            "ups": 22,
            "downs": 0
        },
        {
            "comment_id": "hilo2w9",
            "body": "Isn't he a pedo domestic abuser?",
            "ups": 15,
            "downs": 0
        }
    ],
    "top_comments_best": [
        {
            "comment_id": "hilnqx5",
            "body": "\nAs a reminder, this subreddit [is for civil discussion.](/r/politics/wiki/index#wiki_be_civil)\n\nIn general, be courteous to others. Debate/discuss/argue the merits of ideas, don't attack people. Personal insults, shill or troll accusations, hate speech, any suggestion or support of harm, violence, or death, and other rule violations can result in a permanent ban. \n\nIf you see comments in violation of our rules, please report them.\n\n For those who have questions regarding any media outlets being posted on this subreddit, please click [here](https://www.reddit.com/r/politics/wiki/approveddomainslist) to review our details as to our approved domains list and outlet criteria.\n\n***\n\n\n*I am a bot, and this action was performed automatically. Please [contact the moderators of this subreddit](/message/compose/?to=/r/politics) if you have any questions or concerns.*",
            "ups": 1,
            "downs": 0
        },
        {
            "comment_id": "hilonbt",
            "body": "Campaign slogan: \"Protecting Arkansas like I protected my pedophile son after he raped our daughters\"",
            "ups": 81,
            "downs": 0
        },
        {
            "comment_id": "hilo1ml",
            "body": "His slogan - \u201c I promise to keep my son away from YOU!\u201d",
            "ups": 32,
            "downs": 0
        },
        {
            "comment_id": "hilo4pc",
            "body": "No idea who this guy is but a guy named \"Jim Bob\" running in Arkansas already has a huge advantage there.",
            "ups": 21,
            "downs": 0
        },
        {
            "comment_id": "hilo2w9",
            "body": "Isn't he a pedo domestic abuser?",
            "ups": 16,
            "downs": 0
        }
    ],
    "top_comments_hot": [
        {
            "comment_id": "hilnqx5",
            "body": "\nAs a reminder, this subreddit [is for civil discussion.](/r/politics/wiki/index#wiki_be_civil)\n\nIn general, be courteous to others. Debate/discuss/argue the merits of ideas, don't attack people. Personal insults, shill or troll accusations, hate speech, any suggestion or support of harm, violence, or death, and other rule violations can result in a permanent ban. \n\nIf you see comments in violation of our rules, please report them.\n\n For those who have questions regarding any media outlets being posted on this subreddit, please click [here](https://www.reddit.com/r/politics/wiki/approveddomainslist) to review our details as to our approved domains list and outlet criteria.\n\n***\n\n\n*I am a bot, and this action was performed automatically. Please [contact the moderators of this subreddit](/message/compose/?to=/r/politics) if you have any questions or concerns.*",
            "ups": 1,
            "downs": 0
        },
        {
            "comment_id": "hilonbt",
            "body": "Campaign slogan: \"Protecting Arkansas like I protected my pedophile son after he raped our daughters\"",
            "ups": 77,
            "downs": 0
        },
        {
            "comment_id": "hilo1ml",
            "body": "His slogan - \u201c I promise to keep my son away from YOU!\u201d",
            "ups": 32,
            "downs": 0
        },
        {
            "comment_id": "hilo4pc",
            "body": "No idea who this guy is but a guy named \"Jim Bob\" running in Arkansas already has a huge advantage there.",
            "ups": 20,
            "downs": 0
        },
        {
            "comment_id": "hilo2w9",
            "body": "Isn't he a pedo domestic abuser?",
            "ups": 16,
            "downs": 0
        }
    ]
}