{
    "post_url": "https://www.reddit.com/r/Music/comments/qj10ni/anybody_else_like_the_band_toto_and_think_theyre/",
    "time_posted": "2021-10-30 09:01:02",
    "time_now": "2021-10-30 20:52:18",
    "ups": 6,
    "downs": 0,
    "comments_since_last_sample": [],
    "top_comments_top": [
        {
            "comment_id": "himzx6q",
            "body": "You can't mention Toto and not Africa. It is the first song i remember in my life back in 1984 or something, exept my mothers lullabies. Been trying to listen to their stuff, but it doesn't catch my attention, Africa is a song i love though.",
            "ups": 6,
            "downs": 0
        },
        {
            "comment_id": "hin15z4",
            "body": "The Boz Scaggs album - Silk degrees has most of Toto playing, also.",
            "ups": 6,
            "downs": 0
        },
        {
            "comment_id": "hin2c5b",
            "body": "\"pretty underrated\" = 12 million monthly listeners on spotify\n\n???????????",
            "ups": 7,
            "downs": 0
        },
        {
            "comment_id": "hin10xg",
            "body": "Love 'em! They also did the soundtrack for the original 1984 movie, Dune",
            "ups": 4,
            "downs": 0
        },
        {
            "comment_id": "hin6hvu",
            "body": "Underrated?? They have multiple gold and platinum albums. Seems pretty well rated.",
            "ups": 4,
            "downs": 0
        }
    ],
    "top_comments_best": [
        {
            "comment_id": "himzx6q",
            "body": "You can't mention Toto and not Africa. It is the first song i remember in my life back in 1984 or something, exept my mothers lullabies. Been trying to listen to their stuff, but it doesn't catch my attention, Africa is a song i love though.",
            "ups": 7,
            "downs": 0
        },
        {
            "comment_id": "hin15z4",
            "body": "The Boz Scaggs album - Silk degrees has most of Toto playing, also.",
            "ups": 7,
            "downs": 0
        },
        {
            "comment_id": "hin2c5b",
            "body": "\"pretty underrated\" = 12 million monthly listeners on spotify\n\n???????????",
            "ups": 6,
            "downs": 0
        },
        {
            "comment_id": "hin10xg",
            "body": "Love 'em! They also did the soundtrack for the original 1984 movie, Dune",
            "ups": 4,
            "downs": 0
        },
        {
            "comment_id": "hin6hvu",
            "body": "Underrated?? They have multiple gold and platinum albums. Seems pretty well rated.",
            "ups": 5,
            "downs": 0
        }
    ],
    "top_comments_hot": [
        {
            "comment_id": "himzx6q",
            "body": "You can't mention Toto and not Africa. It is the first song i remember in my life back in 1984 or something, exept my mothers lullabies. Been trying to listen to their stuff, but it doesn't catch my attention, Africa is a song i love though.",
            "ups": 5,
            "downs": 0
        },
        {
            "comment_id": "hin15z4",
            "body": "The Boz Scaggs album - Silk degrees has most of Toto playing, also.",
            "ups": 5,
            "downs": 0
        },
        {
            "comment_id": "hin2c5b",
            "body": "\"pretty underrated\" = 12 million monthly listeners on spotify\n\n???????????",
            "ups": 7,
            "downs": 0
        },
        {
            "comment_id": "hin10xg",
            "body": "Love 'em! They also did the soundtrack for the original 1984 movie, Dune",
            "ups": 4,
            "downs": 0
        },
        {
            "comment_id": "hin6hvu",
            "body": "Underrated?? They have multiple gold and platinum albums. Seems pretty well rated.",
            "ups": 4,
            "downs": 0
        }
    ]
}