{
    "post_url": "https://www.reddit.com/r/Music/comments/qiuki2/should_i_get_rid_of_a_guitar_that_sounds_nice_but/",
    "time_posted": "2021-10-30 01:13:00",
    "time_now": "2021-10-30 16:47:02",
    "ups": 1,
    "downs": 0,
    "comments_since_last_sample": [
        {
            "comment_id": "himy90h",
            "body": "Depends how often you play live and for how long and what kind of music.\n\nNasty sloppy punk? Keep the comfortable one especially if you\u2019re gonna play a lot of hours and have it hanging from your shoulder, jumping around and what not.\n\nIf you need the better sounding and capable of multiple \u201ctones\u201d ranging from clean to hard, and you don\u2019t gig too much, keep the Les comfortable.\n\nBut the best thing to do is sell both and get one that checks all the boxes.\n\nAlso never buy a guitar with anything less than an Alder body.\n\nStill affordable but way better and brighter sounding than Basswood which most affordable guitars are made of."
        },
        {
            "comment_id": "himmhha",
            "body": "keep both. I have an old squire I got for 40 bucks that I keep around because for some reason it's the easiest guitar to play. It's nice playing expensive guitars, but sometimes I don't care what it sounds like; sometimes I just want to play for the sake of playing, and effortlessly nailing every note while e.g. sweeping is worth more than some subtle tonal differences."
        },
        {
            "comment_id": "him7clf",
            "body": "The one that sounds bad, why does it sound bad ? Is it an electric or an acoustic one ?"
        },
        {
            "comment_id": "him33qv",
            "body": "Comfort over sound, if you got good fingers and good rhythms you can make a tin can with fishing wire sound good."
        },
        {
            "comment_id": "hilzy2g",
            "body": "I think you should sell both and get one that is both good sounding and comfortable."
        },
        {
            "comment_id": "hilyleb",
            "body": "Play the one that sounds better, but get a pro to set it up for you (shouldn't cost much)."
        },
        {
            "comment_id": "hily8z6",
            "body": "Why is it uncomfortable?"
        },
        {
            "comment_id": "hily4p8",
            "body": "If sweet riffs can be played on a hello kitty guitar, definitely go for comfort. With the right hands something terrible can sound great."
        },
        {
            "comment_id": "hily33y",
            "body": "Think you just answered your own question there bud"
        },
        {
            "comment_id": "hily1ag",
            "body": "Keep the Comfortable to play. \n\nGet rid of uncomfortable. If it\u2019s uncomfortable, you\u2019ll rarely play it, and your skills will decline\u2026 and then you\u2019ll sound ever worse."
        }
    ],
    "top_comments_top": [
        {
            "comment_id": "hily1ag",
            "body": "Keep the Comfortable to play. \n\nGet rid of uncomfortable. If it\u2019s uncomfortable, you\u2019ll rarely play it, and your skills will decline\u2026 and then you\u2019ll sound ever worse.",
            "ups": 6,
            "downs": 0
        },
        {
            "comment_id": "hilzy2g",
            "body": "I think you should sell both and get one that is both good sounding and comfortable.",
            "ups": 5,
            "downs": 0
        },
        {
            "comment_id": "hily33y",
            "body": "Think you just answered your own question there bud",
            "ups": 3,
            "downs": 0
        },
        {
            "comment_id": "hily4p8",
            "body": "If sweet riffs can be played on a hello kitty guitar, definitely go for comfort. With the right hands something terrible can sound great.",
            "ups": 2,
            "downs": 0
        },
        {
            "comment_id": "hily8z6",
            "body": "Why is it uncomfortable?",
            "ups": 2,
            "downs": 0
        }
    ],
    "top_comments_best": [
        {
            "comment_id": "hily1ag",
            "body": "Keep the Comfortable to play. \n\nGet rid of uncomfortable. If it\u2019s uncomfortable, you\u2019ll rarely play it, and your skills will decline\u2026 and then you\u2019ll sound ever worse.",
            "ups": 6,
            "downs": 0
        },
        {
            "comment_id": "hilzy2g",
            "body": "I think you should sell both and get one that is both good sounding and comfortable.",
            "ups": 4,
            "downs": 0
        },
        {
            "comment_id": "hily33y",
            "body": "Think you just answered your own question there bud",
            "ups": 3,
            "downs": 0
        },
        {
            "comment_id": "hily4p8",
            "body": "If sweet riffs can be played on a hello kitty guitar, definitely go for comfort. With the right hands something terrible can sound great.",
            "ups": 2,
            "downs": 0
        },
        {
            "comment_id": "hily8z6",
            "body": "Why is it uncomfortable?",
            "ups": 2,
            "downs": 0
        }
    ],
    "top_comments_hot": [
        {
            "comment_id": "hily1ag",
            "body": "Keep the Comfortable to play. \n\nGet rid of uncomfortable. If it\u2019s uncomfortable, you\u2019ll rarely play it, and your skills will decline\u2026 and then you\u2019ll sound ever worse.",
            "ups": 7,
            "downs": 0
        },
        {
            "comment_id": "hilzy2g",
            "body": "I think you should sell both and get one that is both good sounding and comfortable.",
            "ups": 3,
            "downs": 0
        },
        {
            "comment_id": "hily33y",
            "body": "Think you just answered your own question there bud",
            "ups": 3,
            "downs": 0
        },
        {
            "comment_id": "hily4p8",
            "body": "If sweet riffs can be played on a hello kitty guitar, definitely go for comfort. With the right hands something terrible can sound great.",
            "ups": 2,
            "downs": 0
        },
        {
            "comment_id": "hily8z6",
            "body": "Why is it uncomfortable?",
            "ups": 2,
            "downs": 0
        }
    ]
}