{
    "post_url": "https://www.reddit.com/r/gaming/comments/qj3t6q/play_a_submarine_game_they_said_it_will_be_fun/",
    "time_posted": "2021-10-30 11:29:39",
    "time_now": "2021-11-02 10:39:17",
    "ups": 11,
    "downs": 0,
    "comments_since_last_sample": [],
    "top_comments_top": [
        {
            "comment_id": "hinjbj8",
            "body": "Barotrauma IS fun. It's also punishing.",
            "ups": 3,
            "downs": 0
        },
        {
            "comment_id": "hintk86",
            "body": "*Subnautica lurking in the darkness*: I wonder if I should say something?",
            "ups": 2,
            "downs": 0
        },
        {
            "comment_id": "hiobu5w",
            "body": "Ah, Barotrauma. Such fun.\n\nI remember doing a diving excursion in some ruined temple. Accidently put a fuel-tank on, instead of a scuba-tank.\n\nDied shortly after.",
            "ups": 1,
            "downs": 0
        }
    ],
    "top_comments_best": [
        {
            "comment_id": "hinjbj8",
            "body": "Barotrauma IS fun. It's also punishing.",
            "ups": 3,
            "downs": 0
        },
        {
            "comment_id": "hintk86",
            "body": "*Subnautica lurking in the darkness*: I wonder if I should say something?",
            "ups": 2,
            "downs": 0
        },
        {
            "comment_id": "hiobu5w",
            "body": "Ah, Barotrauma. Such fun.\n\nI remember doing a diving excursion in some ruined temple. Accidently put a fuel-tank on, instead of a scuba-tank.\n\nDied shortly after.",
            "ups": 1,
            "downs": 0
        }
    ],
    "top_comments_hot": [
        {
            "comment_id": "hinjbj8",
            "body": "Barotrauma IS fun. It's also punishing.",
            "ups": 3,
            "downs": 0
        },
        {
            "comment_id": "hintk86",
            "body": "*Subnautica lurking in the darkness*: I wonder if I should say something?",
            "ups": 2,
            "downs": 0
        },
        {
            "comment_id": "hiobu5w",
            "body": "Ah, Barotrauma. Such fun.\n\nI remember doing a diving excursion in some ruined temple. Accidently put a fuel-tank on, instead of a scuba-tank.\n\nDied shortly after.",
            "ups": 1,
            "downs": 0
        }
    ]
}