{
    "post_url": "https://www.reddit.com/r/LifeProTips/comments/qieuyp/lpt_get_yourself_two_decent_pairs_of_work_gloves/",
    "time_posted": "2021-10-29 11:05:14",
    "time_now": "2021-11-03 11:27:27",
    "ups": 6,
    "downs": 0,
    "comments_since_last_sample": [],
    "top_comments_top": [
        {
            "comment_id": "hiir71y",
            "body": "Hello and welcome to r/LifeProTips!\n\nPlease help us decide if this post is a good fit for the subreddit by up or downvoting this comment. \n\nIf you think that this is great advice to improve your life, please upvote. If you think this doesn't help you in any way, please downvote. If you don't care, leave it for the others to decide.",
            "ups": 1,
            "downs": 0
        },
        {
            "comment_id": "hiix4ch",
            "body": "I also like having two pairs at home - one shitty pair where you can get them all gross and nasty, and another pair when working with stuff that needs to stay somewhat nice.\n\nAin't nobody want to wear wet garbage gloves when installing a shelf in your kitchen, etc..",
            "ups": 4,
            "downs": 0
        },
        {
            "comment_id": "hiit72h",
            "body": "I keep a reflective vest and a pair of cheaper work gloves in with my spare tire. I figured I could cheap out on the gloves since they are really only meant for emergency use. If I'm going to be going somewhere that requires work gloves, I grab a pair of good ones from the garage.",
            "ups": 1,
            "downs": 0
        }
    ],
    "top_comments_best": [
        {
            "comment_id": "hiir71y",
            "body": "Hello and welcome to r/LifeProTips!\n\nPlease help us decide if this post is a good fit for the subreddit by up or downvoting this comment. \n\nIf you think that this is great advice to improve your life, please upvote. If you think this doesn't help you in any way, please downvote. If you don't care, leave it for the others to decide.",
            "ups": 1,
            "downs": 0
        },
        {
            "comment_id": "hiix4ch",
            "body": "I also like having two pairs at home - one shitty pair where you can get them all gross and nasty, and another pair when working with stuff that needs to stay somewhat nice.\n\nAin't nobody want to wear wet garbage gloves when installing a shelf in your kitchen, etc..",
            "ups": 3,
            "downs": 0
        },
        {
            "comment_id": "hiit72h",
            "body": "I keep a reflective vest and a pair of cheaper work gloves in with my spare tire. I figured I could cheap out on the gloves since they are really only meant for emergency use. If I'm going to be going somewhere that requires work gloves, I grab a pair of good ones from the garage.",
            "ups": 1,
            "downs": 0
        }
    ],
    "top_comments_hot": [
        {
            "comment_id": "hiir71y",
            "body": "Hello and welcome to r/LifeProTips!\n\nPlease help us decide if this post is a good fit for the subreddit by up or downvoting this comment. \n\nIf you think that this is great advice to improve your life, please upvote. If you think this doesn't help you in any way, please downvote. If you don't care, leave it for the others to decide.",
            "ups": 1,
            "downs": 0
        },
        {
            "comment_id": "hiix4ch",
            "body": "I also like having two pairs at home - one shitty pair where you can get them all gross and nasty, and another pair when working with stuff that needs to stay somewhat nice.\n\nAin't nobody want to wear wet garbage gloves when installing a shelf in your kitchen, etc..",
            "ups": 3,
            "downs": 0
        },
        {
            "comment_id": "hiit72h",
            "body": "I keep a reflective vest and a pair of cheaper work gloves in with my spare tire. I figured I could cheap out on the gloves since they are really only meant for emergency use. If I'm going to be going somewhere that requires work gloves, I grab a pair of good ones from the garage.",
            "ups": 1,
            "downs": 0
        }
    ]
}