{
    "time_posted": "2021-10-30 14:30:11",
    "url": "https://www.youtube.com/watch?v=8Fo7CMZsEdM",
    "time_now": "2021-11-03 15:28:21",
    "ups": "3281",
    "downs": "159",
    "views": "80710",
    "top_comments": [
        {
            "comment": "the jackal leon uses the power of invisibility to save himself \ud83d\ude05\ud83d\ude02",
            "likes": 2,
            "number_of_replies": 0
        },
        {
            "comment": "Brawl Stars \u00d7 Squid Game animation = COOOOOOOOOOOOOOOL",
            "likes": 2,
            "number_of_replies": 0
        },
        {
            "comment": "\ud83d\ude18\ud83d\ude0d",
            "likes": 1,
            "number_of_replies": 0
        },
        {
            "comment": "I like you gammyanimation",
            "likes": 1,
            "number_of_replies": 0
        },
        {
            "comment": "?",
            "likes": 1,
            "number_of_replies": 0
        }
    ],
    "comments_since_last_sample": []
}