{
    "post_url": "https://www.reddit.com/r/Music/comments/qj3908/trust_fund_ozu_succubus_hyperpop/",
    "time_posted": "2021-10-30 11:01:34",
    "time_now": "2021-11-01 01:40:41",
    "ups": 0,
    "downs": 0,
    "comments_since_last_sample": [],
    "top_comments_top": [
        {
            "comment_id": "hinf5mt",
            "body": "Trust Fund by Titanic Sinclair is better",
            "ups": 1,
            "downs": 0
        }
    ],
    "top_comments_best": [
        {
            "comment_id": "hinf5mt",
            "body": "Trust Fund by Titanic Sinclair is better",
            "ups": 1,
            "downs": 0
        }
    ],
    "top_comments_hot": [
        {
            "comment_id": "hinf5mt",
            "body": "Trust Fund by Titanic Sinclair is better",
            "ups": 1,
            "downs": 0
        }
    ]
}