{
    "post_url": "https://www.reddit.com/r/gaming/comments/qizsmk/just_let_me_play_peacefully/",
    "time_posted": "2021-10-30 07:43:14",
    "time_now": "2021-10-30 16:47:54",
    "ups": 2,
    "downs": 0,
    "comments_since_last_sample": [
        {
            "comment_id": "hin9awk",
            "body": "I absolutely agree with the 2nd slide. \n\nSeriously it's for pedos"
        },
        {
            "comment_id": "hin61nr",
            "body": "How about just play your games instead of posting stupid shit to Reddit?"
        },
        {
            "comment_id": "hin1t4z",
            "body": "Game was near perfect. From launch to 1.6 \n\n2.0 updates are not. New enemies are obviously unbalanced. Story is rushed. Forcing players to wait for another day to do certain world Quests (not events) is just a cheap attempt at drip feeding content.\n\nBut the community? Oof, they're everything that is wrong with this game. The toxic bunch I mean. I once get overly attacked by toxic morons for making a post in the guide section to help newbies.\n\nGenshin Impact has potential, but the company miHoYo is screwing up badly as of late. Other than that, game is perfectly playable without needing to spend a dime on it.\n\nNo. You can argue that it's simliar to Zelda, but play for a while and you'll see eventually that they're a heck ton different. Those who claim its a rip off are merely people who never played the game.\n\nAlso people who never played a Gacha or have a problem spending money on games would blame Genshin Impact for being \"P2W\", while in reality money won't help you progress much at all in the game. You still to have to grind to upgrade weapons and characters.\n\nAlso no point in the game do you get told to spend money or get certain characters. That's up to you.\n\nEdit: So many typos."
        },
        {
            "comment_id": "hin0mh3",
            "body": "For this game in particular, I can relate."
        },
        {
            "comment_id": "himwas2",
            "body": "Pretty sure Number 2 is just a by-product of the community being degenerate haha.\n\nThe game is fantastic, wouldn't recommend sinking money into it, just play it like a very fast JRPG, or if gacha runs in your blood throw your money at it. I quit a while back, but I'm pretty sure I'll be back when newer regions and stuff are available."
        },
        {
            "comment_id": "himu8o1",
            "body": "[deleted]"
        },
        {
            "comment_id": "himu6le",
            "body": "I've been playing this game for about a year, have spent $10 and it got me no where lol\n\nWith that said, I have no issues progressing through the game as a F2P player on 2 accounts and only struggle with Abyss and some of the really challenging events that pop up. Content releases, new characters, and events are more than enough to keep the casual player busy (I have time to play 1-2 hours a few days a week).\n\nI truly love this game and think it's really special. I've tried to convince some of my hardcore gamer friends to play and they all call it a slot machine and a grind.... These are some of the same people that have been playing WOW for like 10 years, didn't mind paying for the games and expansions, monthly fees, etc. It blowsy mind."
        },
        {
            "comment_id": "himu4w4",
            "body": "If you wanna play some anime scam game go ahead I don\u2019t care. But sexualising kids? Yea nah fam I won\u2019t ever defend Loli\u2019s n\u2019shit but if that argument was true it would have been taken off the App Store n\u2019all them other places you get this scam from."
        },
        {
            "comment_id": "himsz8z",
            "body": "Lol geinshin impact"
        },
        {
            "comment_id": "himswae",
            "body": "imagine playing it lmao"
        },
        {
            "comment_id": "himsr2q",
            "body": "Why do people say it has sexualized children? Never heard of the game before"
        },
        {
            "comment_id": "hims8i0",
            "body": "some people man."
        }
    ],
    "top_comments_top": [
        {
            "comment_id": "himsr2q",
            "body": "Why do people say it has sexualized children? Never heard of the game before",
            "ups": 18,
            "downs": 0
        },
        {
            "comment_id": "himswae",
            "body": "imagine playing it lmao",
            "ups": 6,
            "downs": 0
        },
        {
            "comment_id": "hims8i0",
            "body": "some people man.",
            "ups": 6,
            "downs": 0
        },
        {
            "comment_id": "himu6le",
            "body": "I've been playing this game for about a year, have spent $10 and it got me no where lol\n\nWith that said, I have no issues progressing through the game as a F2P player on 2 accounts and only struggle with Abyss and some of the really challenging events that pop up. Content releases, new characters, and events are more than enough to keep the casual player busy (I have time to play 1-2 hours a few days a week).\n\nI truly love this game and think it's really special. I've tried to convince some of my hardcore gamer friends to play and they all call it a slot machine and a grind.... These are some of the same people that have been playing WOW for like 10 years, didn't mind paying for the games and expansions, monthly fees, etc. It blowsy mind.",
            "ups": 5,
            "downs": 0
        },
        {
            "comment_id": "hin61nr",
            "body": "How about just play your games instead of posting stupid shit to Reddit?",
            "ups": 5,
            "downs": 0
        }
    ],
    "top_comments_best": [
        {
            "comment_id": "himsr2q",
            "body": "Why do people say it has sexualized children? Never heard of the game before",
            "ups": 17,
            "downs": 0
        },
        {
            "comment_id": "hin1t4z",
            "body": "Game was near perfect. From launch to 1.6 \n\n2.0 updates are not. New enemies are obviously unbalanced. Story is rushed. Forcing players to wait for another day to do certain world Quests (not events) is just a cheap attempt at drip feeding content.\n\nBut the community? Oof, they're everything that is wrong with this game. The toxic bunch I mean. I once get overly attacked by toxic morons for making a post in the guide section to help newbies.\n\nGenshin Impact has potential, but the company miHoYo is screwing up badly as of late. Other than that, game is perfectly playable without needing to spend a dime on it.\n\nNo. You can argue that it's simliar to Zelda, but play for a while and you'll see eventually that they're a heck ton different. Those who claim its a rip off are merely people who never played the game.\n\nAlso people who never played a Gacha or have a problem spending money on games would blame Genshin Impact for being \"P2W\", while in reality money won't help you progress much at all in the game. You still to have to grind to upgrade weapons and characters.\n\nAlso no point in the game do you get told to spend money or get certain characters. That's up to you.\n\nEdit: So many typos.",
            "ups": 3,
            "downs": 0
        },
        {
            "comment_id": "hims8i0",
            "body": "some people man.",
            "ups": 5,
            "downs": 0
        },
        {
            "comment_id": "hin61nr",
            "body": "How about just play your games instead of posting stupid shit to Reddit?",
            "ups": 5,
            "downs": 0
        },
        {
            "comment_id": "himu6le",
            "body": "I've been playing this game for about a year, have spent $10 and it got me no where lol\n\nWith that said, I have no issues progressing through the game as a F2P player on 2 accounts and only struggle with Abyss and some of the really challenging events that pop up. Content releases, new characters, and events are more than enough to keep the casual player busy (I have time to play 1-2 hours a few days a week).\n\nI truly love this game and think it's really special. I've tried to convince some of my hardcore gamer friends to play and they all call it a slot machine and a grind.... These are some of the same people that have been playing WOW for like 10 years, didn't mind paying for the games and expansions, monthly fees, etc. It blowsy mind.",
            "ups": 6,
            "downs": 0
        }
    ],
    "top_comments_hot": [
        {
            "comment_id": "himsr2q",
            "body": "Why do people say it has sexualized children? Never heard of the game before",
            "ups": 16,
            "downs": 0
        },
        {
            "comment_id": "hin1t4z",
            "body": "Game was near perfect. From launch to 1.6 \n\n2.0 updates are not. New enemies are obviously unbalanced. Story is rushed. Forcing players to wait for another day to do certain world Quests (not events) is just a cheap attempt at drip feeding content.\n\nBut the community? Oof, they're everything that is wrong with this game. The toxic bunch I mean. I once get overly attacked by toxic morons for making a post in the guide section to help newbies.\n\nGenshin Impact has potential, but the company miHoYo is screwing up badly as of late. Other than that, game is perfectly playable without needing to spend a dime on it.\n\nNo. You can argue that it's simliar to Zelda, but play for a while and you'll see eventually that they're a heck ton different. Those who claim its a rip off are merely people who never played the game.\n\nAlso people who never played a Gacha or have a problem spending money on games would blame Genshin Impact for being \"P2W\", while in reality money won't help you progress much at all in the game. You still to have to grind to upgrade weapons and characters.\n\nAlso no point in the game do you get told to spend money or get certain characters. That's up to you.\n\nEdit: So many typos.",
            "ups": 4,
            "downs": 0
        },
        {
            "comment_id": "hims8i0",
            "body": "some people man.",
            "ups": 6,
            "downs": 0
        },
        {
            "comment_id": "hin61nr",
            "body": "How about just play your games instead of posting stupid shit to Reddit?",
            "ups": 5,
            "downs": 0
        },
        {
            "comment_id": "himu6le",
            "body": "I've been playing this game for about a year, have spent $10 and it got me no where lol\n\nWith that said, I have no issues progressing through the game as a F2P player on 2 accounts and only struggle with Abyss and some of the really challenging events that pop up. Content releases, new characters, and events are more than enough to keep the casual player busy (I have time to play 1-2 hours a few days a week).\n\nI truly love this game and think it's really special. I've tried to convince some of my hardcore gamer friends to play and they all call it a slot machine and a grind.... These are some of the same people that have been playing WOW for like 10 years, didn't mind paying for the games and expansions, monthly fees, etc. It blowsy mind.",
            "ups": 4,
            "downs": 0
        }
    ]
}