{
    "post_url": "https://www.reddit.com/r/gaming/comments/qj2bjf/cyberpunk_2077_judy_alvarez_cosplay_by_anastasiya/",
    "time_posted": "2021-10-30 10:13:47",
    "time_now": "2021-11-01 01:41:56",
    "ups": 568,
    "downs": 0,
    "comments_since_last_sample": [],
    "top_comments_top": [
        {
            "comment_id": "hinahbh",
            "body": "I don't know if I can believe this. The quality and background are too perfect.",
            "ups": 9,
            "downs": 0
        },
        {
            "comment_id": "hin9k6q",
            "body": "Damn.",
            "ups": 8,
            "downs": 0
        },
        {
            "comment_id": "hincgdj",
            "body": "So many people wanted that panam cake, but just is where it\u2019s at all the way",
            "ups": 6,
            "downs": 0
        },
        {
            "comment_id": "hio7htp",
            "body": "Congratz with the platinum award!",
            "ups": 2,
            "downs": 0
        },
        {
            "comment_id": "hio7vmh",
            "body": "Is that genuine neon or LED? The letters are kinda sloppy but it's a very convincing neon glow if it's LED.",
            "ups": 2,
            "downs": 0
        }
    ],
    "top_comments_best": [
        {
            "comment_id": "hin9k6q",
            "body": "Damn.",
            "ups": 9,
            "downs": 0
        },
        {
            "comment_id": "hincgdj",
            "body": "So many people wanted that panam cake, but just is where it\u2019s at all the way",
            "ups": 6,
            "downs": 0
        },
        {
            "comment_id": "hinahbh",
            "body": "I don't know if I can believe this. The quality and background are too perfect.",
            "ups": 8,
            "downs": 0
        },
        {
            "comment_id": "hio7htp",
            "body": "Congratz with the platinum award!",
            "ups": 2,
            "downs": 0
        },
        {
            "comment_id": "hio7vmh",
            "body": "Is that genuine neon or LED? The letters are kinda sloppy but it's a very convincing neon glow if it's LED.",
            "ups": 2,
            "downs": 0
        }
    ],
    "top_comments_hot": [
        {
            "comment_id": "hin9k6q",
            "body": "Damn.",
            "ups": 7,
            "downs": 0
        },
        {
            "comment_id": "hincgdj",
            "body": "So many people wanted that panam cake, but just is where it\u2019s at all the way",
            "ups": 6,
            "downs": 0
        },
        {
            "comment_id": "hinahbh",
            "body": "I don't know if I can believe this. The quality and background are too perfect.",
            "ups": 8,
            "downs": 0
        },
        {
            "comment_id": "hio7htp",
            "body": "Congratz with the platinum award!",
            "ups": 2,
            "downs": 0
        },
        {
            "comment_id": "hio7vmh",
            "body": "Is that genuine neon or LED? The letters are kinda sloppy but it's a very convincing neon glow if it's LED.",
            "ups": 2,
            "downs": 0
        }
    ]
}