{
    "time_posted": "2021-10-30 15:05:00",
    "url": "https://www.youtube.com/watch?v=9AdbCyRD7U0",
    "time_now": "2021-11-02 06:30:41",
    "ups": "9228",
    "downs": "143",
    "views": "340761",
    "top_comments": [],
    "comments_since_last_sample": [
        {
            "body": "Zelda"
        },
        {
            "body": "That's what people get for building homes and other structures around a volcano, morons"
        },
        {
            "body": "THE FIRES SHOOTING AT US!!!!"
        },
        {
            "body": "Ahhh \ud83d\ude0c when Mother Nature \ud83c\udf2c is on her periods\u2026."
        },
        {
            "body": "Deos anyone else see the bear in the middle of the rock"
        },
        {
            "body": "What a bummer, I was expecting an explosion, I don\u2019t know why but I really was"
        },
        {
            "body": "So the bomb doesn't explode \ud83d\udc40"
        },
        {
            "body": "I was waiting for a Grimlin to pop out"
        },
        {
            "body": "Is it really a bomb if it doesn't blow up"
        },
        {
            "body": "Will it explode if someone pour a pale of water to it? \ud83d\ude05"
        },
        {
            "body": "Yeah this reporter is the type of girl to get teary eyed late a night..... Dumb on dumb........."
        },
        {
            "body": "\u201cWell it ain\u2019t no meteor\u201d \n\u201cIt came outa the sky!\u201d \n\u201cWell im sure it did but it ain\u2019t no meteor\u201d"
        },
        {
            "body": "Had to change the comments # from 666 to 667"
        },
        {
            "body": "Usually bombs explode. But whatever."
        },
        {
            "body": "Popeyes"
        },
        {
            "body": "Now, why would they call it a lava bomb? That's a lava ball."
        },
        {
            "body": "This would be a good story of how dragons could be born. \u201cA rock as big as a basketball, fireballed out of the volcano, sending firey bits everywhere! It fell at a rapid speed and began to snowball the rest of the way down the mountain. It hit a small ledge and became airborne! The rock plunged and split in two. A small charcoal-colored dragon popped its head out and yawned.\u201d \nJust my imagination flowing! \ud83d\ude05\ud83d\udc09"
        },
        {
            "body": "There\u2019s probably diamonds inside"
        },
        {
            "body": "0:04\n\nCurious as to how many times it took her to get that pronunciation down"
        },
        {
            "body": "Jesus loves you all repent from your sins and believe Jesus died on the cross for you and rose from the dead three days later"
        }
    ]
}