{
    "time_posted": "2021-10-30 15:34:04",
    "url": "https://www.youtube.com/watch?v=9xIojtRVVUU",
    "time_now": "2021-10-30 16:45:19",
    "ups": "3052",
    "downs": "2",
    "views": "7333",
    "top_comments": [
        {
            "comment": "This so satisfying to watch \ud83d\udd25\ud83d\udd25\ud83d\udd25\nJackson\u2019s stage charisma is just another level!! Slaying the dance as always & well done Pan the Pack team!!!",
            "likes": 5,
            "number_of_replies": 0
        },
        {
            "comment": "So proud of Jackson!!! Creating his own music label and forming a new team under his own records are massive efforts \ud83d\udcaf\ud83d\udcaf\ud83d\udcaf",
            "likes": 3,
            "number_of_replies": 0
        },
        {
            "comment": "I cried when I first saw this during the live stream. I'm so proud of him and I've been wanting to see him back on the SDC stage and now he's here and my heart was not able to survive!! AHHH I can't count the amount of times I've replayed this because I'm truly satisfied with Panthepack's performance too because their real voices are not overpowered by the backing vocals for the first time! THEY SOUNDED AMAZING! JACKSON'S VOICE = THE DEATH OF ME. HIS SUBTLE GROOVES = LEFT ME FOR DEAD",
            "likes": 2,
            "number_of_replies": 0
        },
        {
            "comment": "AMAZING!!",
            "likes": 1,
            "number_of_replies": 0
        },
        {
            "comment": "Wow. I'm in shock. Perfomance is so amazing. Both panthepack and Jackson's solo. Slayed.",
            "likes": 1,
            "number_of_replies": 0
        }
    ],
    "comments_since_last_sample": [
        {
            "body": "\u770bJackson\u8df3\u9019\u98a8\u683c\u7684\u821e\u8e48\u6703\u4e0a\u766e\uff0c\u6703\u4e0d\u65b7\u91cd\u770b\u22ef\u5f88\u591a\u5f88\u591a\u904d\uff01\u2764\ufe0f"
        },
        {
            "body": "Woohooo pantherpack \ud83d\udc3c"
        },
        {
            "body": "Que felicidad ver a Jackson Wang y saber que le va tan bien con Team Wang y ahora con Panthepack tambi\u00e9n. Que sigan los \u00e9xitos y aproveche al m\u00e1ximo todo... Y hasta que vuelva junto a GOT7 aqu\u00ed estaremos para seguir aplaudiendolo."
        },
        {
            "body": "AMAZING!!"
        },
        {
            "body": "So proud of Jackson!!! Creating his own music label and forming a new team under his own records are massive efforts \ud83d\udcaf\ud83d\udcaf\ud83d\udcaf"
        },
        {
            "body": "Panthepack\ud83d\udc3c \ud83c\udfa4\ud83d\udd25\ud83d\udc4f\ud83d\udc4f\u738b\u5609\u5c14\u961f\u957f\ud83d\udd7a\ud83c\udf1f\ud83d\udc4d"
        },
        {
            "body": "can't get enough his solo dance, i want moreee"
        },
        {
            "body": "I cried when I first saw this during the live stream. I'm so proud of him and I've been wanting to see him back on the SDC stage and now he's here and my heart was not able to survive!! AHHH I can't count the amount of times I've replayed this because I'm truly satisfied with Panthepack's performance too because their real voices are not overpowered by the backing vocals for the first time! THEY SOUNDED AMAZING! JACKSON'S VOICE = THE DEATH OF ME. HIS SUBTLE GROOVES = LEFT ME FOR DEAD"
        },
        {
            "body": "This so satisfying to watch \ud83d\udd25\ud83d\udd25\ud83d\udd25\nJackson\u2019s stage charisma is just another level!! Slaying the dance as always & well done Pan the Pack team!!!"
        },
        {
            "body": "\uc2a8\uc774 \uc5f4\uc2ec\ud788 \ud558\ub124"
        },
        {
            "body": "\ud83d\udc9a\ud83d\udc9a\ud83d\udc9a\ud83c\uddf1\ud83c\udde6\ud83c\uddf1\ud83c\udde6"
        },
        {
            "body": "LIT \ud83d\udd25"
        },
        {
            "body": "Patiently waited for almost 6hrs for Jackson and Panthepack live stage but it\u2019s all worth it \ud83d\udd25\ud83d\udd25\ud83d\udd25"
        },
        {
            "body": "Wow. I'm in shock. Perfomance is so amazing. Both panthepack and Jackson's solo. Slayed."
        },
        {
            "body": "Beautiful \ud83d\udc4c\ud83c\udf39"
        },
        {
            "body": "\ud83d\udc4f\ud83d\udc4f\ud83d\udc4f\ud83c\udf39"
        },
        {
            "body": "i love dancerson so much\ud83d\ude2d\u2665\ufe0f"
        },
        {
            "body": "Jackson!!!\ud83d\udca5\ud83d\udd25"
        },
        {
            "body": "Perfect man and group \ud83d\udc51\ud83d\udc3c"
        },
        {
            "body": "Cici voice is straight fire omg she is brilliant"
        }
    ]
}