{
    "time_posted": "2021-10-30 14:00:01",
    "url": "https://www.youtube.com/watch?v=a0r0G0U-TB8",
    "time_now": "2021-11-01 18:09:12",
    "ups": "1689",
    "downs": "29",
    "views": "94392",
    "top_comments": [
        {
            "comment": "I love how Claudio just didn\u2019t say anything and complemented the soup when it poured on him.",
            "likes": 14,
            "number_of_replies": 0
        },
        {
            "comment": "\"This dish is like my grandpa on a plate\"\nMe who is confused, \"Ok.... Nice dish..... Good cooking... umm....\"",
            "likes": 10,
            "number_of_replies": 0
        },
        {
            "comment": "I love Claudio's reaction at having food thrown on him xD\n\nAny person's reaction : \"You clumsy moron, look at what you've done you donut!!!\" \nClaudio's reaction : *YUM!* xD",
            "likes": 7,
            "number_of_replies": 0
        },
        {
            "comment": "LOVING how active the channel has become the past fortnight or so!",
            "likes": 5,
            "number_of_replies": 0
        },
        {
            "comment": "No there is a hard dish that takes like 3 days it\u2019s a Indian dish called sadhiya",
            "likes": 4,
            "number_of_replies": 0
        }
    ],
    "comments_since_last_sample": [
        {
            "body": "Thea asking \"how am i doing guys\" after people cheer for Trevor is so cringy...."
        }
    ]
}