{
    "time_posted": "2021-10-30 08:05:14",
    "url": "https://www.youtube.com/watch?v=abePylCLJb0",
    "time_now": "2021-11-01 14:01:14",
    "ups": "1525",
    "downs": "120",
    "views": "223113",
    "top_comments": [
        {
            "comment": "Monster Mash: 0:00 \nAddam's Family: 3:10 \nI put a spell on you 3:52 \nGhost busters: 5:56 \nThis is Halloween: 9:03\nTime Warp: 11:52\nSpooky scary skeletons: 15:08\nWerewolves of London: 18:12\nThriller: 21:30\nRunnin' With the devil: 25:17\nPet Sematary: 29:02\nWitch doctor: 31:58\nOogie Boogie's song: 35:05\nDisturbia: 38:26\n(my fav) Killer klowns: 42:40\nFeed my Frankenstein: 44:55\nSomebody's watching me: 48:26\nEdit: I hope i get likes bc this took me awhile tbh.",
            "likes": 55,
            "number_of_replies": 6
        },
        {
            "comment": "What's your favorite Halloween song? Let me know below! \ud83d\udc47\nSubscribe for the best playlists for EVERY Holiday! - http://www.youtube.com/c/HolidayMusic?sub_confirmation=1",
            "likes": 15,
            "number_of_replies": 7
        },
        {
            "comment": "They are all remixes, i want the real deal songs. I will put a spell on this, and until another video similar to this has the real og songs, then EVERYONE SHALL KNOW THIS!!!",
            "likes": 3,
            "number_of_replies": 0
        },
        {
            "comment": "Lol I live in a Christian small town and they celebrate Halloween early because they don't wanna celebrate on a Sunday so I needed this early thanks man",
            "likes": 1,
            "number_of_replies": 1
        }
    ],
    "comments_since_last_sample": [
        {
            "body": "\u9762\u767d\u305d\u3046\u306a\u66f2\u304c\u76db\u308a\u3060\u304f\u3055\u3093\u3060\u306a\u3002\u5168\u90e8\u8074\u304d\u305f\u3044\u3002\u697d\u3057\uff5e\u3044\u3002\u4e57\u3063\u3066\u3057\u307e\u3046\u3002"
        }
    ]
}