{
    "time_posted": "2021-10-30 15:00:00",
    "url": "https://www.youtube.com/watch?v=alrdCmo2i20",
    "time_now": "2021-11-01 22:15:56",
    "ups": "4632",
    "downs": "49",
    "views": "56788",
    "top_comments": [],
    "comments_since_last_sample": [
        {
            "body": "9:17 Is that a Turok reference?"
        },
        {
            "body": "\"Nintendo Switch Online + Expansion Pack membership\"\nMost likely\n\"The revenge of the N64DD\" \n:v"
        },
        {
            "body": "I would freakin' LOVE a sequel to this Punching Weight"
        },
        {
            "body": "Seeing this video come out in 2021 makes it funnier, emphasizing just how hidden that feature was."
        },
        {
            "body": "Pikmin Bloom review when?"
        },
        {
            "body": "why did you include the Gameboys when you didn't even use them?"
        },
        {
            "body": "Literally made this video just to flex his hori gamecube controller"
        },
        {
            "body": "\"Who is this for, who would even try this?\" You are really underestimating what the Japanese audience will do to experience something that totally appeals to them lol."
        },
        {
            "body": "Man having a first world income must be great."
        }
    ]
}