{
    "time_posted": "2021-10-30 13:41:30",
    "url": "https://www.youtube.com/watch?v=ATItwV7-CBg",
    "time_now": "2021-10-31 00:57:59",
    "ups": "923",
    "downs": "55",
    "views": "53052",
    "top_comments": [
        {
            "comment": "lanat sheikh rasheed ty",
            "likes": 2,
            "number_of_replies": 0
        },
        {
            "comment": "\u0639\u0644\u0645\u0627\u0621 \u06a9\u06d2 \u0645\u0642\u0627\u0628\u0644\u06d2 \u0645\u06cc\u06ba \u0639\u0644\u0645\u0627\u0621 \u06c1\u06cc \u0645\u0630\u0627\u06a9\u0631\u0627\u062a \u06a9\u0631\u06cc\u06ba \u062f\u0648\u0646\u0648\u06ba \u0637\u0631\u0641 \u0633\u06d2 \u0648\u0632\u06cc\u0631 \u0627\u0648\u0631 \u0645\u0634\u06cc\u0631 \u06a9\u0648 \u062f\u06cc\u0646 \u06a9\u0627 \u06a9\u06cc\u0627 \u067e\u062a\u06c1 \u06c1\u06d2",
            "likes": 2,
            "number_of_replies": 0
        },
        {
            "comment": "Subscribe to our channel so you never miss any news updates http://bit.ly/3e0SwKP",
            "likes": 2,
            "number_of_replies": 1
        },
        {
            "comment": "Lanat pti per or LAnat pti kay voter per",
            "likes": 1,
            "number_of_replies": 0
        },
        {
            "comment": "\u0627\u0644\u0644\u06c1 \u062a\u0639\u0627\u0644\u06cc\u0670 \u0686\u06be\u0648\u0679\u06d2 \u0628\u0686\u0648\u06ba \u06a9\u0648 \u0646\u0642\u0635\u0627\u0646 \u0633\u06d2 \u0645\u062d\u0641\u0648\u0638 \u0631\u06a9\u06be\u06d2 \u0622\u0645\u06cc\u0646",
            "likes": 1,
            "number_of_replies": 0
        }
    ],
    "comments_since_last_sample": []
}