{
    "time_posted": "2021-10-30 15:07:05",
    "url": "https://www.youtube.com/watch?v=b-zDz3eN_t8",
    "time_now": "2021-11-03 03:06:35",
    "ups": "4810",
    "downs": "209",
    "views": "517703",
    "top_comments": [
        {
            "comment": "Way better then real squid game",
            "likes": 1,
            "number_of_replies": 0
        },
        {
            "comment": "I like how the lips are just blue.",
            "likes": 1,
            "number_of_replies": 0
        },
        {
            "comment": "Mr beast....",
            "likes": 1,
            "number_of_replies": 0
        }
    ],
    "comments_since_last_sample": [
        {
            "body": "Next: SapNap In Squid Game since dream is already in"
        },
        {
            "body": "This is poggers"
        }
    ]
}