{
    "time_posted": "2021-10-30 12:45:00",
    "url": "https://www.youtube.com/watch?v=BH-J-KX-7Z4",
    "time_now": "2021-11-03 11:21:37",
    "ups": "1939",
    "downs": "36",
    "views": "25429",
    "top_comments": [
        {
            "comment": "I enjoyed all this thrift find diys Christina. My favourites have to be the decorative books and the napkin holders. Beautiful diys on all \u2764",
            "likes": 2,
            "number_of_replies": 0
        },
        {
            "comment": "This whole video is my family to a T!  Music and Christmas. Jars with lights. Even the books. I'm sharing this video with my friends.",
            "likes": 1,
            "number_of_replies": 0
        }
    ],
    "comments_since_last_sample": [
        {
            "body": "Love them all!!\nGetting excited for Christmas \ud83c\udf84"
        }
    ]
}