{
    "time_posted": "2021-10-30 08:30:09",
    "url": "https://www.youtube.com/watch?v=c8sD8q3h--0",
    "time_now": "2021-11-03 11:20:50",
    "ups": "12119",
    "downs": "1436",
    "views": "379211",
    "top_comments": [
        {
            "comment": "Kisi ne dekha Gana to 1 min ke baad chalu hua jab tak to bas comment hi pade \ud83e\udd27\ud83e\udd27\ud83e\udd23\ud83e\udd23",
            "likes": 3,
            "number_of_replies": 0
        },
        {
            "comment": "Cheap Editing. \nSasti Model. \nGareebo ka Tony kakkar.",
            "likes": 3,
            "number_of_replies": 1
        },
        {
            "comment": "Sab ko singer banna hai \ud83d\ude02\ud83d\ude02",
            "likes": 2,
            "number_of_replies": 0
        },
        {
            "comment": "Mast video song hai",
            "likes": 2,
            "number_of_replies": 0
        },
        {
            "comment": "https://youtu.be/8dQkxq9QHFY",
            "likes": 2,
            "number_of_replies": 0
        }
    ],
    "comments_since_last_sample": [
        {
            "body": "Akshay Kumar thoda saa seen hai botal bala"
        },
        {
            "body": "I thought I will be  nice song when  rvcj suggest this song but \ud83e\udd22\ud83e\udd22"
        }
    ]
}