{
    "time_posted": "2021-10-30 11:00:05",
    "url": "https://www.youtube.com/watch?v=C_9OkNrp6Ps",
    "time_now": "2021-10-31 09:11:46",
    "ups": "1930",
    "downs": "80",
    "views": "108301",
    "top_comments": [],
    "comments_since_last_sample": [
        {
            "body": "comments saying lets go brandon is pathetic it doesnt even translate to what u really mean. it sounds close to lets go Joe Biden"
        },
        {
            "body": "Why don't fox5 get sued? Tucker Carson get sued, he knows he's lying! He's a  maker of the incarceration"
        },
        {
            "body": "If the statements are true they have  no legs to stand on."
        },
        {
            "body": "We are ignoring your word. See your ratings."
        },
        {
            "body": "SUE FOX !"
        },
        {
            "body": "Dynamite segment on the absolute need for a free press, Ari. This is so critical that we have to fight tooth and nail against this crap. If it turns out to be the hill that we die on, so be it."
        },
        {
            "body": "Proof\nCommunist symphatisers in America want to do what comrade Poothin demands"
        },
        {
            "body": "\"In\u00a0the\u00a0long\u00a0history\u00a0of\u00a0the\u00a0world,\u00a0only\u00a0a\u00a0few\u00a0generations\u00a0have\u00a0been\u00a0granted\u00a0the\u00a0role\u00a0of\u00a0defending\u00a0freedom\u00a0in\u00a0it's\u00a0hour\u00a0of\u00a0maximum\u00a0danger...I do not shrink from this responsibility---                              I welcome it.\"  ------------President John F.\u00a0Kennedy 1961 Inauguration Speech"
        },
        {
            "body": "@8:15:  \"It turns out America, it's not just the food that's much worse in England.  Sick burn but true\".  Love it because as a UK citizen who's lived in Germany, France, Italy, Australia, Fiji and the States my opinion is opposite.\n\nI find the UK food to be varied, tasty, full of variety, has proper spicy options (read Chinese, Indian, Pakistani, Thai and more), smaller portions but of much greater value.  This is in direct opposition to nearly all the US food I've tried.\n\nNow I've tried most of what the US has to offer and outside a few expensive restaurants where meat is nearly always the only focus (I eat a lot of vegetarian and vegan food so have a bias here) the serving sizes are huge, the quality is poor, the flavour low, the spice non-non-existant and overall are based on the same American values of \"more\".\n\nMexican food is a partial antidote to this when in the Southern states and dedicated restaurants but they again do the above: massive portions that dilute it.\n\nSo, the picture of fish 'n chips made me laugh as done well that is an amazing delicacy with all sorts of nuance from the local chippy (read cheap food for the poor) to the posh ones (expensive and comes in fancy boxes [yes, true]).  I give you some of the pies and poor delivery of food in the UK can be awful but in general the English eat a lot of Chinese, Indian, Thai, middle-eastern and other types with \"English\" low on the list.\n\nEnjoy what you like!"
        },
        {
            "body": "Hey Ari, the food isn\u2019t as bad as you think in England, I cook five star."
        },
        {
            "body": "Trump is SUING someone?? NO..it can't be...lmao"
        },
        {
            "body": "Is this is what governing is about??!"
        },
        {
            "body": "Lmfao he played Martin Luther king and the tried to act black introducing a black guy. The left is crazy"
        }
    ]
}