{
    "time_posted": "2021-10-30 14:59:49",
    "url": "https://www.youtube.com/watch?v=cRw3pAG39Pk",
    "time_now": "2021-11-02 18:51:46",
    "ups": "12539",
    "downs": "85",
    "views": "136649",
    "top_comments": [
        {
            "comment": "LINK TO ALL MUSIC STREAMING SERVICES https://ffm.to/squidgames\nSHARE THIS EVERYWHERE YOU KNOW!!!!",
            "likes": 340,
            "number_of_replies": 15
        }
    ],
    "comments_since_last_sample": [
        {
            "body": "fireeeeee"
        },
        {
            "body": "Can you make a new Jason voorhees song at some point"
        },
        {
            "body": "cant stop listening to this heat"
        },
        {
            "body": "."
        },
        {
            "body": "Not gonna lie.. This is the best one yet \ud83d\udd25"
        }
    ]
}