{
    "time_posted": "2021-10-30 16:00:34",
    "url": "https://www.youtube.com/watch?v=dRWqRiTvO7E",
    "time_now": "2021-11-03 03:06:52",
    "ups": "8197",
    "downs": "50",
    "views": "96524",
    "top_comments": [
        {
            "comment": "Why isn't Bannon indicted yet? Are you people too afraid, just don't care or you have too much money. This is all a bunch of hogwash I'm beginning to think that's total Washington DC inflation you childish little kids make me sick",
            "likes": 1,
            "number_of_replies": 0
        }
    ],
    "comments_since_last_sample": [
        {
            "body": "It\u2019s just beyond frustrating,aren\u2019t they really interested in holding anyone accountable for these heinous crimes against the American people??!! My God, if it was me I\u2019d have been thrown in jail and threw away the keys!! It\u2019s like this AG doesn\u2019t want to do anything like he\u2019s scared or something, well if that\u2019s the case, then just quit and give YOU the job, I\u2019m sure you\u2019ll do what\u2019s needed!! Jesus Christ man, these people are killing me with this procrastination shit!!!!!"
        },
        {
            "body": "Garland won\u2019t do shit! Might as well have Barr stay on the job."
        },
        {
            "body": "So today, November 2, we are still waiting?"
        },
        {
            "body": "Starting a new thread"
        },
        {
            "body": "Wasn't it Obama who nominated Garland for the Supreme Court. it is a club and they will protect each other.The DOJ has always been as useless as the FBI. It is just so obvious that everyone can see it whether you are a D or a R or an I."
        }
    ]
}