{
    "time_posted": "2021-10-30 19:59:35",
    "url": "https://www.youtube.com/watch?v=e0zFhoA1NoU",
    "time_now": "2021-10-31 13:17:49",
    "ups": "104",
    "downs": "4",
    "views": "51874",
    "top_comments": [
        {
            "comment": "How bout them CANES 2 ranked teams in two weeks \ud83d\ude1c",
            "likes": 1,
            "number_of_replies": 0
        },
        {
            "comment": "LOL when are people going to realize these games are rigged by the refs",
            "likes": 1,
            "number_of_replies": 0
        }
    ],
    "comments_since_last_sample": []
}