{
    "time_posted": "2021-10-30 15:30:34",
    "url": "https://www.youtube.com/watch?v=EqmMYvGazio",
    "time_now": "2021-10-30 16:46:06",
    "ups": "1507",
    "downs": "17",
    "views": "14209",
    "top_comments": [
        {
            "comment": "Goals - To be able to say \u201cOh no it\u2019s dented, I need a new one!\u201d Instead of using the same one with a broken wheel and detaching handle for three years.",
            "likes": 1,
            "number_of_replies": 0
        },
        {
            "comment": "you slightly dented a suitecase and now you need. a new one??",
            "likes": 1,
            "number_of_replies": 0
        },
        {
            "comment": "you dont need a new suitcase if one tiny part is dented",
            "likes": 1,
            "number_of_replies": 0
        },
        {
            "comment": "Get your here within and hour tickets here  \ud83c\udfab",
            "likes": 1,
            "number_of_replies": 0
        }
    ],
    "comments_since_last_sample": [
        {
            "body": "I love seeing you soo happy!! You deserve to  have a break!! I love you\ud83d\udc95"
        },
        {
            "body": "Omg love your vlogs so much!\ud83d\udc9b it brings me so much happiness,you can\u2019t even image :)"
        },
        {
            "body": "i\u2019m so upset i\u2019m only a few hours from\nbloomington i love y\u2019all so much i wish i could\u2019ve seen y\u2019all! i hope you guys had a blast\ud83d\udc93"
        },
        {
            "body": "Does anyone else find it so cringe she still referrers herself to \u201cschoolisha\u201d \ud83d\ude35\u200d\ud83d\udcab"
        },
        {
            "body": "I HAVE BEEN ANXIOUSLY WAITING FOR THIS VLOG OMG \ud83d\udda4"
        },
        {
            "body": "love love loved that u vloged this trip !!!! glad u guys had the best time , ily threee \ud83d\udc95"
        },
        {
            "body": "\u201cYou are no better than anyone else and no one is better than you.\u201d"
        },
        {
            "body": "The fact I was only an hour away-"
        },
        {
            "body": "OMGG LOVEEEE \ud83d\udd25\ud83d\udd25\ud83d\udd25"
        },
        {
            "body": "omg, you meeting the fans was soooo funny!"
        },
        {
            "body": "Graduated from IU a year ago ahhh!! So cool seeing you go to Bloomington"
        },
        {
            "body": "Get your here within and hour tickets here  \ud83c\udfab"
        },
        {
            "body": "you dont need a new suitcase if one tiny part is dented"
        },
        {
            "body": "Have a wonderful time Indiana"
        },
        {
            "body": "I\"VE BEEN WAITING FOR THIS SINCE BIG DADDY MIKE POSTED HIS PORCH ON IG"
        },
        {
            "body": "you slightly dented a suitecase and now you need. a new one??"
        },
        {
            "body": "This space is so adorable I love how you gals are having a bonding time with each other"
        },
        {
            "body": "This goes to show you how boring life in LA is."
        },
        {
            "body": "Happy Halloween weekend everyone!"
        },
        {
            "body": "Goals - To be able to say \u201cOh no it\u2019s dented, I need a new one!\u201d Instead of using the same one with a broken wheel and detaching handle for three years."
        }
    ]
}