{
    "time_posted": "2021-10-30 13:30:27",
    "url": "https://www.youtube.com/watch?v=GG-_iR6AW-w",
    "time_now": "2021-11-02 10:37:52",
    "ups": "2505",
    "downs": "44",
    "views": "75159",
    "top_comments": [
        {
            "comment": "We love France \ud83c\uddeb\ud83c\uddf7\ud83c\uddee\ud83c\uddf3",
            "likes": 1,
            "number_of_replies": 0
        }
    ],
    "comments_since_last_sample": [
        {
            "body": "India should have trolled by raising the request of TLP"
        }
    ]
}