{
    "time_posted": "2021-10-30 13:30:27",
    "url": "https://www.youtube.com/watch?v=GG-_iR6AW-w",
    "time_now": "2021-10-31 05:04:51",
    "ups": "2089",
    "downs": "45",
    "views": "53168",
    "top_comments": [
        {
            "comment": "INDIA+JAPAN+FRANCE should 100% collaborate, put their $$$200 BILLION defense budget together in R&D Research Advance TECHNOLOGIES, single handed resources spending is maximizing best result outcome, rather than 3 split spending separately on similar projects R&D.. Saves money resources, and more result out of money",
            "likes": 1,
            "number_of_replies": 0
        },
        {
            "comment": "*INDIAN MAKHI MAR ARMY \ud83e\udd9fIndia's mosquito killer army\ud83e\udd9f poonch Kashmir zindabad*",
            "likes": 1,
            "number_of_replies": 0
        },
        {
            "comment": "Roman's are for soldiers & Catholics are for peace & love\ud83c\udf39",
            "likes": 1,
            "number_of_replies": 0
        }
    ],
    "comments_since_last_sample": [
        {
            "body": "SubCredit"
        },
        {
            "body": "A Push to Media person \ud83e\udd23\ud83d\ude02. OUT OF THE ROOM"
        }
    ]
}