{
    "time_posted": "2021-10-30 14:00:16",
    "url": "https://www.youtube.com/watch?v=ghKr3L094Jk",
    "time_now": "2021-11-02 14:44:46",
    "ups": "20998",
    "downs": "616",
    "views": "811911",
    "top_comments": [],
    "comments_since_last_sample": [
        {
            "body": "Can you make a Chanel named Bri Playz"
        },
        {
            "body": "Be you!"
        },
        {
            "body": "Be you"
        },
        {
            "body": "Be you"
        },
        {
            "body": "Some time prestone burn your diamond"
        },
        {
            "body": "Be you"
        },
        {
            "body": "Be you!"
        },
        {
            "body": "Be you =) \ud83d\ude00"
        },
        {
            "body": "Be you"
        },
        {
            "body": "Be  you"
        },
        {
            "body": "Be you \ud83d\ude09"
        },
        {
            "body": "Be you Bree"
        },
        {
            "body": "by you to be  strong"
        },
        {
            "body": "Be you"
        },
        {
            "body": ":)"
        },
        {
            "body": ":3"
        },
        {
            "body": "hehehe"
        },
        {
            "body": "be you"
        },
        {
            "body": "Be you"
        },
        {
            "body": "be you"
        }
    ]
}