{
    "time_posted": "2021-10-30 13:28:29",
    "url": "https://www.youtube.com/watch?v=GK0J6xd6XNc",
    "time_now": "2021-10-30 16:45:25",
    "ups": "1118",
    "downs": "53",
    "views": "19529",
    "top_comments": [
        {
            "comment": "Spotify Playlist \u27a4 https://sptfy.com/gangstercity",
            "likes": 16,
            "number_of_replies": 7
        },
        {
            "comment": "*i dont the the language but i love this song, its a soulful song\ud83d\udc9e*",
            "likes": 4,
            "number_of_replies": 0
        },
        {
            "comment": "Great music, amazing singer and action packed movie scene !",
            "likes": 2,
            "number_of_replies": 0
        },
        {
            "comment": "Hello from Ukraine \ud83d\ude03\u2764\ufe0f\u270a",
            "likes": 2,
            "number_of_replies": 0
        },
        {
            "comment": "Nice experience iam from Bangladesh",
            "likes": 1,
            "number_of_replies": 0
        }
    ],
    "comments_since_last_sample": [
        {
            "body": "Spotify Playlist \u27a4 https://sptfy.com/gangstercity"
        },
        {
            "body": "\ud83e\udd8d\ud83e\udd8d\ud83e\udd8d\ud83e\udd8d\ud83e\udd8d\ud83e\udd8d\ud83d\udc4d\ud83d\udc4d\ud83d\udc4d\ud83d\udc4d\ud83d\udc4d\ud83d\udc4d\ud83d\udc4d\ud83d\udc4d\ud83d\udc4c\ud83d\udc4c\ud83d\udc4c\ud83d\udc4c\ud83d\udc4c\ud83d\udc4c\ud83d\udc4c\u2764\u2764\u2764\u2764\u2764\u2764\u2764\u2764\u2764\ud83d\udca3\ud83d\udca3\ud83d\udca3\ud83d\udca3\ud83d\udca3\ud83e\udd8d\ud83e\udd8d\ud83e\udd8d\ud83e\udd8d\ud83e\udd8d"
        },
        {
            "body": "678\ud83c\udfcd\ufe0f\ud83d\udc4c\ud83e\udde0\ud83d\udc42\ud83e\uddb6\ud83d\udc85\ud83d\udc11\ud83e\udd9e1122MONDEVxxxxx"
        },
        {
            "body": "OBIJMY"
        },
        {
            "body": "I have heard this song 3 years ago\ud83d\ude01\ud83d\ude01"
        },
        {
            "body": "Why you upload other chanes video"
        },
        {
            "body": "Dabro Remix \ud83d\ude02\ud83d\ude02"
        },
        {
            "body": "\u062d\u0642\u0622 \u062c\u0645\u064a\u0644 \u062c\u062f\u0627 \u062c\u062f\u0627 \u0627\u0633\u062a\u0645\u0631"
        },
        {
            "body": "pa shout out uit idol"
        },
        {
            "body": "*i dont the the language but i love this song, its a soulful song\ud83d\udc9e*"
        },
        {
            "body": "https://youtu.be/wx6N1t6uy-Y \ud83d\udc48\ud83d\ude0e\ud83d\udc4d\ud83d\udd25\ud83d\udd25"
        },
        {
            "body": "Fun"
        },
        {
            "body": "Nice experience iam from Bangladesh"
        },
        {
            "body": "\ud83d\ude12\ud83d\ude12\ud83d\ude12\ud83d\ude12\ud83d\ude12"
        },
        {
            "body": "Hello from Ukraine \ud83d\ude03\u2764\ufe0f\u270a"
        },
        {
            "body": "Great music, amazing singer and action packed movie scene !"
        },
        {
            "body": "Nice song keep it up"
        },
        {
            "body": "Fun fact: This video had 150million views on a different channel and got deleted:)"
        },
        {
            "body": "\ud83e\udd29\ud83e\udd29\ud83e\udd29"
        },
        {
            "body": "Fun fact is I am the one who first in 750  people \ud83d\ude01\ud83d\ude01"
        }
    ]
}