{
    "time_posted": "2021-10-30 22:25:47",
    "url": "https://www.youtube.com/watch?v=hN4MvXzCWkc",
    "time_now": "2021-11-02 02:23:22",
    "ups": "220",
    "downs": "4",
    "views": "23763",
    "top_comments": [
        {
            "comment": "Beautiful songs",
            "likes": 1,
            "number_of_replies": 0
        },
        {
            "comment": "Maravilhoso, adorei boa escolha susseso para si beijinhos \ud83c\uddf5\ud83c\uddf9\ud83d\ude4b\u2764\ufe0f",
            "likes": 1,
            "number_of_replies": 0
        }
    ],
    "comments_since_last_sample": []
}