{
    "time_posted": "2021-10-30 14:30:06",
    "url": "https://www.youtube.com/watch?v=ijkvTYX1eAc",
    "time_now": "2021-11-03 03:06:40",
    "ups": "4515",
    "downs": "28",
    "views": "81369",
    "top_comments": [
        {
            "comment": "Lucario: \"Not yet, Ash! I can do this!\"",
            "likes": 444,
            "number_of_replies": 7
        },
        {
            "comment": "I really have a question can ash use mega lucario and ash greyninja form at the same time cause ash greyninja need an mega stone.... \ud83e\udd14\ud83e\udd14\ud83e\udd14",
            "likes": 1,
            "number_of_replies": 0
        },
        {
            "comment": "I say 8.5 because lucario got beat up like a rag doll, would be nice to show ash having better strategies. It gets a boost just because of Leon is so cool I bet the next episode will be a 10!",
            "likes": 1,
            "number_of_replies": 0
        }
    ],
    "comments_since_last_sample": [
        {
            "body": "where do you watch pokemon journeys in indonesia"
        }
    ]
}