{
    "time_posted": "2021-10-30 14:30:06",
    "url": "https://www.youtube.com/watch?v=ijkvTYX1eAc",
    "time_now": "2021-10-30 16:45:39",
    "ups": "2205",
    "downs": "7",
    "views": "14503",
    "top_comments": [
        {
            "comment": "Lucario: \"Not yet, Ash! I can do this!\"",
            "likes": 170,
            "number_of_replies": 4
        },
        {
            "comment": "1:00 yeah! In many other series there was always the cooking/eating part where we would see the whole team. Which barely happens in Journeys",
            "likes": 1,
            "number_of_replies": 0
        },
        {
            "comment": "Imagine if Ash dynamaxes Mega Lucario to fight Leon\u2019s Charizard",
            "likes": 1,
            "number_of_replies": 0
        },
        {
            "comment": "Now most of the pokemon journeys main episodes have hidden things that we only know while seeing the episodes . Example :- Cynthia in Ash vs Volkner , Leon in Ash ve Bea , Hunters in Project mew , Ash vs opal friendly battle , Korrina and Bea being friends etc (End of thinking capacity) at present \ud83d\ude05 .",
            "likes": 1,
            "number_of_replies": 0
        },
        {
            "comment": "I'm still unsatisfied with lack of action, too much talks and Ash's \"Inexperienced\" Action. Though this is likely my first time in a while being so excited and hyped like a lot!",
            "likes": 1,
            "number_of_replies": 0
        }
    ],
    "comments_since_last_sample": [
        {
            "body": "Lucario: \"Not yet, Ash! I can do this!\""
        },
        {
            "body": "Oh wow! Why does this feel like this review released so quick? Lol. \n\nGreat review bro!"
        },
        {
            "body": "I'm waiting for the Pokemon vids to be English dubbed"
        },
        {
            "body": "This episode was really good build up for next week's episode. I love it. Only problem: having to wait 6 more days for part 2."
        },
        {
            "body": "Korrina didn't  need to be in the episode, but her being here just makes things so much better. and now we get to see leon watching\nthis episode was just full of good interactions and moments before the battle. seeing ash and bea's teams, bea updating his status to 'the trainer with the lucario', and a lot of other good stuff.\nplus lucario just melee'd with all 3 of bea's pokemon in a row. it refusing mega evolution was a cool moment since it knew it didn't need it - what a solid part 1 to the fight."
        },
        {
            "body": "I have a question - \nwho expected lucario to get punched in the face?\nagain?\nand again?\nand again?\nand many more times.....?"
        },
        {
            "body": "I didn't like this episode. Ash was just standing there and said nothing"
        },
        {
            "body": "This episode is a 1 out of 10 because the episode contains Bea (the shittiest character ever)"
        },
        {
            "body": "Imagine if Ash dynamaxes Mega Lucario to fight Leon\u2019s Charizard"
        },
        {
            "body": "Now most of the pokemon journeys main episodes have hidden things that we only know while seeing the episodes . Example :- Cynthia in Ash vs Volkner , Leon in Ash ve Bea , Hunters in Project mew , Ash vs opal friendly battle , Korrina and Bea being friends etc (End of thinking capacity) at present \ud83d\ude05 ."
        },
        {
            "body": "I was the 2000 like"
        },
        {
            "body": "I\u2019m still pissed about the clef Hager"
        },
        {
            "body": "I really liked that Leon is there to see Ash and Bea battle . Because of it both Ash and Bea will give everything they have got  \ud83d\udd25\ud83d\udd25\ud83d\udd25 ."
        },
        {
            "body": "Ik double team works differently in the games and anime but Everytime I see someone use it I get annoyed"
        },
        {
            "body": "9/10"
        },
        {
            "body": "1:00 yeah! In many other series there was always the cooking/eating part where we would see the whole team. Which barely happens in Journeys"
        },
        {
            "body": "I'm still unsatisfied with lack of action, too much talks and Ash's \"Inexperienced\" Action. Though this is likely my first time in a while being so excited and hyped like a lot!"
        },
        {
            "body": "It was great seeing the characters and Pokemon just getting to chill out, every past series had that but Journeys always seems to off screen it."
        },
        {
            "body": "Lesgo Zac"
        },
        {
            "body": "Love the video \ud83d\udc4d\ud83c\udffb\ud83d\udc4d\ud83c\udffb\ud83d\udc4d\ud83c\udffb\ud83d\udc4d\ud83c\udffb\ud83d\udc4d\ud83c\udffb\ud83d\udc4d\ud83c\udffb"
        }
    ]
}