{
    "time_posted": "2021-10-30 13:00:11",
    "url": "https://www.youtube.com/watch?v=Isl80lkajZU",
    "time_now": "2021-11-01 14:01:08",
    "ups": "11134",
    "downs": "185",
    "views": "138044",
    "top_comments": [
        {
            "comment": "SIGN UP FOR MY FREE MASTERCLASS: How to Turn Video-Making Into $100k/yr Career\nhttps://bit.ly/3vK6tUe",
            "likes": 152,
            "number_of_replies": 41
        },
        {
            "comment": "\u0410, \u0432\u0435\u0434\u044c \u041b\u0438\u0441\u0443 \u043f\u0440\u0438\u0444\u043e\u0442\u043e\u0448\u043e\u043f\u0438\u043b\u0438... \u0418 \u043d\u0430 \u043c\u043e\u0439 \u0432\u0437\u0433\u043b\u044f\u0434, \u0441\u0434\u0435\u043b\u0430\u043b\u0438 \u044d\u0442\u043e, \u043d\u0443, \u043d\u0435 \u043e\u0447\u0435\u043d\u044c (",
            "likes": 1,
            "number_of_replies": 0
        },
        {
            "comment": "https://youtu.be/3qdhXVk9fwk I edited some parts of this SG song, so that lisa got more parts, check it >_<",
            "likes": 1,
            "number_of_replies": 0
        }
    ],
    "comments_since_last_sample": [
        {
            "body": "8:28 lisa wasn't edited well and the she pop out because of the different lightings"
        },
        {
            "body": "Please react to iz*one panorama and secret story of the swan"
        },
        {
            "body": "That he didn't mention green screen lisa\ud83d\ude05\ud83d\ude48"
        },
        {
            "body": "\u0410, \u0432\u0435\u0434\u044c \u041b\u0438\u0441\u0443 \u043f\u0440\u0438\u0444\u043e\u0442\u043e\u0448\u043e\u043f\u0438\u043b\u0438... \u0418 \u043d\u0430 \u043c\u043e\u0439 \u0432\u0437\u0433\u043b\u044f\u0434, \u0441\u0434\u0435\u043b\u0430\u043b\u0438 \u044d\u0442\u043e, \u043d\u0443, \u043d\u0435 \u043e\u0447\u0435\u043d\u044c ("
        },
        {
            "body": "Hi Jordan! Please react to Maverick is The Boyz (kpop group) latest comeback and it\u2019s a whole action film, and the song is amazing, i loved it, thank you"
        },
        {
            "body": "Could you react to sb19 \"Bazinga\" official music video? \u2728\nThankyou so much"
        },
        {
            "body": "Could you react to sb19 showbreak S3 EP 14 Halo Halo song? Thank you so much:)\n\nLove from Philippines \u2728"
        },
        {
            "body": "https://youtu.be/3qdhXVk9fwk I edited some parts of this SG song, so that lisa got more parts, check it >_<"
        },
        {
            "body": "lmaooo love your takes"
        },
        {
            "body": "ngl lisa and megan is the only interesting in this whole song not saying thhat is bad  but it is lmaoooo"
        },
        {
            "body": "can you react to The boyz's Maverick?"
        }
    ]
}