{
    "time_posted": "2021-10-30 13:00:11",
    "url": "https://www.youtube.com/watch?v=Isl80lkajZU",
    "time_now": "2021-10-31 05:04:25",
    "ups": "6816",
    "downs": "90",
    "views": "69478",
    "top_comments": [
        {
            "comment": "SIGN UP FOR MY FREE MASTERCLASS: How to Turn Video-Making Into $100k/yr Career\nhttps://bit.ly/3vK6tUe",
            "likes": 80,
            "number_of_replies": 24
        }
    ],
    "comments_since_last_sample": [
        {
            "body": "after watching this music video I realized how much kpop has spoiled me and my expectations for music videos XD"
        },
        {
            "body": "Everyone who has reacted to this video has said that exact same thing when Lisa starts dancing. LoL By the end of the video most people said she was the only good thing about the video."
        },
        {
            "body": "The song is a bop for me but the mv uh not so much,  like I can never finish watching mv I half way through get bored of it."
        },
        {
            "body": "React to mino run away"
        },
        {
            "body": "Bestie next time react to strawberry moon by iu please TT"
        },
        {
            "body": "Hey jordann can you plss react to ateez's latest comeback deja vu"
        },
        {
            "body": "Jordan I hope you react to JEON SOMI 'XOXO' mv hehe"
        },
        {
            "body": "React to imagine dragon - enemy (league of legends: arcade)"
        },
        {
            "body": "Please react to Somi's video"
        },
        {
            "body": "Please react to Somi's video"
        },
        {
            "body": "Are you going to react to the Enemy music video for League of Legend\u2019s Arcane series that\u2019s coming up? It\u2019s really good"
        },
        {
            "body": "Jordan please react to Favourite-NCT127"
        },
        {
            "body": "yes \u2728KPOP MUSIC VIDEO EDITING IS THE STANDARD\u2728"
        },
        {
            "body": "can you please react to seventeen's rock with you?"
        },
        {
            "body": "U look so tired n ur eyes.. U look like you've been up all night.."
        },
        {
            "body": "YOU SHOULD HAVE EDITED THE MV JORDAN \ud83d\ude21\u2665\ufe0f\u2665\ufe0f\u2728\u2728\u2728\u2728\u2728"
        },
        {
            "body": "When this MV released. The Scene Ambience is so irritating. I just watch the MV because of Lisa"
        },
        {
            "body": "Hey Jordan pls react to TXT's Frost music video I feel that it's the type of mv you'll enjoy reacting to and the song gives a fresh feeling bc it matches a lot with the mv, hope you can react to it .\u2764\u2764"
        },
        {
            "body": "Americans are cheap in investing stuff and they call themselves 1st world\u2026tsk! #justsayin #truthhurtswhenithurts"
        }
    ]
}