{
    "time_posted": "2021-10-30 15:00:32",
    "url": "https://www.youtube.com/watch?v=itK7gvvxxDs",
    "time_now": "2021-11-01 18:08:33",
    "ups": "81221",
    "downs": "773",
    "views": "1350815",
    "top_comments": [
        {
            "comment": "Ashe really needs a update :(",
            "likes": 3,
            "number_of_replies": 1
        },
        {
            "comment": "1:33 Hey! Thats an Assault Rifle from Halo!",
            "likes": 2,
            "number_of_replies": 0
        },
        {
            "comment": "Its imposible to not like Piltover characters theme , If Camilles theme was a masterpiece , this goes at the same level",
            "likes": 1,
            "number_of_replies": 0
        },
        {
            "comment": "Music is awesome.",
            "likes": 1,
            "number_of_replies": 0
        },
        {
            "comment": "How can I play the game against Pool Party Caitlyn?",
            "likes": 1,
            "number_of_replies": 0
        }
    ],
    "comments_since_last_sample": [
        {
            "body": "When is the rework out ??????"
        },
        {
            "body": "Widowmaker Caitlyn"
        },
        {
            "body": "Its imposible to not like Piltover characters theme , If Camilles theme was a masterpiece , this goes at the same level"
        },
        {
            "body": "Music is awesome."
        },
        {
            "body": "How can I play the game against Pool Party Caitlyn?"
        },
        {
            "body": "Why so much censorship?"
        },
        {
            "body": "Chill guys its all about Caitlyn coming wild rift"
        },
        {
            "body": "\ud2f0\ubaa8\ub3c4 \ud574\uc8e0.. \ub354 \uadc0\uc5fd\uace0 \ub354 \ube75\ube75\ud558\uace0 \ub354 \ubcf5\uc2e4\ubcf5\uc2e4\ud558\uac8c \ud574\uc8e0.."
        },
        {
            "body": "Finally \u2764\ufe0f"
        },
        {
            "body": "1:33 Hey! Thats an Assault Rifle from Halo!"
        },
        {
            "body": "Perfect, but you should add her to wild rift becouse she is great, but it's on you, but i will love it if you will add her."
        },
        {
            "body": "Ms. Caitlyn COULD get it tho..."
        },
        {
            "body": "holy smokes, this is beautiful! I guess i have a new main :)"
        },
        {
            "body": "Ok, give a raise to whoever's over there running the music department."
        },
        {
            "body": "Camille: less hat, more pants Caitlyn: and I took that personally."
        },
        {
            "body": "I think your music is stolen from Einaudi's pieces, like divenire. I hope you get sued by him. But you stole a model's face for Irelia (Aya Chalkar), corporate thievery."
        }
    ]
}