{
    "time_posted": "2021-10-30 09:30:12",
    "url": "https://www.youtube.com/watch?v=j7B5Fo4T6kk",
    "time_now": "2021-10-31 17:25:03",
    "ups": "8568",
    "downs": "242",
    "views": "224083",
    "top_comments": [
        {
            "comment": "Odisha's No.1 Music Platform \ud83c\udfb6\"Taranga Music\"\ud83c\udfb6 Love You Tarang Music\u2764\ufe0f\u2764\ufe0f\u2764\ufe0f",
            "likes": 27,
            "number_of_replies": 1
        },
        {
            "comment": "Superhit",
            "likes": 2,
            "number_of_replies": 0
        },
        {
            "comment": "Such a beautiful n' cute Jodi...Baki Rishi Ra sabu song Ra end tre suspense rahiba jaruri ki???",
            "likes": 2,
            "number_of_replies": 1
        },
        {
            "comment": "Nice song beautiful heroin handsome hero",
            "likes": 1,
            "number_of_replies": 0
        },
        {
            "comment": "Part 2 coming please",
            "likes": 1,
            "number_of_replies": 0
        }
    ],
    "comments_since_last_sample": [
        {
            "body": "Nice \ud83d\udc4d"
        },
        {
            "body": "Emti different jodi ku neiki song karantu dekhi baku vala laguchi..\ud83d\udc4d"
        },
        {
            "body": "ODISHARE AAU KEHI SINGER NAHANTI BODHE,THANK YOU."
        },
        {
            "body": "Very nice \u2764\ufe0f\u2764\ufe0f"
        },
        {
            "body": "I can't wait for part2 so exited"
        },
        {
            "body": "Smrut R is always best Love from chhatishgarh \u2665\ufe0f\u2665\ufe0f\u2665\ufe0f\u2665\ufe0f"
        },
        {
            "body": "Jebethu bahubali asichi sebethu sabuthire part-1 re kichi suspense rakhi part-2 era start heijaichi..btw nice song &nice jodi"
        },
        {
            "body": "story is real as on dated ... track also mind blowing"
        }
    ]
}