{
    "time_posted": "2021-10-30 14:20:29",
    "url": "https://www.youtube.com/watch?v=KE8zYIoR0nI",
    "time_now": "2021-10-31 05:04:37",
    "ups": "119543",
    "downs": "1064",
    "views": "1698917",
    "top_comments": [
        {
            "comment": "Subscribe for 136,500,000 skittles :)",
            "likes": 8223,
            "number_of_replies": 490
        }
    ],
    "comments_since_last_sample": [
        {
            "body": "At 3 am?"
        },
        {
            "body": "Literally every 14 year old in my neighborhood was wearing a squid game guard costume. Everywhere I go I see their face"
        },
        {
            "body": "amogg us"
        },
        {
            "body": "Yes I already saw both a AMOGUS and a squid game costume before.\nI\u2019m hoping there are no FNF costumes"
        },
        {
            "body": "helor"
        },
        {
            "body": "2:25 \n*button*"
        },
        {
            "body": "I live in toxic mold & I have several kids depending on me/ it\u2019s causing me to be severely ill / doctors want us to get out/ I don\u2019t have enough money/ go fund me page/ get out of mold infested mobile home Ann R"
        },
        {
            "body": "hecker ftw"
        },
        {
            "body": "Beluga: why i didn't got any treats\nhecker: you want me to destroy him?\nBeluga: Yes\nhecker: ok then.\nBeluga: oh dont forget to blow they're house\nhecker: got it cat"
        },
        {
            "body": "Beluga: just a friend.\nSkittle - chan: I..-"
        },
        {
            "body": "AmOnG uS"
        },
        {
            "body": "Lol"
        },
        {
            "body": "Well that\u2019s mean"
        },
        {
            "body": "Hecker is op"
        },
        {
            "body": "I love how people use discord for conversations... Perhaps this IS the future xD"
        },
        {
            "body": "Me when I see squid game garbage for real: BOMB IT. DELETE IT. DESTROY IT\n END IT."
        },
        {
            "body": "poor beluga always get rejected"
        },
        {
            "body": "Happy Halloween! We love you booluga for.. Now ur name is booluga !!!! Happy trick or treating !!"
        },
        {
            "body": "Hecker \ud83d\ude43"
        }
    ]
}