{
    "time_posted": "2021-10-30 15:02:59",
    "url": "https://www.youtube.com/watch?v=Ku8L9no2xSk",
    "time_now": "2021-10-30 16:45:36",
    "ups": "1834",
    "downs": "8",
    "views": "10958",
    "top_comments": [
        {
            "comment": "You make south africans proud man #octagon best store on the hermitcraft server",
            "likes": 1,
            "number_of_replies": 0
        },
        {
            "comment": "1) switch lever to off\n2) go into hopper to check if first inventory slot is empty\n3)break comparator and face it to the observer\n4) flick the lever to activate update suppression\n5) look into hopper and use number key to put into your inventory slot\n6) turn off update suppression and look back to the hopper\n\nHope you see this Ren, love your vids!",
            "likes": 1,
            "number_of_replies": 0
        },
        {
            "comment": "#payinthebarrel",
            "likes": 1,
            "number_of_replies": 0
        },
        {
            "comment": "First flip lever off\nHopper 1st inventory slot empty\nPut comparator on trapdoor\nTurn update suppressor on\nPut rockets in inventory slot\nUse number key to put them in hopper\nTurn off update suppressor \nTurn system on\n\nYour welcome",
            "likes": 1,
            "number_of_replies": 0
        }
    ],
    "comments_since_last_sample": [
        {
            "body": "Some hermits can't read\n\n\n\n\n\nplease be patient they will figure it out eventually ;-;"
        },
        {
            "body": "what about advertising with end rods like doc with his goat hologram"
        },
        {
            "body": "1) switch lever to off\n2) go into hopper to check if first inventory slot is empty\n3)break comparator and face it to the observer\n4) flick the lever to activate update suppression\n5) look into hopper and use number key to put into your inventory slot\n6) turn off update suppression and look back to the hopper\n\nHope you see this Ren, love your vids!"
        },
        {
            "body": "#PayInTheFreakingBarrel"
        },
        {
            "body": "#payinthebarrel"
        },
        {
            "body": "hashtag pay in the barrel baby"
        },
        {
            "body": "I just saw the \"Pay in the Barrels\"- Sign in Doc\u00b4s episode and i can\u00b4t stop laughing for half an hour\n\nYou made my day, dog"
        },
        {
            "body": "\ud83d\udc95\ud83d\udc95\ud83d\ude07"
        },
        {
            "body": "I thought the place looked like it is covered in ash. Thats a ridiculously huge build"
        },
        {
            "body": "You make south africans proud man #octagon best store on the hermitcraft server"
        },
        {
            "body": "First flip lever off\nHopper 1st inventory slot empty\nPut comparator on trapdoor\nTurn update suppressor on\nPut rockets in inventory slot\nUse number key to put them in hopper\nTurn off update suppressor \nTurn system on\n\nYour welcome"
        },
        {
            "body": "#PayInTheFreakenBarrelMyDudes"
        },
        {
            "body": "Thank god I'm not a hermit cause i would break that system by mistake in an instant and then die of guilt lol"
        },
        {
            "body": "#TeamSeas #TeamTrees"
        },
        {
            "body": "Make the underwater sections around the island a lush coral reef. Like octogon dragged the reef up from the floor and it died in the air."
        },
        {
            "body": "Marketing thought...  \nName the items in the frames, the prices of the item & undercut the market until the competition comes to YOU with a deal.\nOnce the consumers see your low price they will come to the OCTAGONNN first, next time.\nIncreasing pressure on the competition to make a deal."
        },
        {
            "body": "Inspiration: snow\nRen: nah\nInspiration: expensive snow (concrete powder) \nRen: you sob, I'm in."
        },
        {
            "body": "Ren, I love you my man, but more free purchase coupons were not what octagon needed"
        },
        {
            "body": "If people continue paying in the shulker box (and I think it's a problem that will continue, even if people get the message they will make mistakes from time to time), I think there are ways you could remedy the situation with redstone:\n\nBasically, if a shulker box has been emptied below a certain threshold, have the system wait a while and then break the box and replace it. That way if a shulker box contains only diamonds or derpcoins, the comparator won't read it as empty, but it'll read it as mostly empty.\n\nThen when the shulker box is collected by the system, dispense it again, empty it out into sorted storage, and re-fill it with the item you're selling, and put it back into the system. (Or just keep the box as-is if you want to see what people were putting in there)\n\nYou could also give shoppers the ability to trigger this manually: \"Push button to restock\", something like that."
        },
        {
            "body": "there are such as thing as white beeches. the sand in destin, fl looks like snow."
        }
    ]
}