{
    "time_posted": "2021-10-30 13:58:43",
    "url": "https://www.youtube.com/watch?v=LaefjQ-2aTs",
    "time_now": "2021-10-30 16:45:54",
    "ups": "177",
    "downs": "7",
    "views": "7287",
    "top_comments": [
        {
            "comment": "\u0917\u0941\u0932\u0947\u0930\u093f\u092f\u093e \u091c\u0940 \u0915\u0948\u092e\u0930\u0947 \u092a\u0930 \u091c\u094d\u092f\u093e\u0926\u093e \u0939\u094b\u0924\u0947 \u0939\u0948\u0902, \u0907\u0932\u093e\u091c \u0915\u092c \u0915\u0930\u0924\u0947 \u0939\u094b\u0902\u0917\u0947? \u092e\u094b\u0926\u0940 \u091c\u0940 \u0915\u0947 \u091a\u0939\u0947\u0924\u0947 \u0939\u0948\u0902 \u0964",
            "likes": 3,
            "number_of_replies": 5
        },
        {
            "comment": "Think about employment inflation",
            "likes": 2,
            "number_of_replies": 0
        },
        {
            "comment": "shut off all coaching and school",
            "likes": 2,
            "number_of_replies": 0
        },
        {
            "comment": "INDIA CASES ARE 34.3 MILLION CASES DEATHS 549,OOO DEATHS \nUNITED STATES OF AMERICA CASES 45.9 MILLION  745,OOO DEATHS \nTHE PANDEMIC IS STILL IN THE WORLD IT'S NOT GONE IT WILL NEVER BE OVER JUST AS LONG AS IT COULD TRANSMITTED THE VIRUS IN HUMANS IT WILL CONTINUE TO SPREAD RAPIDLY AND MUTANT KILLING MILLIONS.",
            "likes": 2,
            "number_of_replies": 0
        },
        {
            "comment": "School aur colleges band karwaya jaaaye humara pesaa doob raha hai woh log humein forcefully vaccinations lene k liye pressure kar rahey hai plzzz modi ji",
            "likes": 2,
            "number_of_replies": 0
        }
    ],
    "comments_since_last_sample": [
        {
            "body": "the only thing good was the last part...."
        },
        {
            "body": "aur darate raho"
        },
        {
            "body": "Now they are hesitant for 2nd more for 1st.due to no ease of vaccination,gap of 84 days."
        },
        {
            "body": "Professional journalism at its best as always \u2764\ufe0f"
        },
        {
            "body": "aiims ma students ramlila mocking karta hai"
        },
        {
            "body": "UP meq Chunaav hai yaha kuch ni hone wala"
        },
        {
            "body": "School aur colleges band karwaya jaaaye humara pesaa doob raha hai woh log humein forcefully vaccinations lene k liye pressure kar rahey hai plzzz modi ji"
        },
        {
            "body": "INDIA CASES ARE 34.3 MILLION CASES DEATHS 549,OOO DEATHS \nUNITED STATES OF AMERICA CASES 45.9 MILLION  745,OOO DEATHS \nTHE PANDEMIC IS STILL IN THE WORLD IT'S NOT GONE IT WILL NEVER BE OVER JUST AS LONG AS IT COULD TRANSMITTED THE VIRUS IN HUMANS IT WILL CONTINUE TO SPREAD RAPIDLY AND MUTANT KILLING MILLIONS."
        },
        {
            "body": "shut off all coaching and school"
        },
        {
            "body": "DOC why are these idiots Forcing Physical classes, with 100% attendance like covid is gone,,,???"
        },
        {
            "body": "\ud83d\udc4c\ud83d\udc4ceek druggy ko bail mili he \nolympics me medal nahi jo itna khush ho rahe ho \ud83e\udd23"
        },
        {
            "body": "Think about employment inflation"
        },
        {
            "body": "Corona se kya dar jab apna PM hi virus hai"
        },
        {
            "body": "When will India allow children age 5 to 11 to get a child dose vaccine?"
        },
        {
            "body": "Fir case suru he kay"
        },
        {
            "body": "A very great concern for projecting or modeling the waves of mass infection is the variants. The problem may exist that the pandemic of d614g Wuhan strain earned immunity or even vaccinated immunity from covid19 may not protect you from say Delta plus here b.617.2 ay.4.2 variants continue to re infect previously recovered victims. This increases the fatality from 2.1% un vaccinated to over 5% given multiple exposures to new variants. A real problem. Hopefully 2024 will be clean of this \ud83d\ude4f \ud83d\ude2c 7 billion people on Earth have now been given 7 billion doses. Although most are 2 dose and some million s have none! Hopefully India and SII production will lead the way and look after Africa when their excess vaccine supplies mature."
        },
        {
            "body": "madam ka name kya \nhai"
        },
        {
            "body": "Is India ready for third wave as people are now become covid idiots"
        },
        {
            "body": "\u0917\u0941\u0932\u0947\u0930\u093f\u092f\u093e \u091c\u0940 \u0915\u0948\u092e\u0930\u0947 \u092a\u0930 \u091c\u094d\u092f\u093e\u0926\u093e \u0939\u094b\u0924\u0947 \u0939\u0948\u0902, \u0907\u0932\u093e\u091c \u0915\u092c \u0915\u0930\u0924\u0947 \u0939\u094b\u0902\u0917\u0947? \u092e\u094b\u0926\u0940 \u091c\u0940 \u0915\u0947 \u091a\u0939\u0947\u0924\u0947 \u0939\u0948\u0902 \u0964"
        }
    ]
}