{
    "time_posted": "2021-10-30 13:58:43",
    "url": "https://www.youtube.com/watch?v=LaefjQ-2aTs",
    "time_now": "2021-11-03 11:21:14",
    "ups": "1394",
    "downs": "321",
    "views": "289688",
    "top_comments": [
        {
            "comment": "Newton's fourth laww of motion Every book stay at rest until the external force of exams does not applied on students and the speed of turning page is proportional to the syllabus and the tension in mind remains constant \ud83d\ude02\ud83d\ude02",
            "likes": 9,
            "number_of_replies": 0
        },
        {
            "comment": "Why schools are opening \ud83d\ude37\u2620\ufe0f",
            "likes": 5,
            "number_of_replies": 0
        },
        {
            "comment": "Let the lockdown be dropped again\ud83d\ude4f",
            "likes": 2,
            "number_of_replies": 0
        },
        {
            "comment": "Just commenting on the title: do wave ke beech to case kam hi hoga na..",
            "likes": 1,
            "number_of_replies": 0
        }
    ],
    "comments_since_last_sample": [
        {
            "body": "she cant even spell the exact numbers properly,what a down market reporter"
        }
    ]
}