{
    "time_posted": "2021-10-30 19:52:35",
    "url": "https://www.youtube.com/watch?v=lCwwwtURsKI",
    "time_now": "2021-10-31 09:11:25",
    "ups": "11280",
    "downs": "135",
    "views": "120393",
    "top_comments": [
        {
            "comment": "LolzZz Bhai Big Fan",
            "likes": 1,
            "number_of_replies": 0
        },
        {
            "comment": "Lolzzez Bhai Always op\ud83e\udd70\ud83e\udd70\ud83e\udd70\ud83e\udd70\ud83e\udd70\ud83e\udd70\ud83e\udd70\ud83e\udd70\ud83e\udd70\ud83d\ude1d\ud83d\ude1d\ud83d\ude1d\ud83d\ude1d\ud83e\udd70\ud83d\ude1d\ud83e\udd70\ud83d\ude1d\ud83d\ude1d\ud83d\udc9f\ud83d\udc9f\ud83d\udc9f\ud83d\udc9f\ud83d\udc9f\ud83d\udc9f\ud83d\udc9f\ud83d\udc9f\ud83d\udc9f\ud83d\udc9f\ud83d\udc9f\ud83d\udc9f\ud83d\udc9f\ud83d\udc9f\ud83d\udc9f\ud83d\udd25\ud83d\udd25\ud83d\udd25\ud83d\udd25\ud83d\udd25\ud83d\udd25\ud83d\udd25\ud83d\udd25\ud83d\udd25\ud83d\udd25\ud83d\udd25",
            "likes": 1,
            "number_of_replies": 0
        },
        {
            "comment": "Amazing \ud83e\udd70\ud83e\udd29\ud83e\udd70\ud83e\udd70",
            "likes": 1,
            "number_of_replies": 0
        }
    ],
    "comments_since_last_sample": [
        {
            "body": "Amazing \ud83e\udd70\ud83e\udd29\ud83e\udd70\ud83e\udd70"
        },
        {
            "body": "4 finagr ka aem dekho sirf \ud83d\ude0eid khol ke"
        },
        {
            "body": "Kya lolzzz bhai tum bhi i phone leke hug rhe ho ho cantrol kro 4 fingar meri id khol ke dekho or fir sabki gand fad do Or bhai pliz aek red mrva ho meri id pe 500 ya 1000 sc ho gaye"
        },
        {
            "body": "Lolzzez Bhai Always op\ud83e\udd70\ud83e\udd70\ud83e\udd70\ud83e\udd70\ud83e\udd70\ud83e\udd70\ud83e\udd70\ud83e\udd70\ud83e\udd70\ud83d\ude1d\ud83d\ude1d\ud83d\ude1d\ud83d\ude1d\ud83e\udd70\ud83d\ude1d\ud83e\udd70\ud83d\ude1d\ud83d\ude1d\ud83d\udc9f\ud83d\udc9f\ud83d\udc9f\ud83d\udc9f\ud83d\udc9f\ud83d\udc9f\ud83d\udc9f\ud83d\udc9f\ud83d\udc9f\ud83d\udc9f\ud83d\udc9f\ud83d\udc9f\ud83d\udc9f\ud83d\udc9f\ud83d\udc9f\ud83d\udd25\ud83d\udd25\ud83d\udd25\ud83d\udd25\ud83d\udd25\ud83d\udd25\ud83d\udd25\ud83d\udd25\ud83d\udd25\ud83d\udd25\ud83d\udd25"
        }
    ]
}