{
    "time_posted": "2021-10-30 15:26:03",
    "url": "https://www.youtube.com/watch?v=LfoHTnfnNNE",
    "time_now": "2021-11-01 01:40:05",
    "ups": "573",
    "downs": "12",
    "views": "8012",
    "top_comments": [
        {
            "comment": "Punishing? How can we be punished? we hold all the cards and they need us more than we need them. It does not add up, were these two statements false then?",
            "likes": 1,
            "number_of_replies": 0
        },
        {
            "comment": "but it was going to great for Britain after brexit so you types kept saying so i don't get what your'e on about..",
            "likes": 1,
            "number_of_replies": 0
        },
        {
            "comment": "The problem between France and UK concerns mainly fishing around Jersey and Guernesey. Just look at the size of territorial area of the Channel Islands, and everyone will have understand the problem between brexit for french fishers.",
            "likes": 1,
            "number_of_replies": 0
        },
        {
            "comment": "The French have been stealing fish for year's that's why some boats don't have a licence because they were never registered,think how much fish that would amount to over the years they should be taken to court and fined",
            "likes": 1,
            "number_of_replies": 0
        }
    ],
    "comments_since_last_sample": [
        {
            "body": "\"Don't mention the war!\"....... all too swiftly forgotten."
        }
    ]
}