{
    "time_posted": "2021-10-30 13:30:05",
    "url": "https://www.youtube.com/watch?v=LkoBOAzkrgE",
    "time_now": "2021-10-31 09:11:32",
    "ups": "11001",
    "downs": "124",
    "views": "57662",
    "top_comments": [
        {
            "comment": "song name- xenogenesis \nsong maker- thefatrat",
            "likes": 143,
            "number_of_replies": 8
        },
        {
            "comment": "Rex can I join your guild plz my uid-1796632129",
            "likes": 1,
            "number_of_replies": 0
        },
        {
            "comment": "Op Luck...\ud83e\udd70",
            "likes": 1,
            "number_of_replies": 0
        },
        {
            "comment": "No one beet u\u2764",
            "likes": 1,
            "number_of_replies": 0
        },
        {
            "comment": "Darkangal :- grened qeen\n\nDrop :- hedshot king\n\nREX :- darkangal+drop",
            "likes": 1,
            "number_of_replies": 0
        }
    ],
    "comments_since_last_sample": [
        {
            "body": "\ud83d\ude2dTopuper"
        },
        {
            "body": "Op luck \ud83d\ude01"
        },
        {
            "body": "\ud83e\udd17"
        },
        {
            "body": "bro i saw your kardi squard in br ranked bro i killed 2 kardi in oc kill....somebody down your team mates bro\ud83d\ude02\ud83d\ude02"
        },
        {
            "body": "Op Luck...\ud83e\udd70"
        },
        {
            "body": "Bro I got fist in 9 diamonds \ud83d\ude02\ud83d\ude02\ud83d\ude02"
        },
        {
            "body": "REX+LUCKY=LUCKIEST\nBTW-REX\ud83d\udc9c\ud83d\udc9c\ud83d\udc9c"
        },
        {
            "body": "Rex can I join your guild plz my uid-1796632129"
        },
        {
            "body": "AT 500 SUB DJ ALOK GIVEAWAY SEE ONE TIME"
        },
        {
            "body": "My dream but i have no option"
        },
        {
            "body": "No one beet u\u2764"
        },
        {
            "body": "Bro u don't have luck than dark Angel but u have more subscribe from dark Angel \u263a\ufe0f\u263a\ufe0f\u263a\ufe0f"
        },
        {
            "body": "From which server you are"
        },
        {
            "body": "s\u1d0f\u0274\u0262 \u0274\u1d00\u1d0d\u1d07 \u1d18\u029f\u1d22\u1d22!???"
        },
        {
            "body": "You got the gun skin in 3 crates that's a noice lucky karadi\ud83d\ude1b\ud83d\ude1d\ud83d\ude1c"
        },
        {
            "body": "You got the gun skin in 3 crates that's a noice lucky karadi\ud83d\ude1b\ud83d\ude1d\ud83d\ude1c"
        },
        {
            "body": "I got bundle rex bro \ud83d\ude2d"
        },
        {
            "body": "Darkangal :- grened qeen\n\nDrop :- hedshot king\n\nREX :- darkangal+drop"
        },
        {
            "body": "Bro,I got this fist \ud83d\udc4a skin  in 67 diamonds \ud83d\udc8e."
        }
    ]
}