{
    "time_posted": "2021-10-30 12:00:21",
    "url": "https://www.youtube.com/watch?v=MbtWtxePYDU",
    "time_now": "2021-10-31 13:17:56",
    "ups": "3990",
    "downs": "19",
    "views": "56740",
    "top_comments": [],
    "comments_since_last_sample": [
        {
            "body": "It's the memories that always hurts us"
        },
        {
            "body": "Nakaka miss ma in love at magtampo\ud83d\ude02"
        },
        {
            "body": "Hii zackkk I FROM INDONESIA"
        },
        {
            "body": "I love you"
        },
        {
            "body": "It all interconnects"
        },
        {
            "body": "ang daming mv ang saya HAHA"
        }
    ]
}