{
    "time_posted": "2021-10-30 11:00:18",
    "url": "https://www.youtube.com/watch?v=mN8vCV8oDvc",
    "time_now": "2021-11-02 10:37:26",
    "ups": "1355",
    "downs": "14",
    "views": "23705",
    "top_comments": [
        {
            "comment": "There\u2019s an exercise 0, which is to play the roots only. There\u2019s a lot of folks who will benefit first from finding the roots in different spots in the neck.",
            "likes": 8,
            "number_of_replies": 0
        },
        {
            "comment": "I had a jazz teacher tell me in college \"you gotta play more then the root and 5!\" but then as soon as I did he said it was too busy so then I went back to what I originally did and he was happy, I've had art teachers tell me I need to add more detail to a drawing so I'll go and sit down and pretend to work bring it back and get told perfect.",
            "likes": 1,
            "number_of_replies": 0
        },
        {
            "comment": "First time I've ever understood anything about walking bass lines. Good stuff.",
            "likes": 1,
            "number_of_replies": 0
        },
        {
            "comment": "Thanks Scott, always enjoy yours & the team's stuff. At one point when you were saying root 'n 5\n& root 'n 5, part of me was thinking go on say it - say it ... root 'n tootin' !\nl know, very sad.",
            "likes": 1,
            "number_of_replies": 0
        },
        {
            "comment": "Remember when Scott was less of a shill? Man those were the days. Still love the dude though \ud83e\udd18\ud83e\udd18",
            "likes": 1,
            "number_of_replies": 0
        }
    ],
    "comments_since_last_sample": []
}