{
    "time_posted": "2021-10-30 19:25:32",
    "url": "https://www.youtube.com/watch?v=NKPoDOCoSL4",
    "time_now": "2021-10-31 17:25:17",
    "ups": "8794",
    "downs": "41",
    "views": "70433",
    "top_comments": [
        {
            "comment": "Please \ud83d\ude4f don't ever leave streaming at any cost \ud83d\ude18binkyaaa saaare problems saath mai ladhege hum..Keep Growing mere jaaan ke tote , May God bless you , Thanks for always making us laugh u dumb F",
            "likes": 18,
            "number_of_replies": 0
        },
        {
            "comment": "3:05:56 thank you for gilli chummi ",
            "likes": 10,
            "number_of_replies": 0
        },
        {
            "comment": "Bhai agle act mei radiant chahiye hamlog ko please binks bhai and thanks for the stream.",
            "likes": 7,
            "number_of_replies": 0
        },
        {
            "comment": "GOOD MORNING \ud83c\udf1e \nTimestamps de do pliiiijjjjj \ud83d\ude01\ud83d\ude01",
            "likes": 5,
            "number_of_replies": 3
        },
        {
            "comment": "Ye clickbait hai ki wrong thumbnail? Eah?",
            "likes": 3,
            "number_of_replies": 1
        }
    ],
    "comments_since_last_sample": []
}