{
    "time_posted": "2021-10-30 16:00:09",
    "url": "https://www.youtube.com/watch?v=Noh8dd2i32c",
    "time_now": "2021-10-30 16:46:04",
    "ups": "166",
    "downs": "0",
    "views": "1528",
    "top_comments": [
        {
            "comment": "\u201cIf your bedroom is looking a little drab, a little boring these days and you\u2019re looking for ways to zhuzh things up\u201d NEVER FELT SO CALLED OUT BUT SEEN AT THE SAME TIME. How did you know this was the exact video I needed?",
            "likes": 4,
            "number_of_replies": 0
        },
        {
            "comment": "Hi Nick.\nIt's 3.06 am in Melbourne Australia, I fell asleep early and woke up, checking out Instagram and your story came up. I absolutely am obsessed with my linen, I use a top sheet as well, the majority is white. Plus, I iron the top sheet every day when I make the bed!!!!!  Crazy I know but it's lovely getting into a fresh bed every night, and not into wrinkled bedding.\nBut the saddest thing is that I am on my own and the left side of my bed has never been slept in!!!!  How sad\ud83d\ude22\ud83d\ude22\ud83d\ude22",
            "likes": 2,
            "number_of_replies": 1
        },
        {
            "comment": "I have three sets of sheets/bedcovers. One silk, one eucalyptus, and one cotton. The silk are beautiful but such a pain to care for that I don\u2019t use them often. The eucalyptus are lovely for fall, winter, and spring. The cotton is great for summer. Material composition of sheets matters.",
            "likes": 2,
            "number_of_replies": 0
        },
        {
            "comment": "Hi! Could you make a video about maximalism as a decorative style and how to do it successfully? Thanks!",
            "likes": 1,
            "number_of_replies": 0
        },
        {
            "comment": "I don\u2019t think people who sleep in sheets that needed to go 10 years ago, would be interested in watching your videos lol",
            "likes": 1,
            "number_of_replies": 0
        }
    ],
    "comments_since_last_sample": [
        {
            "body": "I don\u2019t think people who sleep in sheets that needed to go 10 years ago, would be interested in watching your videos lol"
        },
        {
            "body": "Nick! Can you please do a how to decorate a studio/bachelor apartment?"
        },
        {
            "body": "Niiiiiiiiiiiick how did you know I needed this?!?!?;"
        },
        {
            "body": "I\u2019ve been waiting for this video!"
        },
        {
            "body": "what about the possibility of mismatched nightstands?"
        },
        {
            "body": "I checked out the Brooklinen site and the sheets look great but definitely too expensive for me! Is there a Canadian supplier you can recommend with more affordable prices?"
        },
        {
            "body": "Where did you get that oversized clock in your background? I keep admiring it in every video"
        },
        {
            "body": "Hi Nick! I put a bookshelf behind my king-size bed. It holds (obviously) my books, lamp, diffuser, etc. I had to choose between a queen-size bed + nightstands or the direction I went. I\u2019m so pleased with my solution."
        },
        {
            "body": "I love your videos. Thank you!"
        },
        {
            "body": "I would really like to have a bench at the end of the bed, but alas the room is too small. But there is a spot for a chair and I have one already that might work, so I'm off to move furniture."
        },
        {
            "body": "I wish I had the room. I can fit a queen bed and two small nightstands, but that\u2019s it."
        },
        {
            "body": "I have three sets of sheets/bedcovers. One silk, one eucalyptus, and one cotton. The silk are beautiful but such a pain to care for that I don\u2019t use them often. The eucalyptus are lovely for fall, winter, and spring. The cotton is great for summer. Material composition of sheets matters."
        },
        {
            "body": "Hi! Could you make a video about maximalism as a decorative style and how to do it successfully? Thanks!"
        },
        {
            "body": "Never thought to make a bedroom *assymetrical!* Who knew. Would love even more examples of this."
        },
        {
            "body": "Hi Nick.\nIt's 3.06 am in Melbourne Australia, I fell asleep early and woke up, checking out Instagram and your story came up. I absolutely am obsessed with my linen, I use a top sheet as well, the majority is white. Plus, I iron the top sheet every day when I make the bed!!!!!  Crazy I know but it's lovely getting into a fresh bed every night, and not into wrinkled bedding.\nBut the saddest thing is that I am on my own and the left side of my bed has never been slept in!!!!  How sad\ud83d\ude22\ud83d\ude22\ud83d\ude22"
        },
        {
            "body": "\u201cIf your bedroom is looking a little drab, a little boring these days and you\u2019re looking for ways to zhuzh things up\u201d NEVER FELT SO CALLED OUT BUT SEEN AT THE SAME TIME. How did you know this was the exact video I needed?"
        }
    ]
}