{
    "time_posted": "2021-10-30 15:00:58",
    "url": "https://www.youtube.com/watch?v=npp_zOrau0w",
    "time_now": "2021-10-31 05:04:21",
    "ups": "8212",
    "downs": "157",
    "views": "68806",
    "top_comments": [
        {
            "comment": "Well, we have to admit that Chucky is way sexier than Dave",
            "likes": 455,
            "number_of_replies": 7
        }
    ],
    "comments_since_last_sample": [
        {
            "body": "Wish I could like this a million times!! Amazing as always V!"
        },
        {
            "body": "Never expected to be jealous of a doll \ud83d\ude02"
        },
        {
            "body": "As a drummer; listening to the drop NOT happen in this version hurt... a lot... unforgivable sin. But everything else.... fire. no cap"
        },
        {
            "body": "Came in expecting to bad mouth this video (even though I love you & the Bros).  Not gonna lie ... epic twist of a cover on a badass 80s jam.  Impressive."
        },
        {
            "body": "@Violet Orlandi is the cross a new tat or make up me and my sister cant tell and both like it but kinda \"argued\" about it btw amazing vid love this song and you take on it"
        },
        {
            "body": "I hink Phil would be pleased . WOW was so good !!!!"
        },
        {
            "body": "Wow this was dark, I know the original is technically a dark song too but this was on a whole different level, what an amazing cover."
        },
        {
            "body": "Happy Halloween Everyone !! \ud83c\udf83 \ud83d\udd78."
        },
        {
            "body": "The next \u201cThirsty Dms\u201d video about to go crazy \ud83d\ude02"
        },
        {
            "body": "Cult of chucky, I am everywhere."
        },
        {
            "body": "Amazing cover. Better than the orginal I dare say."
        },
        {
            "body": "I'd love to see you do a cover collaboration with Leo Moracchioli over at Frog Leap Studios."
        },
        {
            "body": "The trigger warning is ghey spoiler"
        },
        {
            "body": "Great bride of Chucky.. also liked staying alive. Super collab on both accounts. Nice new version of classics, metal worthy."
        },
        {
            "body": "Damn we got a awesome cover and a short film"
        },
        {
            "body": "Another AMAZING video but I have a question Is this the Chucky of $1000 dollars?"
        },
        {
            "body": "\ud83e\udd18\ud83e\udd18\u2764\ud83e\udd18\ud83e\udd18 Fantastic arrangement on this!!!! Kept the right crux and tone while making it more current!!! And Violet again singing and impacting the soul!!! \ud83d\ude09\u2764\u270c\ud83c\udffc"
        },
        {
            "body": "Well im creeped out haha although I haven't seen Chuck in years hmmm and tomorrow is holoween!"
        },
        {
            "body": "Xd quisiera ser el mu\u00f1eco para que me agarr\u00e9 as\u00ed"
        }
    ]
}