{
    "time_posted": "2021-10-30 13:17:59",
    "url": "https://www.youtube.com/watch?v=nS2QkPbR17U",
    "time_now": "2021-11-01 01:40:26",
    "ups": "3648",
    "downs": "59",
    "views": "49802",
    "top_comments": [
        {
            "comment": "Public Rec Limited Time Discount Code 'ALPHAFALL' use special links:\nWeekend Jogger: https://bit.ly/3uYeDYH Weekend Crew: https://bit.ly/3AoS7tc \nWeekend Half Zip: https://bit.ly/3BoIWdG Weekend Full Zip: https://bit.ly/2WUQHZP",
            "likes": 19,
            "number_of_replies": 5
        },
        {
            "comment": "Love \u2764\ufe0f \ud83d\udc95 you alpha from Pakistan \ud83c\uddf5\ud83c\uddf0",
            "likes": 1,
            "number_of_replies": 0
        }
    ],
    "comments_since_last_sample": [
        {
            "body": "Who tucks their button down shirts like that?!  You don't need those belts to have a decent tuck dress shirt!"
        },
        {
            "body": "What brand is the black shirt you\u2019re wearing in this video?"
        },
        {
            "body": "Im serious in this shit, I\u2019ve learned as an 18 year old that if you are early 20s and teen, Aaron is not how you should get style advice. I did and it helped me get a start, but you have to get style inspiration from anyone or thing you like. Experiment with fit, wear baggy clothes, wear fit clothes, wear some crazy shit that nobody would rock because that is what fashion is about. Use these type of videos as a gateway drug into style,  but don\u2019t only get everything from YouTuber like Aaron."
        }
    ]
}