{
    "time_posted": "2021-10-30 14:00:25",
    "url": "https://www.youtube.com/watch?v=NZ8YKpyTGaY",
    "time_now": "2021-11-01 14:01:54",
    "ups": "9213",
    "downs": "737",
    "views": "494526",
    "top_comments": [
        {
            "comment": "Love the video thank you for sharing",
            "likes": 2,
            "number_of_replies": 0
        },
        {
            "comment": "Yes",
            "likes": 1,
            "number_of_replies": 0
        }
    ],
    "comments_since_last_sample": [
        {
            "body": "I love it !"
        },
        {
            "body": "Yes"
        },
        {
            "body": "16"
        },
        {
            "body": "\ud83d\ude08\ud83d\udc7f\ud83e\uddb2"
        },
        {
            "body": "Hey can you get me candy"
        },
        {
            "body": "Lol please why no dalgona"
        },
        {
            "body": "I saw 5 \ud83c\udf6a sin the video"
        },
        {
            "body": "Its amaizing make up"
        },
        {
            "body": "4"
        }
    ]
}