{
    "time_posted": "2021-10-30 15:00:11",
    "url": "https://www.youtube.com/watch?v=PdbWgT2Q7tQ",
    "time_now": "2021-11-03 03:06:20",
    "ups": "17710",
    "downs": "168",
    "views": "219884",
    "top_comments": [
        {
            "comment": "The low notes in this <3, y'all each sounded amazing. This gave me Disney vibes, especially at 1:47 - I love how y'all made this your own",
            "likes": 1,
            "number_of_replies": 0
        },
        {
            "comment": "Love this!!\ud83e\udd8b",
            "likes": 1,
            "number_of_replies": 0
        }
    ],
    "comments_since_last_sample": [
        {
            "body": "They sound Awesome!"
        },
        {
            "body": "OMG THIS IS AMAZING!\ud83e\udd29\ud83e\udd29\ud83e\udd29"
        },
        {
            "body": "Hi! I'm new here, can someone relate physical characteristics to names for me please? They're all so good! \ud83d\udc96"
        },
        {
            "body": "Wow!!! I am speechless \ud83d\ude0d\ud83d\ude0d\ud83d\ude0d"
        },
        {
            "body": "this was amazing"
        },
        {
            "body": "Lisa\u2019s voice is it!!!"
        },
        {
            "body": "Lisa over here killing it again!!!\u2764\ufe0f\u2764\ufe0f\u2764\ufe0f"
        },
        {
            "body": "Wow so good"
        },
        {
            "body": "Chillssssss this was so good and 3:41 I was not ready for Lauren\u2019s sass \ud83d\ude02"
        },
        {
            "body": "The low notes in this <3, y'all each sounded amazing. This gave me Disney vibes, especially at 1:47 - I love how y'all made this your own"
        },
        {
            "body": "Lisaaaaa wowww!! \u2764\ufe0f\u2764\ufe0f"
        },
        {
            "body": "Amy killed this.. Beginning to end! \ud83d\ude29\ud83d\ude32\nLisa did an amazing job on the low notes (and high notes as usual)\nI thought Christina could have had a more powerful belt.. But other than that she did grt too\nAnd Lauren's soft voice sounded grt"
        },
        {
            "body": "Great job \ud83d\ude00\ud83d\ude00\ud83d\ude00\ud83d\ude00\ud83d\ude00"
        }
    ]
}