{
    "time_posted": "2021-10-30 14:32:09",
    "url": "https://www.youtube.com/watch?v=pOphIpddRAk",
    "time_now": "2021-10-31 00:57:57",
    "ups": "15388",
    "downs": "337",
    "views": "373849",
    "top_comments": [
        {
            "comment": "They quit because the vast majority of people don\u2019t want to get sick from people who don\u2019t want to take the vaccine plain and simple. The majority of Americans want to be safe and thus wants to avoid the republicans who are plainly stupid. It\u2019s called \u201cCommon Sense.\u201d Also they don\u2019t want to accept the slave wages that Republicans want to shell out so they say to themselves, \u201cscrew them \u2026 I will dictate terms.\u201d To work remote to be with the family is key \u2026 time needs to pass by in order to go back with other people. It\u2019s called common sense!",
            "likes": 1,
            "number_of_replies": 0
        }
    ],
    "comments_since_last_sample": [
        {
            "body": "I'm quitting my job soon ."
        },
        {
            "body": "Because in the West we are told PREPARE TO DIE"
        },
        {
            "body": "I think that very soon people will be willing to consume less and be happier. The way things are now is reminding  of slave riding."
        },
        {
            "body": "I am trying to convince my wife to quit her job as a nurse. I want to downsize our house and expenses and live a simpler life."
        },
        {
            "body": "Well maybe companies should be paying their employees instead of giving CEO millions more than they are worth,whose actually doing the work? It ain't some bean counting CEO that makes the company"
        },
        {
            "body": "People leaving work means less productivity, which means fewer goods, higher prices and shortages. The poorest will suffer most, and there will be more poor people. If governments continue benefits to unproductive people, they print money that will decrease in value, which means, in addition to already higher prices there will be hyper inflation, which means catastrophe. So... I don't really believe this \"great resignation\" is anything more than a fad, and hopefully not a fad that will last long."
        },
        {
            "body": "That's because of Work Life balance is ruined by employers in Work from Home conditions."
        },
        {
            "body": "They work for others , not for themselves, meaning  ?? not much left for themselves and their families"
        },
        {
            "body": "You are one Amazing Journalist!!!!!!!!!!!!!!"
        },
        {
            "body": "They quit because the vast majority of people don\u2019t want to get sick from people who don\u2019t want to take the vaccine plain and simple. The majority of Americans want to be safe and thus wants to avoid the republicans who are plainly stupid. It\u2019s called \u201cCommon Sense.\u201d Also they don\u2019t want to accept the slave wages that Republicans want to shell out so they say to themselves, \u201cscrew them \u2026 I will dictate terms.\u201d To work remote to be with the family is key \u2026 time needs to pass by in order to go back with other people. It\u2019s called common sense!"
        },
        {
            "body": "What a load of sht stats as if your actually recorded this and its the opression from govt covid hysteria pushdemic get the jab crap"
        },
        {
            "body": "The Wuhan virus? Seriously? One would assume that by now you'd know what it's called. Please stop promoting the prejudice."
        },
        {
            "body": "Incompetent management and paternalistic corporate culture are the biggest drivers IMO"
        },
        {
            "body": "I am one of the great!"
        },
        {
            "body": "Another excellent coverage of the trends by WION...well presented by Palki"
        },
        {
            "body": "Palki is \"rasmalaai\"...."
        },
        {
            "body": "Amazing, How you beautifully painted the news' canvas. Thanks sis"
        },
        {
            "body": "It's bit exaggerating the so-called great resignations \nI live in London and , trains buses,  underground,  pubs,  clubs and sports grounds are over-flowing . \nIt's false story . I have lived in England 40 years and  worked in U S A and Canada . Since late 70's U K is always short of Drs Nurses and hotel workers ( All East Europeans) or from Sri Lanka. \nThe native are not interested in hard work and thrift in Europe or north America they would rather stay on social security .\nAs long as they get enough money to eat and have beer and  lay about they're very happy. \nThey are not interested in made race to accumulate Dollars or Pounds to worry about getting married their children to great  \nfamily and counting their cars and a great game of finding beautiful tall fair daughter in law. So new generations of Indians are the same they are getting married to fellow Americans or British nd having great freedom and democracy.\nI live in london and visited 32 countries. I hope I haven't offended by fellow Brothers & Sisters back home.\n\nDr J S Pawar (Mithepur) london."
        },
        {
            "body": "Palki you look beautiful always but are looking awesome today."
        },
        {
            "body": "Ask the powers that be to move all sanctions on other countries"
        }
    ]
}