{
    "time_posted": "2021-10-30 12:30:41",
    "url": "https://www.youtube.com/watch?v=PV6zc5ljhiE",
    "time_now": "2021-10-31 00:57:33",
    "ups": "344",
    "downs": "63",
    "views": "38722",
    "top_comments": [
        {
            "comment": "Who all came from Twitter by seeing it trend",
            "likes": 4,
            "number_of_replies": 2
        },
        {
            "comment": "\u0bb5\u0b9e\u0bcd\u0b9a\u0b95\u0bae\u0bcd*",
            "likes": 3,
            "number_of_replies": 1
        },
        {
            "comment": "I came here from twitter trending\ud83d\ude02\ud83d\ude02",
            "likes": 3,
            "number_of_replies": 0
        },
        {
            "comment": "You people just keep in doing these things...not useful...this won't help tamizhians in any way...just saying...",
            "likes": 3,
            "number_of_replies": 1
        },
        {
            "comment": "\u0ba4\u0bae\u0bbf\u0bb4\u0ba9\u0bcd \u2764\ufe0f\ud83d\udd25",
            "likes": 2,
            "number_of_replies": 0
        }
    ],
    "comments_since_last_sample": [
        {
            "body": "Omg! \u2764\ufe0f\ud83d\udd25\ud83d\udd25 Hats off. Pravin mani rocked and the team \u2764\ufe0f"
        }
    ]
}