{
    "time_posted": "2021-10-30 15:00:34",
    "url": "https://www.youtube.com/watch?v=qJ2IP7O7sPc",
    "time_now": "2021-11-01 09:53:49",
    "ups": "83680",
    "downs": "1395",
    "views": "483252",
    "top_comments": [
        {
            "comment": "BGMI LITE",
            "likes": 1,
            "number_of_replies": 0
        },
        {
            "comment": "Jonny ko kahe na le gaye",
            "likes": 1,
            "number_of_replies": 0
        },
        {
            "comment": "Missing Scout and Mavi\ud83d\ude22\ud83d\ude22",
            "likes": 1,
            "number_of_replies": 0
        },
        {
            "comment": "We need bgmi lite",
            "likes": 1,
            "number_of_replies": 0
        },
        {
            "comment": "Where is jonathan \u2753",
            "likes": 1,
            "number_of_replies": 0
        }
    ],
    "comments_since_last_sample": [
        {
            "body": "BGMI LITE"
        },
        {
            "body": "Jonny ko kahe na le gaye"
        },
        {
            "body": "\ud83d\ude4f\ud83d\ude4f\ud83d\ude4f\ud83d\ude2d WE Need BGMI LITE \ud83d\ude4f\ud83d\ude4f\ud83d\ude4f\ud83d\ude2d\ud83d\ude2d"
        },
        {
            "body": "Missing Scout and Mavi\ud83d\ude22\ud83d\ude22"
        },
        {
            "body": "BGMi lite"
        },
        {
            "body": "We need bgmi lite"
        },
        {
            "body": "Where is jonathan \u2753"
        },
        {
            "body": "Pls new rp season will be marsmello season set"
        },
        {
            "body": "naman sandeep mathur who else noticed \nluv to s8ul"
        },
        {
            "body": "10:47 Ottak Ninnu Kazhikunna Pavam KAZTRO nammak Kanam \ud83e\udd7a\ud83e\udd0d\ud83d\udc99"
        },
        {
            "body": "bhai Jonny , scout,Mavi,or logo ko kyu nhi bulya"
        },
        {
            "body": "We need bgmi lite"
        },
        {
            "body": "We Need Bgmi lite"
        },
        {
            "body": "Bgmi lite dedo please"
        },
        {
            "body": "Bhai shreeman legend ko nahi invite kiya ky \ud83d\ude2d\ud83d\ude2d\ud83d\ude2d\ud83d\ude2d"
        },
        {
            "body": "Who said gaming is not a job"
        },
        {
            "body": "BGMI LIGHT"
        },
        {
            "body": "Bgmi lite"
        },
        {
            "body": "BGM highlight"
        },
        {
            "body": "\u09a4\u09c1\u0987 \u09ac\u09b2\u09ac\u09bf \u09af\u09c7 \u0986\u09ae\u09bf \u09b2\u09be\u0987\u099f"
        }
    ]
}