{
    "time_posted": "2021-10-30 13:00:12",
    "url": "https://www.youtube.com/watch?v=rEVKuUp0FUg",
    "time_now": "2021-10-31 00:58:30",
    "ups": "4350",
    "downs": "29",
    "views": "33657",
    "top_comments": [
        {
            "comment": "Are you up for the challenge? I am demonstrating the stretches at a beginner level in this video but if it\u2019s too easy you can go deeper into them \ud83d\udc99",
            "likes": 423,
            "number_of_replies": 124
        },
        {
            "comment": "This one felt so calming and finally I actually did most of it without falling I'm so proud of myself because I'm always super wobbly",
            "likes": 1,
            "number_of_replies": 0
        },
        {
            "comment": "This video is so perfect because I have a flexible back and yesterday I realised that I want flexible legs so Thankyou Anna",
            "likes": 1,
            "number_of_replies": 0
        }
    ],
    "comments_since_last_sample": [
        {
            "body": "I  like your challen"
        },
        {
            "body": "This one felt so calming and finally I actually did most of it without falling I'm so proud of myself because I'm always super wobbly"
        },
        {
            "body": "Hi Anna so for Halloween I made this edit of you I really hope you like it https://youtu.be/z8cobCJn9B8"
        },
        {
            "body": "YASSSS QUEEN TYYYY"
        },
        {
            "body": "This really helps!!"
        },
        {
            "body": "Omg i can feel my leg getting flexible ty Anna!!"
        },
        {
            "body": "Omg, thank you Anna for another amazing stretch challenge.\ud83d\udc96"
        },
        {
            "body": "#teameas!!!!!!!!!!!!!!!!!!!!!"
        },
        {
            "body": "Anna helped me find my passion after years of unhappy fails. :Contortionist and Cheer.\ud83d\ude0atysm Anna love u"
        },
        {
            "body": "Tysm"
        },
        {
            "body": "I've said this before, Anna, but it bears repeating:  you are a great teacher!  If I meet an aspiring cheerleader or gymnast, I'll suggest she subscribe to this channel.  Happy Halloween!"
        },
        {
            "body": "This video is so perfect because I have a flexible back and yesterday I realised that I want flexible legs so Thankyou Anna"
        },
        {
            "body": "Can you still do this stretch if you\u2019re very flexible and not a beginner??? Just asking because I always want to do the stretches :)"
        },
        {
            "body": "This stuff really works! I rate this 11/10\nThis actually helps to make your legs stronger and more bendy!\nI\u2019ve learnt so much! Thank you!"
        },
        {
            "body": "why you didn't answer me it's your choice"
        },
        {
            "body": "\u4e3a\u4ec0\u4e48\u4f60\u4e0d\u56de\u7b54\u6211\u8fd9\u662f\u4f60\u7684\u9009\u62e9"
        },
        {
            "body": "Imagine getting heart from Anna \u2764"
        },
        {
            "body": "I love your videos so much I can't wait for next one \ud83d\ude0d"
        },
        {
            "body": "Join #teamseas  by mrbeast!!!!!"
        }
    ]
}