{
    "time_posted": "2021-10-30 12:29:34",
    "url": "https://www.youtube.com/watch?v=RG0MncK8kcw",
    "time_now": "2021-11-01 18:08:55",
    "ups": "355",
    "downs": "46",
    "views": "22436",
    "top_comments": [
        {
            "comment": "We ..TLP wants ..alag country ..\nWe wants separate country..",
            "likes": 5,
            "number_of_replies": 0
        },
        {
            "comment": "Tlp support koo Jannat milegii",
            "likes": 2,
            "number_of_replies": 0
        },
        {
            "comment": "Labbaik labbaik ya rsoolallah tlp zinda abad best leader saad husauin rezvi",
            "likes": 1,
            "number_of_replies": 0
        },
        {
            "comment": "Stay happy and healthy.     .\ud83c\uddf5\ud83c\uddf0",
            "likes": 1,
            "number_of_replies": 0
        },
        {
            "comment": "\u067e\u0627\u06a9\u0633\u062a\u0627\u0646 \u0632\u0646\u062f\u06c1 \u0628\u0627\u062f \u0648\u0632\u06cc\u0631\u0627\u0639\u0638\u0645 \u0639\u0645\u0631\u0627\u0646 \u062e\u0627\u0646 \u0632\u0646\u062f\u06c1 \u0628\u0627\u062f \u062c\u0646\u0631\u0644 \u0642\u0645\u0631 \u062c\u0627\u0648\u06cc\u062f \u0628\u0627\u062c\u0648\u06c1 \u0632\u0646\u062f\u06c1 \u0628\u0627\u062f \u06c1\u0645\u0627\u0631\u06cc \u067e\u0627\u06a9 \u0641\u0648\u062c \u0632\u0646\u062f\u06c1 \u0628\u0627\u062f \u0622\u0626\u06cc \u0627\u06cc\u0633 \u0622\u0626\u06cc \u06a9\u06d2 \u06af\u0645\u0646\u0627\u0645 \u06c1\u06cc\u0631\u0648 \u0632\u0646\u062f\u06c1 \u0628\u0627\u062f \ud83c\udf39\ud83c\udf39\ud83c\udf39\ud83c\udf39\ud83c\udf39\ud83c\udf39\ud83c\udf39\ud83c\udf39\ud83c\udf39\ud83c\udf39\ud83c\udf39\ud83c\udf39\ud83c\udf39\ud83c\udf39\u2698\u2698\u2698\u2698\u2698\u2698\u2698\ud83c\udf34\ud83c\udf34\ud83c\udf34\ud83c\udf34\ud83c\udf34\ud83c\udf34\ud83c\udf34\ud83c\udf34\ud83c\udf34\ud83c\udf34\ud83c\udf34\ud83c\udf34\ud83c\udf33\ud83c\udf33\ud83c\udf33\ud83c\udf33\ud83c\udf32\ud83c\udf32\ud83c\udf32\ud83c\udf32\u0632\u0646\u062f\u06c1 \u0628\u0627\u062f \u067e\u0627\u06a9\u0633\u062a\u0627\u0646 \u0632\u0646\u062f\u06c1 \u0628\u0627\u062f",
            "likes": 1,
            "number_of_replies": 0
        }
    ],
    "comments_since_last_sample": []
}