{
    "time_posted": "2021-10-30 15:10:23",
    "url": "https://www.youtube.com/watch?v=RsaIcNi6a54",
    "time_now": "2021-10-31 21:32:37",
    "ups": "423",
    "downs": "20",
    "views": "23591",
    "top_comments": [
        {
            "comment": "Fawad ko nasihat ha ky Taqaat or wazarat hmesha nahi rehti ... Insan ka acha akhlaq insan ko azeem bnata ha",
            "likes": 2,
            "number_of_replies": 0
        },
        {
            "comment": "We love ulma e kram",
            "likes": 2,
            "number_of_replies": 0
        },
        {
            "comment": "We love TLP \u2764\ufe0f\u2764\ufe0f\u2764\ufe0f\u2764\ufe0f\ud83c\uddf5\ud83c\uddf0\u2764\ufe0f",
            "likes": 2,
            "number_of_replies": 1
        },
        {
            "comment": "Allah Pak Ap ko Salamat rakhy Khan Sahab",
            "likes": 1,
            "number_of_replies": 1
        }
    ],
    "comments_since_last_sample": []
}