{
    "time_posted": "2021-10-30 15:00:27",
    "url": "https://www.youtube.com/watch?v=sU5yI7Vhxok",
    "time_now": "2021-10-30 16:45:22",
    "ups": "1265",
    "downs": "7",
    "views": "4332",
    "top_comments": [
        {
            "comment": "Happy Halloween everyone! \ud83c\udf83 \nCheck out \"In The Air Tonight\" on Violet's channel https://youtu.be/npp_zOrau0w",
            "likes": 42,
            "number_of_replies": 0
        },
        {
            "comment": "Given your record of turning songs inside out, should the title have prepared me for the outcome of the video? Yes. Was I somehow still shocked? Also yes \ud83d\ude04  Really well done, all of you.",
            "likes": 1,
            "number_of_replies": 0
        }
    ],
    "comments_since_last_sample": [
        {
            "body": "Happy Halloween everyone! \ud83c\udf83 \nCheck out \"In The Air Tonight\" on Violet's channel https://youtu.be/npp_zOrau0w"
        },
        {
            "body": "You guys are great, and bringing Violet in just elevates each piece."
        },
        {
            "body": "What a great interpretation! Happy Halloween. Don't let the zombies bite."
        },
        {
            "body": "Awesome! Though I think you really missed an opportunity to sneak in an Airplane reference by having Violet crash into a jukebox \ud83d\ude09"
        },
        {
            "body": "Second only to A.C.'s cover."
        },
        {
            "body": "A perfect song for Halloween! \u2764\u2764\ud83d\udc4d\ud83d\udc4d"
        },
        {
            "body": "Her voice <3 Great reinterpretation, good job!"
        },
        {
            "body": "Great interpretation of a classic song. At no time did I feel like I was in a Disco (no offense meant to disco). The creepy collaboration continues."
        },
        {
            "body": "This is sooooooo dope"
        },
        {
            "body": "How do you manage to make all of your work masterpieces? Keep up!"
        },
        {
            "body": "I just wanted to give you a zombie hug!!! \ud83d\ude2d\ud83d\ude02\ud83d\udc99"
        },
        {
            "body": "Everybody gangsta until Melodicka Bros make a metal cover"
        },
        {
            "body": "Anyone thumbs downing this should have their internet restricted by their parents, and then be beaten by a badass metal \ud83c\udfb8."
        },
        {
            "body": "This is gold-\nI love how you guys keep branching into making mini films compressed into a song with your vids"
        },
        {
            "body": "*sees 911 likes*\nHello 911, I'd like to report a murder...\n\nTHEY SLAYED IT!"
        },
        {
            "body": "it's the best version of this song out there !!!"
        },
        {
            "body": "Outstanding! HAPPY HALLOWEEN"
        },
        {
            "body": "Given your record of turning songs inside out, should the title have prepared me for the outcome of the video? Yes. Was I somehow still shocked? Also yes \ud83d\ude04  Really well done, all of you."
        },
        {
            "body": "It's dying alive that's makes a good cover"
        },
        {
            "body": "MY GOD! Best work yet"
        }
    ]
}