{
    "time_posted": "2021-10-30 15:00:27",
    "url": "https://www.youtube.com/watch?v=sU5yI7Vhxok",
    "time_now": "2021-11-02 22:59:01",
    "ups": "8047",
    "downs": "76",
    "views": "71865",
    "top_comments": [
        {
            "comment": "It's always a pleasure dying in your videos",
            "likes": 1054,
            "number_of_replies": 27
        },
        {
            "comment": "These are getting better and better all the time!",
            "likes": 1,
            "number_of_replies": 0
        },
        {
            "comment": "\"You as the viewer.\" Yay, I finally made it to the credits of a music video!",
            "likes": 1,
            "number_of_replies": 0
        }
    ],
    "comments_since_last_sample": []
}