{
    "time_posted": "2021-10-30 13:00:33",
    "url": "https://www.youtube.com/watch?v=t3hbVyF9VyE",
    "time_now": "2021-10-31 21:32:43",
    "ups": "11074",
    "downs": "108",
    "views": "108899",
    "top_comments": [
        {
            "comment": "Thanks Grimoire Weiss for your support on Patreon! We couldn\u2019t do this show without your support and the support of our other viewers. If you like the show and want to see it continue, head over  https://www.patreon.com/ChinaUncensored\nhttps://chinauncensored.locals.com",
            "likes": 147,
            "number_of_replies": 87
        },
        {
            "comment": "\ud83e\ude9b Faulin Gong anyways. They're as bad as Moo slims against Monointimates and ladies",
            "likes": 1,
            "number_of_replies": 2
        }
    ],
    "comments_since_last_sample": [
        {
            "body": "live or dead power struggle: Winnie de Poeh VS the Frog."
        },
        {
            "body": "Squid Game was mostly copied from the Japanese movie \"As The Gods Will\", only they added more characters, the winnings, some alternate games as well as the organ harvesting. So for the Chinese to copy it, it's a copy of a copy..."
        },
        {
            "body": "I cannot understand the reason why countries will not boycott this corrupt regime for this winter olympics.  by participating, they are giving their approval to the CCP to continue to murder political  prisoners.  Sort of like Nazi germany but worse....................."
        },
        {
            "body": "Nothing to see here...cuz, ya' know, business"
        },
        {
            "body": "Would you really want to buy organs made in China anyways?"
        },
        {
            "body": "Ahh herro chris Chapoll! Me as a american sitizen hear in America want to take you on a expense all paid vacation to China! please allow me to take you to china where you get vary very special treatment from China. Thank you!"
        },
        {
            "body": "Taiwan is the real china !"
        },
        {
            "body": "*It sounds like such a lame cover-up. Obviously, they had tried to rip off Squid Game because of how popular it is,\" one Weibo user wrote.*"
        },
        {
            "body": "! ! !"
        },
        {
            "body": "#standwithTaiwan \ud83c\uddf9\ud83c\uddfc"
        },
        {
            "body": "Surprised to see the article was from MSM, who've been ignoring this issue for years."
        },
        {
            "body": "I've been knowing about their harvesting program for years. Plus they also produce and sell fake foods and meats to people"
        },
        {
            "body": "\ud83e\ude9b Faulin Gong anyways. They're as bad as Moo slims against Monointimates and ladies"
        },
        {
            "body": "Hide your balls CCp want them for yummy!"
        }
    ]
}