{
    "time_posted": "2021-10-30 15:00:12",
    "url": "https://www.youtube.com/watch?v=TasfVPZAPUQ",
    "time_now": "2021-10-31 05:04:20",
    "ups": "23049",
    "downs": "25",
    "views": "83299",
    "top_comments": [
        {
            "comment": "\ud3b8\uace1\uc774\ub098 \uc548\ubb34\ub3c4 \ub354 \ud560\ub85c\uc708\uc5d0 \uac78\ub9de\uac8c \uae30\uad34\ud558\uace0 \uc624\uc2f9\ud558\uac8c \ubc14\ub00c\uc5c8\ub124\u314b\u314b \ubcf4\uace0 \uacc4\uc18d \uc18c\ub984\ub3cb\uc558\uc74c \uadf8\ub9ac\uace0 \uc55e\uc5d0 \ub0a8\uc790\ubd84\uc774 \ubc18\uc9c0\uc8fc\uace0 \ub098\uc11c \uc8fd\uc5c8\ub358 \ud37c\ud50c\ud0a4\uc2a4\uac00 \uc880\ube44\ub85c \ub2e4\uc2dc \ubd80\ud65c\ud588\ub2e4\ub77c\uace0 \ub9d0\ud574\uc8fc\ub294\uac70 \uac19\uc544\uc11c \uc774\uac83\ub3c4 \uc18c\ub984.... \uc5f0\ucd9c \ub9ce\uc774 \uc2e0\uacbd\uc4f4\ud2f0 \ub098\uc11c\n\uc88b\uc558\uc5b4\uc694\ud83d\udc4d",
            "likes": 2,
            "number_of_replies": 0
        },
        {
            "comment": "2:34 listen the tune..its the \"red light green light\" sound",
            "likes": 2,
            "number_of_replies": 1
        },
        {
            "comment": "WAKE UP AND DON'T SLEEP ON THEIR TALENT.",
            "likes": 2,
            "number_of_replies": 0
        },
        {
            "comment": "This needs more recognition",
            "likes": 2,
            "number_of_replies": 0
        },
        {
            "comment": "I prefer this, this is art",
            "likes": 2,
            "number_of_replies": 0
        }
    ],
    "comments_since_last_sample": [
        {
            "body": "eigty sev for sev"
        },
        {
            "body": "\ud3b8\uace1\uc774\ub098 \uc548\ubb34\ub3c4 \ub354 \ud560\ub85c\uc708\uc5d0 \uac78\ub9de\uac8c \uae30\uad34\ud558\uace0 \uc624\uc2f9\ud558\uac8c \ubc14\ub00c\uc5c8\ub124\u314b\u314b \ubcf4\uace0 \uacc4\uc18d \uc18c\ub984\ub3cb\uc558\uc74c \uadf8\ub9ac\uace0 \uc55e\uc5d0 \ub0a8\uc790\ubd84\uc774 \ubc18\uc9c0\uc8fc\uace0 \ub098\uc11c \uc8fd\uc5c8\ub358 \ud37c\ud50c\ud0a4\uc2a4\uac00 \uc880\ube44\ub85c \ub2e4\uc2dc \ubd80\ud65c\ud588\ub2e4\ub77c\uace0 \ub9d0\ud574\uc8fc\ub294\uac70 \uac19\uc544\uc11c \uc774\uac83\ub3c4 \uc18c\ub984.... \uc5f0\ucd9c \ub9ce\uc774 \uc2e0\uacbd\uc4f4\ud2f0 \ub098\uc11c\n\uc88b\uc558\uc5b4\uc694\ud83d\udc4d"
        },
        {
            "body": "80k vyews!! Not badd, keep it up plorys!!"
        },
        {
            "body": "2:34 listen the tune..its the \"red light green light\" sound"
        },
        {
            "body": "WAKE UP AND DON'T SLEEP ON THEIR TALENT."
        },
        {
            "body": "LOVE THIS"
        },
        {
            "body": "\u8fd9\u6b21\u7b56\u5212\u4e0d\u9519\u60f9"
        },
        {
            "body": "They filmed this like a MV!! The set, outfits , choreo. Love this dubstep remix sm!! Lets pay their hardwork Plory!! \ud83d\udc9c\ud83d\udc9c"
        },
        {
            "body": "This deserves more views!! \ud83e\udd29\ud83d\udc96\u2728"
        },
        {
            "body": "plssss i love this"
        },
        {
            "body": "wow"
        },
        {
            "body": "I prefer this, this is art"
        },
        {
            "body": "\ud83d\ude0d\u2665\ufe0f\u2665\ufe0f"
        },
        {
            "body": "This needs more recognition"
        },
        {
            "body": "I LOVE THE CORPSE BRIDE THEME"
        },
        {
            "body": "This was so GOOD! Loved the rearrangement"
        },
        {
            "body": "That was everything I could have hoped for. These girls out here acting like they didn't just debut. \ud83d\udc9c"
        },
        {
            "body": "AMAZING"
        },
        {
            "body": "im inlove w the rap"
        },
        {
            "body": "Purple Kiss reminds me so much of Dreamcatcher. Especially now since groups did a zombie music video version of their songs. Love them both"
        }
    ]
}