{
    "time_posted": "2021-10-31 11:00:12",
    "url": "https://www.youtube.com/watch?v=trlVHJTeQxk",
    "time_now": "2021-11-02 18:52:13",
    "ups": "175487",
    "downs": "704",
    "views": "1950968",
    "top_comments": [
        {
            "comment": "\u306f\uff1f\n\u2026\u3075\u3045\u2026\n\n\u306f\uff1f",
            "likes": 6,
            "number_of_replies": 0
        },
        {
            "comment": "\u30ad\u30e3\u30fc\u30fc\u30fc\u30fc",
            "likes": 3,
            "number_of_replies": 0
        },
        {
            "comment": "\u53ef\u611b\u3059\u304e\u308b\u308f\u3053\u308c",
            "likes": 3,
            "number_of_replies": 0
        },
        {
            "comment": "\u5e03\u6559\u3057\u307e\u3059\u306d",
            "likes": 3,
            "number_of_replies": 0
        },
        {
            "comment": "\u30b5\u30fc\u30cb\u30e3\u2661",
            "likes": 3,
            "number_of_replies": 0
        }
    ],
    "comments_since_last_sample": [
        {
            "body": "\u3061\u3087\u3063\u3068\u5f85\u3063\u305f\u30b5\u30e0\u30cd\u306b\u60da\u308c\u305f\u3089\u845b\u8449\u3058\u3083\u306d\u3047\u304b\u3041\uff01\uff01"
        },
        {
            "body": "\u7591\u5fc3\u6697\u9b3c\u805e\u3044\u3066\u304b\u3089\u30f4\u30a1\u30f3\u30d1\u30a4\u30a2\u8074\u3044\u3066\u307f\u3093\u3001\u98db\u3076\u305e\u3002"
        },
        {
            "body": "\u30ad\u30fc\u3044\u304f\u3064\u3067\u3059\u304b\u306d\uff1f\uff1f\uff1f"
        },
        {
            "body": "\u30b5\u30fc\u30cb\u30e3\u6700\u9ad8\n\u30b5\u30fc\u30cb\u30e3\u6700\u9ad8\n\u30b5\u30fc\u30cb\u30e3\u6700\u9ad8"
        },
        {
            "body": "\u3066\u304b\u3001\u3082\u3046\u3059\u3050200\u4e07\u518d\u751f\uff01\uff1f"
        },
        {
            "body": "\u3053\u308c\u30ad\u30fc\u3044\u304f\u3064\u3060\u308d"
        },
        {
            "body": "\u30b5\u30fc\u30cb\u30e3\u2661"
        },
        {
            "body": "\u5e03\u6559\u3057\u307e\u3059\u306d"
        },
        {
            "body": "\u53ef\u611b\u3059\u304e\u308b\u308f\u3053\u308c"
        },
        {
            "body": "\u306f\uff1f\n\u2026\u3075\u3045\u2026\n\n\u306f\uff1f"
        },
        {
            "body": "\u30ad\u30e3\u30fc\u30fc\u30fc\u30fc"
        },
        {
            "body": "\u305d\u3046\u3044\u3048\u3070\u307e\u3060\u3010\u3011\u3064\u3044\u3066\u3093\u306e\u53ef\u611b\u3044\u306a\n\u3066\u304b\u82f1\u8a9e\u306e\u767a\u97f3\u3046\u307e\u304f\u306a\u3044\uff1f\n\u793e\u9577\u3068\u3084\u3063\u305f\u6642\u6eb6\u3051\u3066\u305f\u306e\u306b\u3001\u3001\u3053\u3093\u306a\u529b\u5f37\u304f\u3001\u3001\u3001\n\u4f38\u3073\u3057\u308d\u307b\u3093\u3063\u3063\u3063\u3068\u3059\u3052\u3048\u306a"
        },
        {
            "body": "\u7121\u9650\u30eb\u30fc\u30d7"
        }
    ]
}