{
    "time_posted": "2021-10-30 13:00:12",
    "url": "https://www.youtube.com/watch?v=UfSeVMn_XY8",
    "time_now": "2021-10-30 16:46:16",
    "ups": "1491",
    "downs": "86",
    "views": "49686",
    "top_comments": [
        {
            "comment": "Am I the only one noticing loser lover was written on the boys shirt",
            "likes": 3,
            "number_of_replies": 1
        },
        {
            "comment": "I love you arts they are so cool",
            "likes": 2,
            "number_of_replies": 0
        },
        {
            "comment": "Oi. Lalilu seguir voc\u00ea antes no no YouTube mas eu troquei de celular faz pouco tempo agora vou me inscrever de novo",
            "likes": 2,
            "number_of_replies": 0
        },
        {
            "comment": "\ud83d\ude0d\ud83d\ude0d\ud83d\ude0d\ud83e\udd70\ud83d\udc4d\ud83e\udd21",
            "likes": 1,
            "number_of_replies": 0
        },
        {
            "comment": "\ud83d\ude31\ud83d\ude2d\ud83d\ude31",
            "likes": 1,
            "number_of_replies": 0
        }
    ],
    "comments_since_last_sample": [
        {
            "body": "Who knew Georgie would grow up to be so handsome \ud83d\udc95\ud83d\udc95\ud83d\udc95"
        },
        {
            "body": "That halloween \ud83c\udf83 is not today that is tomorrow"
        },
        {
            "body": "I low key think this is the family friendly version of the movie it"
        },
        {
            "body": "\ud83d\ude0d\ud83d\ude0d\ud83d\ude0d\ud83e\udd70\ud83d\udc4d\ud83e\udd21"
        },
        {
            "body": "Who is excited for Halloween"
        },
        {
            "body": "\ud83d\ude31\ud83d\ude2d\ud83d\ude31"
        },
        {
            "body": "Has anybody watched the movie it?\ud83d\ude2f\ud83d\ude2f"
        },
        {
            "body": "I\u2019m not against y\u2019all but the thumbnail is actually p3d0philia cuz pennywise is around 200 in age and Georgie is around 8 in age \u2728P 3 D 0 P H 1 L 1 A\u2728 \ud83e\udd72 but overall your content is actually good even tho y\u2019all made Georgie older if it was by the original story it would be but still good work on this"
        },
        {
            "body": "Growing Up Tiana doll."
        },
        {
            "body": "Spooooooooooooky"
        },
        {
            "body": "I love your channel \ud83e\udd70\ud83e\udd70\ud83e\udd70\ud83e\udd70\ud83d\ude0d\ud83d\ude0d\ud83d\ude0d"
        },
        {
            "body": "I love it #Likedthevideobeforewatching"
        },
        {
            "body": "Hi"
        },
        {
            "body": "Am I the only one noticing loser lover was written on the boys shirt"
        },
        {
            "body": "What \ud83d\ude15\ud83d\ude15\ud83d\ude15\ud83d\ude15\ud83d\ude15\ud83d\ude15\ud83d\ude15\ud83d\ude15\ud83d\ude15\ud83e\udd7a\ud83d\ude15"
        },
        {
            "body": "Oi. Lalilu seguir voc\u00ea antes no no YouTube mas eu troquei de celular faz pouco tempo agora vou me inscrever de novo"
        },
        {
            "body": "Do vanellope"
        },
        {
            "body": "WOW ITS 3:43 AM"
        },
        {
            "body": "I love you arts they are so cool"
        }
    ]
}