{
    "time_posted": "2021-10-30 14:16:44",
    "url": "https://www.youtube.com/watch?v=vid4jU39czI",
    "time_now": "2021-10-31 13:18:09",
    "ups": "10597",
    "downs": "128",
    "views": "203275",
    "top_comments": [
        {
            "comment": "Happy Halloween\u2026.",
            "likes": 1229,
            "number_of_replies": 110
        },
        {
            "comment": "Why do I feel like he wouldn\u2019t of caught that legendary if I didn\u2019t subscribe",
            "likes": 1,
            "number_of_replies": 0
        },
        {
            "comment": "Cliffe being Batman was indeed why he got so Lucky!",
            "likes": 1,
            "number_of_replies": 0
        }
    ],
    "comments_since_last_sample": [
        {
            "body": "Hi \ud83d\udc4b!!!!!"
        },
        {
            "body": "The fact i actually subbed when asked \ud83e\udd23 suprised i wasnt already"
        },
        {
            "body": "Big Brain Mikey going in Pokemon Y as he knew the catch was guaranteed in santalune forest if he found a legendary"
        },
        {
            "body": "Jack is a national treasure"
        },
        {
            "body": "React to team sky new video"
        },
        {
            "body": "These are the best"
        },
        {
            "body": "damn awesome video love that michael is barely exist on half of the video and end up winning"
        },
        {
            "body": "Lol I\u2019m watching this on Halloween literally"
        },
        {
            "body": "finally, I got to see PokeMEN7 lose the game, finally!!!"
        },
        {
            "body": "Technically marshadow and phione are mythicals so\u2026\u2026"
        },
        {
            "body": "Why do I feel like he wouldn\u2019t of caught that legendary if I didn\u2019t subscribe"
        },
        {
            "body": "More more you are always the best"
        },
        {
            "body": "\u00dcN \u00dcN \u00dcN \u00dcN \u00dcN \u00dcN \u00dcN \u00dcN \u00dcN \u00dcN \u00dcN \u00dcN \u00dcN \u00dcN \u00dcN \u00dcN"
        },
        {
            "body": "trick or treat"
        },
        {
            "body": "I would love  grunty boi to break in john house"
        },
        {
            "body": "UN UN UN UN UN UN UUUUUUUUN"
        },
        {
            "body": "This video is the imbodyment of chaos"
        },
        {
            "body": "Cliffe being Batman was indeed why he got so Lucky!"
        },
        {
            "body": "The Pokemon voices they dubbed are better than original"
        }
    ]
}