{
    "time_posted": "2021-10-30 11:30:13",
    "url": "https://www.youtube.com/watch?v=WqxxC2nMdGU",
    "time_now": "2021-10-31 13:17:57",
    "ups": "3514",
    "downs": "104",
    "views": "86028",
    "top_comments": [
        {
            "comment": "\u0baa\u0bbe\u0b9f\u0bb2\u0bcd \u0b86\u0b9a\u0bbf\u0bb0\u0bbf\u0baf\u0bb0\u0bcd \u0bae\u0bc1\u0bb0\u0bc1\u0b95\u0ba9\u0bcd \u0bae\u0ba8\u0bcd\u0ba4\u0bbf\u0bb0\u0bae\u0bcd \u0b85\u0ba3\u0bcd\u0ba3\u0ba9\u0bcd \u0b85\u0bb5\u0bb0\u0bcd\u0b95\u0bb3\u0bc1\u0b95\u0bcd\u0b95\u0bc1 \u0bb5\u0bbe\u0bb4\u0bcd\u0ba4\u0bcd\u0ba4\u0bc1\u0b95\u0bb3\u0bcd \ud83c\udf8a\ud83c\udf89\ud83d\ude0d",
            "likes": 4,
            "number_of_replies": 0
        },
        {
            "comment": "\u0ba4\u0bb2 \u0ba4\u0bb3\u0baa\u0ba4\u0bbf \u0b9a\u0bbe\u0bb0\u0bcd\u0baa\u0bbe\u0b95 \u0baa\u0b9f\u0bae\u0bcd \u0bb5\u0bc6\u0bb1\u0bcd\u0bb1\u0bbf \u0baa\u0bc6\u0bb1 \u0bb5\u0bbe\u0bb4\u0bcd\u0ba4\u0bcd\u0ba4\u0bc1\u0b95\u0bcd\u0b95\u0bb3\u0bcd",
            "likes": 2,
            "number_of_replies": 0
        },
        {
            "comment": "Super song \u2665\ufe0f\u2665\ufe0f\u2665\ufe0f",
            "likes": 2,
            "number_of_replies": 0
        },
        {
            "comment": "\u0bb5\u0bbe\u0bb4\u0bcd\u0ba4\u0bcd\u0ba4\u0bc1\u0b95\u0bb3\u0bcd \u0b85\u0ba3\u0bcd\u0ba3\u0bbe... \u0b95\u0bbe\u0ba4\u0bb2\u0bc8 \u0b8f\u0bb1\u0bcd\u0bb1\u0bbf\u0bb5\u0bc8\u0b95\u0bcd\u0b95\u0bc1\u0bae\u0bcd \u0bb5\u0bb0\u0bbf\u0b95\u0bb3\u0bcd \u0b9a\u0bbf\u0bb1\u0baa\u0bcd\u0baa\u0bc1...",
            "likes": 1,
            "number_of_replies": 1
        },
        {
            "comment": "\u0bae\u0bcc\u0ba9 \u0bb0\u0bbe\u0b95\u0b99\u0bcd\u0b95\u0bb3\u0bc8 \n\u0bae\u0b9f\u0bbf\u0bae\u0bc0\u0ba4\u0bc1 \u0ba4\u0bbe\u0bb2\u0bbe\u0b9f\u0bcd\u0b9f\u0bbf\n\u0bae\u0ba9\u0ba4\u0bbf\u0ba9\u0bcd \u0b87\u0bb1\u0bc1\u0b95\u0bcd\u0b95\u0b99\u0bcd\u0b95\u0bb3\u0bc8\n\u0bae\u0bb2\u0bc8\u0baf\u0bbf\u0bb0\u0bc1\u0ba8\u0bcd\u0ba4\u0bc1 \u0bae\u0b9f\u0bc1\u0bb5\u0bbe\u0b95\u0bcd\u0b95\u0bbf\u0b9f\u0bc1\u0bae\u0bcd \u0bb5\u0bbf\u0ba4\u0bcd\u0ba4\u0bc8 \u0b9a\u0bc6\u0baf\u0bcd\u0baa\u0bb5\u0bb3\u0bcd \u0b8e\u0ba9\u0bcd\u0baa\u0ba4\u0bbe\u0bb2\u0bcd.....!!!!\n Love it \u2764\ud83d\ude18",
            "likes": 1,
            "number_of_replies": 0
        }
    ],
    "comments_since_last_sample": [
        {
            "body": "\u2764\ufe0f\u2764\ufe0f"
        },
        {
            "body": "\u0bb5\u0bbe\u0bb4\u0bcd\u0ba4\u0bcd\u0ba4\u0bc1\u0b95\u0bb3\u0bcd \u0b85\u0ba3\u0bcd\u0ba3\u0bbe... \u0b95\u0bbe\u0ba4\u0bb2\u0bc8 \u0b8f\u0bb1\u0bcd\u0bb1\u0bbf\u0bb5\u0bc8\u0b95\u0bcd\u0b95\u0bc1\u0bae\u0bcd \u0bb5\u0bb0\u0bbf\u0b95\u0bb3\u0bcd \u0b9a\u0bbf\u0bb1\u0baa\u0bcd\u0baa\u0bc1..."
        },
        {
            "body": "Sammmmm song. \ud83d\udc4c\ud83c\udf39"
        },
        {
            "body": "Vara laval \u0b92\u0bb3\u0bbf\u0baa\u0bcd\u0baa\u0ba4\u0bbf\u0bb5\u0bc1"
        },
        {
            "body": "\u0bae\u0bcc\u0ba9 \u0bb0\u0bbe\u0b95\u0b99\u0bcd\u0b95\u0bb3\u0bc8 \n\u0bae\u0b9f\u0bbf\u0bae\u0bc0\u0ba4\u0bc1 \u0ba4\u0bbe\u0bb2\u0bbe\u0b9f\u0bcd\u0b9f\u0bbf\n\u0bae\u0ba9\u0ba4\u0bbf\u0ba9\u0bcd \u0b87\u0bb1\u0bc1\u0b95\u0bcd\u0b95\u0b99\u0bcd\u0b95\u0bb3\u0bc8\n\u0bae\u0bb2\u0bc8\u0baf\u0bbf\u0bb0\u0bc1\u0ba8\u0bcd\u0ba4\u0bc1 \u0bae\u0b9f\u0bc1\u0bb5\u0bbe\u0b95\u0bcd\u0b95\u0bbf\u0b9f\u0bc1\u0bae\u0bcd \u0bb5\u0bbf\u0ba4\u0bcd\u0ba4\u0bc8 \u0b9a\u0bc6\u0baf\u0bcd\u0baa\u0bb5\u0bb3\u0bcd \u0b8e\u0ba9\u0bcd\u0baa\u0ba4\u0bbe\u0bb2\u0bcd.....!!!!\n Love it \u2764\ud83d\ude18"
        }
    ]
}