{
    "time_posted": "2021-10-30 12:29:47",
    "url": "https://www.youtube.com/watch?v=wSuXis9ynmM",
    "time_now": "2021-10-31 13:18:27",
    "ups": "48974",
    "downs": "2183",
    "views": "1555920",
    "top_comments": [],
    "comments_since_last_sample": [
        {
            "body": "Ladki dekhke chacha ka khara ho gaya"
        },
        {
            "body": "We are fortunate to have Modi   our P.M."
        },
        {
            "body": "I feel for Americans.... \ud83d\ude00 They must have chosen Trump... It's too boring with Biden"
        },
        {
            "body": "see modi face with lady \ud83e\udd23\nhe is saying i am weak in English"
        },
        {
            "body": "modi is puppet of america \ud83e\udd23"
        },
        {
            "body": "Not a single global inclusive leader...."
        },
        {
            "body": "I love India I love. Mode ji. \ud83d\ude09\u2764\ufe0f"
        },
        {
            "body": "Kuch bhi ho jaye me mask nhi lgaunga..apun ki pic achi aani chahiye...eh camera edhar kr idhar \ud83d\ude02\ud83d\ude02\ud83d\ude02"
        },
        {
            "body": "More than half the leaders are not wearing the mask. I wonder why not??"
        },
        {
            "body": "Chipakna dousro ko"
        },
        {
            "body": "With \ud83d\ude01 Markel ! chemistry wow\ud83d\ude02"
        },
        {
            "body": "\ud83e\udd70\ud83e\udd70modi ji\ud83e\udd70\ud83e\udd70\ud83e\udd70"
        },
        {
            "body": "PM Modi is a world leader \ud83d\udc4c\ud83d\udc4c"
        },
        {
            "body": "Playboy modiji"
        },
        {
            "body": "Modi ne dadhi katwa li"
        },
        {
            "body": "We proud of our pm"
        },
        {
            "body": "*OSCAR NOMINATED ACTORS* \nLIKE HOW SERIOUSLY THEY ARE DISCUSSING WITH EACH OTHER IN FRONT OF CAMERA\n\ud83e\udd23\ud83e\udd23\ud83e\udd23"
        },
        {
            "body": "\ud83d\udc9e\ud83d\udc95\ud83d\udc95\ud83c\udf39\ud83c\udf39\ud83d\udc9e\ud83d\udc9e\ud83d\udc95\ud83d\udc9d"
        },
        {
            "body": "My PM my proud \ud83d\ude4f\ud83d\ude4f\ud83d\ude4f\ud83c\uddee\ud83c\uddf3\ud83c\uddee\ud83c\uddf3\ud83c\uddee\ud83c\uddf3"
        },
        {
            "body": "Modiji ankhey mae ankhey milakar kya bhath karahai jiii hoi hoi humko sharminda horehai ji \ud83d\udc93\ud83d\udc93\ud83d\udc93\ud83d\ude02\ud83d\ude02\ud83d\ude02\ud83d\ude02\ud83d\ude02\ud83d\ude02\ud83d\ude02"
        }
    ]
}