{
    "time_posted": "2021-10-30 19:54:21",
    "url": "https://www.youtube.com/watch?v=wyuzWVBaP0U",
    "time_now": "2021-10-31 17:25:18",
    "ups": "149090",
    "downs": "2117",
    "views": "1146587",
    "top_comments": [
        {
            "comment": "Gyan bhai request le lo",
            "likes": 1,
            "number_of_replies": 0
        },
        {
            "comment": "Gyan bhai request le lo",
            "likes": 1,
            "number_of_replies": 0
        },
        {
            "comment": "2428954516 gyan bhai request huta lo",
            "likes": 1,
            "number_of_replies": 0
        },
        {
            "comment": "Gyan bhai tum bhanban ho",
            "likes": 1,
            "number_of_replies": 0
        }
    ],
    "comments_since_last_sample": [
        {
            "body": "\ud83d\udd25\ud83d\udd25\ud83d\udd25\ud83d\udd25\ud83d\udd25"
        },
        {
            "body": "Vai mataji ronaldo thati mara id3503854803"
        },
        {
            "body": "Sir lol emond gift kar do"
        },
        {
            "body": "Please please please sir kar do"
        },
        {
            "body": "Sir mare I'd pr lol emond gift kar do"
        },
        {
            "body": "Gaming channel Rajasthan Noble number ka game kya tha Itna ghatiya Rishta"
        },
        {
            "body": "Gyan bhai mare id hake ho gaya"
        },
        {
            "body": "Badiul \ud83d\ude2d\ud83d\ude2dd j"
        },
        {
            "body": "gyan bhai ak phone do pleased please please"
        },
        {
            "body": "Gyan bhai tum bhanban ho"
        },
        {
            "body": "2428954516 gyan bhai request huta lo"
        },
        {
            "body": "Gyan bhai request le lo"
        },
        {
            "body": "Gyan bhai request le lo"
        }
    ]
}