{
    "time_posted": "2021-10-30 12:51:29",
    "url": "https://www.youtube.com/watch?v=x6em1jR_B_w",
    "time_now": "2021-11-01 09:54:25",
    "ups": "4352",
    "downs": "228",
    "views": "186694",
    "top_comments": [
        {
            "comment": "they are not toys animal abuse",
            "likes": 1,
            "number_of_replies": 0
        },
        {
            "comment": "MoistCrital is Ruining your Squid Game Video hope You Respond to Him!",
            "likes": 1,
            "number_of_replies": 0
        },
        {
            "comment": "Cuteeeee",
            "likes": 1,
            "number_of_replies": 0
        }
    ],
    "comments_since_last_sample": [
        {
            "body": "Is he good after this video?"
        },
        {
            "body": "These little guys surely never get bored, they must have the time of their life in those mazes^^ Great theme and amazing attention to detail, love it :D"
        },
        {
            "body": "MoistCrital is Ruining your Squid Game Video hope You Respond to Him!"
        }
    ]
}