{
    "time_posted": "2021-10-30 13:00:14",
    "url": "https://www.youtube.com/watch?v=XmD0eg0vzh0",
    "time_now": "2021-11-01 01:40:27",
    "ups": "5636",
    "downs": "44",
    "views": "99636",
    "top_comments": [
        {
            "comment": "Reese's angles growing new age growing up yes training  special Olympics Memphis",
            "likes": 1,
            "number_of_replies": 0
        },
        {
            "comment": "Amanda new age women's angles yes age new Glen Hunt New angles growing up yes growing up yes new age angles Aiden New age growing up yes earth new Age Eartha new angles age growing up training Liam new age growing training Liam new age growing up yes Jude new age growing up yes new angles age growing up yes new family friends have fun play special sleepover yo yo new William new house cousins angles new age growing up training and Miller family new training age new age Yvonne hunt new age growing up yes women's angles growing up yes new family friends have fun Glen Hunt New age Growing upNew both Jude new new age growing growing ilam new age growing up yes new training ilam new age growing up yes new Keary angles growing up new age",
            "likes": 1,
            "number_of_replies": 0
        }
    ],
    "comments_since_last_sample": [
        {
            "body": "Aww I\u2019m definitely going to miss the blue house too! but ready to see y\u2019all on your new phase on the rv! may God bless y\u2019all!\ud83d\udc4b"
        },
        {
            "body": "Exciting!"
        },
        {
            "body": "\u270c\u270c\ud83e\udd17\ud83d\ude4f\ud83d\udc95"
        }
    ]
}