{
    "time_posted": "2021-10-30 14:08:00",
    "url": "https://www.youtube.com/watch?v=XOkUo3OfhWY",
    "time_now": "2021-10-31 17:25:14",
    "ups": "1806",
    "downs": "44",
    "views": "39233",
    "top_comments": [],
    "comments_since_last_sample": [
        {
            "body": "#teampoop imean #teamseas"
        },
        {
            "body": "#teamseas"
        },
        {
            "body": "#Team seas"
        },
        {
            "body": "Donate Teamseas 1000 Dollars"
        },
        {
            "body": "#teamseas"
        },
        {
            "body": "#teamseas"
        },
        {
            "body": "Please invite him to lifesteal smp"
        },
        {
            "body": "#teamseas"
        },
        {
            "body": "#TEAMSEAS\n#TEAMSEAS\n#TEAMSEAS\n#TEAMSEAS"
        },
        {
            "body": "#teamTNT"
        },
        {
            "body": "ratio"
        },
        {
            "body": "#teamseas"
        },
        {
            "body": "#teamseas"
        },
        {
            "body": "#TeamSeas"
        },
        {
            "body": "Now brison has to eat 125 pounds of trash"
        },
        {
            "body": "#teamseas"
        },
        {
            "body": "It's scripited"
        },
        {
            "body": "you are so good you deserve abeter life"
        },
        {
            "body": "other creepers : IM GOING TO BLOW THE ENTIRE WORLD\nthat one creeper : savetheworld #teamseas"
        },
        {
            "body": "#Teamseas!"
        }
    ]
}