{
    "time_posted": "2021-10-30 14:15:01",
    "url": "https://www.youtube.com/watch?v=XQz8jeP-fyc",
    "time_now": "2021-11-03 07:13:59",
    "ups": "104507",
    "downs": "2242",
    "views": "2655572",
    "top_comments": [
        {
            "comment": "hey preston your my favourite youtuber and i have 47 subs and im trying to get to 50 could you pls reply or heart this comment so i can do a \"Prestonplayz replied or hearted my comment!!\" so if you can that would be amazing!!!!!!!!!\ud83d\ude00",
            "likes": 1,
            "number_of_replies": 0
        },
        {
            "comment": "i made it my self and from Minecraft>>>>>  for our childhood memory for all the kids pls make it",
            "likes": 1,
            "number_of_replies": 0
        },
        {
            "comment": "Preston how old are u ???",
            "likes": 1,
            "number_of_replies": 0
        },
        {
            "comment": "my name is Devdarsh\ud83d\ude03\ud83d\ude03\ud83d\ude03\ud83d\ude0a",
            "likes": 1,
            "number_of_replies": 0
        },
        {
            "comment": "I love you prestdn",
            "likes": 1,
            "number_of_replies": 0
        }
    ],
    "comments_since_last_sample": [
        {
            "body": "can you make more vids pls"
        },
        {
            "body": "Simon isbmy name"
        },
        {
            "body": "Can you give me free ROBUX on roblox pls"
        },
        {
            "body": "\ud83d\udd95\ud83d\udd95;-)o:-)"
        },
        {
            "body": "Preston, why have you not uploaded from so long!"
        },
        {
            "body": "Preston unspeakable stole your diamons"
        },
        {
            "body": "Minecraft are actually going to add frogs in the 1.1.9 the wild update"
        },
        {
            "body": "hey preston your my favourite youtuber and i have 47 subs and im trying to get to 50 could you pls reply or heart this comment so i can do a \"Prestonplayz replied or hearted my comment!!\" so if you can that would be amazing!!!!!!!!!\ud83d\ude00"
        },
        {
            "body": "can you do more mincraft games i like it. And i got your merch I got the pizza hoodie"
        },
        {
            "body": "Stop it PG"
        },
        {
            "body": "S\nMake your next video on quadrillion sever"
        },
        {
            "body": "Preston please add me my username is typicalninja558"
        }
    ]
}