{
    "time_posted": "2021-10-30 14:00:15",
    "url": "https://www.youtube.com/watch?v=XZDDRGnFDik",
    "time_now": "2021-11-02 18:52:09",
    "ups": "19119",
    "downs": "189",
    "views": "281217",
    "top_comments": [
        {
            "comment": "*WAT R u doing while roblox is down?* \ud83d\ude0e\r\nAND plz tel me if u want more compilation in future by *liking the video* and *sub* \u279c https://bit.ly/2YNxsQh\r\n\r\n*join* sebee discord server \u279c https://discord.gg/sebee\r\n*subscribe* 2 friknob \u279c https://youtube.com/c/friknob\r\n\r\n*join* my roblok group (roblok down rite now l o l) \u279c https://www.roblox.com/groups/6303746/Sebee",
            "likes": 660,
            "number_of_replies": 449
        }
    ],
    "comments_since_last_sample": [
        {
            "body": "Big stick ? , that sus"
        },
        {
            "body": "6:55"
        },
        {
            "body": "On the plus side YouTubers get a 3 day break off of roblox"
        },
        {
            "body": "I used star code sebee and became a pro murder"
        },
        {
            "body": "F a n t a"
        }
    ]
}