{
    "time_posted": "2021-10-30 16:00:11",
    "url": "https://www.youtube.com/watch?v=yEfSY_sGR74",
    "time_now": "2021-10-31 17:24:51",
    "ups": "3827",
    "downs": "36",
    "views": "32554",
    "top_comments": [
        {
            "comment": "So excited about this one!!! Love u guys so much <3",
            "likes": 236,
            "number_of_replies": 37
        },
        {
            "comment": "Incredible cover wow",
            "likes": 1,
            "number_of_replies": 0
        }
    ],
    "comments_since_last_sample": [
        {
            "body": "So incredible.\nMade my heart beat so fast"
        },
        {
            "body": "This is so smooth! Love it"
        },
        {
            "body": "U are no her not even close bud"
        },
        {
            "body": "Incredible cover wow"
        },
        {
            "body": "I love you have a wonderful voice \u2764\ufe0f\ud83e\udd7a"
        },
        {
            "body": "\u2764\ufe0f\u2764\ufe0f\u2764\ufe0f\u2764\ufe0f\u2764\ufe0f\u2764\ufe0f\u2764\ufe0f\u2764\ufe0f\u2764\ufe0f\ud83e\udd73"
        },
        {
            "body": "\ud83d\ude2d\ud83e\udd24I like it \u2764"
        },
        {
            "body": "Esto es maravilloso \u2764\ufe0f"
        },
        {
            "body": "AMAZIIINGGG\ud83d\ude2d\ud83d\ude2d\ud83d\ude2d\ud83d\ude2d\u2764\ufe0f\u2764\ufe0f\u2764\ufe0f\u2764\ufe0f\u2764\ufe0f\u2764\ufe0f"
        },
        {
            "body": "Ko hay l\u1eafm"
        }
    ]
}