{
    "time_posted": "2021-10-31 00:57:31",
    "url": "https://www.youtube.com/watch?v=Zdc8vZcCEeo",
    "time_now": "2021-11-01 22:15:57",
    "ups": "2194",
    "downs": "19",
    "views": "39892",
    "top_comments": [
        {
            "comment": "I PRAY WHO EVER READING THIS BECOMES SUCCESSFUL IN LIFE",
            "likes": 8,
            "number_of_replies": 3
        },
        {
            "comment": "Success in life is measured in how we live it, and knowing the lessons it teaches us.",
            "likes": 2,
            "number_of_replies": 0
        }
    ],
    "comments_since_last_sample": []
}