{
    "time_posted": "2021-10-30 15:31:04",
    "url": "https://www.youtube.com/watch?v=zDfl1TSKeCg",
    "time_now": "2021-11-01 09:54:15",
    "ups": "9642",
    "downs": "120",
    "views": "96898",
    "top_comments": [
        {
            "comment": "\ud83c\udfa7 \u0938\u0941\u0928\u093f\u090f #TheRanveerShow \u0939\u093f\u0902\u0926\u0940 Spotify \u092a\u0930:\r\nhttps://open.spotify.com/episode/6OOFcnr13qIFp2N9T1stLf\n\n\u0939\u092e\u093e\u0930\u093e Telegram Community Join \u0915\u0930\u0947\u0902 - https://t.me/beerbicepsguy",
            "likes": 71,
            "number_of_replies": 5
        }
    ],
    "comments_since_last_sample": [
        {
            "body": "No talk about no fap this year"
        },
        {
            "body": "Tnx \u0aad\u0abe\u0a88"
        },
        {
            "body": "I'll tranform from today. thank u Ranveer bhaiyya.... I am only 14 and I am battling this addiction"
        },
        {
            "body": "Ranveer Bhaiya  is gems for youth"
        },
        {
            "body": "Big brother \u2764\ufe0f\ud83d\ude4f"
        },
        {
            "body": "Bhai keta havi vard bolte ho toda simple words blo \ud83d\ude01\ud83d\ude1c"
        },
        {
            "body": "Baki topics khtm ho gye h ky"
        }
    ]
}