{
    "time_posted": "2021-10-30 14:11:14",
    "url": "https://www.youtube.com/watch?v=ZOEsUTayITg",
    "time_now": "2021-11-02 06:30:33",
    "ups": "40547",
    "downs": "1570",
    "views": "2149479",
    "top_comments": [
        {
            "comment": "The games are actually children's games in Korean",
            "likes": 1,
            "number_of_replies": 0
        }
    ],
    "comments_since_last_sample": [
        {
            "body": "The games are actually children's games in Korean"
        },
        {
            "body": "Me and my mom and my kuya was challenge too from squid game from tik tok if  my mom lose she will sleep my brother if my kuya lose he will sleep coin coin forever"
        },
        {
            "body": "Will you guys be playing the new fnaf security breach when It comes out. (12/16/21) about"
        },
        {
            "body": "FGTeeV can u play finding bigfoot plss I miss it\ud83e\udd7a"
        },
        {
            "body": "*Say Y M C A If Your A Real Fgteever.*"
        },
        {
            "body": "hi fgteev my cousin likes ur vids and is that gerrymod cause my brother likes gerry mod"
        },
        {
            "body": "Do u guys have another son"
        },
        {
            "body": "Mike looks like a 20 year old dude\ud83e\udd23\ud83d\ude02\ud83e\udd23\ud83d\ude02"
        },
        {
            "body": "the day of the ded"
        },
        {
            "body": "South game"
        },
        {
            "body": "What how do u do that"
        },
        {
            "body": "Are u going to put tik tok"
        },
        {
            "body": "hey fgteev i jion yuor gruop in roblox my name is itachi"
        },
        {
            "body": "Mugungwha Kkocci Pieot Seumnida."
        },
        {
            "body": "duddz i got ur signed book"
        },
        {
            "body": "Guys roblox is fixed"
        },
        {
            "body": "I\u2019m 8"
        },
        {
            "body": "E"
        },
        {
            "body": "What are you playing"
        }
    ]
}