{
    "post_url": "https://www.reddit.com/r/politics/comments/qj3498/us_coalition_calls_on_biden_to_denounce_israels/",
    "time_posted": "2021-10-30 10:55:13",
    "time_now": "2021-10-31 01:00:55",
    "ups": 166,
    "downs": 0,
    "comments_since_last_sample": [],
    "top_comments_top": [
        {
            "comment_id": "hindjr5",
            "body": "\nAs a reminder, this subreddit [is for civil discussion.](/r/politics/wiki/index#wiki_be_civil)\n\nIn general, be courteous to others. Debate/discuss/argue the merits of ideas, don't attack people. Personal insults, shill or troll accusations, hate speech, any suggestion or support of harm, violence, or death, and other rule violations can result in a permanent ban. \n\nIf you see comments in violation of our rules, please report them.\n\n For those who have questions regarding any media outlets being posted on this subreddit, please click [here](https://www.reddit.com/r/politics/wiki/approveddomainslist) to review our details as to our approved domains list and outlet criteria.\n\n***\n\n\n*I am a bot, and this action was performed automatically. Please [contact the moderators of this subreddit](/message/compose/?to=/r/politics) if you have any questions or concerns.*",
            "ups": 1,
            "downs": 0
        },
        {
            "comment_id": "hinel8p",
            "body": "Only one of the six human rights orgs (UAWC) has been linked to violent attacks targeting civilians - most recently a 2019 bombing killing an Israeli teenage girl, causing the Netherlands to cut financial support last year: https://www.telegraaf.nl/nieuws/1911399687/nederland-subsidieerde-palestijnse-terreurverdachten\n\nSo there's some truth to Israel's allegations, but I'm skeptical of the claims against the other five organizations.",
            "ups": 2,
            "downs": 0
        },
        {
            "comment_id": "hio7dhr",
            "body": "Being a Friend to Israel does not mean the US must turn a Blind Eye to what the Government of Israel is dong wrong.",
            "ups": 1,
            "downs": 0
        },
        {
            "comment_id": "hioynpp",
            "body": "Biden won't do anything.",
            "ups": 1,
            "downs": 0
        },
        {
            "comment_id": "hio4ge8",
            "body": "AOC wrote that essay . The US has one good friend in the Middle East that is Isreal.",
            "ups": 1,
            "downs": 0
        }
    ],
    "top_comments_best": [
        {
            "comment_id": "hindjr5",
            "body": "\nAs a reminder, this subreddit [is for civil discussion.](/r/politics/wiki/index#wiki_be_civil)\n\nIn general, be courteous to others. Debate/discuss/argue the merits of ideas, don't attack people. Personal insults, shill or troll accusations, hate speech, any suggestion or support of harm, violence, or death, and other rule violations can result in a permanent ban. \n\nIf you see comments in violation of our rules, please report them.\n\n For those who have questions regarding any media outlets being posted on this subreddit, please click [here](https://www.reddit.com/r/politics/wiki/approveddomainslist) to review our details as to our approved domains list and outlet criteria.\n\n***\n\n\n*I am a bot, and this action was performed automatically. Please [contact the moderators of this subreddit](/message/compose/?to=/r/politics) if you have any questions or concerns.*",
            "ups": 1,
            "downs": 0
        },
        {
            "comment_id": "hio7dhr",
            "body": "Being a Friend to Israel does not mean the US must turn a Blind Eye to what the Government of Israel is dong wrong.",
            "ups": 1,
            "downs": 0
        },
        {
            "comment_id": "hinel8p",
            "body": "Only one of the six human rights orgs (UAWC) has been linked to violent attacks targeting civilians - most recently a 2019 bombing killing an Israeli teenage girl, causing the Netherlands to cut financial support last year: https://www.telegraaf.nl/nieuws/1911399687/nederland-subsidieerde-palestijnse-terreurverdachten\n\nSo there's some truth to Israel's allegations, but I'm skeptical of the claims against the other five organizations.",
            "ups": 2,
            "downs": 0
        },
        {
            "comment_id": "hinoxgp",
            "body": "We need to stop all relations with Israel. That government is the bad guys.",
            "ups": -2,
            "downs": 0
        },
        {
            "comment_id": "hio4ge8",
            "body": "AOC wrote that essay . The US has one good friend in the Middle East that is Isreal.",
            "ups": 1,
            "downs": 0
        }
    ],
    "top_comments_hot": [
        {
            "comment_id": "hindjr5",
            "body": "\nAs a reminder, this subreddit [is for civil discussion.](/r/politics/wiki/index#wiki_be_civil)\n\nIn general, be courteous to others. Debate/discuss/argue the merits of ideas, don't attack people. Personal insults, shill or troll accusations, hate speech, any suggestion or support of harm, violence, or death, and other rule violations can result in a permanent ban. \n\nIf you see comments in violation of our rules, please report them.\n\n For those who have questions regarding any media outlets being posted on this subreddit, please click [here](https://www.reddit.com/r/politics/wiki/approveddomainslist) to review our details as to our approved domains list and outlet criteria.\n\n***\n\n\n*I am a bot, and this action was performed automatically. Please [contact the moderators of this subreddit](/message/compose/?to=/r/politics) if you have any questions or concerns.*",
            "ups": 1,
            "downs": 0
        },
        {
            "comment_id": "hio7dhr",
            "body": "Being a Friend to Israel does not mean the US must turn a Blind Eye to what the Government of Israel is dong wrong.",
            "ups": 1,
            "downs": 0
        },
        {
            "comment_id": "hinel8p",
            "body": "Only one of the six human rights orgs (UAWC) has been linked to violent attacks targeting civilians - most recently a 2019 bombing killing an Israeli teenage girl, causing the Netherlands to cut financial support last year: https://www.telegraaf.nl/nieuws/1911399687/nederland-subsidieerde-palestijnse-terreurverdachten\n\nSo there's some truth to Israel's allegations, but I'm skeptical of the claims against the other five organizations.",
            "ups": 3,
            "downs": 0
        },
        {
            "comment_id": "hinoxgp",
            "body": "We need to stop all relations with Israel. That government is the bad guys.",
            "ups": -2,
            "downs": 0
        },
        {
            "comment_id": "hio4ge8",
            "body": "AOC wrote that essay . The US has one good friend in the Middle East that is Isreal.",
            "ups": 1,
            "downs": 0
        }
    ]
}