{
    "post_url": "https://www.reddit.com/r/politics/comments/qj1jsg/biden_other_g20_world_leaders_formally_endorse/",
    "time_posted": "2021-10-30 09:31:18",
    "time_now": "2021-11-06 05:20:58",
    "ups": 2123,
    "downs": 0,
    "comments_since_last_sample": [],
    "top_comments_top": [
        {
            "comment_id": "hin31ch",
            "body": "\nAs a reminder, this subreddit [is for civil discussion.](/r/politics/wiki/index#wiki_be_civil)\n\nIn general, be courteous to others. Debate/discuss/argue the merits of ideas, don't attack people. Personal insults, shill or troll accusations, hate speech, any suggestion or support of harm, violence, or death, and other rule violations can result in a permanent ban. \n\nIf you see comments in violation of our rules, please report them.\n\n For those who have questions regarding any media outlets being posted on this subreddit, please click [here](https://www.reddit.com/r/politics/wiki/approveddomainslist) to review our details as to our approved domains list and outlet criteria.\n\n***\n\n\n*I am a bot, and this action was performed automatically. Please [contact the moderators of this subreddit](/message/compose/?to=/r/politics) if you have any questions or concerns.*",
            "ups": 1,
            "downs": 0
        },
        {
            "comment_id": "hin86xd",
            "body": "That's a big deal, especially when the Caymans, Jersey, Ireland and other traditional tax havens signed on.",
            "ups": 170,
            "downs": 0
        },
        {
            "comment_id": "hintoyc",
            "body": "\u201cEndorse.\u201d More empty words. I\u2019ll believe it when I actually see the taxes get enforced.",
            "ups": 66,
            "downs": 0
        },
        {
            "comment_id": "hinl2x9",
            "body": "Reading all the armchair economists here defend business and not one peep about off shore sheltering. It will always be easier to say the burden will be shifted to labor. This is one of the reasons why governments even regulate in the first place. Any circular system can be explained away to one\u2019s advantage, business and economists are no exception.",
            "ups": 45,
            "downs": 0
        },
        {
            "comment_id": "hinqwzt",
            "body": "awesome. they're parasites on mankind. there needs to be a minimum for decorum.",
            "ups": 15,
            "downs": 0
        }
    ],
    "top_comments_best": [
        {
            "comment_id": "hin31ch",
            "body": "\nAs a reminder, this subreddit [is for civil discussion.](/r/politics/wiki/index#wiki_be_civil)\n\nIn general, be courteous to others. Debate/discuss/argue the merits of ideas, don't attack people. Personal insults, shill or troll accusations, hate speech, any suggestion or support of harm, violence, or death, and other rule violations can result in a permanent ban. \n\nIf you see comments in violation of our rules, please report them.\n\n For those who have questions regarding any media outlets being posted on this subreddit, please click [here](https://www.reddit.com/r/politics/wiki/approveddomainslist) to review our details as to our approved domains list and outlet criteria.\n\n***\n\n\n*I am a bot, and this action was performed automatically. Please [contact the moderators of this subreddit](/message/compose/?to=/r/politics) if you have any questions or concerns.*",
            "ups": 1,
            "downs": 0
        },
        {
            "comment_id": "hin86xd",
            "body": "That's a big deal, especially when the Caymans, Jersey, Ireland and other traditional tax havens signed on.",
            "ups": 168,
            "downs": 0
        },
        {
            "comment_id": "hinl2x9",
            "body": "Reading all the armchair economists here defend business and not one peep about off shore sheltering. It will always be easier to say the burden will be shifted to labor. This is one of the reasons why governments even regulate in the first place. Any circular system can be explained away to one\u2019s advantage, business and economists are no exception.",
            "ups": 44,
            "downs": 0
        },
        {
            "comment_id": "hintoyc",
            "body": "\u201cEndorse.\u201d More empty words. I\u2019ll believe it when I actually see the taxes get enforced.",
            "ups": 63,
            "downs": 0
        },
        {
            "comment_id": "hinw448",
            "body": "Sounds good on the surface. If this gains any steam, I expect a barrage of ads stating how horrible it would be for the common man.",
            "ups": 8,
            "downs": 0
        }
    ],
    "top_comments_hot": [
        {
            "comment_id": "hin31ch",
            "body": "\nAs a reminder, this subreddit [is for civil discussion.](/r/politics/wiki/index#wiki_be_civil)\n\nIn general, be courteous to others. Debate/discuss/argue the merits of ideas, don't attack people. Personal insults, shill or troll accusations, hate speech, any suggestion or support of harm, violence, or death, and other rule violations can result in a permanent ban. \n\nIf you see comments in violation of our rules, please report them.\n\n For those who have questions regarding any media outlets being posted on this subreddit, please click [here](https://www.reddit.com/r/politics/wiki/approveddomainslist) to review our details as to our approved domains list and outlet criteria.\n\n***\n\n\n*I am a bot, and this action was performed automatically. Please [contact the moderators of this subreddit](/message/compose/?to=/r/politics) if you have any questions or concerns.*",
            "ups": 1,
            "downs": 0
        },
        {
            "comment_id": "hin86xd",
            "body": "That's a big deal, especially when the Caymans, Jersey, Ireland and other traditional tax havens signed on.",
            "ups": 170,
            "downs": 0
        },
        {
            "comment_id": "hinl2x9",
            "body": "Reading all the armchair economists here defend business and not one peep about off shore sheltering. It will always be easier to say the burden will be shifted to labor. This is one of the reasons why governments even regulate in the first place. Any circular system can be explained away to one\u2019s advantage, business and economists are no exception.",
            "ups": 44,
            "downs": 0
        },
        {
            "comment_id": "hintoyc",
            "body": "\u201cEndorse.\u201d More empty words. I\u2019ll believe it when I actually see the taxes get enforced.",
            "ups": 67,
            "downs": 0
        },
        {
            "comment_id": "hinw448",
            "body": "Sounds good on the surface. If this gains any steam, I expect a barrage of ads stating how horrible it would be for the common man.",
            "ups": 7,
            "downs": 0
        }
    ]
}