{
    "post_url": "https://www.reddit.com/r/politics/comments/qird2t/biden_tries_stumbles_selling_his_domestic_agenda/",
    "time_posted": "2021-10-29 21:45:12",
    "time_now": "2021-10-30 16:49:15",
    "ups": 0,
    "downs": 0,
    "comments_since_last_sample": [
        {
            "comment_id": "hilawfw",
            "body": "\nAs a reminder, this subreddit [is for civil discussion.](/r/politics/wiki/index#wiki_be_civil)\n\nIn general, be courteous to others. Debate/discuss/argue the merits of ideas, don't attack people. Personal insults, shill or troll accusations, hate speech, any suggestion or support of harm, violence, or death, and other rule violations can result in a permanent ban. \n\nIf you see comments in violation of our rules, please report them.\n\n For those who have questions regarding any media outlets being posted on this subreddit, please click [here](https://www.reddit.com/r/politics/wiki/approveddomainslist) to review our details as to our approved domains list and outlet criteria.\n\n***\n\n\n*I am a bot, and this action was performed automatically. Please [contact the moderators of this subreddit](/message/compose/?to=/r/politics) if you have any questions or concerns.*"
        },
        {
            "comment_id": "himibm5",
            "body": "WTF happened to Politico. Theyve become an editorialized pile of crap."
        },
        {
            "comment_id": "hili2ja",
            "body": "I wonder when will be the day that the sub returns to hate this corporate stooge just how it was before he became the dem candidate."
        },
        {
            "comment_id": "hilefm1",
            "body": "I think he's trying to sell to the wrong people. The people aren't who need to be convinced, the corporate DINOs are the ones who would likely rather have nothing than upset billionaire masters."
        }
    ],
    "top_comments_top": [
        {
            "comment_id": "hilawfw",
            "body": "\nAs a reminder, this subreddit [is for civil discussion.](/r/politics/wiki/index#wiki_be_civil)\n\nIn general, be courteous to others. Debate/discuss/argue the merits of ideas, don't attack people. Personal insults, shill or troll accusations, hate speech, any suggestion or support of harm, violence, or death, and other rule violations can result in a permanent ban. \n\nIf you see comments in violation of our rules, please report them.\n\n For those who have questions regarding any media outlets being posted on this subreddit, please click [here](https://www.reddit.com/r/politics/wiki/approveddomainslist) to review our details as to our approved domains list and outlet criteria.\n\n***\n\n\n*I am a bot, and this action was performed automatically. Please [contact the moderators of this subreddit](/message/compose/?to=/r/politics) if you have any questions or concerns.*",
            "ups": 1,
            "downs": 0
        },
        {
            "comment_id": "hilefm1",
            "body": "I think he's trying to sell to the wrong people. The people aren't who need to be convinced, the corporate DINOs are the ones who would likely rather have nothing than upset billionaire masters.",
            "ups": 4,
            "downs": 0
        },
        {
            "comment_id": "hili2ja",
            "body": "I wonder when will be the day that the sub returns to hate this corporate stooge just how it was before he became the dem candidate.",
            "ups": -2,
            "downs": 0
        },
        {
            "comment_id": "himibm5",
            "body": "WTF happened to Politico. Theyve become an editorialized pile of crap.",
            "ups": 1,
            "downs": 0
        }
    ],
    "top_comments_best": [
        {
            "comment_id": "hilawfw",
            "body": "\nAs a reminder, this subreddit [is for civil discussion.](/r/politics/wiki/index#wiki_be_civil)\n\nIn general, be courteous to others. Debate/discuss/argue the merits of ideas, don't attack people. Personal insults, shill or troll accusations, hate speech, any suggestion or support of harm, violence, or death, and other rule violations can result in a permanent ban. \n\nIf you see comments in violation of our rules, please report them.\n\n For those who have questions regarding any media outlets being posted on this subreddit, please click [here](https://www.reddit.com/r/politics/wiki/approveddomainslist) to review our details as to our approved domains list and outlet criteria.\n\n***\n\n\n*I am a bot, and this action was performed automatically. Please [contact the moderators of this subreddit](/message/compose/?to=/r/politics) if you have any questions or concerns.*",
            "ups": 1,
            "downs": 0
        },
        {
            "comment_id": "hilefm1",
            "body": "I think he's trying to sell to the wrong people. The people aren't who need to be convinced, the corporate DINOs are the ones who would likely rather have nothing than upset billionaire masters.",
            "ups": 4,
            "downs": 0
        },
        {
            "comment_id": "hili2ja",
            "body": "I wonder when will be the day that the sub returns to hate this corporate stooge just how it was before he became the dem candidate.",
            "ups": -1,
            "downs": 0
        },
        {
            "comment_id": "himibm5",
            "body": "WTF happened to Politico. Theyve become an editorialized pile of crap.",
            "ups": 1,
            "downs": 0
        }
    ],
    "top_comments_hot": [
        {
            "comment_id": "hilawfw",
            "body": "\nAs a reminder, this subreddit [is for civil discussion.](/r/politics/wiki/index#wiki_be_civil)\n\nIn general, be courteous to others. Debate/discuss/argue the merits of ideas, don't attack people. Personal insults, shill or troll accusations, hate speech, any suggestion or support of harm, violence, or death, and other rule violations can result in a permanent ban. \n\nIf you see comments in violation of our rules, please report them.\n\n For those who have questions regarding any media outlets being posted on this subreddit, please click [here](https://www.reddit.com/r/politics/wiki/approveddomainslist) to review our details as to our approved domains list and outlet criteria.\n\n***\n\n\n*I am a bot, and this action was performed automatically. Please [contact the moderators of this subreddit](/message/compose/?to=/r/politics) if you have any questions or concerns.*",
            "ups": 1,
            "downs": 0
        },
        {
            "comment_id": "hilefm1",
            "body": "I think he's trying to sell to the wrong people. The people aren't who need to be convinced, the corporate DINOs are the ones who would likely rather have nothing than upset billionaire masters.",
            "ups": 4,
            "downs": 0
        },
        {
            "comment_id": "hili2ja",
            "body": "I wonder when will be the day that the sub returns to hate this corporate stooge just how it was before he became the dem candidate.",
            "ups": -1,
            "downs": 0
        },
        {
            "comment_id": "himibm5",
            "body": "WTF happened to Politico. Theyve become an editorialized pile of crap.",
            "ups": 1,
            "downs": 0
        }
    ]
}