{
    "post_url": "https://www.reddit.com/r/LifeProTips/comments/qi8zqr/lpt_if_your_front_door_locks_when_it_closes_get/",
    "time_posted": "2021-10-29 05:33:53",
    "time_now": "2021-10-31 21:39:25",
    "ups": 0,
    "downs": 0,
    "comments_since_last_sample": [],
    "top_comments_top": [
        {
            "comment_id": "hihqy1o",
            "body": "Hello and welcome to r/LifeProTips!\n\nPlease help us decide if this post is a good fit for the subreddit by up or downvoting this comment. \n\nIf you think that this is great advice to improve your life, please upvote. If you think this doesn't help you in any way, please downvote. If you don't care, leave it for the others to decide.",
            "ups": 1,
            "downs": 0
        },
        {
            "comment_id": "hihue37",
            "body": "How did locks which enable you to lock yourself out of your own home ever take off? That's absurd, right?",
            "ups": 3,
            "downs": 0
        },
        {
            "comment_id": "hihx6pv",
            "body": "Better LPT: have all exterior doors only lock via key or combination with a deadbolt. That way you can only be locked out by someone with a key or someone that's still inside.",
            "ups": 3,
            "downs": 0
        },
        {
            "comment_id": "hii3fq3",
            "body": "Keep a secure key accessible from outside your house. Invest in a locking real estate key box and put it somewhere inconspicuous. Great not just for you locking yourself out, but for emergencies when family or friends need into your house while you are away.",
            "ups": 2,
            "downs": 0
        },
        {
            "comment_id": "hiicoh4",
            "body": "I lock the door from inside and keep the key in the lock, that way i have to use the key to get out and have it in my hand.",
            "ups": 2,
            "downs": 0
        }
    ],
    "top_comments_best": [
        {
            "comment_id": "hihqy1o",
            "body": "Hello and welcome to r/LifeProTips!\n\nPlease help us decide if this post is a good fit for the subreddit by up or downvoting this comment. \n\nIf you think that this is great advice to improve your life, please upvote. If you think this doesn't help you in any way, please downvote. If you don't care, leave it for the others to decide.",
            "ups": 1,
            "downs": 0
        },
        {
            "comment_id": "hihue37",
            "body": "How did locks which enable you to lock yourself out of your own home ever take off? That's absurd, right?",
            "ups": 3,
            "downs": 0
        },
        {
            "comment_id": "hihx6pv",
            "body": "Better LPT: have all exterior doors only lock via key or combination with a deadbolt. That way you can only be locked out by someone with a key or someone that's still inside.",
            "ups": 3,
            "downs": 0
        },
        {
            "comment_id": "hii3fq3",
            "body": "Keep a secure key accessible from outside your house. Invest in a locking real estate key box and put it somewhere inconspicuous. Great not just for you locking yourself out, but for emergencies when family or friends need into your house while you are away.",
            "ups": 2,
            "downs": 0
        },
        {
            "comment_id": "hiicoh4",
            "body": "I lock the door from inside and keep the key in the lock, that way i have to use the key to get out and have it in my hand.",
            "ups": 2,
            "downs": 0
        }
    ],
    "top_comments_hot": [
        {
            "comment_id": "hihqy1o",
            "body": "Hello and welcome to r/LifeProTips!\n\nPlease help us decide if this post is a good fit for the subreddit by up or downvoting this comment. \n\nIf you think that this is great advice to improve your life, please upvote. If you think this doesn't help you in any way, please downvote. If you don't care, leave it for the others to decide.",
            "ups": 1,
            "downs": 0
        },
        {
            "comment_id": "hihue37",
            "body": "How did locks which enable you to lock yourself out of your own home ever take off? That's absurd, right?",
            "ups": 3,
            "downs": 0
        },
        {
            "comment_id": "hihx6pv",
            "body": "Better LPT: have all exterior doors only lock via key or combination with a deadbolt. That way you can only be locked out by someone with a key or someone that's still inside.",
            "ups": 3,
            "downs": 0
        },
        {
            "comment_id": "hii3fq3",
            "body": "Keep a secure key accessible from outside your house. Invest in a locking real estate key box and put it somewhere inconspicuous. Great not just for you locking yourself out, but for emergencies when family or friends need into your house while you are away.",
            "ups": 2,
            "downs": 0
        },
        {
            "comment_id": "hiicoh4",
            "body": "I lock the door from inside and keep the key in the lock, that way i have to use the key to get out and have it in my hand.",
            "ups": 2,
            "downs": 0
        }
    ]
}