{
    "post_url": "https://www.reddit.com/r/LifeProTips/comments/qj2mqu/lpt_dont_throw_away_expired_menards_rebates_send/",
    "time_posted": "2021-10-30 10:30:17",
    "time_now": "2021-11-04 08:02:26",
    "ups": 8,
    "downs": 0,
    "comments_since_last_sample": [],
    "top_comments_top": [
        {
            "comment_id": "hiofe5f",
            "body": "Hello [Hunter_CapeT](/u/Hunter_CapeT), thank you for your submission! Unfortunately, it has been removed for the following reason:\n\nDo not post tips that are advertisements or recommendations of products or services. Users who purposefully advertise their own product or service will be banned.\n\nIf you would like to appeal this decision [please feel free to contact the moderators here](https://www.reddit.com/message/compose?to=%2Fr%2FLifeProTips&amp;subject=about%20my%20removed%20submission&amp;message=I%27m%20writing%20to%20you%20about%20the%20following%20submission:%20https://www.reddit.com/r/LifeProTips/comments/qj2mqu/lpt_dont_throw_away_expired_menards_rebates_send/.%20%0D%0D). Do not repost without explicit permission from the moderators. Make sure you [read the rules](/r/lifeprotips/about/sidebar)  before submitting. Thank you!",
            "ups": 1,
            "downs": 0
        },
        {
            "comment_id": "hinabop",
            "body": "Hello and welcome to r/LifeProTips!\n\nPlease help us decide if this post is a good fit for the subreddit by up or downvoting this comment. \n\nIf you think that this is great advice to improve your life, please upvote. If you think this doesn't help you in any way, please downvote. If you don't care, leave it for the others to decide.",
            "ups": 1,
            "downs": 0
        },
        {
            "comment_id": "hind6ie",
            "body": "Very timely, considering I have a rebate I haven't sent in yet!",
            "ups": 0,
            "downs": 0
        }
    ],
    "top_comments_best": [
        {
            "comment_id": "hiofe5f",
            "body": "Hello [Hunter_CapeT](/u/Hunter_CapeT), thank you for your submission! Unfortunately, it has been removed for the following reason:\n\nDo not post tips that are advertisements or recommendations of products or services. Users who purposefully advertise their own product or service will be banned.\n\nIf you would like to appeal this decision [please feel free to contact the moderators here](https://www.reddit.com/message/compose?to=%2Fr%2FLifeProTips&amp;subject=about%20my%20removed%20submission&amp;message=I%27m%20writing%20to%20you%20about%20the%20following%20submission:%20https://www.reddit.com/r/LifeProTips/comments/qj2mqu/lpt_dont_throw_away_expired_menards_rebates_send/.%20%0D%0D). Do not repost without explicit permission from the moderators. Make sure you [read the rules](/r/lifeprotips/about/sidebar)  before submitting. Thank you!",
            "ups": 1,
            "downs": 0
        },
        {
            "comment_id": "hinabop",
            "body": "Hello and welcome to r/LifeProTips!\n\nPlease help us decide if this post is a good fit for the subreddit by up or downvoting this comment. \n\nIf you think that this is great advice to improve your life, please upvote. If you think this doesn't help you in any way, please downvote. If you don't care, leave it for the others to decide.",
            "ups": 1,
            "downs": 0
        },
        {
            "comment_id": "hind6ie",
            "body": "Very timely, considering I have a rebate I haven't sent in yet!",
            "ups": 0,
            "downs": 0
        }
    ],
    "top_comments_hot": [
        {
            "comment_id": "hiofe5f",
            "body": "Hello [Hunter_CapeT](/u/Hunter_CapeT), thank you for your submission! Unfortunately, it has been removed for the following reason:\n\nDo not post tips that are advertisements or recommendations of products or services. Users who purposefully advertise their own product or service will be banned.\n\nIf you would like to appeal this decision [please feel free to contact the moderators here](https://www.reddit.com/message/compose?to=%2Fr%2FLifeProTips&amp;subject=about%20my%20removed%20submission&amp;message=I%27m%20writing%20to%20you%20about%20the%20following%20submission:%20https://www.reddit.com/r/LifeProTips/comments/qj2mqu/lpt_dont_throw_away_expired_menards_rebates_send/.%20%0D%0D). Do not repost without explicit permission from the moderators. Make sure you [read the rules](/r/lifeprotips/about/sidebar)  before submitting. Thank you!",
            "ups": 1,
            "downs": 0
        },
        {
            "comment_id": "hinabop",
            "body": "Hello and welcome to r/LifeProTips!\n\nPlease help us decide if this post is a good fit for the subreddit by up or downvoting this comment. \n\nIf you think that this is great advice to improve your life, please upvote. If you think this doesn't help you in any way, please downvote. If you don't care, leave it for the others to decide.",
            "ups": 1,
            "downs": 0
        },
        {
            "comment_id": "hind6ie",
            "body": "Very timely, considering I have a rebate I haven't sent in yet!",
            "ups": 0,
            "downs": 0
        }
    ]
}