{
    "post_url": "https://www.reddit.com/r/gaming/comments/qj31so/resident_evil_the_manga_made_by_ubattle_furanky/",
    "time_posted": "2021-10-30 10:51:41",
    "time_now": "2021-11-01 14:03:22",
    "ups": 165,
    "downs": 0,
    "comments_since_last_sample": [],
    "top_comments_top": [
        {
            "comment_id": "hinkmi1",
            "body": "\"Oh, you're fleeing from me? Instead of killing me you're running right away?\"\n\n\"I can't survive for the sequels without getting away.\"",
            "ups": 6,
            "downs": 0
        },
        {
            "comment_id": "hingoks",
            "body": "\ud83d\udc40",
            "ups": 6,
            "downs": 0
        },
        {
            "comment_id": "hinzo7i",
            "body": "I thought it was a hentai ._.",
            "ups": 6,
            "downs": 0
        },
        {
            "comment_id": "hipknb7",
            "body": "This look like a panel from Hellsing of Police Girl running from the Priest",
            "ups": 2,
            "downs": 0
        },
        {
            "comment_id": "hioqh16",
            "body": "Nice. They should make it a pop-up book where Mr. X pops up randomly in different pages in each copy.",
            "ups": 1,
            "downs": 0
        }
    ],
    "top_comments_best": [
        {
            "comment_id": "hinkmi1",
            "body": "\"Oh, you're fleeing from me? Instead of killing me you're running right away?\"\n\n\"I can't survive for the sequels without getting away.\"",
            "ups": 7,
            "downs": 0
        },
        {
            "comment_id": "hingoks",
            "body": "\ud83d\udc40",
            "ups": 5,
            "downs": 0
        },
        {
            "comment_id": "hinzo7i",
            "body": "I thought it was a hentai ._.",
            "ups": 6,
            "downs": 0
        },
        {
            "comment_id": "hipknb7",
            "body": "This look like a panel from Hellsing of Police Girl running from the Priest",
            "ups": 2,
            "downs": 0
        },
        {
            "comment_id": "hioqh16",
            "body": "Nice. They should make it a pop-up book where Mr. X pops up randomly in different pages in each copy.",
            "ups": 1,
            "downs": 0
        }
    ],
    "top_comments_hot": [
        {
            "comment_id": "hinkmi1",
            "body": "\"Oh, you're fleeing from me? Instead of killing me you're running right away?\"\n\n\"I can't survive for the sequels without getting away.\"",
            "ups": 8,
            "downs": 0
        },
        {
            "comment_id": "hingoks",
            "body": "\ud83d\udc40",
            "ups": 5,
            "downs": 0
        },
        {
            "comment_id": "hinzo7i",
            "body": "I thought it was a hentai ._.",
            "ups": 7,
            "downs": 0
        },
        {
            "comment_id": "hipknb7",
            "body": "This look like a panel from Hellsing of Police Girl running from the Priest",
            "ups": 2,
            "downs": 0
        },
        {
            "comment_id": "hioqh16",
            "body": "Nice. They should make it a pop-up book where Mr. X pops up randomly in different pages in each copy.",
            "ups": 1,
            "downs": 0
        }
    ]
}