{
    "post_url": "https://www.reddit.com/r/Music/comments/qj3o2e/pop_music_is_dead/",
    "time_posted": "2021-10-30 11:22:30",
    "time_now": "2021-10-31 21:33:09",
    "ups": 0,
    "downs": 0,
    "comments_since_last_sample": [],
    "top_comments_top": [
        {
            "comment_id": "hinkp5d",
            "body": "Thanks, I'm sure everyone will listen to you.",
            "ups": 5,
            "downs": 0
        },
        {
            "comment_id": "hinl0ch",
            "body": "As long as there are commercials there will be pop music.",
            "ups": 1,
            "downs": 0
        },
        {
            "comment_id": "hiomfmd",
            "body": "What's the last album you played? Just curious what a music expert like yourself listens to these days",
            "ups": 1,
            "downs": 0
        },
        {
            "comment_id": "hip1ua3",
            "body": "Didn\u2019t Taylor Swift just win Album of the year?",
            "ups": 1,
            "downs": 0
        },
        {
            "comment_id": "hinhkeo",
            "body": "Thank god long live Rock!",
            "ups": -1,
            "downs": 0
        }
    ],
    "top_comments_best": [
        {
            "comment_id": "hinkp5d",
            "body": "Thanks, I'm sure everyone will listen to you.",
            "ups": 6,
            "downs": 0
        },
        {
            "comment_id": "hinl0ch",
            "body": "As long as there are commercials there will be pop music.",
            "ups": 1,
            "downs": 0
        },
        {
            "comment_id": "hiomfmd",
            "body": "What's the last album you played? Just curious what a music expert like yourself listens to these days",
            "ups": 1,
            "downs": 0
        },
        {
            "comment_id": "hip1ua3",
            "body": "Didn\u2019t Taylor Swift just win Album of the year?",
            "ups": 1,
            "downs": 0
        },
        {
            "comment_id": "hinhkeo",
            "body": "Thank god long live Rock!",
            "ups": -1,
            "downs": 0
        }
    ],
    "top_comments_hot": [
        {
            "comment_id": "hinkp5d",
            "body": "Thanks, I'm sure everyone will listen to you.",
            "ups": 6,
            "downs": 0
        },
        {
            "comment_id": "hinl0ch",
            "body": "As long as there are commercials there will be pop music.",
            "ups": 1,
            "downs": 0
        },
        {
            "comment_id": "hiomfmd",
            "body": "What's the last album you played? Just curious what a music expert like yourself listens to these days",
            "ups": 1,
            "downs": 0
        },
        {
            "comment_id": "hip1ua3",
            "body": "Didn\u2019t Taylor Swift just win Album of the year?",
            "ups": 1,
            "downs": 0
        },
        {
            "comment_id": "hinhkeo",
            "body": "Thank god long live Rock!",
            "ups": -1,
            "downs": 0
        }
    ]
}