{
    "post_url": "https://www.reddit.com/r/LifeProTips/comments/qj26yj/lpt_when_presenting_dont_open_by_apologising_for/",
    "time_posted": "2021-10-30 10:06:47",
    "time_now": "2021-11-04 16:16:51",
    "ups": 29,
    "downs": 0,
    "comments_since_last_sample": [],
    "top_comments_top": [
        {
            "comment_id": "hin7d8e",
            "body": "Hello and welcome to r/LifeProTips!\n\nPlease help us decide if this post is a good fit for the subreddit by up or downvoting this comment. \n\nIf you think that this is great advice to improve your life, please upvote. If you think this doesn't help you in any way, please downvote. If you don't care, leave it for the others to decide.",
            "ups": 1,
            "downs": 0
        },
        {
            "comment_id": "hinkzq2",
            "body": "Adding to this, if presenting, practice, practice, practice until you can go through it (even with notes) without stumbling.  Then record yourself, and watch through it.  It's painful to do this, but I cannot tell you how much it helps!",
            "ups": 2,
            "downs": 0
        },
        {
            "comment_id": "hin7pb6",
            "body": "Love this tip! Also opening your speech with a joke is a great way to defuse tension and get the crowd in a positive mood! Although it\u2019s difficult to present a joke while nervous so its a bit of a double edged sword. Great LPT!",
            "ups": 0,
            "downs": 0
        }
    ],
    "top_comments_best": [
        {
            "comment_id": "hin7d8e",
            "body": "Hello and welcome to r/LifeProTips!\n\nPlease help us decide if this post is a good fit for the subreddit by up or downvoting this comment. \n\nIf you think that this is great advice to improve your life, please upvote. If you think this doesn't help you in any way, please downvote. If you don't care, leave it for the others to decide.",
            "ups": 1,
            "downs": 0
        },
        {
            "comment_id": "hinkzq2",
            "body": "Adding to this, if presenting, practice, practice, practice until you can go through it (even with notes) without stumbling.  Then record yourself, and watch through it.  It's painful to do this, but I cannot tell you how much it helps!",
            "ups": 2,
            "downs": 0
        },
        {
            "comment_id": "hin7pb6",
            "body": "Love this tip! Also opening your speech with a joke is a great way to defuse tension and get the crowd in a positive mood! Although it\u2019s difficult to present a joke while nervous so its a bit of a double edged sword. Great LPT!",
            "ups": 0,
            "downs": 0
        }
    ],
    "top_comments_hot": [
        {
            "comment_id": "hin7d8e",
            "body": "Hello and welcome to r/LifeProTips!\n\nPlease help us decide if this post is a good fit for the subreddit by up or downvoting this comment. \n\nIf you think that this is great advice to improve your life, please upvote. If you think this doesn't help you in any way, please downvote. If you don't care, leave it for the others to decide.",
            "ups": 1,
            "downs": 0
        },
        {
            "comment_id": "hinkzq2",
            "body": "Adding to this, if presenting, practice, practice, practice until you can go through it (even with notes) without stumbling.  Then record yourself, and watch through it.  It's painful to do this, but I cannot tell you how much it helps!",
            "ups": 2,
            "downs": 0
        },
        {
            "comment_id": "hin7pb6",
            "body": "Love this tip! Also opening your speech with a joke is a great way to defuse tension and get the crowd in a positive mood! Although it\u2019s difficult to present a joke while nervous so its a bit of a double edged sword. Great LPT!",
            "ups": 0,
            "downs": 0
        }
    ]
}