{
    "post_url": "https://www.reddit.com/r/LifeProTips/comments/qi2pdu/lpt_if_youre_driving_a_suv_and_you_see_a_sport/",
    "time_posted": "2021-10-28 22:33:29",
    "time_now": "2021-11-04 08:03:52",
    "ups": 0,
    "downs": 0,
    "comments_since_last_sample": [],
    "top_comments_top": [
        {
            "comment_id": "higq7c6",
            "body": "Hello and welcome to r/LifeProTips!\n\nPlease help us decide if this post is a good fit for the subreddit by up or downvoting this comment. \n\nIf you think that this is great advice to improve your life, please upvote. If you think this doesn't help you in any way, please downvote. If you don't care, leave it for the others to decide.",
            "ups": 1,
            "downs": 0
        },
        {
            "comment_id": "higs03q",
            "body": "I was gonna kill myself but then I read this and am driving to my dads house to make amends and then stopping my ex girlfriends wedding and professing my love at the altar. \n\nThis post changed my entire fat life.",
            "ups": 6,
            "downs": 0
        },
        {
            "comment_id": "higqet7",
            "body": "Only way to know for sure ... Slam on the brakes",
            "ups": 3,
            "downs": 0
        },
        {
            "comment_id": "higr8bl",
            "body": "Fuel isn\u2019t cheap, and long rides down the interstate I\u2019ve given myself a 4 foot gap behind a tractor trailer to save wind drag\u2026 Not everybody\u2019s an asshole.\ud83e\udd37\ud83c\udffd\u200d\u2640\ufe0f",
            "ups": 0,
            "downs": 0
        }
    ],
    "top_comments_best": [
        {
            "comment_id": "higq7c6",
            "body": "Hello and welcome to r/LifeProTips!\n\nPlease help us decide if this post is a good fit for the subreddit by up or downvoting this comment. \n\nIf you think that this is great advice to improve your life, please upvote. If you think this doesn't help you in any way, please downvote. If you don't care, leave it for the others to decide.",
            "ups": 1,
            "downs": 0
        },
        {
            "comment_id": "higs03q",
            "body": "I was gonna kill myself but then I read this and am driving to my dads house to make amends and then stopping my ex girlfriends wedding and professing my love at the altar. \n\nThis post changed my entire fat life.",
            "ups": 5,
            "downs": 0
        },
        {
            "comment_id": "higqet7",
            "body": "Only way to know for sure ... Slam on the brakes",
            "ups": 3,
            "downs": 0
        },
        {
            "comment_id": "higr8bl",
            "body": "Fuel isn\u2019t cheap, and long rides down the interstate I\u2019ve given myself a 4 foot gap behind a tractor trailer to save wind drag\u2026 Not everybody\u2019s an asshole.\ud83e\udd37\ud83c\udffd\u200d\u2640\ufe0f",
            "ups": 0,
            "downs": 0
        }
    ],
    "top_comments_hot": [
        {
            "comment_id": "higq7c6",
            "body": "Hello and welcome to r/LifeProTips!\n\nPlease help us decide if this post is a good fit for the subreddit by up or downvoting this comment. \n\nIf you think that this is great advice to improve your life, please upvote. If you think this doesn't help you in any way, please downvote. If you don't care, leave it for the others to decide.",
            "ups": 1,
            "downs": 0
        },
        {
            "comment_id": "higs03q",
            "body": "I was gonna kill myself but then I read this and am driving to my dads house to make amends and then stopping my ex girlfriends wedding and professing my love at the altar. \n\nThis post changed my entire fat life.",
            "ups": 5,
            "downs": 0
        },
        {
            "comment_id": "higqet7",
            "body": "Only way to know for sure ... Slam on the brakes",
            "ups": 3,
            "downs": 0
        },
        {
            "comment_id": "higr8bl",
            "body": "Fuel isn\u2019t cheap, and long rides down the interstate I\u2019ve given myself a 4 foot gap behind a tractor trailer to save wind drag\u2026 Not everybody\u2019s an asshole.\ud83e\udd37\ud83c\udffd\u200d\u2640\ufe0f",
            "ups": 0,
            "downs": 0
        }
    ]
}