{
    "post_url": "https://www.reddit.com/r/gaming/comments/qj4uqe/why_horror_games_are_excellent_for_backseat/",
    "time_posted": "2021-10-30 12:20:43",
    "time_now": "2021-11-04 12:05:55",
    "ups": 7,
    "downs": 0,
    "comments_since_last_sample": [],
    "top_comments_top": [
        {
            "comment_id": "hiogxev",
            "body": "What is the opening game shown?",
            "ups": 2,
            "downs": 0
        }
    ],
    "top_comments_best": [
        {
            "comment_id": "hiogxev",
            "body": "What is the opening game shown?",
            "ups": 2,
            "downs": 0
        }
    ],
    "top_comments_hot": [
        {
            "comment_id": "hiogxev",
            "body": "What is the opening game shown?",
            "ups": 2,
            "downs": 0
        }
    ]
}