{
    "post_url": "https://www.reddit.com/r/Music/comments/qj40hc/prtty_ridiculous_rheumy_official_music_video_rock/",
    "time_posted": "2021-10-30 11:39:31",
    "time_now": "2021-11-02 14:45:29",
    "ups": 1,
    "downs": 0,
    "comments_since_last_sample": [],
    "top_comments_top": [
        {
            "comment_id": "hinjnsm",
            "body": "\ud83e\udd18\ud83c\udffc\ud83e\udd18\ud83c\udffc\ud83e\udd18\ud83c\udffc",
            "ups": 1,
            "downs": 0
        }
    ],
    "top_comments_best": [
        {
            "comment_id": "hinjnsm",
            "body": "\ud83e\udd18\ud83c\udffc\ud83e\udd18\ud83c\udffc\ud83e\udd18\ud83c\udffc",
            "ups": 1,
            "downs": 0
        }
    ],
    "top_comments_hot": [
        {
            "comment_id": "hinjnsm",
            "body": "\ud83e\udd18\ud83c\udffc\ud83e\udd18\ud83c\udffc\ud83e\udd18\ud83c\udffc",
            "ups": 1,
            "downs": 0
        }
    ]
}