{
    "post_url": "https://www.reddit.com/r/politics/comments/qiqypi/lincoln_project_takes_credit_for_tiki_torch_stunt/",
    "time_posted": "2021-10-29 21:20:27",
    "time_now": "2021-11-06 05:21:56",
    "ups": 0,
    "downs": 0,
    "comments_since_last_sample": [],
    "top_comments_top": [
        {
            "comment_id": "hil7uzo",
            "body": "\nAs a reminder, this subreddit [is for civil discussion.](/r/politics/wiki/index#wiki_be_civil)\n\nIn general, be courteous to others. Debate/discuss/argue the merits of ideas, don't attack people. Personal insults, shill or troll accusations, hate speech, any suggestion or support of harm, violence, or death, and other rule violations can result in a permanent ban. \n\nIf you see comments in violation of our rules, please report them.\n\n For those who have questions regarding any media outlets being posted on this subreddit, please click [here](https://www.reddit.com/r/politics/wiki/approveddomainslist) to review our details as to our approved domains list and outlet criteria.\n\n***\n\n\n*I am a bot, and this action was performed automatically. Please [contact the moderators of this subreddit](/message/compose/?to=/r/politics) if you have any questions or concerns.*",
            "ups": 1,
            "downs": 0
        },
        {
            "comment_id": "hil89hz",
            "body": "We all knew it was fake as soon as we saw the black dude. Which makes it even more of a statement.",
            "ups": 10,
            "downs": 0
        },
        {
            "comment_id": "hilflo0",
            "body": "Falling for a Republican false flag makes you the bad guy!",
            "ups": 1,
            "downs": 0
        },
        {
            "comment_id": "hilib2t",
            "body": "The Lincoln Project? The group of Republican never-Trumpers? Youngkin seems like the establishment GOP candidate they would get behind.",
            "ups": -3,
            "downs": 0
        },
        {
            "comment_id": "himtt5g",
            "body": "Real nazis = just good people.   \nfake nazis = clutch dem pearls and be outraged.  lmfao",
            "ups": -1,
            "downs": 0
        }
    ],
    "top_comments_best": [
        {
            "comment_id": "hil7uzo",
            "body": "\nAs a reminder, this subreddit [is for civil discussion.](/r/politics/wiki/index#wiki_be_civil)\n\nIn general, be courteous to others. Debate/discuss/argue the merits of ideas, don't attack people. Personal insults, shill or troll accusations, hate speech, any suggestion or support of harm, violence, or death, and other rule violations can result in a permanent ban. \n\nIf you see comments in violation of our rules, please report them.\n\n For those who have questions regarding any media outlets being posted on this subreddit, please click [here](https://www.reddit.com/r/politics/wiki/approveddomainslist) to review our details as to our approved domains list and outlet criteria.\n\n***\n\n\n*I am a bot, and this action was performed automatically. Please [contact the moderators of this subreddit](/message/compose/?to=/r/politics) if you have any questions or concerns.*",
            "ups": 1,
            "downs": 0
        },
        {
            "comment_id": "hil89hz",
            "body": "We all knew it was fake as soon as we saw the black dude. Which makes it even more of a statement.",
            "ups": 9,
            "downs": 0
        },
        {
            "comment_id": "hilflo0",
            "body": "Falling for a Republican false flag makes you the bad guy!",
            "ups": 1,
            "downs": 0
        },
        {
            "comment_id": "hilib2t",
            "body": "The Lincoln Project? The group of Republican never-Trumpers? Youngkin seems like the establishment GOP candidate they would get behind.",
            "ups": -1,
            "downs": 0
        },
        {
            "comment_id": "himtt5g",
            "body": "Real nazis = just good people.   \nfake nazis = clutch dem pearls and be outraged.  lmfao",
            "ups": -1,
            "downs": 0
        }
    ],
    "top_comments_hot": [
        {
            "comment_id": "hil7uzo",
            "body": "\nAs a reminder, this subreddit [is for civil discussion.](/r/politics/wiki/index#wiki_be_civil)\n\nIn general, be courteous to others. Debate/discuss/argue the merits of ideas, don't attack people. Personal insults, shill or troll accusations, hate speech, any suggestion or support of harm, violence, or death, and other rule violations can result in a permanent ban. \n\nIf you see comments in violation of our rules, please report them.\n\n For those who have questions regarding any media outlets being posted on this subreddit, please click [here](https://www.reddit.com/r/politics/wiki/approveddomainslist) to review our details as to our approved domains list and outlet criteria.\n\n***\n\n\n*I am a bot, and this action was performed automatically. Please [contact the moderators of this subreddit](/message/compose/?to=/r/politics) if you have any questions or concerns.*",
            "ups": 1,
            "downs": 0
        },
        {
            "comment_id": "hil89hz",
            "body": "We all knew it was fake as soon as we saw the black dude. Which makes it even more of a statement.",
            "ups": 9,
            "downs": 0
        },
        {
            "comment_id": "hilflo0",
            "body": "Falling for a Republican false flag makes you the bad guy!",
            "ups": 1,
            "downs": 0
        },
        {
            "comment_id": "hilib2t",
            "body": "The Lincoln Project? The group of Republican never-Trumpers? Youngkin seems like the establishment GOP candidate they would get behind.",
            "ups": -2,
            "downs": 0
        },
        {
            "comment_id": "himtt5g",
            "body": "Real nazis = just good people.   \nfake nazis = clutch dem pearls and be outraged.  lmfao",
            "ups": -1,
            "downs": 0
        }
    ]
}