{
    "post_url": "https://www.reddit.com/r/politics/comments/qiqc7g/attorney_general_merrick_b_garland_restores_the/",
    "time_posted": "2021-10-29 20:43:53",
    "time_now": "2021-11-05 17:00:07",
    "ups": 398,
    "downs": 0,
    "comments_since_last_sample": [],
    "top_comments_top": [
        {
            "comment_id": "hil3gre",
            "body": "\nAs a reminder, this subreddit [is for civil discussion.](/r/politics/wiki/index#wiki_be_civil)\n\nIn general, be courteous to others. Debate/discuss/argue the merits of ideas, don't attack people. Personal insults, shill or troll accusations, hate speech, any suggestion or support of harm, violence, or death, and other rule violations can result in a permanent ban. \n\nIf you see comments in violation of our rules, please report them.\n\n For those who have questions regarding any media outlets being posted on this subreddit, please click [here](https://www.reddit.com/r/politics/wiki/approveddomainslist) to review our details as to our approved domains list and outlet criteria.\n\n***\n\n\n*I am a bot, and this action was performed automatically. Please [contact the moderators of this subreddit](/message/compose/?to=/r/politics) if you have any questions or concerns.*",
            "ups": 1,
            "downs": 0
        },
        {
            "comment_id": "hil780e",
            "body": "This is quite a big deal because it reestablishes an office of Legal Aid.  This is 100% about equal access.   Imagine how many people are disenfranchised because they cannot afford a lawyer.",
            "ups": 89,
            "downs": 0
        },
        {
            "comment_id": "hil3ttj",
            "body": "OK, fine. Now do something to *actually* restore \"access to justice\" for traitors, swindlers, white-collar criminals, and con artists.",
            "ups": 62,
            "downs": 0
        },
        {
            "comment_id": "hil4904",
            "body": "Cool story bro, now prosecute Bannon already.",
            "ups": 30,
            "downs": 0
        },
        {
            "comment_id": "hil6hpz",
            "body": "When is Garland going to start prosecuting the leaders of the January 6 insurrection?",
            "ups": 28,
            "downs": 0
        }
    ],
    "top_comments_best": [
        {
            "comment_id": "hil3gre",
            "body": "\nAs a reminder, this subreddit [is for civil discussion.](/r/politics/wiki/index#wiki_be_civil)\n\nIn general, be courteous to others. Debate/discuss/argue the merits of ideas, don't attack people. Personal insults, shill or troll accusations, hate speech, any suggestion or support of harm, violence, or death, and other rule violations can result in a permanent ban. \n\nIf you see comments in violation of our rules, please report them.\n\n For those who have questions regarding any media outlets being posted on this subreddit, please click [here](https://www.reddit.com/r/politics/wiki/approveddomainslist) to review our details as to our approved domains list and outlet criteria.\n\n***\n\n\n*I am a bot, and this action was performed automatically. Please [contact the moderators of this subreddit](/message/compose/?to=/r/politics) if you have any questions or concerns.*",
            "ups": 1,
            "downs": 0
        },
        {
            "comment_id": "hil780e",
            "body": "This is quite a big deal because it reestablishes an office of Legal Aid.  This is 100% about equal access.   Imagine how many people are disenfranchised because they cannot afford a lawyer.",
            "ups": 91,
            "downs": 0
        },
        {
            "comment_id": "hilkuon",
            "body": "Restore Bannon to prison next.",
            "ups": 17,
            "downs": 0
        },
        {
            "comment_id": "hil3ttj",
            "body": "OK, fine. Now do something to *actually* restore \"access to justice\" for traitors, swindlers, white-collar criminals, and con artists.",
            "ups": 64,
            "downs": 0
        },
        {
            "comment_id": "hil6hpz",
            "body": "When is Garland going to start prosecuting the leaders of the January 6 insurrection?",
            "ups": 29,
            "downs": 0
        }
    ],
    "top_comments_hot": [
        {
            "comment_id": "hil3gre",
            "body": "\nAs a reminder, this subreddit [is for civil discussion.](/r/politics/wiki/index#wiki_be_civil)\n\nIn general, be courteous to others. Debate/discuss/argue the merits of ideas, don't attack people. Personal insults, shill or troll accusations, hate speech, any suggestion or support of harm, violence, or death, and other rule violations can result in a permanent ban. \n\nIf you see comments in violation of our rules, please report them.\n\n For those who have questions regarding any media outlets being posted on this subreddit, please click [here](https://www.reddit.com/r/politics/wiki/approveddomainslist) to review our details as to our approved domains list and outlet criteria.\n\n***\n\n\n*I am a bot, and this action was performed automatically. Please [contact the moderators of this subreddit](/message/compose/?to=/r/politics) if you have any questions or concerns.*",
            "ups": 1,
            "downs": 0
        },
        {
            "comment_id": "hil780e",
            "body": "This is quite a big deal because it reestablishes an office of Legal Aid.  This is 100% about equal access.   Imagine how many people are disenfranchised because they cannot afford a lawyer.",
            "ups": 88,
            "downs": 0
        },
        {
            "comment_id": "hilkuon",
            "body": "Restore Bannon to prison next.",
            "ups": 16,
            "downs": 0
        },
        {
            "comment_id": "hil3ttj",
            "body": "OK, fine. Now do something to *actually* restore \"access to justice\" for traitors, swindlers, white-collar criminals, and con artists.",
            "ups": 62,
            "downs": 0
        },
        {
            "comment_id": "hil6hpz",
            "body": "When is Garland going to start prosecuting the leaders of the January 6 insurrection?",
            "ups": 29,
            "downs": 0
        }
    ]
}