{
    "post_url": "https://www.reddit.com/r/LifeProTips/comments/qiokla/lpt_request_best_font_to_study_a_pile_of_text/",
    "time_posted": "2021-10-29 19:00:04",
    "time_now": "2021-11-04 16:17:25",
    "ups": 3,
    "downs": 0,
    "comments_since_last_sample": [],
    "top_comments_top": [
        {
            "comment_id": "hikq8fy",
            "body": "Hello and welcome to r/LifeProTips!\n\nPlease help us decide if this post is a good fit for the subreddit by up or downvoting this comment. \n\nIf you think that this is great advice to improve your life, please upvote. If you think this doesn't help you in any way, please downvote. If you don't care, leave it for the others to decide.",
            "ups": 1,
            "downs": 0
        },
        {
            "comment_id": "hikr2c5",
            "body": "Use multiple fonts- use particular ones for main points and the supporting points- then for other topics or ideas use a different font- this breaks up the material making it easier to organize for recall",
            "ups": 4,
            "downs": 0
        },
        {
            "comment_id": "hikracr",
            "body": "Idk but for me it wasn\u2019t about font size or type  it was the color kind of like highlighting. For example if all the text I studied was black then I would only recall some of the information but i changed it to a somewhat lighter color such as navy blue then I would recall most of the information.",
            "ups": 4,
            "downs": 0
        },
        {
            "comment_id": "hil3ah6",
            "body": "Calibri. 1.5 line space. Use bold or underline to highlight key words and points.",
            "ups": 2,
            "downs": 0
        },
        {
            "comment_id": "hikqdn3",
            "body": "Nah arial....1.5 space. Good for me",
            "ups": 1,
            "downs": 0
        }
    ],
    "top_comments_best": [
        {
            "comment_id": "hikq8fy",
            "body": "Hello and welcome to r/LifeProTips!\n\nPlease help us decide if this post is a good fit for the subreddit by up or downvoting this comment. \n\nIf you think that this is great advice to improve your life, please upvote. If you think this doesn't help you in any way, please downvote. If you don't care, leave it for the others to decide.",
            "ups": 1,
            "downs": 0
        },
        {
            "comment_id": "hikr2c5",
            "body": "Use multiple fonts- use particular ones for main points and the supporting points- then for other topics or ideas use a different font- this breaks up the material making it easier to organize for recall",
            "ups": 4,
            "downs": 0
        },
        {
            "comment_id": "hikracr",
            "body": "Idk but for me it wasn\u2019t about font size or type  it was the color kind of like highlighting. For example if all the text I studied was black then I would only recall some of the information but i changed it to a somewhat lighter color such as navy blue then I would recall most of the information.",
            "ups": 5,
            "downs": 0
        },
        {
            "comment_id": "hil3ah6",
            "body": "Calibri. 1.5 line space. Use bold or underline to highlight key words and points.",
            "ups": 2,
            "downs": 0
        },
        {
            "comment_id": "hikrh65",
            "body": "Emojis /s\n\nGo with whatever feels the best. But when you highlight some points, change the font and enlarge them too. I think it'd help.",
            "ups": 1,
            "downs": 0
        }
    ],
    "top_comments_hot": [
        {
            "comment_id": "hikq8fy",
            "body": "Hello and welcome to r/LifeProTips!\n\nPlease help us decide if this post is a good fit for the subreddit by up or downvoting this comment. \n\nIf you think that this is great advice to improve your life, please upvote. If you think this doesn't help you in any way, please downvote. If you don't care, leave it for the others to decide.",
            "ups": 1,
            "downs": 0
        },
        {
            "comment_id": "hikr2c5",
            "body": "Use multiple fonts- use particular ones for main points and the supporting points- then for other topics or ideas use a different font- this breaks up the material making it easier to organize for recall",
            "ups": 4,
            "downs": 0
        },
        {
            "comment_id": "hikracr",
            "body": "Idk but for me it wasn\u2019t about font size or type  it was the color kind of like highlighting. For example if all the text I studied was black then I would only recall some of the information but i changed it to a somewhat lighter color such as navy blue then I would recall most of the information.",
            "ups": 4,
            "downs": 0
        },
        {
            "comment_id": "hil3ah6",
            "body": "Calibri. 1.5 line space. Use bold or underline to highlight key words and points.",
            "ups": 2,
            "downs": 0
        },
        {
            "comment_id": "hikrh65",
            "body": "Emojis /s\n\nGo with whatever feels the best. But when you highlight some points, change the font and enlarge them too. I think it'd help.",
            "ups": 1,
            "downs": 0
        }
    ]
}