{
    "post_url": "https://www.reddit.com/r/politics/comments/qj55hh/the_biden_administration_is_considering_450000/",
    "time_posted": "2021-10-30 12:35:17",
    "time_now": "2021-11-01 14:04:08",
    "ups": 0,
    "downs": 0,
    "comments_since_last_sample": [],
    "top_comments_top": [
        {
            "comment_id": "hinrgjy",
            "body": "\nAs a reminder, this subreddit [is for civil discussion.](/r/politics/wiki/index#wiki_be_civil)\n\nIn general, be courteous to others. Debate/discuss/argue the merits of ideas, don't attack people. Personal insults, shill or troll accusations, hate speech, any suggestion or support of harm, violence, or death, and other rule violations can result in a permanent ban. \n\nIf you see comments in violation of our rules, please report them.\n\n For those who have questions regarding any media outlets being posted on this subreddit, please click [here](https://www.reddit.com/r/politics/wiki/approveddomainslist) to review our details as to our approved domains list and outlet criteria.\n\n***\n\n\n*I am a bot, and this action was performed automatically. Please [contact the moderators of this subreddit](/message/compose/?to=/r/politics) if you have any questions or concerns.*",
            "ups": 1,
            "downs": 0
        },
        {
            "comment_id": "hinte7k",
            "body": "I\u2019m no big city lawyer, but in every one of these threads on this topic are people posting without reading the articles. The US is being sued by these families for a lot more - and still have not been reunited with their children.",
            "ups": 19,
            "downs": 0
        },
        {
            "comment_id": "hintiz5",
            "body": "There will undoubtably be dishonest dipshits who will come in here and say \u201cDemocrats are handing free money out to illegals\u201d. \n\nThis is false. They are trying to settle lawsuits. Lawsuits because the former administration decided to tear children away from their families. \n\nIf you are an actual fiscal Republican then you should easily recognize that doing this will save millions if not billions in litigation.",
            "ups": 18,
            "downs": 0
        },
        {
            "comment_id": "hint5y4",
            "body": "I'm not so sure if you can even get waiver for that since we're dealing with minors.  Pretty sure we're gonna get sued anyhow.",
            "ups": 3,
            "downs": 0
        },
        {
            "comment_id": "hio2dhm",
            "body": "Let\u2019s go Brandon!",
            "ups": -1,
            "downs": 0
        }
    ],
    "top_comments_best": [
        {
            "comment_id": "hinrgjy",
            "body": "\nAs a reminder, this subreddit [is for civil discussion.](/r/politics/wiki/index#wiki_be_civil)\n\nIn general, be courteous to others. Debate/discuss/argue the merits of ideas, don't attack people. Personal insults, shill or troll accusations, hate speech, any suggestion or support of harm, violence, or death, and other rule violations can result in a permanent ban. \n\nIf you see comments in violation of our rules, please report them.\n\n For those who have questions regarding any media outlets being posted on this subreddit, please click [here](https://www.reddit.com/r/politics/wiki/approveddomainslist) to review our details as to our approved domains list and outlet criteria.\n\n***\n\n\n*I am a bot, and this action was performed automatically. Please [contact the moderators of this subreddit](/message/compose/?to=/r/politics) if you have any questions or concerns.*",
            "ups": 1,
            "downs": 0
        },
        {
            "comment_id": "hinte7k",
            "body": "I\u2019m no big city lawyer, but in every one of these threads on this topic are people posting without reading the articles. The US is being sued by these families for a lot more - and still have not been reunited with their children.",
            "ups": 18,
            "downs": 0
        },
        {
            "comment_id": "hintiz5",
            "body": "There will undoubtably be dishonest dipshits who will come in here and say \u201cDemocrats are handing free money out to illegals\u201d. \n\nThis is false. They are trying to settle lawsuits. Lawsuits because the former administration decided to tear children away from their families. \n\nIf you are an actual fiscal Republican then you should easily recognize that doing this will save millions if not billions in litigation.",
            "ups": 17,
            "downs": 0
        },
        {
            "comment_id": "hint5y4",
            "body": "I'm not so sure if you can even get waiver for that since we're dealing with minors.  Pretty sure we're gonna get sued anyhow.",
            "ups": 3,
            "downs": 0
        },
        {
            "comment_id": "hio2dhm",
            "body": "Let\u2019s go Brandon!",
            "ups": -1,
            "downs": 0
        }
    ],
    "top_comments_hot": [
        {
            "comment_id": "hinrgjy",
            "body": "\nAs a reminder, this subreddit [is for civil discussion.](/r/politics/wiki/index#wiki_be_civil)\n\nIn general, be courteous to others. Debate/discuss/argue the merits of ideas, don't attack people. Personal insults, shill or troll accusations, hate speech, any suggestion or support of harm, violence, or death, and other rule violations can result in a permanent ban. \n\nIf you see comments in violation of our rules, please report them.\n\n For those who have questions regarding any media outlets being posted on this subreddit, please click [here](https://www.reddit.com/r/politics/wiki/approveddomainslist) to review our details as to our approved domains list and outlet criteria.\n\n***\n\n\n*I am a bot, and this action was performed automatically. Please [contact the moderators of this subreddit](/message/compose/?to=/r/politics) if you have any questions or concerns.*",
            "ups": 1,
            "downs": 0
        },
        {
            "comment_id": "hinte7k",
            "body": "I\u2019m no big city lawyer, but in every one of these threads on this topic are people posting without reading the articles. The US is being sued by these families for a lot more - and still have not been reunited with their children.",
            "ups": 18,
            "downs": 0
        },
        {
            "comment_id": "hintiz5",
            "body": "There will undoubtably be dishonest dipshits who will come in here and say \u201cDemocrats are handing free money out to illegals\u201d. \n\nThis is false. They are trying to settle lawsuits. Lawsuits because the former administration decided to tear children away from their families. \n\nIf you are an actual fiscal Republican then you should easily recognize that doing this will save millions if not billions in litigation.",
            "ups": 18,
            "downs": 0
        },
        {
            "comment_id": "hint5y4",
            "body": "I'm not so sure if you can even get waiver for that since we're dealing with minors.  Pretty sure we're gonna get sued anyhow.",
            "ups": 2,
            "downs": 0
        },
        {
            "comment_id": "hio2dhm",
            "body": "Let\u2019s go Brandon!",
            "ups": -1,
            "downs": 0
        }
    ]
}