{
    "post_url": "https://www.reddit.com/r/Music/comments/qj055q/pat_smear_germs_nirvana_foo_fighters_is_finally/",
    "time_posted": "2021-10-30 08:06:11",
    "time_now": "2021-11-03 03:07:48",
    "ups": 7427,
    "downs": 0,
    "comments_since_last_sample": [],
    "top_comments_top": [
        {
            "comment_id": "hin4y4t",
            "body": "TWO! members of the Germs are being inducted into the Rock and Roll hall of fame this year.    Belinda Carlisle of the Go-Gos was in the Germs at first.",
            "ups": 546,
            "downs": 0
        },
        {
            "comment_id": "hin28b3",
            "body": "Honestly, the Rock and Roll hall of fame induction is a joke. Many people should be in who are not. Many people are in who should not.",
            "ups": 364,
            "downs": 0
        },
        {
            "comment_id": "hin03s5",
            "body": "It's good to see Kraftwerk get something since people like JayZ all sampled them.",
            "ups": 299,
            "downs": 0
        },
        {
            "comment_id": "himvade",
            "body": "I\u2019m happy Randy Rhodes is finally being recognized!",
            "ups": 168,
            "downs": 0
        },
        {
            "comment_id": "hin9yep",
            "body": "I misread and thought, the LATE Ozzy?",
            "ups": 86,
            "downs": 0
        }
    ],
    "top_comments_best": [
        {
            "comment_id": "hin4y4t",
            "body": "TWO! members of the Germs are being inducted into the Rock and Roll hall of fame this year.    Belinda Carlisle of the Go-Gos was in the Germs at first.",
            "ups": 546,
            "downs": 0
        },
        {
            "comment_id": "hin03s5",
            "body": "It's good to see Kraftwerk get something since people like JayZ all sampled them.",
            "ups": 301,
            "downs": 0
        },
        {
            "comment_id": "himvade",
            "body": "I\u2019m happy Randy Rhodes is finally being recognized!",
            "ups": 169,
            "downs": 0
        },
        {
            "comment_id": "hin9yep",
            "body": "I misread and thought, the LATE Ozzy?",
            "ups": 83,
            "downs": 0
        },
        {
            "comment_id": "hin28b3",
            "body": "Honestly, the Rock and Roll hall of fame induction is a joke. Many people should be in who are not. Many people are in who should not.",
            "ups": 362,
            "downs": 0
        }
    ],
    "top_comments_hot": [
        {
            "comment_id": "hin4y4t",
            "body": "TWO! members of the Germs are being inducted into the Rock and Roll hall of fame this year.    Belinda Carlisle of the Go-Gos was in the Germs at first.",
            "ups": 550,
            "downs": 0
        },
        {
            "comment_id": "hin03s5",
            "body": "It's good to see Kraftwerk get something since people like JayZ all sampled them.",
            "ups": 305,
            "downs": 0
        },
        {
            "comment_id": "himvade",
            "body": "I\u2019m happy Randy Rhodes is finally being recognized!",
            "ups": 172,
            "downs": 0
        },
        {
            "comment_id": "hin9yep",
            "body": "I misread and thought, the LATE Ozzy?",
            "ups": 86,
            "downs": 0
        },
        {
            "comment_id": "hin28b3",
            "body": "Honestly, the Rock and Roll hall of fame induction is a joke. Many people should be in who are not. Many people are in who should not.",
            "ups": 369,
            "downs": 0
        }
    ]
}