{
    "post_url": "https://www.reddit.com/r/LifeProTips/comments/qimmw9/lpt_never_ask_someone_for_their_number_give_yours/",
    "time_posted": "2021-10-29 17:18:06",
    "time_now": "2021-11-06 13:37:14",
    "ups": 15291,
    "downs": 0,
    "comments_since_last_sample": [],
    "top_comments_top": [
        {
            "comment_id": "hikc1ad",
            "body": "Hello and welcome to r/LifeProTips!\n\nPlease help us decide if this post is a good fit for the subreddit by up or downvoting this comment. \n\nIf you think that this is great advice to improve your life, please upvote. If you think this doesn't help you in any way, please downvote. If you don't care, leave it for the others to decide.",
            "ups": 1,
            "downs": 0
        },
        {
            "comment_id": "hikd1jq",
            "body": "This tip only works for finding a relationship. How will I know what number to call the mechanic when my car breaks down when he/she only has my number...",
            "ups": 4967,
            "downs": 0
        },
        {
            "comment_id": "hikh6sf",
            "body": "I like to say, \"Hey, let me give you my number.\" And then write it on a piece of paper and hand it to them.\n\nThen they look at it and it's just a giant number 4.\n\n99% of friendships start, according to my friend who is a liar, with two people laughing at something stupid.\n\nYou can use a different number, but I highly recommend the number 4 for the following reasons:\n\n* 4 is a boring number that nobody ever chooses as their favorite number, which is why it's the funniest choice. Humor subverts expectations.\n* 4 is a weird-looking number. Just look at it.\n* 4 isn't easily confused with any other letters or numbers.\n* 3 isn't enough anymore. Comedy used to come in threes, but inflation brought it up to 4.\n* 5 is too many and looks like the letter S.\n* 1 can look like an l, or a 7, or just a confusing line on a slip of paper.\n* 6 sounds too much like \"sex.\"\n* 7 is too predictable. Everyone picks 7. Don't pick 7.\n* 8 is slightly funny, but it looks like a B when handwritten.\n* 2 sucks. I'm not going to choose 2 because I hate it.\n* 9 is too odd and, frankly, 9 is a creepy number. I would watch out for anyone who chooses 9.\n* And anything more than 2 digits kills the joke.\n\nThat's why you should use 4, in my experience.",
            "ups": 1657,
            "downs": 0
        },
        {
            "comment_id": "hilu032",
            "body": "My fianc\u00e9 did this with me. When he met me I was pretty much mentally checked out of wanting to pursue any relationships due to some really screwed up things that had happened in my life so I didn\u2019t actually reach out for like a month. He saw me several times a week at the gym which is where I was working. Always just friendly, short greetings when he arrived and left. Never asked me why I hadn\u2019t texted. Never even brought it up. Coolest customer I ever saw. And even though my head wasn\u2019t on right, I was still really impressed with his confidence. I\u2019d say his patience was very soundly rewarded. And I still think back on that and find myself impressed with the way he behaved towards me, especially now, knowing what he was actually thinking about me \ud83d\ude1c \nHe also happens to be the best thing that\u2019s ever happened to me too so \ud83d\ude0a",
            "ups": 992,
            "downs": 0
        },
        {
            "comment_id": "hiksfjs",
            "body": "I lost my phone number, could I have yours?",
            "ups": 784,
            "downs": 0
        }
    ],
    "top_comments_best": [
        {
            "comment_id": "hikc1ad",
            "body": "Hello and welcome to r/LifeProTips!\n\nPlease help us decide if this post is a good fit for the subreddit by up or downvoting this comment. \n\nIf you think that this is great advice to improve your life, please upvote. If you think this doesn't help you in any way, please downvote. If you don't care, leave it for the others to decide.",
            "ups": 1,
            "downs": 0
        },
        {
            "comment_id": "hikd1jq",
            "body": "This tip only works for finding a relationship. How will I know what number to call the mechanic when my car breaks down when he/she only has my number...",
            "ups": 4967,
            "downs": 0
        },
        {
            "comment_id": "hils1oq",
            "body": "Scribbling it on bathroom stall walls is a quirky alternative",
            "ups": 420,
            "downs": 0
        },
        {
            "comment_id": "hilu032",
            "body": "My fianc\u00e9 did this with me. When he met me I was pretty much mentally checked out of wanting to pursue any relationships due to some really screwed up things that had happened in my life so I didn\u2019t actually reach out for like a month. He saw me several times a week at the gym which is where I was working. Always just friendly, short greetings when he arrived and left. Never asked me why I hadn\u2019t texted. Never even brought it up. Coolest customer I ever saw. And even though my head wasn\u2019t on right, I was still really impressed with his confidence. I\u2019d say his patience was very soundly rewarded. And I still think back on that and find myself impressed with the way he behaved towards me, especially now, knowing what he was actually thinking about me \ud83d\ude1c \nHe also happens to be the best thing that\u2019s ever happened to me too so \ud83d\ude0a",
            "ups": 991,
            "downs": 0
        },
        {
            "comment_id": "hiksfjs",
            "body": "I lost my phone number, could I have yours?",
            "ups": 787,
            "downs": 0
        }
    ],
    "top_comments_hot": [
        {
            "comment_id": "hikc1ad",
            "body": "Hello and welcome to r/LifeProTips!\n\nPlease help us decide if this post is a good fit for the subreddit by up or downvoting this comment. \n\nIf you think that this is great advice to improve your life, please upvote. If you think this doesn't help you in any way, please downvote. If you don't care, leave it for the others to decide.",
            "ups": 1,
            "downs": 0
        },
        {
            "comment_id": "hikd1jq",
            "body": "This tip only works for finding a relationship. How will I know what number to call the mechanic when my car breaks down when he/she only has my number...",
            "ups": 4961,
            "downs": 0
        },
        {
            "comment_id": "hils1oq",
            "body": "Scribbling it on bathroom stall walls is a quirky alternative",
            "ups": 420,
            "downs": 0
        },
        {
            "comment_id": "hilu032",
            "body": "My fianc\u00e9 did this with me. When he met me I was pretty much mentally checked out of wanting to pursue any relationships due to some really screwed up things that had happened in my life so I didn\u2019t actually reach out for like a month. He saw me several times a week at the gym which is where I was working. Always just friendly, short greetings when he arrived and left. Never asked me why I hadn\u2019t texted. Never even brought it up. Coolest customer I ever saw. And even though my head wasn\u2019t on right, I was still really impressed with his confidence. I\u2019d say his patience was very soundly rewarded. And I still think back on that and find myself impressed with the way he behaved towards me, especially now, knowing what he was actually thinking about me \ud83d\ude1c \nHe also happens to be the best thing that\u2019s ever happened to me too so \ud83d\ude0a",
            "ups": 989,
            "downs": 0
        },
        {
            "comment_id": "hiksfjs",
            "body": "I lost my phone number, could I have yours?",
            "ups": 785,
            "downs": 0
        }
    ]
}