{
    "post_url": "https://www.reddit.com/r/politics/comments/qj2182/he_needs_to_step_up_ocasiocortez_urges_new/",
    "time_posted": "2021-10-30 09:58:32",
    "time_now": "2021-11-03 11:24:48",
    "ups": 806,
    "downs": 0,
    "comments_since_last_sample": [],
    "top_comments_top": [
        {
            "comment_id": "hin6bh0",
            "body": "\nAs a reminder, this subreddit [is for civil discussion.](/r/politics/wiki/index#wiki_be_civil)\n\nIn general, be courteous to others. Debate/discuss/argue the merits of ideas, don't attack people. Personal insults, shill or troll accusations, hate speech, any suggestion or support of harm, violence, or death, and other rule violations can result in a permanent ban. \n\nIf you see comments in violation of our rules, please report them.\n\n For those who have questions regarding any media outlets being posted on this subreddit, please click [here](https://www.reddit.com/r/politics/wiki/approveddomainslist) to review our details as to our approved domains list and outlet criteria.\n\n***\n\n\n*I am a bot, and this action was performed automatically. Please [contact the moderators of this subreddit](/message/compose/?to=/r/politics) if you have any questions or concerns.*",
            "ups": 1,
            "downs": 0
        },
        {
            "comment_id": "hin75w9",
            "body": "\"Organizing\" and \"preparing\" action isn't the problem. \n\nThe problem is a never-ending *preparation for* action and never actual action.",
            "ups": 35,
            "downs": 0
        },
        {
            "comment_id": "hiolb5d",
            "body": "If the Biden administration does nothing for student debt relief I will not vote for them in 2024.",
            "ups": 17,
            "downs": 0
        },
        {
            "comment_id": "hinwqag",
            "body": "While I think people want change, it\u2019s too slow to arrive, and they\u2019ve resigned to live within this system. Anguish is taxing when all you ever hear is Sinema, Manchin, Congress can only do this, Biden can do this, etc.",
            "ups": 14,
            "downs": 0
        },
        {
            "comment_id": "hio6w8m",
            "body": "My check is already being garnished again for student loans\ud83d\udc80",
            "ups": 14,
            "downs": 0
        }
    ],
    "top_comments_best": [
        {
            "comment_id": "hin6bh0",
            "body": "\nAs a reminder, this subreddit [is for civil discussion.](/r/politics/wiki/index#wiki_be_civil)\n\nIn general, be courteous to others. Debate/discuss/argue the merits of ideas, don't attack people. Personal insults, shill or troll accusations, hate speech, any suggestion or support of harm, violence, or death, and other rule violations can result in a permanent ban. \n\nIf you see comments in violation of our rules, please report them.\n\n For those who have questions regarding any media outlets being posted on this subreddit, please click [here](https://www.reddit.com/r/politics/wiki/approveddomainslist) to review our details as to our approved domains list and outlet criteria.\n\n***\n\n\n*I am a bot, and this action was performed automatically. Please [contact the moderators of this subreddit](/message/compose/?to=/r/politics) if you have any questions or concerns.*",
            "ups": 1,
            "downs": 0
        },
        {
            "comment_id": "hinwqag",
            "body": "While I think people want change, it\u2019s too slow to arrive, and they\u2019ve resigned to live within this system. Anguish is taxing when all you ever hear is Sinema, Manchin, Congress can only do this, Biden can do this, etc.",
            "ups": 15,
            "downs": 0
        },
        {
            "comment_id": "hin75w9",
            "body": "\"Organizing\" and \"preparing\" action isn't the problem. \n\nThe problem is a never-ending *preparation for* action and never actual action.",
            "ups": 35,
            "downs": 0
        },
        {
            "comment_id": "hio6w8m",
            "body": "My check is already being garnished again for student loans\ud83d\udc80",
            "ups": 13,
            "downs": 0
        },
        {
            "comment_id": "hirgfxm",
            "body": "A good education shouldn't cost this much, period. The amount of debt that has burdened this generation is a consequence if greed, plain and simple. These children could not have known how this situation would play out, and yes, when they registered for classes and studied in college they were very much children. You don't \"prepare\" for college so much as you \"do everything you can to get in because society instills fear from birth about not having a degree\".\n\nFear + ignorance + adult encouragement = a decision you couldn't possibly be prepared for.",
            "ups": 3,
            "downs": 0
        }
    ],
    "top_comments_hot": [
        {
            "comment_id": "hin6bh0",
            "body": "\nAs a reminder, this subreddit [is for civil discussion.](/r/politics/wiki/index#wiki_be_civil)\n\nIn general, be courteous to others. Debate/discuss/argue the merits of ideas, don't attack people. Personal insults, shill or troll accusations, hate speech, any suggestion or support of harm, violence, or death, and other rule violations can result in a permanent ban. \n\nIf you see comments in violation of our rules, please report them.\n\n For those who have questions regarding any media outlets being posted on this subreddit, please click [here](https://www.reddit.com/r/politics/wiki/approveddomainslist) to review our details as to our approved domains list and outlet criteria.\n\n***\n\n\n*I am a bot, and this action was performed automatically. Please [contact the moderators of this subreddit](/message/compose/?to=/r/politics) if you have any questions or concerns.*",
            "ups": 1,
            "downs": 0
        },
        {
            "comment_id": "hinwqag",
            "body": "While I think people want change, it\u2019s too slow to arrive, and they\u2019ve resigned to live within this system. Anguish is taxing when all you ever hear is Sinema, Manchin, Congress can only do this, Biden can do this, etc.",
            "ups": 14,
            "downs": 0
        },
        {
            "comment_id": "hin75w9",
            "body": "\"Organizing\" and \"preparing\" action isn't the problem. \n\nThe problem is a never-ending *preparation for* action and never actual action.",
            "ups": 34,
            "downs": 0
        },
        {
            "comment_id": "hio6w8m",
            "body": "My check is already being garnished again for student loans\ud83d\udc80",
            "ups": 14,
            "downs": 0
        },
        {
            "comment_id": "hirgfxm",
            "body": "A good education shouldn't cost this much, period. The amount of debt that has burdened this generation is a consequence if greed, plain and simple. These children could not have known how this situation would play out, and yes, when they registered for classes and studied in college they were very much children. You don't \"prepare\" for college so much as you \"do everything you can to get in because society instills fear from birth about not having a degree\".\n\nFear + ignorance + adult encouragement = a decision you couldn't possibly be prepared for.",
            "ups": 4,
            "downs": 0
        }
    ]
}