{
    "post_url": "https://www.reddit.com/r/politics/comments/qj46my/kansas_legislator_compares_covid19_vaccine/",
    "time_posted": "2021-10-30 11:48:02",
    "time_now": "2021-11-02 06:33:25",
    "ups": 45,
    "downs": 0,
    "comments_since_last_sample": [],
    "top_comments_top": [
        {
            "comment_id": "hinkr2q",
            "body": "\nAs a reminder, this subreddit [is for civil discussion.](/r/politics/wiki/index#wiki_be_civil)\n\nIn general, be courteous to others. Debate/discuss/argue the merits of ideas, don't attack people. Personal insults, shill or troll accusations, hate speech, any suggestion or support of harm, violence, or death, and other rule violations can result in a permanent ban. \n\nIf you see comments in violation of our rules, please report them.\n\n For those who have questions regarding any media outlets being posted on this subreddit, please click [here](https://www.reddit.com/r/politics/wiki/approveddomainslist) to review our details as to our approved domains list and outlet criteria.\n\n***\n\n\n*I am a bot, and this action was performed automatically. Please [contact the moderators of this subreddit](/message/compose/?to=/r/politics) if you have any questions or concerns.*",
            "ups": 1,
            "downs": 0
        },
        {
            "comment_id": "hinlkbj",
            "body": "If it wasn't for the use of buzzwords some of these people wouldn't be able to communicate with their base at all.",
            "ups": 13,
            "downs": 0
        },
        {
            "comment_id": "hinm4hz",
            "body": "The Nazis calling a life saving vaccine racist?",
            "ups": 8,
            "downs": 0
        },
        {
            "comment_id": "hinnc12",
            "body": "Vaccines save lives.... showers with gas takes lives.  Morons.",
            "ups": 3,
            "downs": 0
        },
        {
            "comment_id": "hinoian",
            "body": "landwehr is just mad that she was too late to join the wehrmacht",
            "ups": 4,
            "downs": 0
        }
    ],
    "top_comments_best": [
        {
            "comment_id": "hinkr2q",
            "body": "\nAs a reminder, this subreddit [is for civil discussion.](/r/politics/wiki/index#wiki_be_civil)\n\nIn general, be courteous to others. Debate/discuss/argue the merits of ideas, don't attack people. Personal insults, shill or troll accusations, hate speech, any suggestion or support of harm, violence, or death, and other rule violations can result in a permanent ban. \n\nIf you see comments in violation of our rules, please report them.\n\n For those who have questions regarding any media outlets being posted on this subreddit, please click [here](https://www.reddit.com/r/politics/wiki/approveddomainslist) to review our details as to our approved domains list and outlet criteria.\n\n***\n\n\n*I am a bot, and this action was performed automatically. Please [contact the moderators of this subreddit](/message/compose/?to=/r/politics) if you have any questions or concerns.*",
            "ups": 1,
            "downs": 0
        },
        {
            "comment_id": "hinlkbj",
            "body": "If it wasn't for the use of buzzwords some of these people wouldn't be able to communicate with their base at all.",
            "ups": 14,
            "downs": 0
        },
        {
            "comment_id": "hinm4hz",
            "body": "The Nazis calling a life saving vaccine racist?",
            "ups": 8,
            "downs": 0
        },
        {
            "comment_id": "hinogwd",
            "body": "Nuremburg Code, anyone?",
            "ups": 2,
            "downs": 0
        },
        {
            "comment_id": "hinnc12",
            "body": "Vaccines save lives.... showers with gas takes lives.  Morons.",
            "ups": 3,
            "downs": 0
        }
    ],
    "top_comments_hot": [
        {
            "comment_id": "hinkr2q",
            "body": "\nAs a reminder, this subreddit [is for civil discussion.](/r/politics/wiki/index#wiki_be_civil)\n\nIn general, be courteous to others. Debate/discuss/argue the merits of ideas, don't attack people. Personal insults, shill or troll accusations, hate speech, any suggestion or support of harm, violence, or death, and other rule violations can result in a permanent ban. \n\nIf you see comments in violation of our rules, please report them.\n\n For those who have questions regarding any media outlets being posted on this subreddit, please click [here](https://www.reddit.com/r/politics/wiki/approveddomainslist) to review our details as to our approved domains list and outlet criteria.\n\n***\n\n\n*I am a bot, and this action was performed automatically. Please [contact the moderators of this subreddit](/message/compose/?to=/r/politics) if you have any questions or concerns.*",
            "ups": 1,
            "downs": 0
        },
        {
            "comment_id": "hinlkbj",
            "body": "If it wasn't for the use of buzzwords some of these people wouldn't be able to communicate with their base at all.",
            "ups": 14,
            "downs": 0
        },
        {
            "comment_id": "hinm4hz",
            "body": "The Nazis calling a life saving vaccine racist?",
            "ups": 8,
            "downs": 0
        },
        {
            "comment_id": "hinogwd",
            "body": "Nuremburg Code, anyone?",
            "ups": 2,
            "downs": 0
        },
        {
            "comment_id": "hinnc12",
            "body": "Vaccines save lives.... showers with gas takes lives.  Morons.",
            "ups": 2,
            "downs": 0
        }
    ]
}