{
    "post_url": "https://www.reddit.com/r/Music/comments/qixqos/effemme_big_fat_lie_hiphop/",
    "time_posted": "2021-10-30 05:13:23",
    "time_now": "2021-11-04 16:12:45",
    "ups": 1,
    "downs": 0,
    "comments_since_last_sample": [],
    "top_comments_top": [
        {
            "comment_id": "hinu5nk",
            "body": "Works for me",
            "ups": 1,
            "downs": 0
        }
    ],
    "top_comments_best": [
        {
            "comment_id": "hinu5nk",
            "body": "Works for me",
            "ups": 1,
            "downs": 0
        }
    ],
    "top_comments_hot": [
        {
            "comment_id": "hinu5nk",
            "body": "Works for me",
            "ups": 1,
            "downs": 0
        }
    ]
}