{
    "post_url": "https://www.reddit.com/r/LifeProTips/comments/qiyv4i/lpt_the_three_steps_to_an_effective_apology/",
    "time_posted": "2021-10-30 06:37:12",
    "time_now": "2021-11-04 12:09:44",
    "ups": 1669,
    "downs": 0,
    "comments_since_last_sample": [],
    "top_comments_top": [
        {
            "comment_id": "himmo34",
            "body": "Hello and welcome to r/LifeProTips!\n\nPlease help us decide if this post is a good fit for the subreddit by up or downvoting this comment. \n\nIf you think that this is great advice to improve your life, please upvote. If you think this doesn't help you in any way, please downvote. If you don't care, leave it for the others to decide.",
            "ups": 1,
            "downs": 0
        },
        {
            "comment_id": "himqqj1",
            "body": "Step 4. Actually do things differently in the future",
            "ups": 216,
            "downs": 0
        },
        {
            "comment_id": "himtg09",
            "body": "My mom's advice about apologies, and in general\n\n\"Don't say you're sorry unless you mean it.\" and \n\n\"Sorry means you won't do it again.\" And lastly, \n\n\"Say what you mean, and mean what you say.\"",
            "ups": 176,
            "downs": 0
        },
        {
            "comment_id": "hineyp3",
            "body": "It really is that simple.\n\n&gt;1. Say you\u2019re sorry and what you did\n\nVery good. An apology is unconditional, and it's about what you did, not \"what happened\". \n\nDon't do an **If**pology (*I'm sorry* **if** *I hurt you*). Those suck.     \nDon't offer condolences (*I'm sorry that you* **got hurt**). That's cowardly.",
            "ups": 171,
            "downs": 0
        },
        {
            "comment_id": "hinkq1w",
            "body": "Missed the 4th. Accept your fate.    Too many appear to think apologizing cleans the slate.   It doesn\u2019t.",
            "ups": 27,
            "downs": 0
        }
    ],
    "top_comments_best": [
        {
            "comment_id": "himmo34",
            "body": "Hello and welcome to r/LifeProTips!\n\nPlease help us decide if this post is a good fit for the subreddit by up or downvoting this comment. \n\nIf you think that this is great advice to improve your life, please upvote. If you think this doesn't help you in any way, please downvote. If you don't care, leave it for the others to decide.",
            "ups": 1,
            "downs": 0
        },
        {
            "comment_id": "hineyp3",
            "body": "It really is that simple.\n\n&gt;1. Say you\u2019re sorry and what you did\n\nVery good. An apology is unconditional, and it's about what you did, not \"what happened\". \n\nDon't do an **If**pology (*I'm sorry* **if** *I hurt you*). Those suck.     \nDon't offer condolences (*I'm sorry that you* **got hurt**). That's cowardly.",
            "ups": 170,
            "downs": 0
        },
        {
            "comment_id": "himtg09",
            "body": "My mom's advice about apologies, and in general\n\n\"Don't say you're sorry unless you mean it.\" and \n\n\"Sorry means you won't do it again.\" And lastly, \n\n\"Say what you mean, and mean what you say.\"",
            "ups": 181,
            "downs": 0
        },
        {
            "comment_id": "himqqj1",
            "body": "Step 4. Actually do things differently in the future",
            "ups": 211,
            "downs": 0
        },
        {
            "comment_id": "hinkq1w",
            "body": "Missed the 4th. Accept your fate.    Too many appear to think apologizing cleans the slate.   It doesn\u2019t.",
            "ups": 28,
            "downs": 0
        }
    ],
    "top_comments_hot": [
        {
            "comment_id": "himmo34",
            "body": "Hello and welcome to r/LifeProTips!\n\nPlease help us decide if this post is a good fit for the subreddit by up or downvoting this comment. \n\nIf you think that this is great advice to improve your life, please upvote. If you think this doesn't help you in any way, please downvote. If you don't care, leave it for the others to decide.",
            "ups": 1,
            "downs": 0
        },
        {
            "comment_id": "hineyp3",
            "body": "It really is that simple.\n\n&gt;1. Say you\u2019re sorry and what you did\n\nVery good. An apology is unconditional, and it's about what you did, not \"what happened\". \n\nDon't do an **If**pology (*I'm sorry* **if** *I hurt you*). Those suck.     \nDon't offer condolences (*I'm sorry that you* **got hurt**). That's cowardly.",
            "ups": 173,
            "downs": 0
        },
        {
            "comment_id": "himtg09",
            "body": "My mom's advice about apologies, and in general\n\n\"Don't say you're sorry unless you mean it.\" and \n\n\"Sorry means you won't do it again.\" And lastly, \n\n\"Say what you mean, and mean what you say.\"",
            "ups": 179,
            "downs": 0
        },
        {
            "comment_id": "himqqj1",
            "body": "Step 4. Actually do things differently in the future",
            "ups": 216,
            "downs": 0
        },
        {
            "comment_id": "hinkq1w",
            "body": "Missed the 4th. Accept your fate.    Too many appear to think apologizing cleans the slate.   It doesn\u2019t.",
            "ups": 30,
            "downs": 0
        }
    ]
}