{
    "post_url": "https://www.reddit.com/r/gaming/comments/qj38tx/far_cry_6_or_ratchet_and_clank_rift_apart_for_ps5/",
    "time_posted": "2021-10-30 11:01:20",
    "time_now": "2021-11-05 00:27:58",
    "ups": 0,
    "downs": 0,
    "comments_since_last_sample": [],
    "top_comments_top": [
        {
            "comment_id": "hinejbd",
            "body": "Good question, i'd personally go w ratchet and clank for personal taste\n\nAs long as you don't go w FIFA tho both will be really good choices",
            "ups": 6,
            "downs": 0
        },
        {
            "comment_id": "hing4pm",
            "body": "Controversial but if you really want to get more bang for your buck in terms of hours and playtime, Far Cry 6.\n\nIf you want a short but more memorable experience, Ratchet.",
            "ups": 3,
            "downs": 0
        },
        {
            "comment_id": "hineu08",
            "body": "You looking to play strictly solo or possibly some multi-player? Far Cry is fun solo and you can play your campaign then join a friend's to help them. It keeps each players' campaign data seperate.",
            "ups": 3,
            "downs": 0
        },
        {
            "comment_id": "hinngfa",
            "body": "I played Ratchet and had a blast but I completed the game in a week.  Not sure you can do that with Far Cry.  I guess I'd you want a game you can finish Ratchet, if you want a game that will go on and on, Far Cry",
            "ups": 2,
            "downs": 0
        },
        {
            "comment_id": "hiot5w6",
            "body": "Rc",
            "ups": 2,
            "downs": 0
        }
    ],
    "top_comments_best": [
        {
            "comment_id": "hing4pm",
            "body": "Controversial but if you really want to get more bang for your buck in terms of hours and playtime, Far Cry 6.\n\nIf you want a short but more memorable experience, Ratchet.",
            "ups": 4,
            "downs": 0
        },
        {
            "comment_id": "hineu08",
            "body": "You looking to play strictly solo or possibly some multi-player? Far Cry is fun solo and you can play your campaign then join a friend's to help them. It keeps each players' campaign data seperate.",
            "ups": 3,
            "downs": 0
        },
        {
            "comment_id": "hinejbd",
            "body": "Good question, i'd personally go w ratchet and clank for personal taste\n\nAs long as you don't go w FIFA tho both will be really good choices",
            "ups": 6,
            "downs": 0
        },
        {
            "comment_id": "hinngfa",
            "body": "I played Ratchet and had a blast but I completed the game in a week.  Not sure you can do that with Far Cry.  I guess I'd you want a game you can finish Ratchet, if you want a game that will go on and on, Far Cry",
            "ups": 2,
            "downs": 0
        },
        {
            "comment_id": "hiot5w6",
            "body": "Rc",
            "ups": 2,
            "downs": 0
        }
    ],
    "top_comments_hot": [
        {
            "comment_id": "hing4pm",
            "body": "Controversial but if you really want to get more bang for your buck in terms of hours and playtime, Far Cry 6.\n\nIf you want a short but more memorable experience, Ratchet.",
            "ups": 4,
            "downs": 0
        },
        {
            "comment_id": "hineu08",
            "body": "You looking to play strictly solo or possibly some multi-player? Far Cry is fun solo and you can play your campaign then join a friend's to help them. It keeps each players' campaign data seperate.",
            "ups": 3,
            "downs": 0
        },
        {
            "comment_id": "hinejbd",
            "body": "Good question, i'd personally go w ratchet and clank for personal taste\n\nAs long as you don't go w FIFA tho both will be really good choices",
            "ups": 5,
            "downs": 0
        },
        {
            "comment_id": "hinngfa",
            "body": "I played Ratchet and had a blast but I completed the game in a week.  Not sure you can do that with Far Cry.  I guess I'd you want a game you can finish Ratchet, if you want a game that will go on and on, Far Cry",
            "ups": 2,
            "downs": 0
        },
        {
            "comment_id": "hiot5w6",
            "body": "Rc",
            "ups": 2,
            "downs": 0
        }
    ]
}