{
    "post_url": "https://www.reddit.com/r/Music/comments/qj4g8m/end_of_the_world/",
    "time_posted": "2021-10-30 12:01:11",
    "time_now": "2021-11-03 19:36:40",
    "ups": 1,
    "downs": 0,
    "comments_since_last_sample": [],
    "top_comments_top": [
        {
            "comment_id": "hinmsr2",
            "body": "It\u2019s the End of the World as we Know it (And I feel fine) - R.E.M.",
            "ups": 2,
            "downs": 0
        },
        {
            "comment_id": "hintba5",
            "body": "https://youtu.be/Ddi2TBnzdPo",
            "ups": 1,
            "downs": 0
        },
        {
            "comment_id": "hinw0ix",
            "body": "4th of July by Soundgarden.",
            "ups": 1,
            "downs": 0
        },
        {
            "comment_id": "hiotemd",
            "body": "In the year 2525 - zager and evans",
            "ups": 1,
            "downs": 0
        },
        {
            "comment_id": "hiou0ky",
            "body": "Ready For The End Of The World ~ George Strait\nIt\u2019s about the end of a relationship",
            "ups": 1,
            "downs": 0
        }
    ],
    "top_comments_best": [
        {
            "comment_id": "hinmsr2",
            "body": "It\u2019s the End of the World as we Know it (And I feel fine) - R.E.M.",
            "ups": 2,
            "downs": 0
        },
        {
            "comment_id": "hintba5",
            "body": "https://youtu.be/Ddi2TBnzdPo",
            "ups": 1,
            "downs": 0
        },
        {
            "comment_id": "hinw0ix",
            "body": "4th of July by Soundgarden.",
            "ups": 1,
            "downs": 0
        },
        {
            "comment_id": "hiotemd",
            "body": "In the year 2525 - zager and evans",
            "ups": 1,
            "downs": 0
        },
        {
            "comment_id": "hiou0ky",
            "body": "Ready For The End Of The World ~ George Strait\nIt\u2019s about the end of a relationship",
            "ups": 1,
            "downs": 0
        }
    ],
    "top_comments_hot": [
        {
            "comment_id": "hinmsr2",
            "body": "It\u2019s the End of the World as we Know it (And I feel fine) - R.E.M.",
            "ups": 2,
            "downs": 0
        },
        {
            "comment_id": "hintba5",
            "body": "https://youtu.be/Ddi2TBnzdPo",
            "ups": 1,
            "downs": 0
        },
        {
            "comment_id": "hinw0ix",
            "body": "4th of July by Soundgarden.",
            "ups": 1,
            "downs": 0
        },
        {
            "comment_id": "hiotemd",
            "body": "In the year 2525 - zager and evans",
            "ups": 1,
            "downs": 0
        },
        {
            "comment_id": "hiou0ky",
            "body": "Ready For The End Of The World ~ George Strait\nIt\u2019s about the end of a relationship",
            "ups": 1,
            "downs": 0
        }
    ]
}