{
    "post_url": "https://www.reddit.com/r/Music/comments/qix73e/im_trying_to_find_a_hip_hop_dance_video_to_emile/",
    "time_posted": "2021-10-30 04:30:54",
    "time_now": "2021-11-03 19:37:15",
    "ups": 0,
    "downs": 0,
    "comments_since_last_sample": [],
    "top_comments_top": [
        {
            "comment_id": "hins60b",
            "body": "Hello",
            "ups": 1,
            "downs": 0
        }
    ],
    "top_comments_best": [
        {
            "comment_id": "hins60b",
            "body": "Hello",
            "ups": 1,
            "downs": 0
        }
    ],
    "top_comments_hot": [
        {
            "comment_id": "hins60b",
            "body": "Hello",
            "ups": 1,
            "downs": 0
        }
    ]
}