{
    "post_url": "https://www.reddit.com/r/gaming/comments/qj2gzv/i_never_really_played_an_mmo_should_i_start_with/",
    "time_posted": "2021-10-30 10:21:59",
    "time_now": "2021-11-05 00:28:08",
    "ups": 5,
    "downs": 0,
    "comments_since_last_sample": [],
    "top_comments_top": [
        {
            "comment_id": "hin9lps",
            "body": "No, it\u2019s straight up trash and broken. \n\nStart with FFXIV, it\u2019s the best MMO currently on the market and extremely friendly to new players.",
            "ups": 7,
            "downs": 0
        },
        {
            "comment_id": "hinc6x4",
            "body": "Runescape is free and can be played in browser",
            "ups": 2,
            "downs": 0
        },
        {
            "comment_id": "hin9jyf",
            "body": "....are there starter mmo's or something?",
            "ups": 2,
            "downs": 0
        },
        {
            "comment_id": "hiniosn",
            "body": "You\u2019re asking for opinions on MMOs, you\u2019re gonna get a million different opinions. Example, I think Final Fantasy and starting out in that game basically has you running errands whereas a game like WoW puts you directly into combat. My suggestion is to pick one that looks fun and go w it. Pretty much all MMOs today are newb friendly, games like Eve and Ultima Online with high learning curves are pretty much in the past.\n\nIf you really want to find a recommendation of what to do, find out what style of player you want to be and what MMO fits that style. With all that being said, if I had the time to be playing a MMO I would be playing Burning Crusade Classic. The best era of World of Warcraft IMO",
            "ups": 2,
            "downs": 0
        },
        {
            "comment_id": "hinhtio",
            "body": "Definitely not. The game is just a cash grab and lacks in the fun department",
            "ups": 1,
            "downs": 0
        }
    ],
    "top_comments_best": [
        {
            "comment_id": "hin9jyf",
            "body": "....are there starter mmo's or something?",
            "ups": 2,
            "downs": 0
        },
        {
            "comment_id": "hiniosn",
            "body": "You\u2019re asking for opinions on MMOs, you\u2019re gonna get a million different opinions. Example, I think Final Fantasy and starting out in that game basically has you running errands whereas a game like WoW puts you directly into combat. My suggestion is to pick one that looks fun and go w it. Pretty much all MMOs today are newb friendly, games like Eve and Ultima Online with high learning curves are pretty much in the past.\n\nIf you really want to find a recommendation of what to do, find out what style of player you want to be and what MMO fits that style. With all that being said, if I had the time to be playing a MMO I would be playing Burning Crusade Classic. The best era of World of Warcraft IMO",
            "ups": 2,
            "downs": 0
        },
        {
            "comment_id": "hin9lps",
            "body": "No, it\u2019s straight up trash and broken. \n\nStart with FFXIV, it\u2019s the best MMO currently on the market and extremely friendly to new players.",
            "ups": 7,
            "downs": 0
        },
        {
            "comment_id": "hinc6x4",
            "body": "Runescape is free and can be played in browser",
            "ups": 2,
            "downs": 0
        },
        {
            "comment_id": "hinhtio",
            "body": "Definitely not. The game is just a cash grab and lacks in the fun department",
            "ups": 1,
            "downs": 0
        }
    ],
    "top_comments_hot": [
        {
            "comment_id": "hin9jyf",
            "body": "....are there starter mmo's or something?",
            "ups": 2,
            "downs": 0
        },
        {
            "comment_id": "hiniosn",
            "body": "You\u2019re asking for opinions on MMOs, you\u2019re gonna get a million different opinions. Example, I think Final Fantasy and starting out in that game basically has you running errands whereas a game like WoW puts you directly into combat. My suggestion is to pick one that looks fun and go w it. Pretty much all MMOs today are newb friendly, games like Eve and Ultima Online with high learning curves are pretty much in the past.\n\nIf you really want to find a recommendation of what to do, find out what style of player you want to be and what MMO fits that style. With all that being said, if I had the time to be playing a MMO I would be playing Burning Crusade Classic. The best era of World of Warcraft IMO",
            "ups": 2,
            "downs": 0
        },
        {
            "comment_id": "hin9lps",
            "body": "No, it\u2019s straight up trash and broken. \n\nStart with FFXIV, it\u2019s the best MMO currently on the market and extremely friendly to new players.",
            "ups": 6,
            "downs": 0
        },
        {
            "comment_id": "hinc6x4",
            "body": "Runescape is free and can be played in browser",
            "ups": 4,
            "downs": 0
        },
        {
            "comment_id": "hinhtio",
            "body": "Definitely not. The game is just a cash grab and lacks in the fun department",
            "ups": 1,
            "downs": 0
        }
    ]
}