{
    "post_url": "https://www.reddit.com/r/LifeProTips/comments/qidmcb/lpt_request_jobs_that_dont_require_college/",
    "time_posted": "2021-10-29 10:06:54",
    "time_now": "2021-11-05 00:32:21",
    "ups": 1,
    "downs": 0,
    "comments_since_last_sample": [],
    "top_comments_top": [
        {
            "comment_id": "hiiipiz",
            "body": "Hello and welcome to r/LifeProTips!\n\nPlease help us decide if this post is a good fit for the subreddit by up or downvoting this comment. \n\nIf you think that this is great advice to improve your life, please upvote. If you think this doesn't help you in any way, please downvote. If you don't care, leave it for the others to decide.",
            "ups": 1,
            "downs": 0
        },
        {
            "comment_id": "hiikjtn",
            "body": "Not sure how severe your no math requirement is. Pharmacy tech is a lot of counting, but not too much math. Math is the only subject I ever failed in school, but I loved being a tech. It\u2019s mostly the same 30days x 2 a day = 60, 30days x 1.5 a day = 45, over and over all day. You memorize everything pretty quick. \n\nIf you have something like dyscalculia it might not be a great fit though. :/",
            "ups": 4,
            "downs": 0
        },
        {
            "comment_id": "hiiznzq",
            "body": "Sales. My bf had a HS diploma and makes 3x what I make in a technical field with 2 degrees. If you can be personable with people, find a company that sells a nice product (my bf is in home construction) and pays on commission. If you are not naturally good with people, you can practice on the job. Good luck!",
            "ups": 3,
            "downs": 0
        },
        {
            "comment_id": "hiijadl",
            "body": "Welders and construction both pay relatively well, from what I've heard. There could be heights involved, but it'll probably depend on where you work and what you work on.",
            "ups": 2,
            "downs": 0
        },
        {
            "comment_id": "hiilo9d",
            "body": "Sales always seems to pay well, working at a cell retail store, car dealerships, ECT.  They definitely are not for everyone but commissions can be good.  I also got a buddy who just started installing alarm systems and is doing well, but there is sales involved with that as well.",
            "ups": 2,
            "downs": 0
        }
    ],
    "top_comments_best": [
        {
            "comment_id": "hiiipiz",
            "body": "Hello and welcome to r/LifeProTips!\n\nPlease help us decide if this post is a good fit for the subreddit by up or downvoting this comment. \n\nIf you think that this is great advice to improve your life, please upvote. If you think this doesn't help you in any way, please downvote. If you don't care, leave it for the others to decide.",
            "ups": 1,
            "downs": 0
        },
        {
            "comment_id": "hiikjtn",
            "body": "Not sure how severe your no math requirement is. Pharmacy tech is a lot of counting, but not too much math. Math is the only subject I ever failed in school, but I loved being a tech. It\u2019s mostly the same 30days x 2 a day = 60, 30days x 1.5 a day = 45, over and over all day. You memorize everything pretty quick. \n\nIf you have something like dyscalculia it might not be a great fit though. :/",
            "ups": 5,
            "downs": 0
        },
        {
            "comment_id": "hiiznzq",
            "body": "Sales. My bf had a HS diploma and makes 3x what I make in a technical field with 2 degrees. If you can be personable with people, find a company that sells a nice product (my bf is in home construction) and pays on commission. If you are not naturally good with people, you can practice on the job. Good luck!",
            "ups": 3,
            "downs": 0
        },
        {
            "comment_id": "hiilo9d",
            "body": "Sales always seems to pay well, working at a cell retail store, car dealerships, ECT.  They definitely are not for everyone but commissions can be good.  I also got a buddy who just started installing alarm systems and is doing well, but there is sales involved with that as well.",
            "ups": 2,
            "downs": 0
        },
        {
            "comment_id": "hikmblh",
            "body": "Consider OR technician (the people who hand instruments to surgeons)\u2014the pandemic has led to a HUGE shortage",
            "ups": 2,
            "downs": 0
        }
    ],
    "top_comments_hot": [
        {
            "comment_id": "hiiipiz",
            "body": "Hello and welcome to r/LifeProTips!\n\nPlease help us decide if this post is a good fit for the subreddit by up or downvoting this comment. \n\nIf you think that this is great advice to improve your life, please upvote. If you think this doesn't help you in any way, please downvote. If you don't care, leave it for the others to decide.",
            "ups": 1,
            "downs": 0
        },
        {
            "comment_id": "hiikjtn",
            "body": "Not sure how severe your no math requirement is. Pharmacy tech is a lot of counting, but not too much math. Math is the only subject I ever failed in school, but I loved being a tech. It\u2019s mostly the same 30days x 2 a day = 60, 30days x 1.5 a day = 45, over and over all day. You memorize everything pretty quick. \n\nIf you have something like dyscalculia it might not be a great fit though. :/",
            "ups": 6,
            "downs": 0
        },
        {
            "comment_id": "hiiznzq",
            "body": "Sales. My bf had a HS diploma and makes 3x what I make in a technical field with 2 degrees. If you can be personable with people, find a company that sells a nice product (my bf is in home construction) and pays on commission. If you are not naturally good with people, you can practice on the job. Good luck!",
            "ups": 3,
            "downs": 0
        },
        {
            "comment_id": "hiilo9d",
            "body": "Sales always seems to pay well, working at a cell retail store, car dealerships, ECT.  They definitely are not for everyone but commissions can be good.  I also got a buddy who just started installing alarm systems and is doing well, but there is sales involved with that as well.",
            "ups": 2,
            "downs": 0
        },
        {
            "comment_id": "hikmblh",
            "body": "Consider OR technician (the people who hand instruments to surgeons)\u2014the pandemic has led to a HUGE shortage",
            "ups": 2,
            "downs": 0
        }
    ]
}