{
    "post_url": "https://www.reddit.com/r/LifeProTips/comments/qie9ko/lpt_if_your_team_at_work_is_client_facing_and_you/",
    "time_posted": "2021-10-29 10:37:32",
    "time_now": "2021-10-31 21:39:02",
    "ups": 0,
    "downs": 0,
    "comments_since_last_sample": [],
    "top_comments_top": [
        {
            "comment_id": "hiin4n6",
            "body": "Hello and welcome to r/LifeProTips!\n\nPlease help us decide if this post is a good fit for the subreddit by up or downvoting this comment. \n\nIf you think that this is great advice to improve your life, please upvote. If you think this doesn't help you in any way, please downvote. If you don't care, leave it for the others to decide.",
            "ups": 1,
            "downs": 0
        },
        {
            "comment_id": "hiingku",
            "body": "Never work 24/7 for a fucking job. Horrible advice.",
            "ups": 25,
            "downs": 0
        },
        {
            "comment_id": "hiingxj",
            "body": "Cool now you work nights and weekends and I won't promote you.",
            "ups": 14,
            "downs": 0
        },
        {
            "comment_id": "hiinlmv",
            "body": "They will get used to you working alot and give you more to do without even giving you more money bozo",
            "ups": 10,
            "downs": 0
        },
        {
            "comment_id": "hiinrfh",
            "body": "This isn't a good idea at all. Doing all the work without the incentive or extra pay. :(",
            "ups": 7,
            "downs": 0
        }
    ],
    "top_comments_best": [
        {
            "comment_id": "hiin4n6",
            "body": "Hello and welcome to r/LifeProTips!\n\nPlease help us decide if this post is a good fit for the subreddit by up or downvoting this comment. \n\nIf you think that this is great advice to improve your life, please upvote. If you think this doesn't help you in any way, please downvote. If you don't care, leave it for the others to decide.",
            "ups": 1,
            "downs": 0
        },
        {
            "comment_id": "hiingxj",
            "body": "Cool now you work nights and weekends and I won't promote you.",
            "ups": 13,
            "downs": 0
        },
        {
            "comment_id": "hiinlmv",
            "body": "They will get used to you working alot and give you more to do without even giving you more money bozo",
            "ups": 11,
            "downs": 0
        },
        {
            "comment_id": "hiingku",
            "body": "Never work 24/7 for a fucking job. Horrible advice.",
            "ups": 24,
            "downs": 0
        },
        {
            "comment_id": "hiinvbt",
            "body": "this must be written by a manager",
            "ups": 6,
            "downs": 0
        }
    ],
    "top_comments_hot": [
        {
            "comment_id": "hiin4n6",
            "body": "Hello and welcome to r/LifeProTips!\n\nPlease help us decide if this post is a good fit for the subreddit by up or downvoting this comment. \n\nIf you think that this is great advice to improve your life, please upvote. If you think this doesn't help you in any way, please downvote. If you don't care, leave it for the others to decide.",
            "ups": 1,
            "downs": 0
        },
        {
            "comment_id": "hiingxj",
            "body": "Cool now you work nights and weekends and I won't promote you.",
            "ups": 14,
            "downs": 0
        },
        {
            "comment_id": "hiinlmv",
            "body": "They will get used to you working alot and give you more to do without even giving you more money bozo",
            "ups": 10,
            "downs": 0
        },
        {
            "comment_id": "hiingku",
            "body": "Never work 24/7 for a fucking job. Horrible advice.",
            "ups": 25,
            "downs": 0
        },
        {
            "comment_id": "hiinvbt",
            "body": "this must be written by a manager",
            "ups": 7,
            "downs": 0
        }
    ]
}