{
    "post_url": "https://www.reddit.com/r/politics/comments/qj4o1c/biden_faces_backlash_for_considering_paying/",
    "time_posted": "2021-10-30 12:11:38",
    "time_now": "2021-11-05 21:05:27",
    "ups": 0,
    "downs": 0,
    "comments_since_last_sample": [],
    "top_comments_top": [
        {
            "comment_id": "hino3ph",
            "body": "\nAs a reminder, this subreddit [is for civil discussion.](/r/politics/wiki/index#wiki_be_civil)\n\nIn general, be courteous to others. Debate/discuss/argue the merits of ideas, don't attack people. Personal insults, shill or troll accusations, hate speech, any suggestion or support of harm, violence, or death, and other rule violations can result in a permanent ban. \n\nIf you see comments in violation of our rules, please report them.\n\n For those who have questions regarding any media outlets being posted on this subreddit, please click [here](https://www.reddit.com/r/politics/wiki/approveddomainslist) to review our details as to our approved domains list and outlet criteria.\n\n***\n\n\n*I am a bot, and this action was performed automatically. Please [contact the moderators of this subreddit](/message/compose/?to=/r/politics) if you have any questions or concerns.*",
            "ups": 1,
            "downs": 0
        },
        {
            "comment_id": "hinq9ar",
            "body": "Ok seriously people, this is the ~~twelfth~~ thirteenth time in 24hrs this got posted, how much longer will this narrative be pushed.?\r  \n\r  \n45 fucked up bigly and now the bill has come.\r  \n\r  \nThe last president inflicted cruel punishment on asylum seekers, he denied them a fair trial, separated children from their parents, and subsequently lost them.... the fuckers lost children.\r  \n\r  \nThose are the 5th 8th and 14th amendments if I'm not mistaken.\r  \n\r  \nSo please republicans, sit down, shut up and spare me the crocodile tears when the current administration has to clean up your mess again.",
            "ups": 29,
            "downs": 0
        },
        {
            "comment_id": "hinpdrd",
            "body": "Mods allow dailywire, but we don't have to.  Auto-downvote.",
            "ups": 19,
            "downs": 0
        },
        {
            "comment_id": "hinokdn",
            "body": "The Daily Liar isn't news.",
            "ups": 18,
            "downs": 0
        },
        {
            "comment_id": "hinojpt",
            "body": "Republicans are content merely with punishing the children and families of immigrants come out with some of the worst punishments short of actual death that you could do to a family. No, even when confronted with the obvious cruelty, they insist on more. Cruelty is always the point with Republicans, and hatred is always the basis of every policy.",
            "ups": 10,
            "downs": 0
        }
    ],
    "top_comments_best": [
        {
            "comment_id": "hino3ph",
            "body": "\nAs a reminder, this subreddit [is for civil discussion.](/r/politics/wiki/index#wiki_be_civil)\n\nIn general, be courteous to others. Debate/discuss/argue the merits of ideas, don't attack people. Personal insults, shill or troll accusations, hate speech, any suggestion or support of harm, violence, or death, and other rule violations can result in a permanent ban. \n\nIf you see comments in violation of our rules, please report them.\n\n For those who have questions regarding any media outlets being posted on this subreddit, please click [here](https://www.reddit.com/r/politics/wiki/approveddomainslist) to review our details as to our approved domains list and outlet criteria.\n\n***\n\n\n*I am a bot, and this action was performed automatically. Please [contact the moderators of this subreddit](/message/compose/?to=/r/politics) if you have any questions or concerns.*",
            "ups": 1,
            "downs": 0
        },
        {
            "comment_id": "hinokdn",
            "body": "The Daily Liar isn't news.",
            "ups": 17,
            "downs": 0
        },
        {
            "comment_id": "hinojpt",
            "body": "Republicans are content merely with punishing the children and families of immigrants come out with some of the worst punishments short of actual death that you could do to a family. No, even when confronted with the obvious cruelty, they insist on more. Cruelty is always the point with Republicans, and hatred is always the basis of every policy.",
            "ups": 11,
            "downs": 0
        },
        {
            "comment_id": "hinpdrd",
            "body": "Mods allow dailywire, but we don't have to.  Auto-downvote.",
            "ups": 19,
            "downs": 0
        },
        {
            "comment_id": "hinpz8y",
            "body": "That headlines language is a little changed considering we are talking about liability in a legal dispute.",
            "ups": 6,
            "downs": 0
        }
    ],
    "top_comments_hot": [
        {
            "comment_id": "hino3ph",
            "body": "\nAs a reminder, this subreddit [is for civil discussion.](/r/politics/wiki/index#wiki_be_civil)\n\nIn general, be courteous to others. Debate/discuss/argue the merits of ideas, don't attack people. Personal insults, shill or troll accusations, hate speech, any suggestion or support of harm, violence, or death, and other rule violations can result in a permanent ban. \n\nIf you see comments in violation of our rules, please report them.\n\n For those who have questions regarding any media outlets being posted on this subreddit, please click [here](https://www.reddit.com/r/politics/wiki/approveddomainslist) to review our details as to our approved domains list and outlet criteria.\n\n***\n\n\n*I am a bot, and this action was performed automatically. Please [contact the moderators of this subreddit](/message/compose/?to=/r/politics) if you have any questions or concerns.*",
            "ups": 1,
            "downs": 0
        },
        {
            "comment_id": "hinokdn",
            "body": "The Daily Liar isn't news.",
            "ups": 16,
            "downs": 0
        },
        {
            "comment_id": "hinojpt",
            "body": "Republicans are content merely with punishing the children and families of immigrants come out with some of the worst punishments short of actual death that you could do to a family. No, even when confronted with the obvious cruelty, they insist on more. Cruelty is always the point with Republicans, and hatred is always the basis of every policy.",
            "ups": 11,
            "downs": 0
        },
        {
            "comment_id": "hinpdrd",
            "body": "Mods allow dailywire, but we don't have to.  Auto-downvote.",
            "ups": 18,
            "downs": 0
        },
        {
            "comment_id": "hinpz8y",
            "body": "That headlines language is a little changed considering we are talking about liability in a legal dispute.",
            "ups": 7,
            "downs": 0
        }
    ]
}