{
    "post_url": "https://www.reddit.com/r/politics/comments/qiu2k9/you_have_a_manchin_problem_paid_leave_tossed/",
    "time_posted": "2021-10-30 00:37:42",
    "time_now": "2021-11-06 09:28:34",
    "ups": 411,
    "downs": 0,
    "comments_since_last_sample": [],
    "top_comments_top": [
        {
            "comment_id": "hiluig0",
            "body": "\nAs a reminder, this subreddit [is for civil discussion.](/r/politics/wiki/index#wiki_be_civil)\n\nIn general, be courteous to others. Debate/discuss/argue the merits of ideas, don't attack people. Personal insults, shill or troll accusations, hate speech, any suggestion or support of harm, violence, or death, and other rule violations can result in a permanent ban. \n\nIf you see comments in violation of our rules, please report them.\n\n For those who have questions regarding any media outlets being posted on this subreddit, please click [here](https://www.reddit.com/r/politics/wiki/approveddomainslist) to review our details as to our approved domains list and outlet criteria.\n\n***\n\n\n*I am a bot, and this action was performed automatically. Please [contact the moderators of this subreddit](/message/compose/?to=/r/politics) if you have any questions or concerns.*",
            "ups": 1,
            "downs": 0
        },
        {
            "comment_id": "hilve6v",
            "body": "One senator should never be able to have this much sway.",
            "ups": 40,
            "downs": 0
        },
        {
            "comment_id": "hilvnjz",
            "body": "Maybe Manchin is trying to highlight the vulnerability in our government to being hijacked by a single person so that this vulnerability can be seen and fixed?\n\n\nOr I guess he could just be an asshole...",
            "ups": 21,
            "downs": 0
        },
        {
            "comment_id": "hilvwl4",
            "body": "We need to come out hard in 2022, so that he and Sinema can become irrelevant again.\n\nThe alternative is disaster.",
            "ups": 17,
            "downs": 0
        },
        {
            "comment_id": "hilx4c5",
            "body": "Its time for progressives to walk Manchin has been dishonest and keeps moving further and further right and according to multiple reports threatened to leave the Democratic party and caucus with Republicans if he does not get his way. There is no negotiating with him it just gives him power walk away and make sure every voter in Virginia understands why there is no free 2 years college, parental leave expanded Medicaid.",
            "ups": 10,
            "downs": 0
        }
    ],
    "top_comments_best": [
        {
            "comment_id": "hiluig0",
            "body": "\nAs a reminder, this subreddit [is for civil discussion.](/r/politics/wiki/index#wiki_be_civil)\n\nIn general, be courteous to others. Debate/discuss/argue the merits of ideas, don't attack people. Personal insults, shill or troll accusations, hate speech, any suggestion or support of harm, violence, or death, and other rule violations can result in a permanent ban. \n\nIf you see comments in violation of our rules, please report them.\n\n For those who have questions regarding any media outlets being posted on this subreddit, please click [here](https://www.reddit.com/r/politics/wiki/approveddomainslist) to review our details as to our approved domains list and outlet criteria.\n\n***\n\n\n*I am a bot, and this action was performed automatically. Please [contact the moderators of this subreddit](/message/compose/?to=/r/politics) if you have any questions or concerns.*",
            "ups": 1,
            "downs": 0
        },
        {
            "comment_id": "hilve6v",
            "body": "One senator should never be able to have this much sway.",
            "ups": 38,
            "downs": 0
        },
        {
            "comment_id": "hilvnjz",
            "body": "Maybe Manchin is trying to highlight the vulnerability in our government to being hijacked by a single person so that this vulnerability can be seen and fixed?\n\n\nOr I guess he could just be an asshole...",
            "ups": 21,
            "downs": 0
        },
        {
            "comment_id": "hilvwl4",
            "body": "We need to come out hard in 2022, so that he and Sinema can become irrelevant again.\n\nThe alternative is disaster.",
            "ups": 18,
            "downs": 0
        },
        {
            "comment_id": "hilx4c5",
            "body": "Its time for progressives to walk Manchin has been dishonest and keeps moving further and further right and according to multiple reports threatened to leave the Democratic party and caucus with Republicans if he does not get his way. There is no negotiating with him it just gives him power walk away and make sure every voter in Virginia understands why there is no free 2 years college, parental leave expanded Medicaid.",
            "ups": 10,
            "downs": 0
        }
    ],
    "top_comments_hot": [
        {
            "comment_id": "hiluig0",
            "body": "\nAs a reminder, this subreddit [is for civil discussion.](/r/politics/wiki/index#wiki_be_civil)\n\nIn general, be courteous to others. Debate/discuss/argue the merits of ideas, don't attack people. Personal insults, shill or troll accusations, hate speech, any suggestion or support of harm, violence, or death, and other rule violations can result in a permanent ban. \n\nIf you see comments in violation of our rules, please report them.\n\n For those who have questions regarding any media outlets being posted on this subreddit, please click [here](https://www.reddit.com/r/politics/wiki/approveddomainslist) to review our details as to our approved domains list and outlet criteria.\n\n***\n\n\n*I am a bot, and this action was performed automatically. Please [contact the moderators of this subreddit](/message/compose/?to=/r/politics) if you have any questions or concerns.*",
            "ups": 1,
            "downs": 0
        },
        {
            "comment_id": "hilve6v",
            "body": "One senator should never be able to have this much sway.",
            "ups": 39,
            "downs": 0
        },
        {
            "comment_id": "hilvnjz",
            "body": "Maybe Manchin is trying to highlight the vulnerability in our government to being hijacked by a single person so that this vulnerability can be seen and fixed?\n\n\nOr I guess he could just be an asshole...",
            "ups": 21,
            "downs": 0
        },
        {
            "comment_id": "hilvwl4",
            "body": "We need to come out hard in 2022, so that he and Sinema can become irrelevant again.\n\nThe alternative is disaster.",
            "ups": 19,
            "downs": 0
        },
        {
            "comment_id": "hilx4c5",
            "body": "Its time for progressives to walk Manchin has been dishonest and keeps moving further and further right and according to multiple reports threatened to leave the Democratic party and caucus with Republicans if he does not get his way. There is no negotiating with him it just gives him power walk away and make sure every voter in Virginia understands why there is no free 2 years college, parental leave expanded Medicaid.",
            "ups": 9,
            "downs": 0
        }
    ]
}