{
    "post_url": "https://www.reddit.com/r/Music/comments/qixzlm/smells_like_teen_spirit_nirvana_lofi_remix/",
    "time_posted": "2021-10-30 05:32:46",
    "time_now": "2021-11-03 23:44:29",
    "ups": 0,
    "downs": 0,
    "comments_since_last_sample": [],
    "top_comments_top": [
        {
            "comment_id": "himnm13",
            "body": "Uh...they were already on drugs?",
            "ups": 2,
            "downs": 0
        }
    ],
    "top_comments_best": [
        {
            "comment_id": "himnm13",
            "body": "Uh...they were already on drugs?",
            "ups": 2,
            "downs": 0
        }
    ],
    "top_comments_hot": [
        {
            "comment_id": "himnm13",
            "body": "Uh...they were already on drugs?",
            "ups": 2,
            "downs": 0
        }
    ]
}