{
    "post_url": "https://www.reddit.com/r/politics/comments/qir2aw/florida_bars_state_professors_from_testifying_in/",
    "time_posted": "2021-10-29 21:26:38",
    "time_now": "2021-10-30 16:49:21",
    "ups": 237,
    "downs": 0,
    "comments_since_last_sample": [
        {
            "comment_id": "hil8mlc",
            "body": "\nAs a reminder, this subreddit [is for civil discussion.](/r/politics/wiki/index#wiki_be_civil)\n\nIn general, be courteous to others. Debate/discuss/argue the merits of ideas, don't attack people. Personal insults, shill or troll accusations, hate speech, any suggestion or support of harm, violence, or death, and other rule violations can result in a permanent ban. \n\nIf you see comments in violation of our rules, please report them.\n\n For those who have questions regarding any media outlets being posted on this subreddit, please click [here](https://www.reddit.com/r/politics/wiki/approveddomainslist) to review our details as to our approved domains list and outlet criteria.\n\n***\n\n\n*I am a bot, and this action was performed automatically. Please [contact the moderators of this subreddit](/message/compose/?to=/r/politics) if you have any questions or concerns.*"
        },
        {
            "comment_id": "hinssbz",
            "body": "\u201cThis is as blatant a violation of the First and Fourteenth Amendments as we\u2019ve seen in a long time. It must be challenged in federal court and struck down quickly and emphatically\u201d -Laurence Tribe\n\nhttps://twitter.com/tribelaw/status/1454412255899029505"
        },
        {
            "comment_id": "hin4ksm",
            "body": "The United States of Fascism. Wisconsin and Florida leading the way!"
        },
        {
            "comment_id": "hin2v43",
            "body": "Ron DeathSentence is running for Ron DeFascist."
        },
        {
            "comment_id": "himwgwu",
            "body": "What makes professors experts on voting rights?   Should we allow actors to testify as well?"
        },
        {
            "comment_id": "hilp50e",
            "body": "Florida is the south's trashcan."
        },
        {
            "comment_id": "hilnpui",
            "body": "free speech* \n\n*some conditions apply"
        },
        {
            "comment_id": "hiliyam",
            "body": "CB dew"
        },
        {
            "comment_id": "hilgqgx",
            "body": "\"What's the penalty for the treason we've already committed?\"\n\n\"Death.\"\n\n\"What's the penalty for treason plus obstruction of justice?\"\n\n\"Um ... just death.\"\n\n\"Well then!\""
        },
        {
            "comment_id": "hilfpqw",
            "body": "a public university shouldn\u2019t be able to do this. Even private schools face shitstorms when they try to regulate speech."
        },
        {
            "comment_id": "hild9f5",
            "body": "Follow the money."
        },
        {
            "comment_id": "hilb7j5",
            "body": "GOP: my free speech is the only free speech\n\n\nhow long before their base realizes?\n\nwhen?"
        },
        {
            "comment_id": "hilapws",
            "body": "Can't read it cause I'm not a subscriber, but did I miss something? Like is freedom of speech just not a thing anymore?"
        }
    ],
    "top_comments_top": [
        {
            "comment_id": "hil8mlc",
            "body": "\nAs a reminder, this subreddit [is for civil discussion.](/r/politics/wiki/index#wiki_be_civil)\n\nIn general, be courteous to others. Debate/discuss/argue the merits of ideas, don't attack people. Personal insults, shill or troll accusations, hate speech, any suggestion or support of harm, violence, or death, and other rule violations can result in a permanent ban. \n\nIf you see comments in violation of our rules, please report them.\n\n For those who have questions regarding any media outlets being posted on this subreddit, please click [here](https://www.reddit.com/r/politics/wiki/approveddomainslist) to review our details as to our approved domains list and outlet criteria.\n\n***\n\n\n*I am a bot, and this action was performed automatically. Please [contact the moderators of this subreddit](/message/compose/?to=/r/politics) if you have any questions or concerns.*",
            "ups": 1,
            "downs": 0
        },
        {
            "comment_id": "hilb7j5",
            "body": "GOP: my free speech is the only free speech\n\n\nhow long before their base realizes?\n\nwhen?",
            "ups": 41,
            "downs": 0
        },
        {
            "comment_id": "hilapws",
            "body": "Can't read it cause I'm not a subscriber, but did I miss something? Like is freedom of speech just not a thing anymore?",
            "ups": 24,
            "downs": 0
        },
        {
            "comment_id": "hilgqgx",
            "body": "\"What's the penalty for the treason we've already committed?\"\n\n\"Death.\"\n\n\"What's the penalty for treason plus obstruction of justice?\"\n\n\"Um ... just death.\"\n\n\"Well then!\"",
            "ups": 15,
            "downs": 0
        },
        {
            "comment_id": "hilfpqw",
            "body": "a public university shouldn\u2019t be able to do this. Even private schools face shitstorms when they try to regulate speech.",
            "ups": 11,
            "downs": 0
        }
    ],
    "top_comments_best": [
        {
            "comment_id": "hil8mlc",
            "body": "\nAs a reminder, this subreddit [is for civil discussion.](/r/politics/wiki/index#wiki_be_civil)\n\nIn general, be courteous to others. Debate/discuss/argue the merits of ideas, don't attack people. Personal insults, shill or troll accusations, hate speech, any suggestion or support of harm, violence, or death, and other rule violations can result in a permanent ban. \n\nIf you see comments in violation of our rules, please report them.\n\n For those who have questions regarding any media outlets being posted on this subreddit, please click [here](https://www.reddit.com/r/politics/wiki/approveddomainslist) to review our details as to our approved domains list and outlet criteria.\n\n***\n\n\n*I am a bot, and this action was performed automatically. Please [contact the moderators of this subreddit](/message/compose/?to=/r/politics) if you have any questions or concerns.*",
            "ups": 1,
            "downs": 0
        },
        {
            "comment_id": "hilb7j5",
            "body": "GOP: my free speech is the only free speech\n\n\nhow long before their base realizes?\n\nwhen?",
            "ups": 39,
            "downs": 0
        },
        {
            "comment_id": "hilapws",
            "body": "Can't read it cause I'm not a subscriber, but did I miss something? Like is freedom of speech just not a thing anymore?",
            "ups": 23,
            "downs": 0
        },
        {
            "comment_id": "hilgqgx",
            "body": "\"What's the penalty for the treason we've already committed?\"\n\n\"Death.\"\n\n\"What's the penalty for treason plus obstruction of justice?\"\n\n\"Um ... just death.\"\n\n\"Well then!\"",
            "ups": 15,
            "downs": 0
        },
        {
            "comment_id": "hilfpqw",
            "body": "a public university shouldn\u2019t be able to do this. Even private schools face shitstorms when they try to regulate speech.",
            "ups": 9,
            "downs": 0
        }
    ],
    "top_comments_hot": [
        {
            "comment_id": "hil8mlc",
            "body": "\nAs a reminder, this subreddit [is for civil discussion.](/r/politics/wiki/index#wiki_be_civil)\n\nIn general, be courteous to others. Debate/discuss/argue the merits of ideas, don't attack people. Personal insults, shill or troll accusations, hate speech, any suggestion or support of harm, violence, or death, and other rule violations can result in a permanent ban. \n\nIf you see comments in violation of our rules, please report them.\n\n For those who have questions regarding any media outlets being posted on this subreddit, please click [here](https://www.reddit.com/r/politics/wiki/approveddomainslist) to review our details as to our approved domains list and outlet criteria.\n\n***\n\n\n*I am a bot, and this action was performed automatically. Please [contact the moderators of this subreddit](/message/compose/?to=/r/politics) if you have any questions or concerns.*",
            "ups": 1,
            "downs": 0
        },
        {
            "comment_id": "hilb7j5",
            "body": "GOP: my free speech is the only free speech\n\n\nhow long before their base realizes?\n\nwhen?",
            "ups": 40,
            "downs": 0
        },
        {
            "comment_id": "hilapws",
            "body": "Can't read it cause I'm not a subscriber, but did I miss something? Like is freedom of speech just not a thing anymore?",
            "ups": 22,
            "downs": 0
        },
        {
            "comment_id": "hilgqgx",
            "body": "\"What's the penalty for the treason we've already committed?\"\n\n\"Death.\"\n\n\"What's the penalty for treason plus obstruction of justice?\"\n\n\"Um ... just death.\"\n\n\"Well then!\"",
            "ups": 17,
            "downs": 0
        },
        {
            "comment_id": "hilfpqw",
            "body": "a public university shouldn\u2019t be able to do this. Even private schools face shitstorms when they try to regulate speech.",
            "ups": 8,
            "downs": 0
        }
    ]
}