{
    "post_url": "https://www.reddit.com/r/politics/comments/qirebt/lincoln_project_organized_a_group_to_carry/",
    "time_posted": "2021-10-29 21:47:09",
    "time_now": "2021-11-06 09:28:48",
    "ups": 104,
    "downs": 0,
    "comments_since_last_sample": [],
    "top_comments_top": [
        {
            "comment_id": "hilb4yt",
            "body": "\nAs a reminder, this subreddit [is for civil discussion.](/r/politics/wiki/index#wiki_be_civil)\n\nIn general, be courteous to others. Debate/discuss/argue the merits of ideas, don't attack people. Personal insults, shill or troll accusations, hate speech, any suggestion or support of harm, violence, or death, and other rule violations can result in a permanent ban. \n\nIf you see comments in violation of our rules, please report them.\n\n For those who have questions regarding any media outlets being posted on this subreddit, please click [here](https://www.reddit.com/r/politics/wiki/approveddomainslist) to review our details as to our approved domains list and outlet criteria.\n\n***\n\n\n*I am a bot, and this action was performed automatically. Please [contact the moderators of this subreddit](/message/compose/?to=/r/politics) if you have any questions or concerns.*",
            "ups": 1,
            "downs": 0
        },
        {
            "comment_id": "hilc2u2",
            "body": "Republican on republican crime.",
            "ups": 33,
            "downs": 0
        },
        {
            "comment_id": "hilbnd9",
            "body": "It\u2019s hilarious that all of the right wing Twitter talking heads who are up in arms about this don\u2019t get that their indignation is telling us much more about them than the trolls out there with torches today.",
            "ups": 25,
            "downs": 0
        },
        {
            "comment_id": "hilkr77",
            "body": "Stunts like this are unhelpful.",
            "ups": 25,
            "downs": 0
        },
        {
            "comment_id": "hilg07w",
            "body": "&gt; Late in the evening, Lauren Windsor, the liberal activist who previously recorded and released Youngkin saying he would go \u201con offense\u201d on abortion if elected, tweeted that she helped organize the event.\n\nYou helped organize five men wearing khakis in front of a bus? Tough gig. Putting in the hours. \n\nJokes aside, this is stupid and doesn\u2019t really play as either a joke or a \u201csolemn reminder\u201d in my opinion but Republicans brought it on themselves.",
            "ups": 22,
            "downs": 0
        }
    ],
    "top_comments_best": [
        {
            "comment_id": "hilb4yt",
            "body": "\nAs a reminder, this subreddit [is for civil discussion.](/r/politics/wiki/index#wiki_be_civil)\n\nIn general, be courteous to others. Debate/discuss/argue the merits of ideas, don't attack people. Personal insults, shill or troll accusations, hate speech, any suggestion or support of harm, violence, or death, and other rule violations can result in a permanent ban. \n\nIf you see comments in violation of our rules, please report them.\n\n For those who have questions regarding any media outlets being posted on this subreddit, please click [here](https://www.reddit.com/r/politics/wiki/approveddomainslist) to review our details as to our approved domains list and outlet criteria.\n\n***\n\n\n*I am a bot, and this action was performed automatically. Please [contact the moderators of this subreddit](/message/compose/?to=/r/politics) if you have any questions or concerns.*",
            "ups": 1,
            "downs": 0
        },
        {
            "comment_id": "hilkr77",
            "body": "Stunts like this are unhelpful.",
            "ups": 24,
            "downs": 0
        },
        {
            "comment_id": "hilg07w",
            "body": "&gt; Late in the evening, Lauren Windsor, the liberal activist who previously recorded and released Youngkin saying he would go \u201con offense\u201d on abortion if elected, tweeted that she helped organize the event.\n\nYou helped organize five men wearing khakis in front of a bus? Tough gig. Putting in the hours. \n\nJokes aside, this is stupid and doesn\u2019t really play as either a joke or a \u201csolemn reminder\u201d in my opinion but Republicans brought it on themselves.",
            "ups": 22,
            "downs": 0
        },
        {
            "comment_id": "hilc2u2",
            "body": "Republican on republican crime.",
            "ups": 32,
            "downs": 0
        },
        {
            "comment_id": "hilez70",
            "body": "[removed]",
            "ups": 10,
            "downs": 0
        }
    ],
    "top_comments_hot": [
        {
            "comment_id": "hilb4yt",
            "body": "\nAs a reminder, this subreddit [is for civil discussion.](/r/politics/wiki/index#wiki_be_civil)\n\nIn general, be courteous to others. Debate/discuss/argue the merits of ideas, don't attack people. Personal insults, shill or troll accusations, hate speech, any suggestion or support of harm, violence, or death, and other rule violations can result in a permanent ban. \n\nIf you see comments in violation of our rules, please report them.\n\n For those who have questions regarding any media outlets being posted on this subreddit, please click [here](https://www.reddit.com/r/politics/wiki/approveddomainslist) to review our details as to our approved domains list and outlet criteria.\n\n***\n\n\n*I am a bot, and this action was performed automatically. Please [contact the moderators of this subreddit](/message/compose/?to=/r/politics) if you have any questions or concerns.*",
            "ups": 1,
            "downs": 0
        },
        {
            "comment_id": "hilkr77",
            "body": "Stunts like this are unhelpful.",
            "ups": 24,
            "downs": 0
        },
        {
            "comment_id": "hilg07w",
            "body": "&gt; Late in the evening, Lauren Windsor, the liberal activist who previously recorded and released Youngkin saying he would go \u201con offense\u201d on abortion if elected, tweeted that she helped organize the event.\n\nYou helped organize five men wearing khakis in front of a bus? Tough gig. Putting in the hours. \n\nJokes aside, this is stupid and doesn\u2019t really play as either a joke or a \u201csolemn reminder\u201d in my opinion but Republicans brought it on themselves.",
            "ups": 20,
            "downs": 0
        },
        {
            "comment_id": "hilc2u2",
            "body": "Republican on republican crime.",
            "ups": 31,
            "downs": 0
        },
        {
            "comment_id": "hilez70",
            "body": "[removed]",
            "ups": 9,
            "downs": 0
        }
    ]
}