{
    "time_posted": "2021-10-30 15:00:11",
    "url": "https://www.youtube.com/watch?v=-KEp_Zjc6O8",
    "time_now": "2021-11-02 22:59:02",
    "ups": "1607",
    "downs": "24",
    "views": "29898",
    "top_comments": [
        {
            "comment": "Guatemala en la casa \ud83c\uddec\ud83c\uddf9\ud83c\uddec\ud83c\uddf9\u2665\ufe0f\ud83d\udc4d",
            "likes": 2,
            "number_of_replies": 0
        },
        {
            "comment": "God garrix i love you",
            "likes": 2,
            "number_of_replies": 0
        },
        {
            "comment": "This is Amazing Video. I wish all your viewers beautiful and Happy weekend. \ud83d\udc9f\r\nEmma from London",
            "likes": 2,
            "number_of_replies": 0
        },
        {
            "comment": "\ud83c\udfa4\ud83c\udf39\u2728",
            "likes": 2,
            "number_of_replies": 0
        },
        {
            "comment": "I love I love you Mart\u00edn garrix \ud83d\ude0d\ud83d\uded0",
            "likes": 2,
            "number_of_replies": 0
        }
    ],
    "comments_since_last_sample": []
}