{
    "time_posted": "2021-10-30 13:09:39",
    "url": "https://www.youtube.com/watch?v=-lUtPDYnKL0",
    "time_now": "2021-10-31 17:25:20",
    "ups": "11179",
    "downs": "160",
    "views": "259464",
    "top_comments": [
        {
            "comment": "all the voice from Clash Royale i tought and how it is\r\nMegaKnight: HUUU PLIJ!! RealVoice MegaKnight: RUURH... HURIYAAAH!!\r\nMagic Archer: howha! RealVoice Magic Archer: Tulta! (wich means \"fire!\")\r\nMini Pekka: OO JAMES!! RealVoice MiniPekka: PAN..CAKES\r\nP.E.K.K.A: HAI NIJ NAI RealVoice P.E.K.K.A: BUTTERFLY\nLet me know in the comments if u dont know some cards exact voice",
            "likes": 1,
            "number_of_replies": 0
        }
    ],
    "comments_since_last_sample": [
        {
            "body": "that turns me on"
        },
        {
            "body": "Not for Android??"
        },
        {
            "body": "Will there be OJ family of clans in Clash Quest once the update drops?"
        },
        {
            "body": "all the voice from Clash Royale i tought and how it is\r\nMegaKnight: HUUU PLIJ!! RealVoice MegaKnight: RUURH... HURIYAAAH!!\r\nMagic Archer: howha! RealVoice Magic Archer: Tulta! (wich means \"fire!\")\r\nMini Pekka: OO JAMES!! RealVoice MiniPekka: PAN..CAKES\r\nP.E.K.K.A: HAI NIJ NAI RealVoice P.E.K.K.A: BUTTERFLY\nLet me know in the comments if u dont know some cards exact voice"
        },
        {
            "body": "if I trick.u like my comment  \n\n\n\n\n\n\n\n\n\n\n\n\n\n\n\n\n\n\n\n\n\n\n\n\n\n."
        },
        {
            "body": "When\u2019s the next f2p vid"
        },
        {
            "body": "MMMMMM ITS A ORANGE JUICE"
        },
        {
            "body": "lol i was just heading to the app store when he said it wasnt going global uet"
        }
    ]
}