{
    "post_url": "https://www.reddit.com/r/LifeProTips/comments/qimvcn/lpt_ask_people_with_illnesses_if_you_can_come/",
    "time_posted": "2021-10-29 17:29:35",
    "time_now": "2021-11-06 05:22:49",
    "ups": 1470,
    "downs": 0,
    "comments_since_last_sample": [],
    "top_comments_top": [
        {
            "comment_id": "hikdpif",
            "body": "Hello and welcome to r/LifeProTips!\n\nPlease help us decide if this post is a good fit for the subreddit by up or downvoting this comment. \n\nIf you think that this is great advice to improve your life, please upvote. If you think this doesn't help you in any way, please downvote. If you don't care, leave it for the others to decide.",
            "ups": 1,
            "downs": 0
        },
        {
            "comment_id": "hikf2gi",
            "body": "I\u2019m saying this as someone with chronic illness &amp; disability - at some point you have to grow some balls and learn to tell people no.\n\nOr you allow them to come for 2 hours and do x, y, &amp; z tasks, then leave. \n\nYou\u2019re in control. Learning to say no is an important life lesson.",
            "ups": 615,
            "downs": 0
        },
        {
            "comment_id": "hike4i4",
            "body": "I've seen several LPT's about visiting. Can we all just agree it's never okay to announce your visiting? You should always ask.",
            "ups": 129,
            "downs": 0
        },
        {
            "comment_id": "hike3z5",
            "body": "I'd talk to my husband. Most of this is on you though. You not wanting to offend is damaging your own health.",
            "ups": 69,
            "downs": 0
        },
        {
            "comment_id": "hikji20",
            "body": "LPT - Stand up for yourself.",
            "ups": 43,
            "downs": 0
        }
    ],
    "top_comments_best": [
        {
            "comment_id": "hikdpif",
            "body": "Hello and welcome to r/LifeProTips!\n\nPlease help us decide if this post is a good fit for the subreddit by up or downvoting this comment. \n\nIf you think that this is great advice to improve your life, please upvote. If you think this doesn't help you in any way, please downvote. If you don't care, leave it for the others to decide.",
            "ups": 1,
            "downs": 0
        },
        {
            "comment_id": "hikf2gi",
            "body": "I\u2019m saying this as someone with chronic illness &amp; disability - at some point you have to grow some balls and learn to tell people no.\n\nOr you allow them to come for 2 hours and do x, y, &amp; z tasks, then leave. \n\nYou\u2019re in control. Learning to say no is an important life lesson.",
            "ups": 609,
            "downs": 0
        },
        {
            "comment_id": "hike4i4",
            "body": "I've seen several LPT's about visiting. Can we all just agree it's never okay to announce your visiting? You should always ask.",
            "ups": 130,
            "downs": 0
        },
        {
            "comment_id": "hike3z5",
            "body": "I'd talk to my husband. Most of this is on you though. You not wanting to offend is damaging your own health.",
            "ups": 70,
            "downs": 0
        },
        {
            "comment_id": "hikji20",
            "body": "LPT - Stand up for yourself.",
            "ups": 43,
            "downs": 0
        }
    ],
    "top_comments_hot": [
        {
            "comment_id": "hikdpif",
            "body": "Hello and welcome to r/LifeProTips!\n\nPlease help us decide if this post is a good fit for the subreddit by up or downvoting this comment. \n\nIf you think that this is great advice to improve your life, please upvote. If you think this doesn't help you in any way, please downvote. If you don't care, leave it for the others to decide.",
            "ups": 1,
            "downs": 0
        },
        {
            "comment_id": "hikf2gi",
            "body": "I\u2019m saying this as someone with chronic illness &amp; disability - at some point you have to grow some balls and learn to tell people no.\n\nOr you allow them to come for 2 hours and do x, y, &amp; z tasks, then leave. \n\nYou\u2019re in control. Learning to say no is an important life lesson.",
            "ups": 611,
            "downs": 0
        },
        {
            "comment_id": "hike4i4",
            "body": "I've seen several LPT's about visiting. Can we all just agree it's never okay to announce your visiting? You should always ask.",
            "ups": 130,
            "downs": 0
        },
        {
            "comment_id": "hike3z5",
            "body": "I'd talk to my husband. Most of this is on you though. You not wanting to offend is damaging your own health.",
            "ups": 66,
            "downs": 0
        },
        {
            "comment_id": "hikji20",
            "body": "LPT - Stand up for yourself.",
            "ups": 45,
            "downs": 0
        }
    ]
}