{
    "post_url": "https://www.reddit.com/r/LifeProTips/comments/qidnpr/lpt_when_you_are_packing_your_suitcase_for_a_trip/",
    "time_posted": "2021-10-29 10:08:32",
    "time_now": "2021-10-30 16:50:36",
    "ups": 0,
    "downs": 0,
    "comments_since_last_sample": [
        {
            "comment_id": "hiiixyu",
            "body": "Hello and welcome to r/LifeProTips!\n\nPlease help us decide if this post is a good fit for the subreddit by up or downvoting this comment. \n\nIf you think that this is great advice to improve your life, please upvote. If you think this doesn't help you in any way, please downvote. If you don't care, leave it for the others to decide."
        },
        {
            "comment_id": "hij0f9d",
            "body": "Or use the straps inside the suitcase. Pack all of your clothes and shoes or toiletries so they fit in an even layer in the suitcase. Then dig the straps from below where your clothes are, wrap them around your items, clip them together, and tighten. Now you can add another layer of bonus items. \n\nFor even more stability, place something large on top before clipping, like a sweatshirt or folded towel to stabilize the piles. Now your items will be in place when you arrive unless TSA fucks your shut up."
        },
        {
            "comment_id": "hiirbfb",
            "body": "Prefer the closet size ziploc bags.\n\nVacuum or roll the air out."
        },
        {
            "comment_id": "hiir8gt",
            "body": "Also helps distribute the weight so it isn\u2019t too heavy and fall over all the time"
        },
        {
            "comment_id": "hiijfgv",
            "body": "sounds like either way things are going in"
        }
    ],
    "top_comments_top": [
        {
            "comment_id": "hiiixyu",
            "body": "Hello and welcome to r/LifeProTips!\n\nPlease help us decide if this post is a good fit for the subreddit by up or downvoting this comment. \n\nIf you think that this is great advice to improve your life, please upvote. If you think this doesn't help you in any way, please downvote. If you don't care, leave it for the others to decide.",
            "ups": 1,
            "downs": 0
        },
        {
            "comment_id": "hiijfgv",
            "body": "sounds like either way things are going in",
            "ups": 5,
            "downs": 0
        },
        {
            "comment_id": "hij0f9d",
            "body": "Or use the straps inside the suitcase. Pack all of your clothes and shoes or toiletries so they fit in an even layer in the suitcase. Then dig the straps from below where your clothes are, wrap them around your items, clip them together, and tighten. Now you can add another layer of bonus items. \n\nFor even more stability, place something large on top before clipping, like a sweatshirt or folded towel to stabilize the piles. Now your items will be in place when you arrive unless TSA fucks your shut up.",
            "ups": 3,
            "downs": 0
        },
        {
            "comment_id": "hiir8gt",
            "body": "Also helps distribute the weight so it isn\u2019t too heavy and fall over all the time",
            "ups": 1,
            "downs": 0
        },
        {
            "comment_id": "hiirbfb",
            "body": "Prefer the closet size ziploc bags.\n\nVacuum or roll the air out.",
            "ups": 1,
            "downs": 0
        }
    ],
    "top_comments_best": [
        {
            "comment_id": "hiiixyu",
            "body": "Hello and welcome to r/LifeProTips!\n\nPlease help us decide if this post is a good fit for the subreddit by up or downvoting this comment. \n\nIf you think that this is great advice to improve your life, please upvote. If you think this doesn't help you in any way, please downvote. If you don't care, leave it for the others to decide.",
            "ups": 1,
            "downs": 0
        },
        {
            "comment_id": "hiijfgv",
            "body": "sounds like either way things are going in",
            "ups": 5,
            "downs": 0
        },
        {
            "comment_id": "hij0f9d",
            "body": "Or use the straps inside the suitcase. Pack all of your clothes and shoes or toiletries so they fit in an even layer in the suitcase. Then dig the straps from below where your clothes are, wrap them around your items, clip them together, and tighten. Now you can add another layer of bonus items. \n\nFor even more stability, place something large on top before clipping, like a sweatshirt or folded towel to stabilize the piles. Now your items will be in place when you arrive unless TSA fucks your shut up.",
            "ups": 3,
            "downs": 0
        },
        {
            "comment_id": "hiir8gt",
            "body": "Also helps distribute the weight so it isn\u2019t too heavy and fall over all the time",
            "ups": 1,
            "downs": 0
        },
        {
            "comment_id": "hiirbfb",
            "body": "Prefer the closet size ziploc bags.\n\nVacuum or roll the air out.",
            "ups": 1,
            "downs": 0
        }
    ],
    "top_comments_hot": [
        {
            "comment_id": "hiiixyu",
            "body": "Hello and welcome to r/LifeProTips!\n\nPlease help us decide if this post is a good fit for the subreddit by up or downvoting this comment. \n\nIf you think that this is great advice to improve your life, please upvote. If you think this doesn't help you in any way, please downvote. If you don't care, leave it for the others to decide.",
            "ups": 1,
            "downs": 0
        },
        {
            "comment_id": "hiijfgv",
            "body": "sounds like either way things are going in",
            "ups": 5,
            "downs": 0
        },
        {
            "comment_id": "hij0f9d",
            "body": "Or use the straps inside the suitcase. Pack all of your clothes and shoes or toiletries so they fit in an even layer in the suitcase. Then dig the straps from below where your clothes are, wrap them around your items, clip them together, and tighten. Now you can add another layer of bonus items. \n\nFor even more stability, place something large on top before clipping, like a sweatshirt or folded towel to stabilize the piles. Now your items will be in place when you arrive unless TSA fucks your shut up.",
            "ups": 3,
            "downs": 0
        },
        {
            "comment_id": "hiir8gt",
            "body": "Also helps distribute the weight so it isn\u2019t too heavy and fall over all the time",
            "ups": 1,
            "downs": 0
        },
        {
            "comment_id": "hiirbfb",
            "body": "Prefer the closet size ziploc bags.\n\nVacuum or roll the air out.",
            "ups": 1,
            "downs": 0
        }
    ]
}