{
    "post_url": "https://www.reddit.com/r/LifeProTips/comments/qiuzcu/lpt_dont_download_heavily_advertised_mobile_games/",
    "time_posted": "2021-10-30 01:42:26",
    "time_now": "2021-11-06 13:36:53",
    "ups": 10,
    "downs": 0,
    "comments_since_last_sample": [],
    "top_comments_top": [
        {
            "comment_id": "him0eiu",
            "body": "Hello and welcome to r/LifeProTips!\n\nPlease help us decide if this post is a good fit for the subreddit by up or downvoting this comment. \n\nIf you think that this is great advice to improve your life, please upvote. If you think this doesn't help you in any way, please downvote. If you don't care, leave it for the others to decide.",
            "ups": 1,
            "downs": 0
        },
        {
            "comment_id": "him16i3",
            "body": "Oh I have an LPT on this .       \nDownload the game, turn of mobile data and wifi and play it with no ads *wink* *wink*          \n\nAlso, they're all the same, there's no content. You do some stupid simple shit, you get coin, you upgrade your simple shit.          \n\nOh yeah don't download heavily advertised mobile games, the qualify of those games are terrible",
            "ups": 12,
            "downs": 0
        },
        {
            "comment_id": "him34hm",
            "body": "Wordscapes and Water Sort Puzzle are worth your time though. Stick to puzzle games and you would do nothing wrong at most since they don't require constant connection to play. Just turn off wifi when you are playing.\n\nThe mege games can be fun if the context (modern era, dragons, pets i.e.) fits your interest. \n\nThe games you mentioned and some others are, yeah, pure low effort products.",
            "ups": 6,
            "downs": 0
        },
        {
            "comment_id": "hinr9f3",
            "body": "But I've got to find a way to get the treasure without dropping it into the lava! /s",
            "ups": 3,
            "downs": 0
        },
        {
            "comment_id": "himcrg5",
            "body": "The ones advertised the most are always the ugliest shitty looking games too",
            "ups": 2,
            "downs": 0
        }
    ],
    "top_comments_best": [
        {
            "comment_id": "him0eiu",
            "body": "Hello and welcome to r/LifeProTips!\n\nPlease help us decide if this post is a good fit for the subreddit by up or downvoting this comment. \n\nIf you think that this is great advice to improve your life, please upvote. If you think this doesn't help you in any way, please downvote. If you don't care, leave it for the others to decide.",
            "ups": 1,
            "downs": 0
        },
        {
            "comment_id": "him16i3",
            "body": "Oh I have an LPT on this .       \nDownload the game, turn of mobile data and wifi and play it with no ads *wink* *wink*          \n\nAlso, they're all the same, there's no content. You do some stupid simple shit, you get coin, you upgrade your simple shit.          \n\nOh yeah don't download heavily advertised mobile games, the qualify of those games are terrible",
            "ups": 10,
            "downs": 0
        },
        {
            "comment_id": "him34hm",
            "body": "Wordscapes and Water Sort Puzzle are worth your time though. Stick to puzzle games and you would do nothing wrong at most since they don't require constant connection to play. Just turn off wifi when you are playing.\n\nThe mege games can be fun if the context (modern era, dragons, pets i.e.) fits your interest. \n\nThe games you mentioned and some others are, yeah, pure low effort products.",
            "ups": 4,
            "downs": 0
        },
        {
            "comment_id": "hinr9f3",
            "body": "But I've got to find a way to get the treasure without dropping it into the lava! /s",
            "ups": 4,
            "downs": 0
        },
        {
            "comment_id": "himcrg5",
            "body": "The ones advertised the most are always the ugliest shitty looking games too",
            "ups": 2,
            "downs": 0
        }
    ],
    "top_comments_hot": [
        {
            "comment_id": "him0eiu",
            "body": "Hello and welcome to r/LifeProTips!\n\nPlease help us decide if this post is a good fit for the subreddit by up or downvoting this comment. \n\nIf you think that this is great advice to improve your life, please upvote. If you think this doesn't help you in any way, please downvote. If you don't care, leave it for the others to decide.",
            "ups": 1,
            "downs": 0
        },
        {
            "comment_id": "him16i3",
            "body": "Oh I have an LPT on this .       \nDownload the game, turn of mobile data and wifi and play it with no ads *wink* *wink*          \n\nAlso, they're all the same, there's no content. You do some stupid simple shit, you get coin, you upgrade your simple shit.          \n\nOh yeah don't download heavily advertised mobile games, the qualify of those games are terrible",
            "ups": 10,
            "downs": 0
        },
        {
            "comment_id": "him34hm",
            "body": "Wordscapes and Water Sort Puzzle are worth your time though. Stick to puzzle games and you would do nothing wrong at most since they don't require constant connection to play. Just turn off wifi when you are playing.\n\nThe mege games can be fun if the context (modern era, dragons, pets i.e.) fits your interest. \n\nThe games you mentioned and some others are, yeah, pure low effort products.",
            "ups": 5,
            "downs": 0
        },
        {
            "comment_id": "hinr9f3",
            "body": "But I've got to find a way to get the treasure without dropping it into the lava! /s",
            "ups": 3,
            "downs": 0
        },
        {
            "comment_id": "himcrg5",
            "body": "The ones advertised the most are always the ugliest shitty looking games too",
            "ups": 2,
            "downs": 0
        }
    ]
}