{
    "post_url": "https://www.reddit.com/r/gaming/comments/qj4fjj/i_wonder_if_there_is_any_gamer_now_adays_that/",
    "time_posted": "2021-10-30 12:00:22",
    "time_now": "2021-11-02 06:32:11",
    "ups": 1,
    "downs": 0,
    "comments_since_last_sample": [],
    "top_comments_top": [
        {
            "comment_id": "hinmwfi",
            "body": "*another* space shooter?!",
            "ups": 4,
            "downs": 0
        },
        {
            "comment_id": "hino084",
            "body": "AVGN suffered for us so that we would all know about this. Thank you sir!",
            "ups": 3,
            "downs": 0
        },
        {
            "comment_id": "hinnle9",
            "body": "*sweats nervously*",
            "ups": 2,
            "downs": 0
        },
        {
            "comment_id": "hinzipe",
            "body": "I'm not 30 lol",
            "ups": 2,
            "downs": 0
        },
        {
            "comment_id": "hiolxy7",
            "body": "You can stop wondering. There is! Me. \n\nIn my 35 years of gaming i've never seen it.",
            "ups": 2,
            "downs": 0
        }
    ],
    "top_comments_best": [
        {
            "comment_id": "hinmwfi",
            "body": "*another* space shooter?!",
            "ups": 5,
            "downs": 0
        },
        {
            "comment_id": "hino084",
            "body": "AVGN suffered for us so that we would all know about this. Thank you sir!",
            "ups": 3,
            "downs": 0
        },
        {
            "comment_id": "hinnle9",
            "body": "*sweats nervously*",
            "ups": 2,
            "downs": 0
        },
        {
            "comment_id": "hinzipe",
            "body": "I'm not 30 lol",
            "ups": 2,
            "downs": 0
        },
        {
            "comment_id": "hiolxy7",
            "body": "You can stop wondering. There is! Me. \n\nIn my 35 years of gaming i've never seen it.",
            "ups": 2,
            "downs": 0
        }
    ],
    "top_comments_hot": [
        {
            "comment_id": "hinmwfi",
            "body": "*another* space shooter?!",
            "ups": 5,
            "downs": 0
        },
        {
            "comment_id": "hino084",
            "body": "AVGN suffered for us so that we would all know about this. Thank you sir!",
            "ups": 3,
            "downs": 0
        },
        {
            "comment_id": "hinnle9",
            "body": "*sweats nervously*",
            "ups": 2,
            "downs": 0
        },
        {
            "comment_id": "hinzipe",
            "body": "I'm not 30 lol",
            "ups": 2,
            "downs": 0
        },
        {
            "comment_id": "hiolxy7",
            "body": "You can stop wondering. There is! Me. \n\nIn my 35 years of gaming i've never seen it.",
            "ups": 2,
            "downs": 0
        }
    ]
}