{
    "post_url": "https://www.reddit.com/r/LifeProTips/comments/qibbym/lpt_if_you_are_moving_rent_a_po_box_and_forward/",
    "time_posted": "2021-10-29 08:06:50",
    "time_now": "2021-11-02 23:05:54",
    "ups": 328,
    "downs": 0,
    "comments_since_last_sample": [],
    "top_comments_top": [
        {
            "comment_id": "hii3owv",
            "body": "Hello and welcome to r/LifeProTips!\n\nPlease help us decide if this post is a good fit for the subreddit by up or downvoting this comment. \n\nIf you think that this is great advice to improve your life, please upvote. If you think this doesn't help you in any way, please downvote. If you don't care, leave it for the others to decide.",
            "ups": 1,
            "downs": 0
        },
        {
            "comment_id": "hiieos5",
            "body": "Postal worker here. \"Junk mail\" doesn't get forwarded to a new address. You're more likely to get junk mail at a new address for the old resident than from your old house.\n\nYou get on mailing lists when you sign up for things and donate to charities and fill out your address online for anything.\n\nSome companies will send mail to every address in a town or a specific area, making not receiving any junk mail ever impossible.\n\nA PO box is a good idea if you can't send mail to your new address yet, or if you sell your house too quickly and don't have a new address, but it won't really help with junk mail.",
            "ups": 99,
            "downs": 0
        },
        {
            "comment_id": "hii3ykw",
            "body": "Honestly, I signed up for the USPS anti junk mail thing. 2 dollars is worth it to only get the occasional junk mail.",
            "ups": 16,
            "downs": 0
        },
        {
            "comment_id": "hikh6bg",
            "body": "Don't worry, your mortgage company will be more than happy to sell your info to the next junk mailer.",
            "ups": 3,
            "downs": 0
        },
        {
            "comment_id": "hiin1li",
            "body": "What if I rent a PO Box and then don't move?",
            "ups": 2,
            "downs": 0
        }
    ],
    "top_comments_best": [
        {
            "comment_id": "hii3owv",
            "body": "Hello and welcome to r/LifeProTips!\n\nPlease help us decide if this post is a good fit for the subreddit by up or downvoting this comment. \n\nIf you think that this is great advice to improve your life, please upvote. If you think this doesn't help you in any way, please downvote. If you don't care, leave it for the others to decide.",
            "ups": 1,
            "downs": 0
        },
        {
            "comment_id": "hiieos5",
            "body": "Postal worker here. \"Junk mail\" doesn't get forwarded to a new address. You're more likely to get junk mail at a new address for the old resident than from your old house.\n\nYou get on mailing lists when you sign up for things and donate to charities and fill out your address online for anything.\n\nSome companies will send mail to every address in a town or a specific area, making not receiving any junk mail ever impossible.\n\nA PO box is a good idea if you can't send mail to your new address yet, or if you sell your house too quickly and don't have a new address, but it won't really help with junk mail.",
            "ups": 96,
            "downs": 0
        },
        {
            "comment_id": "hii3ykw",
            "body": "Honestly, I signed up for the USPS anti junk mail thing. 2 dollars is worth it to only get the occasional junk mail.",
            "ups": 17,
            "downs": 0
        },
        {
            "comment_id": "hikh6bg",
            "body": "Don't worry, your mortgage company will be more than happy to sell your info to the next junk mailer.",
            "ups": 3,
            "downs": 0
        },
        {
            "comment_id": "hiin1li",
            "body": "What if I rent a PO Box and then don't move?",
            "ups": 2,
            "downs": 0
        }
    ],
    "top_comments_hot": [
        {
            "comment_id": "hii3owv",
            "body": "Hello and welcome to r/LifeProTips!\n\nPlease help us decide if this post is a good fit for the subreddit by up or downvoting this comment. \n\nIf you think that this is great advice to improve your life, please upvote. If you think this doesn't help you in any way, please downvote. If you don't care, leave it for the others to decide.",
            "ups": 1,
            "downs": 0
        },
        {
            "comment_id": "hiieos5",
            "body": "Postal worker here. \"Junk mail\" doesn't get forwarded to a new address. You're more likely to get junk mail at a new address for the old resident than from your old house.\n\nYou get on mailing lists when you sign up for things and donate to charities and fill out your address online for anything.\n\nSome companies will send mail to every address in a town or a specific area, making not receiving any junk mail ever impossible.\n\nA PO box is a good idea if you can't send mail to your new address yet, or if you sell your house too quickly and don't have a new address, but it won't really help with junk mail.",
            "ups": 95,
            "downs": 0
        },
        {
            "comment_id": "hii3ykw",
            "body": "Honestly, I signed up for the USPS anti junk mail thing. 2 dollars is worth it to only get the occasional junk mail.",
            "ups": 17,
            "downs": 0
        },
        {
            "comment_id": "hikh6bg",
            "body": "Don't worry, your mortgage company will be more than happy to sell your info to the next junk mailer.",
            "ups": 3,
            "downs": 0
        },
        {
            "comment_id": "hiin1li",
            "body": "What if I rent a PO Box and then don't move?",
            "ups": 2,
            "downs": 0
        }
    ]
}