{
    "post_url": "https://www.reddit.com/r/LifeProTips/comments/qiuzuo/lpt_get_around_paywalled_news_articles_by/",
    "time_posted": "2021-10-30 01:43:21",
    "time_now": "2021-11-02 02:28:56",
    "ups": 6,
    "downs": 0,
    "comments_since_last_sample": [],
    "top_comments_top": [
        {
            "comment_id": "him0hdg",
            "body": "Hello and welcome to r/LifeProTips!\n\nPlease help us decide if this post is a good fit for the subreddit by up or downvoting this comment. \n\nIf you think that this is great advice to improve your life, please upvote. If you think this doesn't help you in any way, please downvote. If you don't care, leave it for the others to decide.",
            "ups": 1,
            "downs": 0
        },
        {
            "comment_id": "himaowb",
            "body": "I think the app Reedy can do this. On Android but might be found on Apple.",
            "ups": 1,
            "downs": 0
        },
        {
            "comment_id": "hinvbc9",
            "body": "avoid paying for services rendered is a ULPT",
            "ups": 0,
            "downs": 0
        }
    ],
    "top_comments_best": [
        {
            "comment_id": "him0hdg",
            "body": "Hello and welcome to r/LifeProTips!\n\nPlease help us decide if this post is a good fit for the subreddit by up or downvoting this comment. \n\nIf you think that this is great advice to improve your life, please upvote. If you think this doesn't help you in any way, please downvote. If you don't care, leave it for the others to decide.",
            "ups": 1,
            "downs": 0
        },
        {
            "comment_id": "himaowb",
            "body": "I think the app Reedy can do this. On Android but might be found on Apple.",
            "ups": 1,
            "downs": 0
        },
        {
            "comment_id": "hinvbc9",
            "body": "avoid paying for services rendered is a ULPT",
            "ups": 0,
            "downs": 0
        }
    ],
    "top_comments_hot": [
        {
            "comment_id": "him0hdg",
            "body": "Hello and welcome to r/LifeProTips!\n\nPlease help us decide if this post is a good fit for the subreddit by up or downvoting this comment. \n\nIf you think that this is great advice to improve your life, please upvote. If you think this doesn't help you in any way, please downvote. If you don't care, leave it for the others to decide.",
            "ups": 1,
            "downs": 0
        },
        {
            "comment_id": "himaowb",
            "body": "I think the app Reedy can do this. On Android but might be found on Apple.",
            "ups": 1,
            "downs": 0
        },
        {
            "comment_id": "hinvbc9",
            "body": "avoid paying for services rendered is a ULPT",
            "ups": 0,
            "downs": 0
        }
    ]
}