{
    "post_url": "https://www.reddit.com/r/gaming/comments/qj590c/keyboard_and_mouse/",
    "time_posted": "2021-10-30 12:40:13",
    "time_now": "2021-11-06 13:32:39",
    "ups": 1,
    "downs": 0,
    "comments_since_last_sample": [],
    "top_comments_top": [
        {
            "comment_id": "hiqrxwh",
            "body": "I ready don\u2019t get the appeal of RGB.\n\nbut the Logitech G703 wiresless gaming mouse works great on Mac, it uses a USB dongle though.  Their bluetooth mice probably aren\u2019t as responsive.\n\nI dont use an RGB keyboard, i prefer my DAS mechanical keyboard.",
            "ups": 1,
            "downs": 0
        }
    ],
    "top_comments_best": [
        {
            "comment_id": "hiqrxwh",
            "body": "I ready don\u2019t get the appeal of RGB.\n\nbut the Logitech G703 wiresless gaming mouse works great on Mac, it uses a USB dongle though.  Their bluetooth mice probably aren\u2019t as responsive.\n\nI dont use an RGB keyboard, i prefer my DAS mechanical keyboard.",
            "ups": 1,
            "downs": 0
        }
    ],
    "top_comments_hot": [
        {
            "comment_id": "hiqrxwh",
            "body": "I ready don\u2019t get the appeal of RGB.\n\nbut the Logitech G703 wiresless gaming mouse works great on Mac, it uses a USB dongle though.  Their bluetooth mice probably aren\u2019t as responsive.\n\nI dont use an RGB keyboard, i prefer my DAS mechanical keyboard.",
            "ups": 1,
            "downs": 0
        }
    ]
}