{
    "post_url": "https://www.reddit.com/r/gaming/comments/qj3gq6/gamers_what_is_the_worst_betrayal_in_video_game/",
    "time_posted": "2021-10-30 11:12:05",
    "time_now": "2021-10-30 20:53:01",
    "ups": 24,
    "downs": 0,
    "comments_since_last_sample": [
        {
            "comment_id": "hior9xz",
            "body": "In terms of difficulty for the first time. When Gaffgarion betrays you. He\u2019s a sell sword and you should expect him to sell you out but damn if he wasn\u2019t real strong too"
        }
    ],
    "top_comments_top": [
        {
            "comment_id": "hinhugh",
            "body": "When the new CEO of Konami pushed Kojima out (and canceled P.T.).",
            "ups": 68,
            "downs": 0
        },
        {
            "comment_id": "hinj688",
            "body": "General Shepherd and it\u2019s not even close",
            "ups": 62,
            "downs": 0
        },
        {
            "comment_id": "hinh91p",
            "body": "a way out\u2026 :(",
            "ups": 41,
            "downs": 0
        },
        {
            "comment_id": "hinispt",
            "body": "Not being able to just wave a Phoenix Down at Aeris",
            "ups": 30,
            "downs": 0
        },
        {
            "comment_id": "hinu0zm",
            "body": "everytime Mario jumps off yoshi to make it to the higher platform and yoshi falls to his death. it's such an Ali/Sangwoo relationship.",
            "ups": 25,
            "downs": 0
        }
    ],
    "top_comments_best": [
        {
            "comment_id": "hinh91p",
            "body": "a way out\u2026 :(",
            "ups": 39,
            "downs": 0
        },
        {
            "comment_id": "hinispt",
            "body": "Not being able to just wave a Phoenix Down at Aeris",
            "ups": 29,
            "downs": 0
        },
        {
            "comment_id": "hinu0zm",
            "body": "everytime Mario jumps off yoshi to make it to the higher platform and yoshi falls to his death. it's such an Ali/Sangwoo relationship.",
            "ups": 25,
            "downs": 0
        },
        {
            "comment_id": "hinhugh",
            "body": "When the new CEO of Konami pushed Kojima out (and canceled P.T.).",
            "ups": 69,
            "downs": 0
        },
        {
            "comment_id": "hins894",
            "body": "(RDR2 SPOILERS AHEAD)\n\n\n\nDutch Van Der Linde Betraying Arthur Morgan and trusting that who we will not name. After dedicating and sacrificing everything for him and the gang, heartbreaking and disappointing..",
            "ups": 19,
            "downs": 0
        }
    ],
    "top_comments_hot": [
        {
            "comment_id": "hinh91p",
            "body": "a way out\u2026 :(",
            "ups": 41,
            "downs": 0
        },
        {
            "comment_id": "hinispt",
            "body": "Not being able to just wave a Phoenix Down at Aeris",
            "ups": 31,
            "downs": 0
        },
        {
            "comment_id": "hinu0zm",
            "body": "everytime Mario jumps off yoshi to make it to the higher platform and yoshi falls to his death. it's such an Ali/Sangwoo relationship.",
            "ups": 25,
            "downs": 0
        },
        {
            "comment_id": "hinhugh",
            "body": "When the new CEO of Konami pushed Kojima out (and canceled P.T.).",
            "ups": 69,
            "downs": 0
        },
        {
            "comment_id": "hins894",
            "body": "(RDR2 SPOILERS AHEAD)\n\n\n\nDutch Van Der Linde Betraying Arthur Morgan and trusting that who we will not name. After dedicating and sacrificing everything for him and the gang, heartbreaking and disappointing..",
            "ups": 19,
            "downs": 0
        }
    ]
}