{
    "post_url": "https://www.reddit.com/r/Music/comments/qj2akv/sad_songs_suggestions/",
    "time_posted": "2021-10-30 10:12:20",
    "time_now": "2021-11-06 05:18:01",
    "ups": 4,
    "downs": 0,
    "comments_since_last_sample": [],
    "top_comments_top": [
        {
            "comment_id": "hinelzj",
            "body": "Creep by Radiohead, Goner by Twenty one pilots, Tearjerker by Korn, Time by Pink Floyd, You gave away by Mars Argo, and any song by Nicole Dollanganger are super sad and beautiful.",
            "ups": 3,
            "downs": 0
        },
        {
            "comment_id": "hin8d3a",
            "body": "Cavetown has some.",
            "ups": 2,
            "downs": 0
        },
        {
            "comment_id": "hin93ay",
            "body": "Gotye\u2019s Bronte is the saddest song I\u2019ve ever heard:\n\nhttps://youtu.be/le34ygtODfI",
            "ups": 2,
            "downs": 0
        },
        {
            "comment_id": "hin9fcp",
            "body": "Tecumseh Valley by Townes Van Zandt, been covered by others",
            "ups": 1,
            "downs": 0
        },
        {
            "comment_id": "hinej4i",
            "body": "Your Funny Uncle by Pet Shop Boys",
            "ups": 1,
            "downs": 0
        }
    ],
    "top_comments_best": [
        {
            "comment_id": "hinelzj",
            "body": "Creep by Radiohead, Goner by Twenty one pilots, Tearjerker by Korn, Time by Pink Floyd, You gave away by Mars Argo, and any song by Nicole Dollanganger are super sad and beautiful.",
            "ups": 3,
            "downs": 0
        },
        {
            "comment_id": "hin8d3a",
            "body": "Cavetown has some.",
            "ups": 2,
            "downs": 0
        },
        {
            "comment_id": "hin93ay",
            "body": "Gotye\u2019s Bronte is the saddest song I\u2019ve ever heard:\n\nhttps://youtu.be/le34ygtODfI",
            "ups": 2,
            "downs": 0
        },
        {
            "comment_id": "hin9fcp",
            "body": "Tecumseh Valley by Townes Van Zandt, been covered by others",
            "ups": 1,
            "downs": 0
        },
        {
            "comment_id": "hinej4i",
            "body": "Your Funny Uncle by Pet Shop Boys",
            "ups": 1,
            "downs": 0
        }
    ],
    "top_comments_hot": [
        {
            "comment_id": "hinelzj",
            "body": "Creep by Radiohead, Goner by Twenty one pilots, Tearjerker by Korn, Time by Pink Floyd, You gave away by Mars Argo, and any song by Nicole Dollanganger are super sad and beautiful.",
            "ups": 3,
            "downs": 0
        },
        {
            "comment_id": "hin8d3a",
            "body": "Cavetown has some.",
            "ups": 2,
            "downs": 0
        },
        {
            "comment_id": "hin93ay",
            "body": "Gotye\u2019s Bronte is the saddest song I\u2019ve ever heard:\n\nhttps://youtu.be/le34ygtODfI",
            "ups": 2,
            "downs": 0
        },
        {
            "comment_id": "hin9fcp",
            "body": "Tecumseh Valley by Townes Van Zandt, been covered by others",
            "ups": 1,
            "downs": 0
        },
        {
            "comment_id": "hinej4i",
            "body": "Your Funny Uncle by Pet Shop Boys",
            "ups": 1,
            "downs": 0
        }
    ]
}