{
    "time_posted": "2021-10-30 13:10:35",
    "url": "https://www.youtube.com/watch?v=2cE-e4XObPI",
    "time_now": "2021-11-06 01:10:24",
    "ups": "3725",
    "downs": "107",
    "views": "155203",
    "top_comments": [
        {
            "comment": "Every Mother's Battle Scar! I used to  be annoyed when I was a kid seeing my mother's stretch marks all over her tummy. Sorry but no one enlightened me how those scars should be look at. How and why those scars where there. After I had my girl I have this massive battlescars all over my tummy. I used to cry at night looking back how I see myself, how horrible I look and feel. But everytime I look at my child, I understand why I have this, why it shouldn't be ashamed of, why it should be normalised. Let us be the one to educate our children that this won't make her/him less beautiful. In the first place your genetics is a big factor. Even those Super Models have their own stretch marks. \ud83d\udc9a",
            "likes": 111,
            "number_of_replies": 4
        },
        {
            "comment": "Getting stretch marks removal done does not decrease the value of motherhood! They are DIFFERENT things. \u203c\ufe0f\n\nHow mothers do to their child, how they become responsible and how they prioritize or handle everything that has something to do with the child\u2019s development, their future and how their relationship and connection goes is what truly matter. \u2665\ufe0f Do what you gotta do mommah! Wanting to do something with your body that doesn\u2019t harm your child is no crime. It does not make you less of a mom.",
            "likes": 2,
            "number_of_replies": 0
        },
        {
            "comment": "Sana Geloy will quit smoking na lalo na may baby X Na \ud83e\udd70",
            "likes": 1,
            "number_of_replies": 0
        }
    ],
    "comments_since_last_sample": []
}