{
    "time_posted": "2021-10-30 13:55:07",
    "url": "https://www.youtube.com/watch?v=31jPW-sPmlE",
    "time_now": "2021-11-04 07:57:42",
    "ups": "8551",
    "downs": "326",
    "views": "495922",
    "top_comments": [
        {
            "comment": "Is this pope is children rape accused and convicted or someone else???",
            "likes": 1,
            "number_of_replies": 0
        }
    ],
    "comments_since_last_sample": [
        {
            "body": "First understand what is secularism.???\nIslam is not a religion from god but rather is bunch of laws written by human far from spituality of god, to promote hate, violence, crime, abuse and inslave women for sex."
        },
        {
            "body": "Catholic chuch has spiritual influence on every religion and person regardless. Pope 's white dress is symbol of peace and love.\nAngels of god told the shepherds during announciation. Do not be afraid.\n.\u00a0Glory to God in the highest, and on earth peace,\u00a0good will toward men."
        },
        {
            "body": "Thank God. Godi did not do his bear hug photo ops with His Holiness. \nMo Godi Mo."
        }
    ]
}