{
    "time_posted": "2021-10-30 13:55:07",
    "url": "https://www.youtube.com/watch?v=31jPW-sPmlE",
    "time_now": "2021-11-05 00:26:17",
    "ups": "8703",
    "downs": "339",
    "views": "517778",
    "top_comments": [
        {
            "comment": "\"Your prayer always given me strength \" heart touching word by our prime minister.",
            "likes": 2,
            "number_of_replies": 0
        }
    ],
    "comments_since_last_sample": [
        {
            "body": "Modi invited the Pope to India!  After the political accusations of harshness against minorities, including Christians, that's major news!"
        },
        {
            "body": "Sir Modi ji U r indeed blessed. You achieved your Goal in Life. God bless.\ud83d\ude4f"
        },
        {
            "body": "Sir Modi ji you look smart. I admire your sense of dressing. U always dress smartly. \ud83d\ude4f"
        },
        {
            "body": "God bless our Honourable PM Shri. Modi ji. Very good gesture."
        }
    ]
}