{
    "post_url": "https://www.reddit.com/r/Music/comments/qj3ncr/yutzi_own_way_live_funkrock/",
    "time_posted": "2021-10-30 11:21:29",
    "time_now": "2021-11-06 05:17:51",
    "ups": 1,
    "downs": 0,
    "comments_since_last_sample": [],
    "top_comments_top": [
        {
            "comment_id": "hinkevi",
            "body": "Christ\u2019s holy hands. I hope you get paid to spam this. I couldn\u2019t imagine anyone would do this for free\u2026",
            "ups": 0,
            "downs": 0
        }
    ],
    "top_comments_best": [
        {
            "comment_id": "hinkevi",
            "body": "Christ\u2019s holy hands. I hope you get paid to spam this. I couldn\u2019t imagine anyone would do this for free\u2026",
            "ups": 0,
            "downs": 0
        }
    ],
    "top_comments_hot": [
        {
            "comment_id": "hinkevi",
            "body": "Christ\u2019s holy hands. I hope you get paid to spam this. I couldn\u2019t imagine anyone would do this for free\u2026",
            "ups": 0,
            "downs": 0
        }
    ]
}