{
    "post_url": "https://www.reddit.com/r/politics/comments/qizxa6/kinzinger_retirement_underscores_trump_dominance/",
    "time_posted": "2021-10-30 07:52:15",
    "time_now": "2021-11-05 08:44:24",
    "ups": 256,
    "downs": 0,
    "comments_since_last_sample": [],
    "top_comments_top": [
        {
            "comment_id": "himsu15",
            "body": "\nAs a reminder, this subreddit [is for civil discussion.](/r/politics/wiki/index#wiki_be_civil)\n\nIn general, be courteous to others. Debate/discuss/argue the merits of ideas, don't attack people. Personal insults, shill or troll accusations, hate speech, any suggestion or support of harm, violence, or death, and other rule violations can result in a permanent ban. \n\nIf you see comments in violation of our rules, please report them.\n\n For those who have questions regarding any media outlets being posted on this subreddit, please click [here](https://www.reddit.com/r/politics/wiki/approveddomainslist) to review our details as to our approved domains list and outlet criteria.\n\n***\n\n\n*I am a bot, and this action was performed automatically. Please [contact the moderators of this subreddit](/message/compose/?to=/r/politics) if you have any questions or concerns.*",
            "ups": 1,
            "downs": 0
        },
        {
            "comment_id": "himtwes",
            "body": "It doesn't.\n\nThe 16th District under the second draft redistricting map which was approved by Illinois legislators has been redrawn to include Kinzinger and LaHood.\n\nLaHood is a much higher ranked neocons than Kinzinger. The neocons are jettisoning Kinzinger to keep LaHood.. \n\nLaHood also finance chair for the NRCC 2022.",
            "ups": 38,
            "downs": 0
        },
        {
            "comment_id": "hinixfs",
            "body": "Kinzinger might be mildly anti-trump currently but he supported Trump strongly previously and is really not a good person. His hard Right politics are as toxic as many other GOP politicians. Do not be fooled.",
            "ups": 13,
            "downs": 0
        },
        {
            "comment_id": "himth0q",
            "body": "The cult of Trump gets worse by the day",
            "ups": 10,
            "downs": 0
        },
        {
            "comment_id": "hin4k59",
            "body": "fealty to a person, instead of the country. what could go wrong?",
            "ups": 4,
            "downs": 0
        }
    ],
    "top_comments_best": [
        {
            "comment_id": "himsu15",
            "body": "\nAs a reminder, this subreddit [is for civil discussion.](/r/politics/wiki/index#wiki_be_civil)\n\nIn general, be courteous to others. Debate/discuss/argue the merits of ideas, don't attack people. Personal insults, shill or troll accusations, hate speech, any suggestion or support of harm, violence, or death, and other rule violations can result in a permanent ban. \n\nIf you see comments in violation of our rules, please report them.\n\n For those who have questions regarding any media outlets being posted on this subreddit, please click [here](https://www.reddit.com/r/politics/wiki/approveddomainslist) to review our details as to our approved domains list and outlet criteria.\n\n***\n\n\n*I am a bot, and this action was performed automatically. Please [contact the moderators of this subreddit](/message/compose/?to=/r/politics) if you have any questions or concerns.*",
            "ups": 1,
            "downs": 0
        },
        {
            "comment_id": "himtwes",
            "body": "It doesn't.\n\nThe 16th District under the second draft redistricting map which was approved by Illinois legislators has been redrawn to include Kinzinger and LaHood.\n\nLaHood is a much higher ranked neocons than Kinzinger. The neocons are jettisoning Kinzinger to keep LaHood.. \n\nLaHood also finance chair for the NRCC 2022.",
            "ups": 39,
            "downs": 0
        },
        {
            "comment_id": "hin4k59",
            "body": "fealty to a person, instead of the country. what could go wrong?",
            "ups": 5,
            "downs": 0
        },
        {
            "comment_id": "himth0q",
            "body": "The cult of Trump gets worse by the day",
            "ups": 10,
            "downs": 0
        },
        {
            "comment_id": "hinixfs",
            "body": "Kinzinger might be mildly anti-trump currently but he supported Trump strongly previously and is really not a good person. His hard Right politics are as toxic as many other GOP politicians. Do not be fooled.",
            "ups": 12,
            "downs": 0
        }
    ],
    "top_comments_hot": [
        {
            "comment_id": "himsu15",
            "body": "\nAs a reminder, this subreddit [is for civil discussion.](/r/politics/wiki/index#wiki_be_civil)\n\nIn general, be courteous to others. Debate/discuss/argue the merits of ideas, don't attack people. Personal insults, shill or troll accusations, hate speech, any suggestion or support of harm, violence, or death, and other rule violations can result in a permanent ban. \n\nIf you see comments in violation of our rules, please report them.\n\n For those who have questions regarding any media outlets being posted on this subreddit, please click [here](https://www.reddit.com/r/politics/wiki/approveddomainslist) to review our details as to our approved domains list and outlet criteria.\n\n***\n\n\n*I am a bot, and this action was performed automatically. Please [contact the moderators of this subreddit](/message/compose/?to=/r/politics) if you have any questions or concerns.*",
            "ups": 1,
            "downs": 0
        },
        {
            "comment_id": "himtwes",
            "body": "It doesn't.\n\nThe 16th District under the second draft redistricting map which was approved by Illinois legislators has been redrawn to include Kinzinger and LaHood.\n\nLaHood is a much higher ranked neocons than Kinzinger. The neocons are jettisoning Kinzinger to keep LaHood.. \n\nLaHood also finance chair for the NRCC 2022.",
            "ups": 41,
            "downs": 0
        },
        {
            "comment_id": "hin4k59",
            "body": "fealty to a person, instead of the country. what could go wrong?",
            "ups": 4,
            "downs": 0
        },
        {
            "comment_id": "himth0q",
            "body": "The cult of Trump gets worse by the day",
            "ups": 10,
            "downs": 0
        },
        {
            "comment_id": "hinixfs",
            "body": "Kinzinger might be mildly anti-trump currently but he supported Trump strongly previously and is really not a good person. His hard Right politics are as toxic as many other GOP politicians. Do not be fooled.",
            "ups": 14,
            "downs": 0
        }
    ]
}