{
    "post_url": "https://www.reddit.com/r/politics/comments/qiq4pz/texas_ag_ken_paxton_sues_biden_admiration_over/",
    "time_posted": "2021-10-29 20:31:13",
    "time_now": "2021-11-02 06:35:28",
    "ups": 0,
    "downs": 0,
    "comments_since_last_sample": [],
    "top_comments_top": [
        {
            "comment_id": "hil1u0g",
            "body": "\nAs a reminder, this subreddit [is for civil discussion.](/r/politics/wiki/index#wiki_be_civil)\n\nIn general, be courteous to others. Debate/discuss/argue the merits of ideas, don't attack people. Personal insults, shill or troll accusations, hate speech, any suggestion or support of harm, violence, or death, and other rule violations can result in a permanent ban. \n\nIf you see comments in violation of our rules, please report them.\n\n For those who have questions regarding any media outlets being posted on this subreddit, please click [here](https://www.reddit.com/r/politics/wiki/approveddomainslist) to review our details as to our approved domains list and outlet criteria.\n\n***\n\n\n*I am a bot, and this action was performed automatically. Please [contact the moderators of this subreddit](/message/compose/?to=/r/politics) if you have any questions or concerns.*",
            "ups": 1,
            "downs": 0
        },
        {
            "comment_id": "hil2j05",
            "body": "Not gonna fly.\n\nSCOTUS have already confirmed that State's right apply to state issues, and federal workers can be mandated by the federal government / POTUS. Just like the military can. \n\nThis is just Paxton doing idiotic peacocking for elections next year.",
            "ups": 16,
            "downs": 0
        },
        {
            "comment_id": "hil30uc",
            "body": "How is crook Paxton not in jail yet?",
            "ups": 11,
            "downs": 0
        },
        {
            "comment_id": "hil2eof",
            "body": "Let him fuck around and find out. You don't hear them bemoaning all the rules that military personnel have to follow on...say....Joint base Lackland/Sam Houston, Fort Hood, Fort Bliss...",
            "ups": 9,
            "downs": 0
        },
        {
            "comment_id": "hil2hxd",
            "body": "So Texas is just being a Florida copycat now?\n\nAnything you can do, we can do worse.",
            "ups": 8,
            "downs": 0
        }
    ],
    "top_comments_best": [
        {
            "comment_id": "hil1u0g",
            "body": "\nAs a reminder, this subreddit [is for civil discussion.](/r/politics/wiki/index#wiki_be_civil)\n\nIn general, be courteous to others. Debate/discuss/argue the merits of ideas, don't attack people. Personal insults, shill or troll accusations, hate speech, any suggestion or support of harm, violence, or death, and other rule violations can result in a permanent ban. \n\nIf you see comments in violation of our rules, please report them.\n\n For those who have questions regarding any media outlets being posted on this subreddit, please click [here](https://www.reddit.com/r/politics/wiki/approveddomainslist) to review our details as to our approved domains list and outlet criteria.\n\n***\n\n\n*I am a bot, and this action was performed automatically. Please [contact the moderators of this subreddit](/message/compose/?to=/r/politics) if you have any questions or concerns.*",
            "ups": 1,
            "downs": 0
        },
        {
            "comment_id": "hil2j05",
            "body": "Not gonna fly.\n\nSCOTUS have already confirmed that State's right apply to state issues, and federal workers can be mandated by the federal government / POTUS. Just like the military can. \n\nThis is just Paxton doing idiotic peacocking for elections next year.",
            "ups": 17,
            "downs": 0
        },
        {
            "comment_id": "hil30uc",
            "body": "How is crook Paxton not in jail yet?",
            "ups": 11,
            "downs": 0
        },
        {
            "comment_id": "hil2eof",
            "body": "Let him fuck around and find out. You don't hear them bemoaning all the rules that military personnel have to follow on...say....Joint base Lackland/Sam Houston, Fort Hood, Fort Bliss...",
            "ups": 9,
            "downs": 0
        },
        {
            "comment_id": "hil2hxd",
            "body": "So Texas is just being a Florida copycat now?\n\nAnything you can do, we can do worse.",
            "ups": 8,
            "downs": 0
        }
    ],
    "top_comments_hot": [
        {
            "comment_id": "hil1u0g",
            "body": "\nAs a reminder, this subreddit [is for civil discussion.](/r/politics/wiki/index#wiki_be_civil)\n\nIn general, be courteous to others. Debate/discuss/argue the merits of ideas, don't attack people. Personal insults, shill or troll accusations, hate speech, any suggestion or support of harm, violence, or death, and other rule violations can result in a permanent ban. \n\nIf you see comments in violation of our rules, please report them.\n\n For those who have questions regarding any media outlets being posted on this subreddit, please click [here](https://www.reddit.com/r/politics/wiki/approveddomainslist) to review our details as to our approved domains list and outlet criteria.\n\n***\n\n\n*I am a bot, and this action was performed automatically. Please [contact the moderators of this subreddit](/message/compose/?to=/r/politics) if you have any questions or concerns.*",
            "ups": 1,
            "downs": 0
        },
        {
            "comment_id": "hil2j05",
            "body": "Not gonna fly.\n\nSCOTUS have already confirmed that State's right apply to state issues, and federal workers can be mandated by the federal government / POTUS. Just like the military can. \n\nThis is just Paxton doing idiotic peacocking for elections next year.",
            "ups": 16,
            "downs": 0
        },
        {
            "comment_id": "hil30uc",
            "body": "How is crook Paxton not in jail yet?",
            "ups": 11,
            "downs": 0
        },
        {
            "comment_id": "hil2eof",
            "body": "Let him fuck around and find out. You don't hear them bemoaning all the rules that military personnel have to follow on...say....Joint base Lackland/Sam Houston, Fort Hood, Fort Bliss...",
            "ups": 9,
            "downs": 0
        },
        {
            "comment_id": "hil2hxd",
            "body": "So Texas is just being a Florida copycat now?\n\nAnything you can do, we can do worse.",
            "ups": 7,
            "downs": 0
        }
    ]
}