{
    "post_url": "https://www.reddit.com/r/politics/comments/qj4efa/biden_finds_raising_corporate_tax_rates_easier/",
    "time_posted": "2021-10-30 11:59:06",
    "time_now": "2021-10-31 05:07:18",
    "ups": 209,
    "downs": 0,
    "comments_since_last_sample": [],
    "top_comments_top": [
        {
            "comment_id": "hinmbma",
            "body": "\nAs a reminder, this subreddit [is for civil discussion.](/r/politics/wiki/index#wiki_be_civil)\n\nIn general, be courteous to others. Debate/discuss/argue the merits of ideas, don't attack people. Personal insults, shill or troll accusations, hate speech, any suggestion or support of harm, violence, or death, and other rule violations can result in a permanent ban. \n\nIf you see comments in violation of our rules, please report them.\n\n For those who have questions regarding any media outlets being posted on this subreddit, please click [here](https://www.reddit.com/r/politics/wiki/approveddomainslist) to review our details as to our approved domains list and outlet criteria.\n\n***\n\n\n*I am a bot, and this action was performed automatically. Please [contact the moderators of this subreddit](/message/compose/?to=/r/politics) if you have any questions or concerns.*",
            "ups": 1,
            "downs": 0
        },
        {
            "comment_id": "hinobjc",
            "body": "Every headline needs to end \u201cbecause of republicans.\u201d\n\nBiden can\u2019t pass family leave\u2026because of republicans.\n\nBiden can\u2019t increase taxes on billionaires\u2026because of republicans.\n\nBiden can\u2019t pass infrastructure and fix our failing roads\u2026because of republicans.\n\nAmerica is failing\u2026because of republicans.\n\nIt\u2019s really not that hard and will be totally accurate 99% of the time.",
            "ups": 21,
            "downs": 0
        },
        {
            "comment_id": "hinos2e",
            "body": "Well corporations run our government.",
            "ups": 2,
            "downs": 0
        },
        {
            "comment_id": "hiom5c3",
            "body": "Makes sense.  We have more idiots per capita.",
            "ups": 2,
            "downs": 0
        },
        {
            "comment_id": "hint8pa",
            "body": "Well we are a heavily brainwashed nation in denial at the moment unfortunately. Simple words like socialism just throw the simple\nminded who are over fed fear into a frenzy without even understanding the situation\u2026. But there\u2019s that word I\u2019m supposed to hate because my news network of choice repeats it over and over again feeding them that confirmation bias dopamine they\u2019re addicted to. Funny how words like that get attached to anything that goes against those talking heads personal interest too. \ud83e\udd14",
            "ups": 1,
            "downs": 0
        }
    ],
    "top_comments_best": [
        {
            "comment_id": "hinmbma",
            "body": "\nAs a reminder, this subreddit [is for civil discussion.](/r/politics/wiki/index#wiki_be_civil)\n\nIn general, be courteous to others. Debate/discuss/argue the merits of ideas, don't attack people. Personal insults, shill or troll accusations, hate speech, any suggestion or support of harm, violence, or death, and other rule violations can result in a permanent ban. \n\nIf you see comments in violation of our rules, please report them.\n\n For those who have questions regarding any media outlets being posted on this subreddit, please click [here](https://www.reddit.com/r/politics/wiki/approveddomainslist) to review our details as to our approved domains list and outlet criteria.\n\n***\n\n\n*I am a bot, and this action was performed automatically. Please [contact the moderators of this subreddit](/message/compose/?to=/r/politics) if you have any questions or concerns.*",
            "ups": 1,
            "downs": 0
        },
        {
            "comment_id": "hinobjc",
            "body": "Every headline needs to end \u201cbecause of republicans.\u201d\n\nBiden can\u2019t pass family leave\u2026because of republicans.\n\nBiden can\u2019t increase taxes on billionaires\u2026because of republicans.\n\nBiden can\u2019t pass infrastructure and fix our failing roads\u2026because of republicans.\n\nAmerica is failing\u2026because of republicans.\n\nIt\u2019s really not that hard and will be totally accurate 99% of the time.",
            "ups": 22,
            "downs": 0
        },
        {
            "comment_id": "hinos2e",
            "body": "Well corporations run our government.",
            "ups": 2,
            "downs": 0
        },
        {
            "comment_id": "hiom5c3",
            "body": "Makes sense.  We have more idiots per capita.",
            "ups": 2,
            "downs": 0
        },
        {
            "comment_id": "hint8pa",
            "body": "Well we are a heavily brainwashed nation in denial at the moment unfortunately. Simple words like socialism just throw the simple\nminded who are over fed fear into a frenzy without even understanding the situation\u2026. But there\u2019s that word I\u2019m supposed to hate because my news network of choice repeats it over and over again feeding them that confirmation bias dopamine they\u2019re addicted to. Funny how words like that get attached to anything that goes against those talking heads personal interest too. \ud83e\udd14",
            "ups": 1,
            "downs": 0
        }
    ],
    "top_comments_hot": [
        {
            "comment_id": "hinmbma",
            "body": "\nAs a reminder, this subreddit [is for civil discussion.](/r/politics/wiki/index#wiki_be_civil)\n\nIn general, be courteous to others. Debate/discuss/argue the merits of ideas, don't attack people. Personal insults, shill or troll accusations, hate speech, any suggestion or support of harm, violence, or death, and other rule violations can result in a permanent ban. \n\nIf you see comments in violation of our rules, please report them.\n\n For those who have questions regarding any media outlets being posted on this subreddit, please click [here](https://www.reddit.com/r/politics/wiki/approveddomainslist) to review our details as to our approved domains list and outlet criteria.\n\n***\n\n\n*I am a bot, and this action was performed automatically. Please [contact the moderators of this subreddit](/message/compose/?to=/r/politics) if you have any questions or concerns.*",
            "ups": 1,
            "downs": 0
        },
        {
            "comment_id": "hinobjc",
            "body": "Every headline needs to end \u201cbecause of republicans.\u201d\n\nBiden can\u2019t pass family leave\u2026because of republicans.\n\nBiden can\u2019t increase taxes on billionaires\u2026because of republicans.\n\nBiden can\u2019t pass infrastructure and fix our failing roads\u2026because of republicans.\n\nAmerica is failing\u2026because of republicans.\n\nIt\u2019s really not that hard and will be totally accurate 99% of the time.",
            "ups": 23,
            "downs": 0
        },
        {
            "comment_id": "hinos2e",
            "body": "Well corporations run our government.",
            "ups": 2,
            "downs": 0
        },
        {
            "comment_id": "hiom5c3",
            "body": "Makes sense.  We have more idiots per capita.",
            "ups": 2,
            "downs": 0
        },
        {
            "comment_id": "hint8pa",
            "body": "Well we are a heavily brainwashed nation in denial at the moment unfortunately. Simple words like socialism just throw the simple\nminded who are over fed fear into a frenzy without even understanding the situation\u2026. But there\u2019s that word I\u2019m supposed to hate because my news network of choice repeats it over and over again feeding them that confirmation bias dopamine they\u2019re addicted to. Funny how words like that get attached to anything that goes against those talking heads personal interest too. \ud83e\udd14",
            "ups": 1,
            "downs": 0
        }
    ]
}