{
    "post_url": "https://www.reddit.com/r/politics/comments/qirjv3/texas_sues_the_biden_administration_over_federal/",
    "time_posted": "2021-10-29 21:56:28",
    "time_now": "2021-10-31 09:15:46",
    "ups": 0,
    "downs": 0,
    "comments_since_last_sample": [],
    "top_comments_top": [
        {
            "comment_id": "hilca3f",
            "body": "\nAs a reminder, this subreddit [is for civil discussion.](/r/politics/wiki/index#wiki_be_civil)\n\nIn general, be courteous to others. Debate/discuss/argue the merits of ideas, don't attack people. Personal insults, shill or troll accusations, hate speech, any suggestion or support of harm, violence, or death, and other rule violations can result in a permanent ban. \n\nIf you see comments in violation of our rules, please report them.\n\n For those who have questions regarding any media outlets being posted on this subreddit, please click [here](https://www.reddit.com/r/politics/wiki/approveddomainslist) to review our details as to our approved domains list and outlet criteria.\n\n***\n\n\n*I am a bot, and this action was performed automatically. Please [contact the moderators of this subreddit](/message/compose/?to=/r/politics) if you have any questions or concerns.*",
            "ups": 1,
            "downs": 0
        },
        {
            "comment_id": "hilewic",
            "body": "Texas, Georgia, &amp; Florida are all \"Right ot Work\" states. Making a State Law; dictating that private businesses can't enact a vaccine policy--goes against the \"Right to Work\" laws.\n\nThe States can sue the Fed. Govt. over a mandatory individual rights Vaccine Law. They however; will not win in any Fed District Court over what the Fed deems as a Vaccine Law/Mandate; because every Fed property, isn't controlled by the State, County, nor City--its Federal Property.",
            "ups": 12,
            "downs": 0
        },
        {
            "comment_id": "hile59s",
            "body": "How to waste taxpayer money and kill your constituents in one easy step.",
            "ups": 8,
            "downs": 0
        },
        {
            "comment_id": "hilfzpa",
            "body": "Waste of taxpayer dollars.",
            "ups": 6,
            "downs": 0
        },
        {
            "comment_id": "hilio1e",
            "body": "Courts going to have fun lining up all 3 and smacking the fuck outta them",
            "ups": 5,
            "downs": 0
        }
    ],
    "top_comments_best": [
        {
            "comment_id": "hilca3f",
            "body": "\nAs a reminder, this subreddit [is for civil discussion.](/r/politics/wiki/index#wiki_be_civil)\n\nIn general, be courteous to others. Debate/discuss/argue the merits of ideas, don't attack people. Personal insults, shill or troll accusations, hate speech, any suggestion or support of harm, violence, or death, and other rule violations can result in a permanent ban. \n\nIf you see comments in violation of our rules, please report them.\n\n For those who have questions regarding any media outlets being posted on this subreddit, please click [here](https://www.reddit.com/r/politics/wiki/approveddomainslist) to review our details as to our approved domains list and outlet criteria.\n\n***\n\n\n*I am a bot, and this action was performed automatically. Please [contact the moderators of this subreddit](/message/compose/?to=/r/politics) if you have any questions or concerns.*",
            "ups": 1,
            "downs": 0
        },
        {
            "comment_id": "hilewic",
            "body": "Texas, Georgia, &amp; Florida are all \"Right ot Work\" states. Making a State Law; dictating that private businesses can't enact a vaccine policy--goes against the \"Right to Work\" laws.\n\nThe States can sue the Fed. Govt. over a mandatory individual rights Vaccine Law. They however; will not win in any Fed District Court over what the Fed deems as a Vaccine Law/Mandate; because every Fed property, isn't controlled by the State, County, nor City--its Federal Property.",
            "ups": 13,
            "downs": 0
        },
        {
            "comment_id": "hilfzpa",
            "body": "Waste of taxpayer dollars.",
            "ups": 5,
            "downs": 0
        },
        {
            "comment_id": "hilio1e",
            "body": "Courts going to have fun lining up all 3 and smacking the fuck outta them",
            "ups": 4,
            "downs": 0
        },
        {
            "comment_id": "hile59s",
            "body": "How to waste taxpayer money and kill your constituents in one easy step.",
            "ups": 8,
            "downs": 0
        }
    ],
    "top_comments_hot": [
        {
            "comment_id": "hilca3f",
            "body": "\nAs a reminder, this subreddit [is for civil discussion.](/r/politics/wiki/index#wiki_be_civil)\n\nIn general, be courteous to others. Debate/discuss/argue the merits of ideas, don't attack people. Personal insults, shill or troll accusations, hate speech, any suggestion or support of harm, violence, or death, and other rule violations can result in a permanent ban. \n\nIf you see comments in violation of our rules, please report them.\n\n For those who have questions regarding any media outlets being posted on this subreddit, please click [here](https://www.reddit.com/r/politics/wiki/approveddomainslist) to review our details as to our approved domains list and outlet criteria.\n\n***\n\n\n*I am a bot, and this action was performed automatically. Please [contact the moderators of this subreddit](/message/compose/?to=/r/politics) if you have any questions or concerns.*",
            "ups": 1,
            "downs": 0
        },
        {
            "comment_id": "hilewic",
            "body": "Texas, Georgia, &amp; Florida are all \"Right ot Work\" states. Making a State Law; dictating that private businesses can't enact a vaccine policy--goes against the \"Right to Work\" laws.\n\nThe States can sue the Fed. Govt. over a mandatory individual rights Vaccine Law. They however; will not win in any Fed District Court over what the Fed deems as a Vaccine Law/Mandate; because every Fed property, isn't controlled by the State, County, nor City--its Federal Property.",
            "ups": 13,
            "downs": 0
        },
        {
            "comment_id": "hilfzpa",
            "body": "Waste of taxpayer dollars.",
            "ups": 5,
            "downs": 0
        },
        {
            "comment_id": "hilio1e",
            "body": "Courts going to have fun lining up all 3 and smacking the fuck outta them",
            "ups": 5,
            "downs": 0
        },
        {
            "comment_id": "hile59s",
            "body": "How to waste taxpayer money and kill your constituents in one easy step.",
            "ups": 7,
            "downs": 0
        }
    ]
}