{
    "post_url": "https://www.reddit.com/r/LifeProTips/comments/qintlp/lpt_make_turning_on_your_headlights_part_of_your/",
    "time_posted": "2021-10-29 18:18:43",
    "time_now": "2021-11-04 12:10:08",
    "ups": 5,
    "downs": 0,
    "comments_since_last_sample": [],
    "top_comments_top": [
        {
            "comment_id": "hikknau",
            "body": "Hello and welcome to r/LifeProTips!\n\nPlease help us decide if this post is a good fit for the subreddit by up or downvoting this comment. \n\nIf you think that this is great advice to improve your life, please upvote. If you think this doesn't help you in any way, please downvote. If you don't care, leave it for the others to decide.",
            "ups": 1,
            "downs": 0
        },
        {
            "comment_id": "hikl119",
            "body": "You had better not be one of those LED assholes.  I want to take a sledgehammer to those lights.",
            "ups": 18,
            "downs": 0
        },
        {
            "comment_id": "hiku59c",
            "body": "I was an engineer for Delco Electronics in the mid 90s, working on the body control modules. These are the black boxes that control headlight activation, among other things.  \n\nIn that capacity, I had all the access to GM's database of studies, as we were in the early days of implementing DRLs. Canada had already required DRLs at that time.  One Canadian study had determined that the  odds of being in an accident dropped by 50% if the driver had their headlights on.  \n\nRegardless of fault, you're half as likely to be in an accident if you leave your lights on. Period.\n\nThe reason for this is that even in broad daylight, there's still a ton of dynamic range in the light environment. When you drive into the shade (tunnel, near trees around hills, etc) you become nearly invisible.  That's why it's important to run lights, ESPECIALLY on bright sunny days.\n\nThis notion that it diminishes our ability to notice emergency vehicles is myth. I drive fire apparatus and have been trained to do so.  Remember that *we* also need to see *you*, something that is more difficult when you do not have lights on.",
            "ups": 13,
            "downs": 0
        },
        {
            "comment_id": "hikkreg",
            "body": "My truck does this automatically",
            "ups": 8,
            "downs": 0
        },
        {
            "comment_id": "hikkwz6",
            "body": "Or at least when you turn your wipers on you turn on your lights.",
            "ups": 5,
            "downs": 0
        }
    ],
    "top_comments_best": [
        {
            "comment_id": "hikknau",
            "body": "Hello and welcome to r/LifeProTips!\n\nPlease help us decide if this post is a good fit for the subreddit by up or downvoting this comment. \n\nIf you think that this is great advice to improve your life, please upvote. If you think this doesn't help you in any way, please downvote. If you don't care, leave it for the others to decide.",
            "ups": 1,
            "downs": 0
        },
        {
            "comment_id": "hikl119",
            "body": "You had better not be one of those LED assholes.  I want to take a sledgehammer to those lights.",
            "ups": 18,
            "downs": 0
        },
        {
            "comment_id": "hikkreg",
            "body": "My truck does this automatically",
            "ups": 8,
            "downs": 0
        },
        {
            "comment_id": "hikkwz6",
            "body": "Or at least when you turn your wipers on you turn on your lights.",
            "ups": 5,
            "downs": 0
        },
        {
            "comment_id": "hiku59c",
            "body": "I was an engineer for Delco Electronics in the mid 90s, working on the body control modules. These are the black boxes that control headlight activation, among other things.  \n\nIn that capacity, I had all the access to GM's database of studies, as we were in the early days of implementing DRLs. Canada had already required DRLs at that time.  One Canadian study had determined that the  odds of being in an accident dropped by 50% if the driver had their headlights on.  \n\nRegardless of fault, you're half as likely to be in an accident if you leave your lights on. Period.\n\nThe reason for this is that even in broad daylight, there's still a ton of dynamic range in the light environment. When you drive into the shade (tunnel, near trees around hills, etc) you become nearly invisible.  That's why it's important to run lights, ESPECIALLY on bright sunny days.\n\nThis notion that it diminishes our ability to notice emergency vehicles is myth. I drive fire apparatus and have been trained to do so.  Remember that *we* also need to see *you*, something that is more difficult when you do not have lights on.",
            "ups": 12,
            "downs": 0
        }
    ],
    "top_comments_hot": [
        {
            "comment_id": "hikknau",
            "body": "Hello and welcome to r/LifeProTips!\n\nPlease help us decide if this post is a good fit for the subreddit by up or downvoting this comment. \n\nIf you think that this is great advice to improve your life, please upvote. If you think this doesn't help you in any way, please downvote. If you don't care, leave it for the others to decide.",
            "ups": 1,
            "downs": 0
        },
        {
            "comment_id": "hikl119",
            "body": "You had better not be one of those LED assholes.  I want to take a sledgehammer to those lights.",
            "ups": 18,
            "downs": 0
        },
        {
            "comment_id": "hikkreg",
            "body": "My truck does this automatically",
            "ups": 7,
            "downs": 0
        },
        {
            "comment_id": "hikkwz6",
            "body": "Or at least when you turn your wipers on you turn on your lights.",
            "ups": 6,
            "downs": 0
        },
        {
            "comment_id": "hiku59c",
            "body": "I was an engineer for Delco Electronics in the mid 90s, working on the body control modules. These are the black boxes that control headlight activation, among other things.  \n\nIn that capacity, I had all the access to GM's database of studies, as we were in the early days of implementing DRLs. Canada had already required DRLs at that time.  One Canadian study had determined that the  odds of being in an accident dropped by 50% if the driver had their headlights on.  \n\nRegardless of fault, you're half as likely to be in an accident if you leave your lights on. Period.\n\nThe reason for this is that even in broad daylight, there's still a ton of dynamic range in the light environment. When you drive into the shade (tunnel, near trees around hills, etc) you become nearly invisible.  That's why it's important to run lights, ESPECIALLY on bright sunny days.\n\nThis notion that it diminishes our ability to notice emergency vehicles is myth. I drive fire apparatus and have been trained to do so.  Remember that *we* also need to see *you*, something that is more difficult when you do not have lights on.",
            "ups": 12,
            "downs": 0
        }
    ]
}