{
    "post_url": "https://www.reddit.com/r/gaming/comments/qj3n7y/an_underrated_fps_darkwatch_retrospective/",
    "time_posted": "2021-10-30 11:21:18",
    "time_now": "2021-11-04 12:06:04",
    "ups": 2,
    "downs": 0,
    "comments_since_last_sample": [],
    "top_comments_top": [
        {
            "comment_id": "hinyeb2",
            "body": "Wholeheartedly agree. I loved the shit out of this game",
            "ups": 1,
            "downs": 0
        }
    ],
    "top_comments_best": [
        {
            "comment_id": "hinyeb2",
            "body": "Wholeheartedly agree. I loved the shit out of this game",
            "ups": 1,
            "downs": 0
        }
    ],
    "top_comments_hot": [
        {
            "comment_id": "hinyeb2",
            "body": "Wholeheartedly agree. I loved the shit out of this game",
            "ups": 1,
            "downs": 0
        }
    ]
}