{
    "time_posted": "2021-10-30 14:02:20",
    "url": "https://www.youtube.com/watch?v=53WeY5eT3RI",
    "time_now": "2021-11-06 05:17:35",
    "ups": "203",
    "downs": "15",
    "views": "17004",
    "top_comments": [
        {
            "comment": "\u0628\u0698\u06cc \u06a9\u0648\u0631\u062f",
            "likes": 2,
            "number_of_replies": 0
        },
        {
            "comment": "\ud83d\udc96\ud83c\udf37\ud83d\udc96\ud83c\udf37\ud83d\udc96\ud83c\udf37\ud83d\udc96",
            "likes": 2,
            "number_of_replies": 0
        },
        {
            "comment": "\u0e40\u0e21\u0e49\u0e19\u0e40\u0e40\u0e23\u0e01",
            "likes": 1,
            "number_of_replies": 0
        },
        {
            "comment": "Hi I am a big fan of this channel",
            "likes": 1,
            "number_of_replies": 1
        },
        {
            "comment": "Nice.... \ud83d\udc90\ud83d\udc90\ud83d\udc90\ud83d\udc4c\ud83d\udc4c\ud83d\udc4c",
            "likes": 1,
            "number_of_replies": 1
        }
    ],
    "comments_since_last_sample": []
}