{
    "post_url": "https://www.reddit.com/r/gaming/comments/qj1ha9/i_would_love_quick_iekeep_it_moving_video_game/",
    "time_posted": "2021-10-30 09:27:28",
    "time_now": "2021-11-05 21:04:48",
    "ups": 9,
    "downs": 0,
    "comments_since_last_sample": [],
    "top_comments_top": [
        {
            "comment_id": "hina051",
            "body": "Double check with your son that this is what he wants.\n\nAn 11 year old is capable of understanding the challenge idea, but if he just wants to group up and play fortnite with his buddies, let him do that.\n\nIt's his birthday after all.",
            "ups": 5,
            "downs": 0
        },
        {
            "comment_id": "hin34ic",
            "body": "Mario kart and Mario party are both great group games and , in my opinion , lots of fun for almost any age.",
            "ups": 4,
            "downs": 0
        },
        {
            "comment_id": "hina7oy",
            "body": "Megaman 2",
            "ups": 1,
            "downs": 0
        },
        {
            "comment_id": "hinu1cw",
            "body": "Play the mine cart level in donkey kong country.\n\nThey will all stop there.",
            "ups": 1,
            "downs": 0
        },
        {
            "comment_id": "hin5rfl",
            "body": "And if he ever plays forknife again, ground him.",
            "ups": -1,
            "downs": 0
        }
    ],
    "top_comments_best": [
        {
            "comment_id": "hina051",
            "body": "Double check with your son that this is what he wants.\n\nAn 11 year old is capable of understanding the challenge idea, but if he just wants to group up and play fortnite with his buddies, let him do that.\n\nIt's his birthday after all.",
            "ups": 4,
            "downs": 0
        },
        {
            "comment_id": "hin34ic",
            "body": "Mario kart and Mario party are both great group games and , in my opinion , lots of fun for almost any age.",
            "ups": 3,
            "downs": 0
        },
        {
            "comment_id": "hina7oy",
            "body": "Megaman 2",
            "ups": 1,
            "downs": 0
        },
        {
            "comment_id": "hinu1cw",
            "body": "Play the mine cart level in donkey kong country.\n\nThey will all stop there.",
            "ups": 1,
            "downs": 0
        },
        {
            "comment_id": "hin5rfl",
            "body": "And if he ever plays forknife again, ground him.",
            "ups": -3,
            "downs": 0
        }
    ],
    "top_comments_hot": [
        {
            "comment_id": "hina051",
            "body": "Double check with your son that this is what he wants.\n\nAn 11 year old is capable of understanding the challenge idea, but if he just wants to group up and play fortnite with his buddies, let him do that.\n\nIt's his birthday after all.",
            "ups": 5,
            "downs": 0
        },
        {
            "comment_id": "hin34ic",
            "body": "Mario kart and Mario party are both great group games and , in my opinion , lots of fun for almost any age.",
            "ups": 2,
            "downs": 0
        },
        {
            "comment_id": "hina7oy",
            "body": "Megaman 2",
            "ups": 1,
            "downs": 0
        },
        {
            "comment_id": "hinu1cw",
            "body": "Play the mine cart level in donkey kong country.\n\nThey will all stop there.",
            "ups": 1,
            "downs": 0
        },
        {
            "comment_id": "hin5rfl",
            "body": "And if he ever plays forknife again, ground him.",
            "ups": -2,
            "downs": 0
        }
    ]
}