{
    "post_url": "https://www.reddit.com/r/politics/comments/qj1q26/democrats_are_close_to_implementing_big_fines_for/",
    "time_posted": "2021-10-30 09:41:21",
    "time_now": "2021-11-03 03:10:32",
    "ups": 3774,
    "downs": 0,
    "comments_since_last_sample": [],
    "top_comments_top": [
        {
            "comment_id": "hin48mj",
            "body": "\nAs a reminder, this subreddit [is for civil discussion.](/r/politics/wiki/index#wiki_be_civil)\n\nIn general, be courteous to others. Debate/discuss/argue the merits of ideas, don't attack people. Personal insults, shill or troll accusations, hate speech, any suggestion or support of harm, violence, or death, and other rule violations can result in a permanent ban. \n\nIf you see comments in violation of our rules, please report them.\n\n For those who have questions regarding any media outlets being posted on this subreddit, please click [here](https://www.reddit.com/r/politics/wiki/approveddomainslist) to review our details as to our approved domains list and outlet criteria.\n\n***\n\n\n*I am a bot, and this action was performed automatically. Please [contact the moderators of this subreddit](/message/compose/?to=/r/politics) if you have any questions or concerns.*",
            "ups": 1,
            "downs": 0
        },
        {
            "comment_id": "hin63es",
            "body": "They're always close to doing something good and then never actually doing it.",
            "ups": 238,
            "downs": 0
        },
        {
            "comment_id": "hinekr7",
            "body": "Fines need to be in percentage. Break a law and you have to pay a fine of 15% or something.  Fuck those $ 30,000 fines . For an Amazon kind of company that's not even on their radar.",
            "ups": 200,
            "downs": 0
        },
        {
            "comment_id": "hin4cbj",
            "body": "I'll believe it when I see it. Sinema and Munchin will probably just kill it like every other good thing we're supposed to be doing right now.",
            "ups": 133,
            "downs": 0
        },
        {
            "comment_id": "hin6isp",
            "body": "Lately Democrats are an asymptote.  Constantly approaching something but never actually arriving.",
            "ups": 25,
            "downs": 0
        }
    ],
    "top_comments_best": [
        {
            "comment_id": "hin48mj",
            "body": "\nAs a reminder, this subreddit [is for civil discussion.](/r/politics/wiki/index#wiki_be_civil)\n\nIn general, be courteous to others. Debate/discuss/argue the merits of ideas, don't attack people. Personal insults, shill or troll accusations, hate speech, any suggestion or support of harm, violence, or death, and other rule violations can result in a permanent ban. \n\nIf you see comments in violation of our rules, please report them.\n\n For those who have questions regarding any media outlets being posted on this subreddit, please click [here](https://www.reddit.com/r/politics/wiki/approveddomainslist) to review our details as to our approved domains list and outlet criteria.\n\n***\n\n\n*I am a bot, and this action was performed automatically. Please [contact the moderators of this subreddit](/message/compose/?to=/r/politics) if you have any questions or concerns.*",
            "ups": 1,
            "downs": 0
        },
        {
            "comment_id": "hinekr7",
            "body": "Fines need to be in percentage. Break a law and you have to pay a fine of 15% or something.  Fuck those $ 30,000 fines . For an Amazon kind of company that's not even on their radar.",
            "ups": 199,
            "downs": 0
        },
        {
            "comment_id": "hin4cbj",
            "body": "I'll believe it when I see it. Sinema and Munchin will probably just kill it like every other good thing we're supposed to be doing right now.",
            "ups": 132,
            "downs": 0
        },
        {
            "comment_id": "hin63es",
            "body": "They're always close to doing something good and then never actually doing it.",
            "ups": 238,
            "downs": 0
        },
        {
            "comment_id": "hinlsb1",
            "body": "Big fines or fines big enough to actually discourage the behavior?\n\nAnd that's a rhetorical question, because we all know the answer.",
            "ups": 18,
            "downs": 0
        }
    ],
    "top_comments_hot": [
        {
            "comment_id": "hin48mj",
            "body": "\nAs a reminder, this subreddit [is for civil discussion.](/r/politics/wiki/index#wiki_be_civil)\n\nIn general, be courteous to others. Debate/discuss/argue the merits of ideas, don't attack people. Personal insults, shill or troll accusations, hate speech, any suggestion or support of harm, violence, or death, and other rule violations can result in a permanent ban. \n\nIf you see comments in violation of our rules, please report them.\n\n For those who have questions regarding any media outlets being posted on this subreddit, please click [here](https://www.reddit.com/r/politics/wiki/approveddomainslist) to review our details as to our approved domains list and outlet criteria.\n\n***\n\n\n*I am a bot, and this action was performed automatically. Please [contact the moderators of this subreddit](/message/compose/?to=/r/politics) if you have any questions or concerns.*",
            "ups": 1,
            "downs": 0
        },
        {
            "comment_id": "hinekr7",
            "body": "Fines need to be in percentage. Break a law and you have to pay a fine of 15% or something.  Fuck those $ 30,000 fines . For an Amazon kind of company that's not even on their radar.",
            "ups": 202,
            "downs": 0
        },
        {
            "comment_id": "hin4cbj",
            "body": "I'll believe it when I see it. Sinema and Munchin will probably just kill it like every other good thing we're supposed to be doing right now.",
            "ups": 135,
            "downs": 0
        },
        {
            "comment_id": "hin63es",
            "body": "They're always close to doing something good and then never actually doing it.",
            "ups": 238,
            "downs": 0
        },
        {
            "comment_id": "hinlsb1",
            "body": "Big fines or fines big enough to actually discourage the behavior?\n\nAnd that's a rhetorical question, because we all know the answer.",
            "ups": 20,
            "downs": 0
        }
    ]
}