{
    "post_url": "https://www.reddit.com/r/politics/comments/qircr7/tucker_carlson_draws_bipartisan_backlash_for/",
    "time_posted": "2021-10-29 21:44:39",
    "time_now": "2021-11-05 16:59:57",
    "ups": 1976,
    "downs": 0,
    "comments_since_last_sample": [],
    "top_comments_top": [
        {
            "comment_id": "hilau3l",
            "body": "\nAs a reminder, this subreddit [is for civil discussion.](/r/politics/wiki/index#wiki_be_civil)\n\nIn general, be courteous to others. Debate/discuss/argue the merits of ideas, don't attack people. Personal insults, shill or troll accusations, hate speech, any suggestion or support of harm, violence, or death, and other rule violations can result in a permanent ban. \n\nIf you see comments in violation of our rules, please report them.\n\n For those who have questions regarding any media outlets being posted on this subreddit, please click [here](https://www.reddit.com/r/politics/wiki/approveddomainslist) to review our details as to our approved domains list and outlet criteria.\n\n***\n\n\n*I am a bot, and this action was performed automatically. Please [contact the moderators of this subreddit](/message/compose/?to=/r/politics) if you have any questions or concerns.*",
            "ups": 1,
            "downs": 0
        },
        {
            "comment_id": "hilazuv",
            "body": "\"Bipartisan\" my ass. \n\nRepublicans tacitly endorse every fucking thing tucker carlson days and does. He is the epitome of the republican party. Frankly, he is the logical conclusion of conservatism.",
            "ups": 491,
            "downs": 0
        },
        {
            "comment_id": "hilkeaa",
            "body": "If it was a false flag operation, why not investigate it? And why is mango Mussolini and his merry band of sycophants claiming these Jan 6 participants are political prisoners?\n\nAll you have to do is ask a single question to unravel the bullshit, but unfortunately 40 percent of the country likes having bullshit dumped on them, no questions asked",
            "ups": 208,
            "downs": 0
        },
        {
            "comment_id": "hild5xk",
            "body": "These muppets love claiming \u2018false flag\u2019 operations. No credible evidence whatsoever to corroborate their lies.",
            "ups": 139,
            "downs": 0
        },
        {
            "comment_id": "hilgsp5",
            "body": "I feel like this is his exit strategy. He's going to go full on white supremacist conspiracy theory peddler until Fox is forced to take him off the air and then he'll say he got canceled and grift on that.",
            "ups": 71,
            "downs": 0
        }
    ],
    "top_comments_best": [
        {
            "comment_id": "hilau3l",
            "body": "\nAs a reminder, this subreddit [is for civil discussion.](/r/politics/wiki/index#wiki_be_civil)\n\nIn general, be courteous to others. Debate/discuss/argue the merits of ideas, don't attack people. Personal insults, shill or troll accusations, hate speech, any suggestion or support of harm, violence, or death, and other rule violations can result in a permanent ban. \n\nIf you see comments in violation of our rules, please report them.\n\n For those who have questions regarding any media outlets being posted on this subreddit, please click [here](https://www.reddit.com/r/politics/wiki/approveddomainslist) to review our details as to our approved domains list and outlet criteria.\n\n***\n\n\n*I am a bot, and this action was performed automatically. Please [contact the moderators of this subreddit](/message/compose/?to=/r/politics) if you have any questions or concerns.*",
            "ups": 1,
            "downs": 0
        },
        {
            "comment_id": "hilazuv",
            "body": "\"Bipartisan\" my ass. \n\nRepublicans tacitly endorse every fucking thing tucker carlson days and does. He is the epitome of the republican party. Frankly, he is the logical conclusion of conservatism.",
            "ups": 489,
            "downs": 0
        },
        {
            "comment_id": "hilkeaa",
            "body": "If it was a false flag operation, why not investigate it? And why is mango Mussolini and his merry band of sycophants claiming these Jan 6 participants are political prisoners?\n\nAll you have to do is ask a single question to unravel the bullshit, but unfortunately 40 percent of the country likes having bullshit dumped on them, no questions asked",
            "ups": 206,
            "downs": 0
        },
        {
            "comment_id": "hild5xk",
            "body": "These muppets love claiming \u2018false flag\u2019 operations. No credible evidence whatsoever to corroborate their lies.",
            "ups": 142,
            "downs": 0
        },
        {
            "comment_id": "hilgsp5",
            "body": "I feel like this is his exit strategy. He's going to go full on white supremacist conspiracy theory peddler until Fox is forced to take him off the air and then he'll say he got canceled and grift on that.",
            "ups": 71,
            "downs": 0
        }
    ],
    "top_comments_hot": [
        {
            "comment_id": "hilau3l",
            "body": "\nAs a reminder, this subreddit [is for civil discussion.](/r/politics/wiki/index#wiki_be_civil)\n\nIn general, be courteous to others. Debate/discuss/argue the merits of ideas, don't attack people. Personal insults, shill or troll accusations, hate speech, any suggestion or support of harm, violence, or death, and other rule violations can result in a permanent ban. \n\nIf you see comments in violation of our rules, please report them.\n\n For those who have questions regarding any media outlets being posted on this subreddit, please click [here](https://www.reddit.com/r/politics/wiki/approveddomainslist) to review our details as to our approved domains list and outlet criteria.\n\n***\n\n\n*I am a bot, and this action was performed automatically. Please [contact the moderators of this subreddit](/message/compose/?to=/r/politics) if you have any questions or concerns.*",
            "ups": 1,
            "downs": 0
        },
        {
            "comment_id": "hilazuv",
            "body": "\"Bipartisan\" my ass. \n\nRepublicans tacitly endorse every fucking thing tucker carlson days and does. He is the epitome of the republican party. Frankly, he is the logical conclusion of conservatism.",
            "ups": 490,
            "downs": 0
        },
        {
            "comment_id": "hilkeaa",
            "body": "If it was a false flag operation, why not investigate it? And why is mango Mussolini and his merry band of sycophants claiming these Jan 6 participants are political prisoners?\n\nAll you have to do is ask a single question to unravel the bullshit, but unfortunately 40 percent of the country likes having bullshit dumped on them, no questions asked",
            "ups": 208,
            "downs": 0
        },
        {
            "comment_id": "hild5xk",
            "body": "These muppets love claiming \u2018false flag\u2019 operations. No credible evidence whatsoever to corroborate their lies.",
            "ups": 142,
            "downs": 0
        },
        {
            "comment_id": "hilgsp5",
            "body": "I feel like this is his exit strategy. He's going to go full on white supremacist conspiracy theory peddler until Fox is forced to take him off the air and then he'll say he got canceled and grift on that.",
            "ups": 72,
            "downs": 0
        }
    ]
}