{
    "time_posted": "2021-10-30 10:00:13",
    "url": "https://www.youtube.com/watch?v=5DGBVPkdZ-o",
    "time_now": "2021-11-04 03:50:15",
    "ups": "21981",
    "downs": "171",
    "views": "202069",
    "top_comments": [
        {
            "comment": "Ang gandaaaaa! \u2764\ufe0f thanks careless for this song, kahit mapanakit",
            "likes": 2,
            "number_of_replies": 0
        },
        {
            "comment": "#NadineWaitForMe",
            "likes": 1,
            "number_of_replies": 0
        },
        {
            "comment": "The closure we all need.,\u2661\u2661",
            "likes": 1,
            "number_of_replies": 0
        },
        {
            "comment": "Galing talaga ng queen ko",
            "likes": 1,
            "number_of_replies": 0
        },
        {
            "comment": "Love that voice... Nice one Nadine \ud83e\udd70\ud83d\udd25\ud83d\udd25\ud83d\udd25\ud83d\udd25",
            "likes": 1,
            "number_of_replies": 0
        }
    ],
    "comments_since_last_sample": [
        {
            "body": "\u2764\ufe0f\u2764\ufe0f\u2764\ufe0f"
        },
        {
            "body": "\ud83d\ude29\ud83d\ude29\ud83d\ude29"
        },
        {
            "body": "Galing talaga ng queen ko"
        },
        {
            "body": "Love that voice... Nice one Nadine \ud83e\udd70\ud83d\udd25\ud83d\udd25\ud83d\udd25\ud83d\udd25"
        },
        {
            "body": "WORTH TO STAN.\u2661\u2661"
        },
        {
            "body": "\ud83d\udda4"
        },
        {
            "body": "This is the  one of best music I've heard \u2764\u2764\u2764"
        },
        {
            "body": "ONE OF THE EXECUTIVE PRODUCERS WAS JAMES REID?"
        },
        {
            "body": "mga jturds mga nag unlike pero thank you daw sa effort ."
        },
        {
            "body": "Nasasaktan parin ako \ud83e\udd7a"
        },
        {
            "body": "We want lyrics on the description hehe please"
        },
        {
            "body": "Mga 20 times ko pinanuod \ud83d\ude18\ud83d\udc9c\ud83d\ude0d\ud83d\ude0d I love this song\ud83d\udc9c"
        },
        {
            "body": "\ud83d\udc9c\ud83d\ude18\ud83d\udc9c\ud83d\udc9c\ud83d\udc9c"
        },
        {
            "body": "\ud83d\udc9c\ud83d\udc9c\ud83d\udc9c\ud83d\udc9c\ud83d\udc9c\ud83d\udc9c"
        },
        {
            "body": "I love you NADS\ud83d\ude0d\ud83d\ude18\ud83d\udc9c\ud83d\udc96\ud83d\udc96\ud83d\udc96"
        },
        {
            "body": "Pang international natu \ud83d\ude0d\ud83d\ude0d\ud83d\ude0d"
        },
        {
            "body": "Ang gandaaaaa! \u2764\ufe0f thanks careless for this song, kahit mapanakit"
        },
        {
            "body": "sa situation ngyun ni\nnadine. kaya na niya\nna wala na si james.\nsad but you need to\nmoveforward \ud83d\ude14\ud83d\ude14\ud83d\ude14"
        },
        {
            "body": "The closure we all need.,\u2661\u2661"
        },
        {
            "body": "#NadineWaitForMe"
        }
    ]
}