{
    "time_posted": "2021-10-30 10:00:13",
    "url": "https://www.youtube.com/watch?v=5DGBVPkdZ-o",
    "time_now": "2021-10-31 05:04:29",
    "ups": "11365",
    "downs": "63",
    "views": "56340",
    "top_comments": [],
    "comments_since_last_sample": [
        {
            "body": "\u2764Nadine Lustre"
        },
        {
            "body": "I LOVEEEE YOUUUU NADS"
        },
        {
            "body": "A master piece \u2728\u2728\u2728\u2728"
        },
        {
            "body": "Happy birthday Nadine parang kahapon birthday nung kapatid ko, Ang husay\ud83d\udc9c"
        },
        {
            "body": "Happy birthday, Naddie! \ud83d\ude0d"
        },
        {
            "body": "I love you nadsss!!"
        },
        {
            "body": "ganda ng quality aaaaa (\uff65\u0e31\u03c9\uff65\u0e31)"
        },
        {
            "body": "way to go... my admiration for you will never fade"
        },
        {
            "body": "Happy Birthday Girl\u2764\ufe0f\ud83d\udc96"
        },
        {
            "body": "ANG GANDAAAAA!!! \ud83d\ude29\u2764\ufe0f"
        },
        {
            "body": "NADINE LUSTRE SUPREMACY"
        },
        {
            "body": "\ud83d\udc4f\ud83d\udc4f\ud83d\udc4f\ud83d\udc9c\ud83d\udc9c\ud83d\udc9c"
        },
        {
            "body": "it's my national anthem"
        },
        {
            "body": "Happy birthday queen!!\ud83e\udd73\ud83d\udc51\u2665\ufe0f"
        },
        {
            "body": "U deserve all the success, nadz! Ily"
        },
        {
            "body": "eto yun massbi ko...apaka ganda mo nadine...napakaganda ng kanta at napakagaling mo..."
        },
        {
            "body": "I \u2764\ufe0f You, Queen Nadine! Happy Birthday! \n\nRegarding the song - powerful. Just powerful. Keep the good things coming! \u2764\ufe0f"
        },
        {
            "body": "\u26ab\ud83e\ude90\ud83d\udc9c"
        },
        {
            "body": "HAVE A WICKED BDAY MOM! ILY ALWAYS & FOREVER."
        },
        {
            "body": "Nadine - The Artist \u2764\ufe0f"
        }
    ]
}