{
    "post_url": "https://www.reddit.com/r/LifeProTips/comments/qicnih/lpt_as_a_student_identifying_and_adjusting_to/",
    "time_posted": "2021-10-29 09:19:30",
    "time_now": "2021-10-30 16:50:37",
    "ups": 6,
    "downs": 0,
    "comments_since_last_sample": [
        {
            "comment_id": "hiicbjx",
            "body": "Hello and welcome to r/LifeProTips!\n\nPlease help us decide if this post is a good fit for the subreddit by up or downvoting this comment. \n\nIf you think that this is great advice to improve your life, please upvote. If you think this doesn't help you in any way, please downvote. If you don't care, leave it for the others to decide."
        },
        {
            "comment_id": "hiik3gr",
            "body": "I am like a chameleon. No problem at all in adapting to my professors\u2019 leftist urges. Keep your eyes on the prize, which is to say keep focussing on getting a good grade \u2013 \u2013 after which you can laugh at all these puffed-up Marxists earning $150,000 a year."
        },
        {
            "comment_id": "hiijmwx",
            "body": "I think its the best way to stay yourself most of the time. Being too flexible about other people, especially during school, will form your personality to become rather submissive in life. Instructors are there for us, that is their job"
        },
        {
            "comment_id": "hiijhfr",
            "body": "... in the short term."
        },
        {
            "comment_id": "hiieuio",
            "body": "Instructors are an obstacle between you and a grade."
        }
    ],
    "top_comments_top": [
        {
            "comment_id": "hiicbjx",
            "body": "Hello and welcome to r/LifeProTips!\n\nPlease help us decide if this post is a good fit for the subreddit by up or downvoting this comment. \n\nIf you think that this is great advice to improve your life, please upvote. If you think this doesn't help you in any way, please downvote. If you don't care, leave it for the others to decide.",
            "ups": 1,
            "downs": 0
        },
        {
            "comment_id": "hiieuio",
            "body": "Instructors are an obstacle between you and a grade.",
            "ups": 4,
            "downs": 0
        },
        {
            "comment_id": "hiijhfr",
            "body": "... in the short term.",
            "ups": 3,
            "downs": 0
        },
        {
            "comment_id": "hiijmwx",
            "body": "I think its the best way to stay yourself most of the time. Being too flexible about other people, especially during school, will form your personality to become rather submissive in life. Instructors are there for us, that is their job",
            "ups": 2,
            "downs": 0
        },
        {
            "comment_id": "hiik3gr",
            "body": "I am like a chameleon. No problem at all in adapting to my professors\u2019 leftist urges. Keep your eyes on the prize, which is to say keep focussing on getting a good grade \u2013 \u2013 after which you can laugh at all these puffed-up Marxists earning $150,000 a year.",
            "ups": 1,
            "downs": 0
        }
    ],
    "top_comments_best": [
        {
            "comment_id": "hiicbjx",
            "body": "Hello and welcome to r/LifeProTips!\n\nPlease help us decide if this post is a good fit for the subreddit by up or downvoting this comment. \n\nIf you think that this is great advice to improve your life, please upvote. If you think this doesn't help you in any way, please downvote. If you don't care, leave it for the others to decide.",
            "ups": 1,
            "downs": 0
        },
        {
            "comment_id": "hiijhfr",
            "body": "... in the short term.",
            "ups": 3,
            "downs": 0
        },
        {
            "comment_id": "hiieuio",
            "body": "Instructors are an obstacle between you and a grade.",
            "ups": 3,
            "downs": 0
        },
        {
            "comment_id": "hiijmwx",
            "body": "I think its the best way to stay yourself most of the time. Being too flexible about other people, especially during school, will form your personality to become rather submissive in life. Instructors are there for us, that is their job",
            "ups": 2,
            "downs": 0
        },
        {
            "comment_id": "hiik3gr",
            "body": "I am like a chameleon. No problem at all in adapting to my professors\u2019 leftist urges. Keep your eyes on the prize, which is to say keep focussing on getting a good grade \u2013 \u2013 after which you can laugh at all these puffed-up Marxists earning $150,000 a year.",
            "ups": 1,
            "downs": 0
        }
    ],
    "top_comments_hot": [
        {
            "comment_id": "hiicbjx",
            "body": "Hello and welcome to r/LifeProTips!\n\nPlease help us decide if this post is a good fit for the subreddit by up or downvoting this comment. \n\nIf you think that this is great advice to improve your life, please upvote. If you think this doesn't help you in any way, please downvote. If you don't care, leave it for the others to decide.",
            "ups": 1,
            "downs": 0
        },
        {
            "comment_id": "hiijhfr",
            "body": "... in the short term.",
            "ups": 3,
            "downs": 0
        },
        {
            "comment_id": "hiieuio",
            "body": "Instructors are an obstacle between you and a grade.",
            "ups": 4,
            "downs": 0
        },
        {
            "comment_id": "hiijmwx",
            "body": "I think its the best way to stay yourself most of the time. Being too flexible about other people, especially during school, will form your personality to become rather submissive in life. Instructors are there for us, that is their job",
            "ups": 2,
            "downs": 0
        },
        {
            "comment_id": "hiik3gr",
            "body": "I am like a chameleon. No problem at all in adapting to my professors\u2019 leftist urges. Keep your eyes on the prize, which is to say keep focussing on getting a good grade \u2013 \u2013 after which you can laugh at all these puffed-up Marxists earning $150,000 a year.",
            "ups": 1,
            "downs": 0
        }
    ]
}