{
    "post_url": "https://www.reddit.com/r/politics/comments/qiuiz2/19_states_sue_biden_administration_over_covid/",
    "time_posted": "2021-10-30 01:10:01",
    "time_now": "2021-11-03 03:11:09",
    "ups": 4,
    "downs": 0,
    "comments_since_last_sample": [],
    "top_comments_top": [
        {
            "comment_id": "hilxkm6",
            "body": "\nAs a reminder, this subreddit [is for civil discussion.](/r/politics/wiki/index#wiki_be_civil)\n\nIn general, be courteous to others. Debate/discuss/argue the merits of ideas, don't attack people. Personal insults, shill or troll accusations, hate speech, any suggestion or support of harm, violence, or death, and other rule violations can result in a permanent ban. \n\nIf you see comments in violation of our rules, please report them.\n\n For those who have questions regarding any media outlets being posted on this subreddit, please click [here](https://www.reddit.com/r/politics/wiki/approveddomainslist) to review our details as to our approved domains list and outlet criteria.\n\n***\n\n\n*I am a bot, and this action was performed automatically. Please [contact the moderators of this subreddit](/message/compose/?to=/r/politics) if you have any questions or concerns.*",
            "ups": 1,
            "downs": 0
        },
        {
            "comment_id": "hilxr6n",
            "body": "Wasting taxpayer money on lawsuits they know they'll ~~use~~ lose.\n\nEdit: typo",
            "ups": 24,
            "downs": 0
        },
        {
            "comment_id": "hily6y2",
            "body": "Without reading it I'm guessing its Florida, Texas, Alabama, Mississippi, Arkansas, Kansas, Kentucky, North &amp; South Carolina, Missouri as the main states. Then sprinkle in randoms like the Dakotas, Iowa, Wyoming, Colorado, Montana, Idaho, Ohio, and a couple others. \n\nDid I get any wrong?",
            "ups": 14,
            "downs": 0
        },
        {
            "comment_id": "him2zss",
            "body": "They are suing to prohibit a vaccine mandate fro Federal contractors. So, the answer is the contract will not be met if the employees are not vaccinated. That way there is no mandate, it's just business.",
            "ups": 7,
            "downs": 0
        },
        {
            "comment_id": "hilzdo4",
            "body": "It's either 11 or 19",
            "ups": 2,
            "downs": 0
        }
    ],
    "top_comments_best": [
        {
            "comment_id": "hilxkm6",
            "body": "\nAs a reminder, this subreddit [is for civil discussion.](/r/politics/wiki/index#wiki_be_civil)\n\nIn general, be courteous to others. Debate/discuss/argue the merits of ideas, don't attack people. Personal insults, shill or troll accusations, hate speech, any suggestion or support of harm, violence, or death, and other rule violations can result in a permanent ban. \n\nIf you see comments in violation of our rules, please report them.\n\n For those who have questions regarding any media outlets being posted on this subreddit, please click [here](https://www.reddit.com/r/politics/wiki/approveddomainslist) to review our details as to our approved domains list and outlet criteria.\n\n***\n\n\n*I am a bot, and this action was performed automatically. Please [contact the moderators of this subreddit](/message/compose/?to=/r/politics) if you have any questions or concerns.*",
            "ups": 1,
            "downs": 0
        },
        {
            "comment_id": "hily6y2",
            "body": "Without reading it I'm guessing its Florida, Texas, Alabama, Mississippi, Arkansas, Kansas, Kentucky, North &amp; South Carolina, Missouri as the main states. Then sprinkle in randoms like the Dakotas, Iowa, Wyoming, Colorado, Montana, Idaho, Ohio, and a couple others. \n\nDid I get any wrong?",
            "ups": 14,
            "downs": 0
        },
        {
            "comment_id": "hilxr6n",
            "body": "Wasting taxpayer money on lawsuits they know they'll ~~use~~ lose.\n\nEdit: typo",
            "ups": 25,
            "downs": 0
        },
        {
            "comment_id": "him2zss",
            "body": "They are suing to prohibit a vaccine mandate fro Federal contractors. So, the answer is the contract will not be met if the employees are not vaccinated. That way there is no mandate, it's just business.",
            "ups": 7,
            "downs": 0
        },
        {
            "comment_id": "hilzdo4",
            "body": "It's either 11 or 19",
            "ups": 2,
            "downs": 0
        }
    ],
    "top_comments_hot": [
        {
            "comment_id": "hilxkm6",
            "body": "\nAs a reminder, this subreddit [is for civil discussion.](/r/politics/wiki/index#wiki_be_civil)\n\nIn general, be courteous to others. Debate/discuss/argue the merits of ideas, don't attack people. Personal insults, shill or troll accusations, hate speech, any suggestion or support of harm, violence, or death, and other rule violations can result in a permanent ban. \n\nIf you see comments in violation of our rules, please report them.\n\n For those who have questions regarding any media outlets being posted on this subreddit, please click [here](https://www.reddit.com/r/politics/wiki/approveddomainslist) to review our details as to our approved domains list and outlet criteria.\n\n***\n\n\n*I am a bot, and this action was performed automatically. Please [contact the moderators of this subreddit](/message/compose/?to=/r/politics) if you have any questions or concerns.*",
            "ups": 1,
            "downs": 0
        },
        {
            "comment_id": "hily6y2",
            "body": "Without reading it I'm guessing its Florida, Texas, Alabama, Mississippi, Arkansas, Kansas, Kentucky, North &amp; South Carolina, Missouri as the main states. Then sprinkle in randoms like the Dakotas, Iowa, Wyoming, Colorado, Montana, Idaho, Ohio, and a couple others. \n\nDid I get any wrong?",
            "ups": 14,
            "downs": 0
        },
        {
            "comment_id": "hilxr6n",
            "body": "Wasting taxpayer money on lawsuits they know they'll ~~use~~ lose.\n\nEdit: typo",
            "ups": 25,
            "downs": 0
        },
        {
            "comment_id": "him2zss",
            "body": "They are suing to prohibit a vaccine mandate fro Federal contractors. So, the answer is the contract will not be met if the employees are not vaccinated. That way there is no mandate, it's just business.",
            "ups": 3,
            "downs": 0
        },
        {
            "comment_id": "hilzdo4",
            "body": "It's either 11 or 19",
            "ups": 2,
            "downs": 0
        }
    ]
}