{
    "post_url": "https://www.reddit.com/r/politics/comments/qj4lqw/trump_attorney_told_pences_team_that_they_were/",
    "time_posted": "2021-10-30 12:08:28",
    "time_now": "2021-11-02 18:54:56",
    "ups": 1144,
    "downs": 0,
    "comments_since_last_sample": [],
    "top_comments_top": [
        {
            "comment_id": "hinnnpo",
            "body": "\nAs a reminder, this subreddit [is for civil discussion.](/r/politics/wiki/index#wiki_be_civil)\n\nIn general, be courteous to others. Debate/discuss/argue the merits of ideas, don't attack people. Personal insults, shill or troll accusations, hate speech, any suggestion or support of harm, violence, or death, and other rule violations can result in a permanent ban. \n\nIf you see comments in violation of our rules, please report them.\n\n For those who have questions regarding any media outlets being posted on this subreddit, please click [here](https://www.reddit.com/r/politics/wiki/approveddomainslist) to review our details as to our approved domains list and outlet criteria.\n\n***\n\n\n*I am a bot, and this action was performed automatically. Please [contact the moderators of this subreddit](/message/compose/?to=/r/politics) if you have any questions or concerns.*",
            "ups": 1,
            "downs": 0
        },
        {
            "comment_id": "hino2u4",
            "body": "\u201cLook what you made us do!\u201d",
            "ups": 64,
            "downs": 0
        },
        {
            "comment_id": "hinqa8d",
            "body": "&gt; \"....conservative legal ***scholar*** John Eastman\"\n\nNow now... let's not go crazy.",
            "ups": 65,
            "downs": 0
        },
        {
            "comment_id": "hinps5e",
            "body": "It's your fault that we attacked the Capitol by attempting a coup on January 6, 2021 ...",
            "ups": 31,
            "downs": 0
        },
        {
            "comment_id": "hins04k",
            "body": "At least it wasn't a planned protest against employers violating workers rights or marching for women's rights. Only a nazi terror attack. No one will be held accountable. Fuck they are letting out people on house arrest that attempted to gouge out police eyes. Just wait for 2.0 next time they know they can go even further without worry of facing consequences. Every republican from now on will use this as a way to discredit them losing.",
            "ups": 30,
            "downs": 0
        }
    ],
    "top_comments_best": [
        {
            "comment_id": "hinnnpo",
            "body": "\nAs a reminder, this subreddit [is for civil discussion.](/r/politics/wiki/index#wiki_be_civil)\n\nIn general, be courteous to others. Debate/discuss/argue the merits of ideas, don't attack people. Personal insults, shill or troll accusations, hate speech, any suggestion or support of harm, violence, or death, and other rule violations can result in a permanent ban. \n\nIf you see comments in violation of our rules, please report them.\n\n For those who have questions regarding any media outlets being posted on this subreddit, please click [here](https://www.reddit.com/r/politics/wiki/approveddomainslist) to review our details as to our approved domains list and outlet criteria.\n\n***\n\n\n*I am a bot, and this action was performed automatically. Please [contact the moderators of this subreddit](/message/compose/?to=/r/politics) if you have any questions or concerns.*",
            "ups": 1,
            "downs": 0
        },
        {
            "comment_id": "hinqa8d",
            "body": "&gt; \"....conservative legal ***scholar*** John Eastman\"\n\nNow now... let's not go crazy.",
            "ups": 64,
            "downs": 0
        },
        {
            "comment_id": "hins04k",
            "body": "At least it wasn't a planned protest against employers violating workers rights or marching for women's rights. Only a nazi terror attack. No one will be held accountable. Fuck they are letting out people on house arrest that attempted to gouge out police eyes. Just wait for 2.0 next time they know they can go even further without worry of facing consequences. Every republican from now on will use this as a way to discredit them losing.",
            "ups": 29,
            "downs": 0
        },
        {
            "comment_id": "hino2u4",
            "body": "\u201cLook what you made us do!\u201d",
            "ups": 65,
            "downs": 0
        },
        {
            "comment_id": "hinynob",
            "body": "I was following r/Trumptweets at the time, and that morning was a tweet that said words to the effect of \u2018Do the right thing Mike\u2019\n\nNothing like waking up to a threat",
            "ups": 12,
            "downs": 0
        }
    ],
    "top_comments_hot": [
        {
            "comment_id": "hinnnpo",
            "body": "\nAs a reminder, this subreddit [is for civil discussion.](/r/politics/wiki/index#wiki_be_civil)\n\nIn general, be courteous to others. Debate/discuss/argue the merits of ideas, don't attack people. Personal insults, shill or troll accusations, hate speech, any suggestion or support of harm, violence, or death, and other rule violations can result in a permanent ban. \n\nIf you see comments in violation of our rules, please report them.\n\n For those who have questions regarding any media outlets being posted on this subreddit, please click [here](https://www.reddit.com/r/politics/wiki/approveddomainslist) to review our details as to our approved domains list and outlet criteria.\n\n***\n\n\n*I am a bot, and this action was performed automatically. Please [contact the moderators of this subreddit](/message/compose/?to=/r/politics) if you have any questions or concerns.*",
            "ups": 1,
            "downs": 0
        },
        {
            "comment_id": "hinqa8d",
            "body": "&gt; \"....conservative legal ***scholar*** John Eastman\"\n\nNow now... let's not go crazy.",
            "ups": 64,
            "downs": 0
        },
        {
            "comment_id": "hins04k",
            "body": "At least it wasn't a planned protest against employers violating workers rights or marching for women's rights. Only a nazi terror attack. No one will be held accountable. Fuck they are letting out people on house arrest that attempted to gouge out police eyes. Just wait for 2.0 next time they know they can go even further without worry of facing consequences. Every republican from now on will use this as a way to discredit them losing.",
            "ups": 30,
            "downs": 0
        },
        {
            "comment_id": "hino2u4",
            "body": "\u201cLook what you made us do!\u201d",
            "ups": 65,
            "downs": 0
        },
        {
            "comment_id": "hinynob",
            "body": "I was following r/Trumptweets at the time, and that morning was a tweet that said words to the effect of \u2018Do the right thing Mike\u2019\n\nNothing like waking up to a threat",
            "ups": 13,
            "downs": 0
        }
    ]
}