{
    "time_posted": "2021-10-30 16:00:05",
    "url": "https://www.youtube.com/watch?v=6dOqeFBvvZs",
    "time_now": "2021-11-05 12:47:16",
    "ups": "41072",
    "downs": "290",
    "views": "603578",
    "top_comments": [
        {
            "comment": "FINLAAAAAAND TERVE PERKELE",
            "likes": 1,
            "number_of_replies": 0
        },
        {
            "comment": "Glad Etho haven't found out about the thing yet...",
            "likes": 1,
            "number_of_replies": 0
        },
        {
            "comment": "Hello",
            "likes": 1,
            "number_of_replies": 0
        }
    ],
    "comments_since_last_sample": [
        {
            "body": "Crying obsidian in the corners of the elevator?"
        }
    ]
}