{
    "time_posted": "2021-10-30 14:01:58",
    "url": "https://www.youtube.com/watch?v=6MHMGOXgkgY",
    "time_now": "2021-11-04 16:11:35",
    "ups": "14126",
    "downs": "250",
    "views": "269184",
    "top_comments": [
        {
            "comment": "Nice ",
            "likes": 1,
            "number_of_replies": 0
        },
        {
            "comment": "Play gmod with Trevor Henderson/ things like siren head",
            "likes": 1,
            "number_of_replies": 0
        },
        {
            "comment": "Can we all just see that josh funny",
            "likes": 1,
            "number_of_replies": 0
        },
        {
            "comment": "LOL ",
            "likes": 1,
            "number_of_replies": 0
        },
        {
            "comment": "Gg",
            "likes": 1,
            "number_of_replies": 0
        }
    ],
    "comments_since_last_sample": []
}