{
    "time_posted": "2021-10-30 14:00:03",
    "url": "https://www.youtube.com/watch?v=6N0nw7_M7EU",
    "time_now": "2021-11-04 16:12:04",
    "ups": "5155",
    "downs": "72",
    "views": "136749",
    "top_comments": [
        {
            "comment": "As he says \u201cit\u2019s gorgeous\u201d it looks like dude is about to cry horribly from the lies he putting out with that much alcoholism intent",
            "likes": 2,
            "number_of_replies": 0
        },
        {
            "comment": "No Russian Vodka - No party \ud83c\udf83",
            "likes": 1,
            "number_of_replies": 0
        },
        {
            "comment": "Ive seen people ask what happens to the alcohol after, but I wanna know how he's getting so much o.o is he getting it in bulk? A private supplier? Tell me your secrets!! Honestly, it seems super expensive and idk how ad revenue could cover it \ud83e\udd37",
            "likes": 1,
            "number_of_replies": 0
        }
    ],
    "comments_since_last_sample": [
        {
            "body": "I need to know, what they are doing with all this alcohol xD ???"
        },
        {
            "body": "2:59 the smoke ring though\n\nBtw i hope you get well soon XD"
        }
    ]
}