{
    "post_url": "https://www.reddit.com/r/gaming/comments/qj230b/what_game_have_you_purchased_multiple_times/",
    "time_posted": "2021-10-30 10:00:54",
    "time_now": "2021-11-04 20:21:00",
    "ups": 4,
    "downs": 0,
    "comments_since_last_sample": [],
    "top_comments_top": [
        {
            "comment_id": "hin77e1",
            "body": "Stardew Valley. I own the game on Steam, GoG and on the Nintendo Switch",
            "ups": 7,
            "downs": 0
        },
        {
            "comment_id": "hin6xug",
            "body": "Rocket League. I stopped playing when they sold out and started promoting garbage like the Ford Raptor.",
            "ups": 6,
            "downs": 0
        },
        {
            "comment_id": "hin7c65",
            "body": "Dragon's dogma",
            "ups": 2,
            "downs": 0
        },
        {
            "comment_id": "hin857k",
            "body": "Bioshock. 360, xbox one remastered, pc",
            "ups": 2,
            "downs": 0
        },
        {
            "comment_id": "hin9l22",
            "body": "Rome: Total War.\n\nGod I love that game.\n\nThink I bought 2 sets of disks in the day when they could get lost or break, bought on Steam and bought the Remaster.",
            "ups": 2,
            "downs": 0
        }
    ],
    "top_comments_best": [
        {
            "comment_id": "hin77e1",
            "body": "Stardew Valley. I own the game on Steam, GoG and on the Nintendo Switch",
            "ups": 7,
            "downs": 0
        },
        {
            "comment_id": "hin6xug",
            "body": "Rocket League. I stopped playing when they sold out and started promoting garbage like the Ford Raptor.",
            "ups": 6,
            "downs": 0
        },
        {
            "comment_id": "hin7c65",
            "body": "Dragon's dogma",
            "ups": 2,
            "downs": 0
        },
        {
            "comment_id": "hin857k",
            "body": "Bioshock. 360, xbox one remastered, pc",
            "ups": 2,
            "downs": 0
        },
        {
            "comment_id": "hin9l22",
            "body": "Rome: Total War.\n\nGod I love that game.\n\nThink I bought 2 sets of disks in the day when they could get lost or break, bought on Steam and bought the Remaster.",
            "ups": 2,
            "downs": 0
        }
    ],
    "top_comments_hot": [
        {
            "comment_id": "hin77e1",
            "body": "Stardew Valley. I own the game on Steam, GoG and on the Nintendo Switch",
            "ups": 6,
            "downs": 0
        },
        {
            "comment_id": "hin6xug",
            "body": "Rocket League. I stopped playing when they sold out and started promoting garbage like the Ford Raptor.",
            "ups": 7,
            "downs": 0
        },
        {
            "comment_id": "hin7c65",
            "body": "Dragon's dogma",
            "ups": 2,
            "downs": 0
        },
        {
            "comment_id": "hin857k",
            "body": "Bioshock. 360, xbox one remastered, pc",
            "ups": 2,
            "downs": 0
        },
        {
            "comment_id": "hin9l22",
            "body": "Rome: Total War.\n\nGod I love that game.\n\nThink I bought 2 sets of disks in the day when they could get lost or break, bought on Steam and bought the Remaster.",
            "ups": 2,
            "downs": 0
        }
    ]
}