{
    "post_url": "https://www.reddit.com/r/LifeProTips/comments/qikjj5/lpt_making_a_slow_phone_feel_faster/",
    "time_posted": "2021-10-29 15:33:59",
    "time_now": "2021-11-04 16:17:39",
    "ups": 9,
    "downs": 0,
    "comments_since_last_sample": [],
    "top_comments_top": [
        {
            "comment_id": "hijwasp",
            "body": "Hello and welcome to r/LifeProTips!\n\nPlease help us decide if this post is a good fit for the subreddit by up or downvoting this comment. \n\nIf you think that this is great advice to improve your life, please upvote. If you think this doesn't help you in any way, please downvote. If you don't care, leave it for the others to decide.",
            "ups": 1,
            "downs": 0
        },
        {
            "comment_id": "hijwu2i",
            "body": "Thanks, I just tried it, it looks like as fast as a jet now.",
            "ups": 6,
            "downs": 0
        },
        {
            "comment_id": "hik2cqa",
            "body": "Apple is just sh*t outta luck",
            "ups": 3,
            "downs": 0
        },
        {
            "comment_id": "hilr1e1",
            "body": "Or just chuck it across the room. Zzzzzoooooommmmmmm!",
            "ups": 1,
            "downs": 0
        }
    ],
    "top_comments_best": [
        {
            "comment_id": "hijwasp",
            "body": "Hello and welcome to r/LifeProTips!\n\nPlease help us decide if this post is a good fit for the subreddit by up or downvoting this comment. \n\nIf you think that this is great advice to improve your life, please upvote. If you think this doesn't help you in any way, please downvote. If you don't care, leave it for the others to decide.",
            "ups": 1,
            "downs": 0
        },
        {
            "comment_id": "hik2cqa",
            "body": "Apple is just sh*t outta luck",
            "ups": 3,
            "downs": 0
        },
        {
            "comment_id": "hijwu2i",
            "body": "Thanks, I just tried it, it looks like as fast as a jet now.",
            "ups": 6,
            "downs": 0
        },
        {
            "comment_id": "hilr1e1",
            "body": "Or just chuck it across the room. Zzzzzoooooommmmmmm!",
            "ups": 1,
            "downs": 0
        }
    ],
    "top_comments_hot": [
        {
            "comment_id": "hijwasp",
            "body": "Hello and welcome to r/LifeProTips!\n\nPlease help us decide if this post is a good fit for the subreddit by up or downvoting this comment. \n\nIf you think that this is great advice to improve your life, please upvote. If you think this doesn't help you in any way, please downvote. If you don't care, leave it for the others to decide.",
            "ups": 1,
            "downs": 0
        },
        {
            "comment_id": "hik2cqa",
            "body": "Apple is just sh*t outta luck",
            "ups": 3,
            "downs": 0
        },
        {
            "comment_id": "hijwu2i",
            "body": "Thanks, I just tried it, it looks like as fast as a jet now.",
            "ups": 6,
            "downs": 0
        },
        {
            "comment_id": "hilr1e1",
            "body": "Or just chuck it across the room. Zzzzzoooooommmmmmm!",
            "ups": 1,
            "downs": 0
        }
    ]
}