{
    "post_url": "https://www.reddit.com/r/politics/comments/qj2lj6/trump_wants_call_logs_aides_notes_hidden_from_jan/",
    "time_posted": "2021-10-30 10:28:36",
    "time_now": "2021-11-06 05:20:25",
    "ups": 757,
    "downs": 0,
    "comments_since_last_sample": [],
    "top_comments_top": [
        {
            "comment_id": "hina3xb",
            "body": "\nAs a reminder, this subreddit [is for civil discussion.](/r/politics/wiki/index#wiki_be_civil)\n\nIn general, be courteous to others. Debate/discuss/argue the merits of ideas, don't attack people. Personal insults, shill or troll accusations, hate speech, any suggestion or support of harm, violence, or death, and other rule violations can result in a permanent ban. \n\nIf you see comments in violation of our rules, please report them.\n\n For those who have questions regarding any media outlets being posted on this subreddit, please click [here](https://www.reddit.com/r/politics/wiki/approveddomainslist) to review our details as to our approved domains list and outlet criteria.\n\n***\n\n\n*I am a bot, and this action was performed automatically. Please [contact the moderators of this subreddit](/message/compose/?to=/r/politics) if you have any questions or concerns.*",
            "ups": 1,
            "downs": 0
        },
        {
            "comment_id": "hincf5m",
            "body": "If you possess the ability to read between the lines, this is essentially an admission of guilt. \n\nUnfortunately, not many Trump supporters have that skill in their wheelhouse.",
            "ups": 79,
            "downs": 0
        },
        {
            "comment_id": "hinakyy",
            "body": "Trump also wants to exert executive privilege over former White House press secretary Kayleigh McEnany s binders \u201cprincipally relating to allegations of voter fraud, election security, and other topics concerning the 2020 election.\u201d\n\nOther documents include handwritten note from Meadows' files \"listing potential or scheduled briefings and telephone calls concerning the January 6 certification and other election issues\" and \u201ca draft Executive Order on the topic of election integrity.\u201d",
            "ups": 24,
            "downs": 0
        },
        {
            "comment_id": "hinafcu",
            "body": "Of course he does, the fucking criminal.",
            "ups": 16,
            "downs": 0
        },
        {
            "comment_id": "hinajjo",
            "body": "Lol. Says the guy that he has absolutely nothing to hide.",
            "ups": 10,
            "downs": 0
        }
    ],
    "top_comments_best": [
        {
            "comment_id": "hina3xb",
            "body": "\nAs a reminder, this subreddit [is for civil discussion.](/r/politics/wiki/index#wiki_be_civil)\n\nIn general, be courteous to others. Debate/discuss/argue the merits of ideas, don't attack people. Personal insults, shill or troll accusations, hate speech, any suggestion or support of harm, violence, or death, and other rule violations can result in a permanent ban. \n\nIf you see comments in violation of our rules, please report them.\n\n For those who have questions regarding any media outlets being posted on this subreddit, please click [here](https://www.reddit.com/r/politics/wiki/approveddomainslist) to review our details as to our approved domains list and outlet criteria.\n\n***\n\n\n*I am a bot, and this action was performed automatically. Please [contact the moderators of this subreddit](/message/compose/?to=/r/politics) if you have any questions or concerns.*",
            "ups": 1,
            "downs": 0
        },
        {
            "comment_id": "hincf5m",
            "body": "If you possess the ability to read between the lines, this is essentially an admission of guilt. \n\nUnfortunately, not many Trump supporters have that skill in their wheelhouse.",
            "ups": 81,
            "downs": 0
        },
        {
            "comment_id": "hinakyy",
            "body": "Trump also wants to exert executive privilege over former White House press secretary Kayleigh McEnany s binders \u201cprincipally relating to allegations of voter fraud, election security, and other topics concerning the 2020 election.\u201d\n\nOther documents include handwritten note from Meadows' files \"listing potential or scheduled briefings and telephone calls concerning the January 6 certification and other election issues\" and \u201ca draft Executive Order on the topic of election integrity.\u201d",
            "ups": 24,
            "downs": 0
        },
        {
            "comment_id": "hinafcu",
            "body": "Of course he does, the fucking criminal.",
            "ups": 16,
            "downs": 0
        },
        {
            "comment_id": "hinajjo",
            "body": "Lol. Says the guy that he has absolutely nothing to hide.",
            "ups": 10,
            "downs": 0
        }
    ],
    "top_comments_hot": [
        {
            "comment_id": "hina3xb",
            "body": "\nAs a reminder, this subreddit [is for civil discussion.](/r/politics/wiki/index#wiki_be_civil)\n\nIn general, be courteous to others. Debate/discuss/argue the merits of ideas, don't attack people. Personal insults, shill or troll accusations, hate speech, any suggestion or support of harm, violence, or death, and other rule violations can result in a permanent ban. \n\nIf you see comments in violation of our rules, please report them.\n\n For those who have questions regarding any media outlets being posted on this subreddit, please click [here](https://www.reddit.com/r/politics/wiki/approveddomainslist) to review our details as to our approved domains list and outlet criteria.\n\n***\n\n\n*I am a bot, and this action was performed automatically. Please [contact the moderators of this subreddit](/message/compose/?to=/r/politics) if you have any questions or concerns.*",
            "ups": 1,
            "downs": 0
        },
        {
            "comment_id": "hincf5m",
            "body": "If you possess the ability to read between the lines, this is essentially an admission of guilt. \n\nUnfortunately, not many Trump supporters have that skill in their wheelhouse.",
            "ups": 78,
            "downs": 0
        },
        {
            "comment_id": "hinakyy",
            "body": "Trump also wants to exert executive privilege over former White House press secretary Kayleigh McEnany s binders \u201cprincipally relating to allegations of voter fraud, election security, and other topics concerning the 2020 election.\u201d\n\nOther documents include handwritten note from Meadows' files \"listing potential or scheduled briefings and telephone calls concerning the January 6 certification and other election issues\" and \u201ca draft Executive Order on the topic of election integrity.\u201d",
            "ups": 23,
            "downs": 0
        },
        {
            "comment_id": "hinafcu",
            "body": "Of course he does, the fucking criminal.",
            "ups": 13,
            "downs": 0
        },
        {
            "comment_id": "hinajjo",
            "body": "Lol. Says the guy that he has absolutely nothing to hide.",
            "ups": 12,
            "downs": 0
        }
    ]
}