{
    "post_url": "https://www.reddit.com/r/politics/comments/qj08yo/joe_biden_gets_a_win_on_global_taxes_as_he_faces/",
    "time_posted": "2021-10-30 08:13:17",
    "time_now": "2021-11-05 00:30:14",
    "ups": 177,
    "downs": 0,
    "comments_since_last_sample": [],
    "top_comments_top": [
        {
            "comment_id": "himuqqi",
            "body": "\nAs a reminder, this subreddit [is for civil discussion.](/r/politics/wiki/index#wiki_be_civil)\n\nIn general, be courteous to others. Debate/discuss/argue the merits of ideas, don't attack people. Personal insults, shill or troll accusations, hate speech, any suggestion or support of harm, violence, or death, and other rule violations can result in a permanent ban. \n\nIf you see comments in violation of our rules, please report them.\n\n For those who have questions regarding any media outlets being posted on this subreddit, please click [here](https://www.reddit.com/r/politics/wiki/approveddomainslist) to review our details as to our approved domains list and outlet criteria.\n\n***\n\n\n*I am a bot, and this action was performed automatically. Please [contact the moderators of this subreddit](/message/compose/?to=/r/politics) if you have any questions or concerns.*",
            "ups": 1,
            "downs": 0
        },
        {
            "comment_id": "hiovooy",
            "body": "And that folks is just about the most authoritarian act any US president has ever attempted.\n\nAnd his supporters complained about Trumps tariffs (Which I hate by the way), but Biden hasn't repealed those either.\n\n\"Let's go Brandon\"",
            "ups": -7,
            "downs": 0
        }
    ],
    "top_comments_best": [
        {
            "comment_id": "himuqqi",
            "body": "\nAs a reminder, this subreddit [is for civil discussion.](/r/politics/wiki/index#wiki_be_civil)\n\nIn general, be courteous to others. Debate/discuss/argue the merits of ideas, don't attack people. Personal insults, shill or troll accusations, hate speech, any suggestion or support of harm, violence, or death, and other rule violations can result in a permanent ban. \n\nIf you see comments in violation of our rules, please report them.\n\n For those who have questions regarding any media outlets being posted on this subreddit, please click [here](https://www.reddit.com/r/politics/wiki/approveddomainslist) to review our details as to our approved domains list and outlet criteria.\n\n***\n\n\n*I am a bot, and this action was performed automatically. Please [contact the moderators of this subreddit](/message/compose/?to=/r/politics) if you have any questions or concerns.*",
            "ups": 1,
            "downs": 0
        },
        {
            "comment_id": "hiovooy",
            "body": "And that folks is just about the most authoritarian act any US president has ever attempted.\n\nAnd his supporters complained about Trumps tariffs (Which I hate by the way), but Biden hasn't repealed those either.\n\n\"Let's go Brandon\"",
            "ups": -8,
            "downs": 0
        }
    ],
    "top_comments_hot": [
        {
            "comment_id": "himuqqi",
            "body": "\nAs a reminder, this subreddit [is for civil discussion.](/r/politics/wiki/index#wiki_be_civil)\n\nIn general, be courteous to others. Debate/discuss/argue the merits of ideas, don't attack people. Personal insults, shill or troll accusations, hate speech, any suggestion or support of harm, violence, or death, and other rule violations can result in a permanent ban. \n\nIf you see comments in violation of our rules, please report them.\n\n For those who have questions regarding any media outlets being posted on this subreddit, please click [here](https://www.reddit.com/r/politics/wiki/approveddomainslist) to review our details as to our approved domains list and outlet criteria.\n\n***\n\n\n*I am a bot, and this action was performed automatically. Please [contact the moderators of this subreddit](/message/compose/?to=/r/politics) if you have any questions or concerns.*",
            "ups": 1,
            "downs": 0
        },
        {
            "comment_id": "hiovooy",
            "body": "And that folks is just about the most authoritarian act any US president has ever attempted.\n\nAnd his supporters complained about Trumps tariffs (Which I hate by the way), but Biden hasn't repealed those either.\n\n\"Let's go Brandon\"",
            "ups": -8,
            "downs": 0
        }
    ]
}