{
    "post_url": "https://www.reddit.com/r/LifeProTips/comments/qiclsp/lpt_if_you_are_ever_a_manager_dont_message_or/",
    "time_posted": "2021-10-29 09:17:04",
    "time_now": "2021-10-31 05:10:39",
    "ups": 21328,
    "downs": 0,
    "comments_since_last_sample": [],
    "top_comments_top": [
        {
            "comment_id": "hiic05s",
            "body": "Hello and welcome to r/LifeProTips!\n\nPlease help us decide if this post is a good fit for the subreddit by up or downvoting this comment. \n\nIf you think that this is great advice to improve your life, please upvote. If you think this doesn't help you in any way, please downvote. If you don't care, leave it for the others to decide.",
            "ups": 1,
            "downs": 0
        },
        {
            "comment_id": "hiikkpx",
            "body": "At one place I was a manager we were forbidden from calling associates unless we clocked them in.\n\n\"Hey Jay, sorry to bug you, just so you know your being compensated right now... Do you remember where you put the Jenkins file? Okay, thanks talk to you later\" 15min paid OT if applicable",
            "ups": 5448,
            "downs": 0
        },
        {
            "comment_id": "hiig7f5",
            "body": "I often use the delay delivery feature if I'm sending email outside usual hours or to people on leave. That way, even the ones who can't stop themselves working during down time don't have the temptation. \nI tell them I do this, so when the need arises to send tasks/info outside of usual hours, they know I think it's important.",
            "ups": 1162,
            "downs": 0
        },
        {
            "comment_id": "hiict74",
            "body": "I think that the EU are going to pass a law about this. Perhaps it\u2019s not going ahead but it\u2019s becoming more and more annoying and acceptable for bosses or colleagues to contact outside working hours.",
            "ups": 419,
            "downs": 0
        },
        {
            "comment_id": "hiijh28",
            "body": "Eh. Depends on what you do for a living and a lot on how reasonable the request is. I\u2019m salaried and support systems that need to run 24/7.  I\u2019d rather get a phone call about a problem on a Friday night than come in on Monday to a much bigger problem.\n\nIf your boss was hounding you about petty day to day stuff that could just as reasonably be addressed the next working day, I can see that being pretty annoying.",
            "ups": 363,
            "downs": 0
        }
    ],
    "top_comments_best": [
        {
            "comment_id": "hiic05s",
            "body": "Hello and welcome to r/LifeProTips!\n\nPlease help us decide if this post is a good fit for the subreddit by up or downvoting this comment. \n\nIf you think that this is great advice to improve your life, please upvote. If you think this doesn't help you in any way, please downvote. If you don't care, leave it for the others to decide.",
            "ups": 1,
            "downs": 0
        },
        {
            "comment_id": "hiikkpx",
            "body": "At one place I was a manager we were forbidden from calling associates unless we clocked them in.\n\n\"Hey Jay, sorry to bug you, just so you know your being compensated right now... Do you remember where you put the Jenkins file? Okay, thanks talk to you later\" 15min paid OT if applicable",
            "ups": 5451,
            "downs": 0
        },
        {
            "comment_id": "hiig7f5",
            "body": "I often use the delay delivery feature if I'm sending email outside usual hours or to people on leave. That way, even the ones who can't stop themselves working during down time don't have the temptation. \nI tell them I do this, so when the need arises to send tasks/info outside of usual hours, they know I think it's important.",
            "ups": 1164,
            "downs": 0
        },
        {
            "comment_id": "hiict74",
            "body": "I think that the EU are going to pass a law about this. Perhaps it\u2019s not going ahead but it\u2019s becoming more and more annoying and acceptable for bosses or colleagues to contact outside working hours.",
            "ups": 422,
            "downs": 0
        },
        {
            "comment_id": "hiivmwm",
            "body": "What about a text reminding them to electronically submit thier timesheet for the third goddamn week in a row?",
            "ups": 299,
            "downs": 0
        }
    ],
    "top_comments_hot": [
        {
            "comment_id": "hiic05s",
            "body": "Hello and welcome to r/LifeProTips!\n\nPlease help us decide if this post is a good fit for the subreddit by up or downvoting this comment. \n\nIf you think that this is great advice to improve your life, please upvote. If you think this doesn't help you in any way, please downvote. If you don't care, leave it for the others to decide.",
            "ups": 1,
            "downs": 0
        },
        {
            "comment_id": "hiikkpx",
            "body": "At one place I was a manager we were forbidden from calling associates unless we clocked them in.\n\n\"Hey Jay, sorry to bug you, just so you know your being compensated right now... Do you remember where you put the Jenkins file? Okay, thanks talk to you later\" 15min paid OT if applicable",
            "ups": 5448,
            "downs": 0
        },
        {
            "comment_id": "hiig7f5",
            "body": "I often use the delay delivery feature if I'm sending email outside usual hours or to people on leave. That way, even the ones who can't stop themselves working during down time don't have the temptation. \nI tell them I do this, so when the need arises to send tasks/info outside of usual hours, they know I think it's important.",
            "ups": 1162,
            "downs": 0
        },
        {
            "comment_id": "hiict74",
            "body": "I think that the EU are going to pass a law about this. Perhaps it\u2019s not going ahead but it\u2019s becoming more and more annoying and acceptable for bosses or colleagues to contact outside working hours.",
            "ups": 424,
            "downs": 0
        },
        {
            "comment_id": "hiivmwm",
            "body": "What about a text reminding them to electronically submit thier timesheet for the third goddamn week in a row?",
            "ups": 295,
            "downs": 0
        }
    ]
}