{
    "post_url": "https://www.reddit.com/r/gaming/comments/qj2n6y/lady_dimitrescu_would_be_the_queen_of_halloween/",
    "time_posted": "2021-10-30 10:30:53",
    "time_now": "2021-11-04 20:20:51",
    "ups": 3418,
    "downs": 0,
    "comments_since_last_sample": [],
    "top_comments_top": [
        {
            "comment_id": "hink3vc",
            "body": "Now that's a post history \ud83e\udd75",
            "ups": 127,
            "downs": 0
        },
        {
            "comment_id": "hiomxmx",
            "body": "Mommy? Sorry. Mommy?. Sorry. Mommy? Sorry.",
            "ups": 19,
            "downs": 0
        },
        {
            "comment_id": "hinblel",
            "body": "I thought it was Lust.",
            "ups": 16,
            "downs": 0
        },
        {
            "comment_id": "hincnld",
            "body": "The costume that finally takes down the army of Harleys?",
            "ups": 11,
            "downs": 0
        },
        {
            "comment_id": "hip4o1k",
            "body": "Oh nooo shes here...\n\n*locks the doors from inside*",
            "ups": 10,
            "downs": 0
        }
    ],
    "top_comments_best": [
        {
            "comment_id": "hink3vc",
            "body": "Now that's a post history \ud83e\udd75",
            "ups": 126,
            "downs": 0
        },
        {
            "comment_id": "hinblel",
            "body": "I thought it was Lust.",
            "ups": 19,
            "downs": 0
        },
        {
            "comment_id": "hip4o1k",
            "body": "Oh nooo shes here...\n\n*locks the doors from inside*",
            "ups": 11,
            "downs": 0
        },
        {
            "comment_id": "hiomxmx",
            "body": "Mommy? Sorry. Mommy?. Sorry. Mommy? Sorry.",
            "ups": 17,
            "downs": 0
        },
        {
            "comment_id": "hinagud",
            "body": "That would be Sally.",
            "ups": 2,
            "downs": 0
        }
    ],
    "top_comments_hot": [
        {
            "comment_id": "hink3vc",
            "body": "Now that's a post history \ud83e\udd75",
            "ups": 128,
            "downs": 0
        },
        {
            "comment_id": "hinblel",
            "body": "I thought it was Lust.",
            "ups": 18,
            "downs": 0
        },
        {
            "comment_id": "hip4o1k",
            "body": "Oh nooo shes here...\n\n*locks the doors from inside*",
            "ups": 10,
            "downs": 0
        },
        {
            "comment_id": "hiomxmx",
            "body": "Mommy? Sorry. Mommy?. Sorry. Mommy? Sorry.",
            "ups": 19,
            "downs": 0
        },
        {
            "comment_id": "hinagud",
            "body": "That would be Sally.",
            "ups": 4,
            "downs": 0
        }
    ]
}