{
    "post_url": "https://www.reddit.com/r/Music/comments/qiwmmg/lia_casitacoraz\u00f3n_bedroom_pop/",
    "time_posted": "2021-10-30 03:46:47",
    "time_now": "2021-11-03 11:22:19",
    "ups": 3,
    "downs": 0,
    "comments_since_last_sample": [],
    "top_comments_top": [
        {
            "comment_id": "hime3hk",
            "body": "\ud83c\udfe1\ud83d\udc9a",
            "ups": 1,
            "downs": 0
        },
        {
            "comment_id": "hine65l",
            "body": "She's gorgeous!, her music videos remind me of \u00c4ngie's",
            "ups": 1,
            "downs": 0
        }
    ],
    "top_comments_best": [
        {
            "comment_id": "hime3hk",
            "body": "\ud83c\udfe1\ud83d\udc9a",
            "ups": 1,
            "downs": 0
        },
        {
            "comment_id": "hine65l",
            "body": "She's gorgeous!, her music videos remind me of \u00c4ngie's",
            "ups": 1,
            "downs": 0
        }
    ],
    "top_comments_hot": [
        {
            "comment_id": "hime3hk",
            "body": "\ud83c\udfe1\ud83d\udc9a",
            "ups": 1,
            "downs": 0
        },
        {
            "comment_id": "hine65l",
            "body": "She's gorgeous!, her music videos remind me of \u00c4ngie's",
            "ups": 1,
            "downs": 0
        }
    ]
}