{
    "post_url": "https://www.reddit.com/r/politics/comments/qj4f5e/keeping_fighting_like_hell_nina_turner_on_what/",
    "time_posted": "2021-10-30 12:00:05",
    "time_now": "2021-11-02 06:33:22",
    "ups": 366,
    "downs": 0,
    "comments_since_last_sample": [],
    "top_comments_top": [
        {
            "comment_id": "hinmggv",
            "body": "\nAs a reminder, this subreddit [is for civil discussion.](/r/politics/wiki/index#wiki_be_civil)\n\nIn general, be courteous to others. Debate/discuss/argue the merits of ideas, don't attack people. Personal insults, shill or troll accusations, hate speech, any suggestion or support of harm, violence, or death, and other rule violations can result in a permanent ban. \n\nIf you see comments in violation of our rules, please report them.\n\n For those who have questions regarding any media outlets being posted on this subreddit, please click [here](https://www.reddit.com/r/politics/wiki/approveddomainslist) to review our details as to our approved domains list and outlet criteria.\n\n***\n\n\n*I am a bot, and this action was performed automatically. Please [contact the moderators of this subreddit](/message/compose/?to=/r/politics) if you have any questions or concerns.*",
            "ups": 1,
            "downs": 0
        },
        {
            "comment_id": "hinygwh",
            "body": "Nina Turner was involved in two losing presidential primaries and lost every single competitive election she ran in. I'm not sure anyone should really listen to her advice too much.",
            "ups": 21,
            "downs": 0
        },
        {
            "comment_id": "hiokya9",
            "body": "Get more seats. That's about the only option you have. Power is the only thing that matters in DC. Either you have it and can get shit done or you don't",
            "ups": 12,
            "downs": 0
        },
        {
            "comment_id": "hio0ium",
            "body": "Nina lost an election where she had all the name recognition and money advantage you could ask for.  Maybe she should not be asked for advice",
            "ups": 6,
            "downs": 0
        },
        {
            "comment_id": "hinovor",
            "body": "who's the next Bernie Sanders? what id be afraid of is, Sander retirement and/or death and the movement lapsing in obscurity without a name.",
            "ups": 7,
            "downs": 0
        }
    ],
    "top_comments_best": [
        {
            "comment_id": "hinmggv",
            "body": "\nAs a reminder, this subreddit [is for civil discussion.](/r/politics/wiki/index#wiki_be_civil)\n\nIn general, be courteous to others. Debate/discuss/argue the merits of ideas, don't attack people. Personal insults, shill or troll accusations, hate speech, any suggestion or support of harm, violence, or death, and other rule violations can result in a permanent ban. \n\nIf you see comments in violation of our rules, please report them.\n\n For those who have questions regarding any media outlets being posted on this subreddit, please click [here](https://www.reddit.com/r/politics/wiki/approveddomainslist) to review our details as to our approved domains list and outlet criteria.\n\n***\n\n\n*I am a bot, and this action was performed automatically. Please [contact the moderators of this subreddit](/message/compose/?to=/r/politics) if you have any questions or concerns.*",
            "ups": 1,
            "downs": 0
        },
        {
            "comment_id": "hiokya9",
            "body": "Get more seats. That's about the only option you have. Power is the only thing that matters in DC. Either you have it and can get shit done or you don't",
            "ups": 11,
            "downs": 0
        },
        {
            "comment_id": "hiq46hp",
            "body": "Not so \u201cprogressive\u201d to fight for what the rest of the modern world already has in abundance. It\u2019s called playing \u201ccatch up\u201d.",
            "ups": 3,
            "downs": 0
        },
        {
            "comment_id": "hinygwh",
            "body": "Nina Turner was involved in two losing presidential primaries and lost every single competitive election she ran in. I'm not sure anyone should really listen to her advice too much.",
            "ups": 20,
            "downs": 0
        },
        {
            "comment_id": "hinrxgg",
            "body": "This what I don't get about",
            "ups": 2,
            "downs": 0
        }
    ],
    "top_comments_hot": [
        {
            "comment_id": "hinmggv",
            "body": "\nAs a reminder, this subreddit [is for civil discussion.](/r/politics/wiki/index#wiki_be_civil)\n\nIn general, be courteous to others. Debate/discuss/argue the merits of ideas, don't attack people. Personal insults, shill or troll accusations, hate speech, any suggestion or support of harm, violence, or death, and other rule violations can result in a permanent ban. \n\nIf you see comments in violation of our rules, please report them.\n\n For those who have questions regarding any media outlets being posted on this subreddit, please click [here](https://www.reddit.com/r/politics/wiki/approveddomainslist) to review our details as to our approved domains list and outlet criteria.\n\n***\n\n\n*I am a bot, and this action was performed automatically. Please [contact the moderators of this subreddit](/message/compose/?to=/r/politics) if you have any questions or concerns.*",
            "ups": 1,
            "downs": 0
        },
        {
            "comment_id": "hiokya9",
            "body": "Get more seats. That's about the only option you have. Power is the only thing that matters in DC. Either you have it and can get shit done or you don't",
            "ups": 12,
            "downs": 0
        },
        {
            "comment_id": "hiq46hp",
            "body": "Not so \u201cprogressive\u201d to fight for what the rest of the modern world already has in abundance. It\u2019s called playing \u201ccatch up\u201d.",
            "ups": 3,
            "downs": 0
        },
        {
            "comment_id": "hinygwh",
            "body": "Nina Turner was involved in two losing presidential primaries and lost every single competitive election she ran in. I'm not sure anyone should really listen to her advice too much.",
            "ups": 20,
            "downs": 0
        },
        {
            "comment_id": "hinrxgg",
            "body": "This what I don't get about",
            "ups": 2,
            "downs": 0
        }
    ]
}