{
    "post_url": "https://www.reddit.com/r/gaming/comments/qizmyd/metro_exodus_the_best_kind_of_fear_is_unscripted/",
    "time_posted": "2021-10-30 07:32:14",
    "time_now": "2021-11-04 07:59:57",
    "ups": 72,
    "downs": 0,
    "comments_since_last_sample": [],
    "top_comments_top": [
        {
            "comment_id": "himx47i",
            "body": "Loved 2033 and Last Light and bought Exodus when it first came out on PS4. Couldn't get into it at all and dropped it just after the first open area because it was such a change from the first two games. Just gave it another shot on Series X and honestly it's one of my favourite games of all time now. The DLC is fantastic too. Plus it looks amazing.",
            "ups": 4,
            "downs": 0
        },
        {
            "comment_id": "himrjug",
            "body": "Could never get into this game, is it worth it?",
            "ups": 3,
            "downs": 0
        },
        {
            "comment_id": "hing8b7",
            "body": "I loved Exodus' story, but I think I would have preferred a sequel largely set in the Metro itself. The cramped, claustrophobic environments and supernatural elements were a big part of the series' identity and it was disappointing seeing them get downplayed. Regardless, I can respect the devs' attempt to try something new with the franchise.",
            "ups": 2,
            "downs": 0
        },
        {
            "comment_id": "hio4s3t",
            "body": "Super disappointed in this game, turned a great series into another mediocre open world rpg.",
            "ups": -2,
            "downs": 0
        }
    ],
    "top_comments_best": [
        {
            "comment_id": "himx47i",
            "body": "Loved 2033 and Last Light and bought Exodus when it first came out on PS4. Couldn't get into it at all and dropped it just after the first open area because it was such a change from the first two games. Just gave it another shot on Series X and honestly it's one of my favourite games of all time now. The DLC is fantastic too. Plus it looks amazing.",
            "ups": 6,
            "downs": 0
        },
        {
            "comment_id": "himrjug",
            "body": "Could never get into this game, is it worth it?",
            "ups": 4,
            "downs": 0
        },
        {
            "comment_id": "hing8b7",
            "body": "I loved Exodus' story, but I think I would have preferred a sequel largely set in the Metro itself. The cramped, claustrophobic environments and supernatural elements were a big part of the series' identity and it was disappointing seeing them get downplayed. Regardless, I can respect the devs' attempt to try something new with the franchise.",
            "ups": 2,
            "downs": 0
        },
        {
            "comment_id": "hio4s3t",
            "body": "Super disappointed in this game, turned a great series into another mediocre open world rpg.",
            "ups": -2,
            "downs": 0
        }
    ],
    "top_comments_hot": [
        {
            "comment_id": "himx47i",
            "body": "Loved 2033 and Last Light and bought Exodus when it first came out on PS4. Couldn't get into it at all and dropped it just after the first open area because it was such a change from the first two games. Just gave it another shot on Series X and honestly it's one of my favourite games of all time now. The DLC is fantastic too. Plus it looks amazing.",
            "ups": 4,
            "downs": 0
        },
        {
            "comment_id": "himrjug",
            "body": "Could never get into this game, is it worth it?",
            "ups": 5,
            "downs": 0
        },
        {
            "comment_id": "hing8b7",
            "body": "I loved Exodus' story, but I think I would have preferred a sequel largely set in the Metro itself. The cramped, claustrophobic environments and supernatural elements were a big part of the series' identity and it was disappointing seeing them get downplayed. Regardless, I can respect the devs' attempt to try something new with the franchise.",
            "ups": 2,
            "downs": 0
        },
        {
            "comment_id": "hio4s3t",
            "body": "Super disappointed in this game, turned a great series into another mediocre open world rpg.",
            "ups": -2,
            "downs": 0
        }
    ]
}