{
    "post_url": "https://www.reddit.com/r/Music/comments/qj2tj5/learn_to_play_every_single_song_from_bob_dylans/",
    "time_posted": "2021-10-30 10:39:58",
    "time_now": "2021-11-03 11:21:55",
    "ups": 0,
    "downs": 0,
    "comments_since_last_sample": [],
    "top_comments_top": [
        {
            "comment_id": "hinfe3n",
            "body": "that album is so fun to play especially if youre new to open tunings!",
            "ups": 1,
            "downs": 0
        }
    ],
    "top_comments_best": [
        {
            "comment_id": "hinfe3n",
            "body": "that album is so fun to play especially if youre new to open tunings!",
            "ups": 1,
            "downs": 0
        }
    ],
    "top_comments_hot": [
        {
            "comment_id": "hinfe3n",
            "body": "that album is so fun to play especially if youre new to open tunings!",
            "ups": 1,
            "downs": 0
        }
    ]
}