{
    "post_url": "https://www.reddit.com/r/politics/comments/qj2p6o/paid_family_leave_is_one_of_the_most_glaring_cuts/",
    "time_posted": "2021-10-30 10:33:44",
    "time_now": "2021-11-02 02:26:45",
    "ups": 501,
    "downs": 0,
    "comments_since_last_sample": [],
    "top_comments_top": [
        {
            "comment_id": "hinar7n",
            "body": "\nAs a reminder, this subreddit [is for civil discussion.](/r/politics/wiki/index#wiki_be_civil)\n\nIn general, be courteous to others. Debate/discuss/argue the merits of ideas, don't attack people. Personal insults, shill or troll accusations, hate speech, any suggestion or support of harm, violence, or death, and other rule violations can result in a permanent ban. \n\nIf you see comments in violation of our rules, please report them.\n\n For those who have questions regarding any media outlets being posted on this subreddit, please click [here](https://www.reddit.com/r/politics/wiki/approveddomainslist) to review our details as to our approved domains list and outlet criteria.\n\n***\n\n\n*I am a bot, and this action was performed automatically. Please [contact the moderators of this subreddit](/message/compose/?to=/r/politics) if you have any questions or concerns.*",
            "ups": 1,
            "downs": 0
        },
        {
            "comment_id": "hinjhuu",
            "body": "They\u2019re already left behind. This would merely maintain the status quo.",
            "ups": 48,
            "downs": 0
        },
        {
            "comment_id": "hinntre",
            "body": "Tbh, tons of well deserved hate for the two 'D's, but what about the other half? Something to be said about how all Rs just gets a by in this whole debacle like it's a lost cause with them in the first place",
            "ups": 17,
            "downs": 0
        },
        {
            "comment_id": "hinjsc9",
            "body": "The up sides of paid leave are manifold. From a European view, not considering it is mindboggling.",
            "ups": 11,
            "downs": 0
        },
        {
            "comment_id": "hio8y2u",
            "body": "I like how men get completely left out of the conversation on PARENTAL leave in so many of these headlines and articles as if a child's development and the familial bond with their father us unimportant.",
            "ups": 10,
            "downs": 0
        }
    ],
    "top_comments_best": [
        {
            "comment_id": "hinar7n",
            "body": "\nAs a reminder, this subreddit [is for civil discussion.](/r/politics/wiki/index#wiki_be_civil)\n\nIn general, be courteous to others. Debate/discuss/argue the merits of ideas, don't attack people. Personal insults, shill or troll accusations, hate speech, any suggestion or support of harm, violence, or death, and other rule violations can result in a permanent ban. \n\nIf you see comments in violation of our rules, please report them.\n\n For those who have questions regarding any media outlets being posted on this subreddit, please click [here](https://www.reddit.com/r/politics/wiki/approveddomainslist) to review our details as to our approved domains list and outlet criteria.\n\n***\n\n\n*I am a bot, and this action was performed automatically. Please [contact the moderators of this subreddit](/message/compose/?to=/r/politics) if you have any questions or concerns.*",
            "ups": 1,
            "downs": 0
        },
        {
            "comment_id": "hinjhuu",
            "body": "They\u2019re already left behind. This would merely maintain the status quo.",
            "ups": 48,
            "downs": 0
        },
        {
            "comment_id": "hinjsc9",
            "body": "The up sides of paid leave are manifold. From a European view, not considering it is mindboggling.",
            "ups": 11,
            "downs": 0
        },
        {
            "comment_id": "hinntre",
            "body": "Tbh, tons of well deserved hate for the two 'D's, but what about the other half? Something to be said about how all Rs just gets a by in this whole debacle like it's a lost cause with them in the first place",
            "ups": 17,
            "downs": 0
        },
        {
            "comment_id": "hipb9m4",
            "body": "Cruelty is the point behind everything the GQP does other than greed and don't start with the \"Manchin and Sinema are Democrats\" nonsense. They're not.",
            "ups": 3,
            "downs": 0
        }
    ],
    "top_comments_hot": [
        {
            "comment_id": "hinar7n",
            "body": "\nAs a reminder, this subreddit [is for civil discussion.](/r/politics/wiki/index#wiki_be_civil)\n\nIn general, be courteous to others. Debate/discuss/argue the merits of ideas, don't attack people. Personal insults, shill or troll accusations, hate speech, any suggestion or support of harm, violence, or death, and other rule violations can result in a permanent ban. \n\nIf you see comments in violation of our rules, please report them.\n\n For those who have questions regarding any media outlets being posted on this subreddit, please click [here](https://www.reddit.com/r/politics/wiki/approveddomainslist) to review our details as to our approved domains list and outlet criteria.\n\n***\n\n\n*I am a bot, and this action was performed automatically. Please [contact the moderators of this subreddit](/message/compose/?to=/r/politics) if you have any questions or concerns.*",
            "ups": 1,
            "downs": 0
        },
        {
            "comment_id": "hinjhuu",
            "body": "They\u2019re already left behind. This would merely maintain the status quo.",
            "ups": 49,
            "downs": 0
        },
        {
            "comment_id": "hinjsc9",
            "body": "The up sides of paid leave are manifold. From a European view, not considering it is mindboggling.",
            "ups": 11,
            "downs": 0
        },
        {
            "comment_id": "hinntre",
            "body": "Tbh, tons of well deserved hate for the two 'D's, but what about the other half? Something to be said about how all Rs just gets a by in this whole debacle like it's a lost cause with them in the first place",
            "ups": 17,
            "downs": 0
        },
        {
            "comment_id": "hipb9m4",
            "body": "Cruelty is the point behind everything the GQP does other than greed and don't start with the \"Manchin and Sinema are Democrats\" nonsense. They're not.",
            "ups": 3,
            "downs": 0
        }
    ]
}