{
    "post_url": "https://www.reddit.com/r/LifeProTips/comments/qia74x/lpt_if_youre_struggling_to_determine_how_much_you/",
    "time_posted": "2021-10-29 06:58:13",
    "time_now": "2021-11-02 18:58:45",
    "ups": 72,
    "downs": 0,
    "comments_since_last_sample": [],
    "top_comments_top": [
        {
            "comment_id": "hihx7wd",
            "body": "Hello and welcome to r/LifeProTips!\n\nPlease help us decide if this post is a good fit for the subreddit by up or downvoting this comment. \n\nIf you think that this is great advice to improve your life, please upvote. If you think this doesn't help you in any way, please downvote. If you don't care, leave it for the others to decide.",
            "ups": 1,
            "downs": 0
        },
        {
            "comment_id": "hiiegnq",
            "body": "Also applies to yourself.\nIf you wanna know how much you love yourself imagine your children growing up to be exactly like you.",
            "ups": 17,
            "downs": 0
        },
        {
            "comment_id": "hihy50r",
            "body": "I mean honestly if I'm struggling to figure out if I even like them, the answer for me is probably \"not enough\"",
            "ups": 9,
            "downs": 0
        },
        {
            "comment_id": "hiikp3o",
            "body": "Not a bad tip. Definitely a good thought experiment.\n\nBut I can't *not* remind everyone: Don't expect your children to actually *be* small versions of you/your partner. Those kinds of expectations lead to very bad parenting.",
            "ups": 8,
            "downs": 0
        },
        {
            "comment_id": "hihxkzi",
            "body": "If you're struggling... you don't.",
            "ups": 5,
            "downs": 0
        }
    ],
    "top_comments_best": [
        {
            "comment_id": "hihx7wd",
            "body": "Hello and welcome to r/LifeProTips!\n\nPlease help us decide if this post is a good fit for the subreddit by up or downvoting this comment. \n\nIf you think that this is great advice to improve your life, please upvote. If you think this doesn't help you in any way, please downvote. If you don't care, leave it for the others to decide.",
            "ups": 1,
            "downs": 0
        },
        {
            "comment_id": "hiiegnq",
            "body": "Also applies to yourself.\nIf you wanna know how much you love yourself imagine your children growing up to be exactly like you.",
            "ups": 17,
            "downs": 0
        },
        {
            "comment_id": "hiiiswf",
            "body": "I'd also add that during covid I'm watching people I know in previously healthy relationships - now falling apart. I kind of want to tell them to let covid pass before making big decisions, that being forced into close proximity like this for years will have issues... but I learned long ago, not to get involved in that kind of fight.",
            "ups": 4,
            "downs": 0
        },
        {
            "comment_id": "hihy50r",
            "body": "I mean honestly if I'm struggling to figure out if I even like them, the answer for me is probably \"not enough\"",
            "ups": 9,
            "downs": 0
        },
        {
            "comment_id": "hiikp3o",
            "body": "Not a bad tip. Definitely a good thought experiment.\n\nBut I can't *not* remind everyone: Don't expect your children to actually *be* small versions of you/your partner. Those kinds of expectations lead to very bad parenting.",
            "ups": 7,
            "downs": 0
        }
    ],
    "top_comments_hot": [
        {
            "comment_id": "hihx7wd",
            "body": "Hello and welcome to r/LifeProTips!\n\nPlease help us decide if this post is a good fit for the subreddit by up or downvoting this comment. \n\nIf you think that this is great advice to improve your life, please upvote. If you think this doesn't help you in any way, please downvote. If you don't care, leave it for the others to decide.",
            "ups": 1,
            "downs": 0
        },
        {
            "comment_id": "hiiegnq",
            "body": "Also applies to yourself.\nIf you wanna know how much you love yourself imagine your children growing up to be exactly like you.",
            "ups": 17,
            "downs": 0
        },
        {
            "comment_id": "hiiiswf",
            "body": "I'd also add that during covid I'm watching people I know in previously healthy relationships - now falling apart. I kind of want to tell them to let covid pass before making big decisions, that being forced into close proximity like this for years will have issues... but I learned long ago, not to get involved in that kind of fight.",
            "ups": 4,
            "downs": 0
        },
        {
            "comment_id": "hihy50r",
            "body": "I mean honestly if I'm struggling to figure out if I even like them, the answer for me is probably \"not enough\"",
            "ups": 10,
            "downs": 0
        },
        {
            "comment_id": "hiikp3o",
            "body": "Not a bad tip. Definitely a good thought experiment.\n\nBut I can't *not* remind everyone: Don't expect your children to actually *be* small versions of you/your partner. Those kinds of expectations lead to very bad parenting.",
            "ups": 8,
            "downs": 0
        }
    ]
}