{
    "post_url": "https://www.reddit.com/r/politics/comments/qis598/mayorkas_issues_memo_repealing_trumps_remain_in/",
    "time_posted": "2021-10-29 22:33:48",
    "time_now": "2021-10-30 20:55:19",
    "ups": 29,
    "downs": 0,
    "comments_since_last_sample": [],
    "top_comments_top": [
        {
            "comment_id": "hilgr2b",
            "body": "\nAs a reminder, this subreddit [is for civil discussion.](/r/politics/wiki/index#wiki_be_civil)\n\nIn general, be courteous to others. Debate/discuss/argue the merits of ideas, don't attack people. Personal insults, shill or troll accusations, hate speech, any suggestion or support of harm, violence, or death, and other rule violations can result in a permanent ban. \n\nIf you see comments in violation of our rules, please report them.\n\n For those who have questions regarding any media outlets being posted on this subreddit, please click [here](https://www.reddit.com/r/politics/wiki/approveddomainslist) to review our details as to our approved domains list and outlet criteria.\n\n***\n\n\n*I am a bot, and this action was performed automatically. Please [contact the moderators of this subreddit](/message/compose/?to=/r/politics) if you have any questions or concerns.*",
            "ups": 1,
            "downs": 0
        },
        {
            "comment_id": "hilrfzm",
            "body": "Now do title 42.",
            "ups": 2,
            "downs": 0
        },
        {
            "comment_id": "hilh6ta",
            "body": "Trump 2024! \ud83d\ude0e\u270a\ud83c\udfff",
            "ups": -29,
            "downs": 0
        }
    ],
    "top_comments_best": [
        {
            "comment_id": "hilgr2b",
            "body": "\nAs a reminder, this subreddit [is for civil discussion.](/r/politics/wiki/index#wiki_be_civil)\n\nIn general, be courteous to others. Debate/discuss/argue the merits of ideas, don't attack people. Personal insults, shill or troll accusations, hate speech, any suggestion or support of harm, violence, or death, and other rule violations can result in a permanent ban. \n\nIf you see comments in violation of our rules, please report them.\n\n For those who have questions regarding any media outlets being posted on this subreddit, please click [here](https://www.reddit.com/r/politics/wiki/approveddomainslist) to review our details as to our approved domains list and outlet criteria.\n\n***\n\n\n*I am a bot, and this action was performed automatically. Please [contact the moderators of this subreddit](/message/compose/?to=/r/politics) if you have any questions or concerns.*",
            "ups": 1,
            "downs": 0
        },
        {
            "comment_id": "hilrfzm",
            "body": "Now do title 42.",
            "ups": 2,
            "downs": 0
        },
        {
            "comment_id": "hilh6ta",
            "body": "Trump 2024! \ud83d\ude0e\u270a\ud83c\udfff",
            "ups": -30,
            "downs": 0
        }
    ],
    "top_comments_hot": [
        {
            "comment_id": "hilgr2b",
            "body": "\nAs a reminder, this subreddit [is for civil discussion.](/r/politics/wiki/index#wiki_be_civil)\n\nIn general, be courteous to others. Debate/discuss/argue the merits of ideas, don't attack people. Personal insults, shill or troll accusations, hate speech, any suggestion or support of harm, violence, or death, and other rule violations can result in a permanent ban. \n\nIf you see comments in violation of our rules, please report them.\n\n For those who have questions regarding any media outlets being posted on this subreddit, please click [here](https://www.reddit.com/r/politics/wiki/approveddomainslist) to review our details as to our approved domains list and outlet criteria.\n\n***\n\n\n*I am a bot, and this action was performed automatically. Please [contact the moderators of this subreddit](/message/compose/?to=/r/politics) if you have any questions or concerns.*",
            "ups": 1,
            "downs": 0
        },
        {
            "comment_id": "hilrfzm",
            "body": "Now do title 42.",
            "ups": 2,
            "downs": 0
        },
        {
            "comment_id": "hilh6ta",
            "body": "Trump 2024! \ud83d\ude0e\u270a\ud83c\udfff",
            "ups": -30,
            "downs": 0
        }
    ]
}