{
    "post_url": "https://www.reddit.com/r/politics/comments/qj36bc/joe_manchin_and_kyrsten_sinema_make_it_about/",
    "time_posted": "2021-10-30 10:58:11",
    "time_now": "2021-11-04 12:07:28",
    "ups": 1080,
    "downs": 0,
    "comments_since_last_sample": [],
    "top_comments_top": [
        {
            "comment_id": "hindxge",
            "body": "\nAs a reminder, this subreddit [is for civil discussion.](/r/politics/wiki/index#wiki_be_civil)\n\nIn general, be courteous to others. Debate/discuss/argue the merits of ideas, don't attack people. Personal insults, shill or troll accusations, hate speech, any suggestion or support of harm, violence, or death, and other rule violations can result in a permanent ban. \n\nIf you see comments in violation of our rules, please report them.\n\n For those who have questions regarding any media outlets being posted on this subreddit, please click [here](https://www.reddit.com/r/politics/wiki/approveddomainslist) to review our details as to our approved domains list and outlet criteria.\n\n***\n\n\n*I am a bot, and this action was performed automatically. Please [contact the moderators of this subreddit](/message/compose/?to=/r/politics) if you have any questions or concerns.*",
            "ups": 1,
            "downs": 0
        },
        {
            "comment_id": "hinha0c",
            "body": "\u201cRemember our deal Krysten, we\u2019ve paid you good money to hold this up\u201d\n\n\u201cBut what will my excuse be\u201d\n\n\u201cJust act confused and don\u2019t give any real reasons\u201d\n\n\u201cThank you, I really love money\u201d",
            "ups": 122,
            "downs": 0
        },
        {
            "comment_id": "hingj8k",
            "body": "I still can\u2019t believe Sienema is teaching a class on the grift at ASU.",
            "ups": 80,
            "downs": 0
        },
        {
            "comment_id": "hiner3u",
            "body": "So many situations and actions over the past years have made it clear that there are huge systemic flaws in our process we need  to fix - national popular vote, campaign finance reform, the filibuster, lack of accountability in any real way from the Executive Branch, and so on.\n\nThese two are just the most recent poster children for donation driven representative opposed to the needs and desires of their constituents.",
            "ups": 56,
            "downs": 0
        },
        {
            "comment_id": "hio1i87",
            "body": "They are both bought an paid for corporate shills. This is known.",
            "ups": 34,
            "downs": 0
        }
    ],
    "top_comments_best": [
        {
            "comment_id": "hindxge",
            "body": "\nAs a reminder, this subreddit [is for civil discussion.](/r/politics/wiki/index#wiki_be_civil)\n\nIn general, be courteous to others. Debate/discuss/argue the merits of ideas, don't attack people. Personal insults, shill or troll accusations, hate speech, any suggestion or support of harm, violence, or death, and other rule violations can result in a permanent ban. \n\nIf you see comments in violation of our rules, please report them.\n\n For those who have questions regarding any media outlets being posted on this subreddit, please click [here](https://www.reddit.com/r/politics/wiki/approveddomainslist) to review our details as to our approved domains list and outlet criteria.\n\n***\n\n\n*I am a bot, and this action was performed automatically. Please [contact the moderators of this subreddit](/message/compose/?to=/r/politics) if you have any questions or concerns.*",
            "ups": 1,
            "downs": 0
        },
        {
            "comment_id": "hingj8k",
            "body": "I still can\u2019t believe Sienema is teaching a class on the grift at ASU.",
            "ups": 77,
            "downs": 0
        },
        {
            "comment_id": "hinha0c",
            "body": "\u201cRemember our deal Krysten, we\u2019ve paid you good money to hold this up\u201d\n\n\u201cBut what will my excuse be\u201d\n\n\u201cJust act confused and don\u2019t give any real reasons\u201d\n\n\u201cThank you, I really love money\u201d",
            "ups": 121,
            "downs": 0
        },
        {
            "comment_id": "hio1i87",
            "body": "They are both bought an paid for corporate shills. This is known.",
            "ups": 33,
            "downs": 0
        },
        {
            "comment_id": "hiner3u",
            "body": "So many situations and actions over the past years have made it clear that there are huge systemic flaws in our process we need  to fix - national popular vote, campaign finance reform, the filibuster, lack of accountability in any real way from the Executive Branch, and so on.\n\nThese two are just the most recent poster children for donation driven representative opposed to the needs and desires of their constituents.",
            "ups": 55,
            "downs": 0
        }
    ],
    "top_comments_hot": [
        {
            "comment_id": "hindxge",
            "body": "\nAs a reminder, this subreddit [is for civil discussion.](/r/politics/wiki/index#wiki_be_civil)\n\nIn general, be courteous to others. Debate/discuss/argue the merits of ideas, don't attack people. Personal insults, shill or troll accusations, hate speech, any suggestion or support of harm, violence, or death, and other rule violations can result in a permanent ban. \n\nIf you see comments in violation of our rules, please report them.\n\n For those who have questions regarding any media outlets being posted on this subreddit, please click [here](https://www.reddit.com/r/politics/wiki/approveddomainslist) to review our details as to our approved domains list and outlet criteria.\n\n***\n\n\n*I am a bot, and this action was performed automatically. Please [contact the moderators of this subreddit](/message/compose/?to=/r/politics) if you have any questions or concerns.*",
            "ups": 1,
            "downs": 0
        },
        {
            "comment_id": "hingj8k",
            "body": "I still can\u2019t believe Sienema is teaching a class on the grift at ASU.",
            "ups": 80,
            "downs": 0
        },
        {
            "comment_id": "hinha0c",
            "body": "\u201cRemember our deal Krysten, we\u2019ve paid you good money to hold this up\u201d\n\n\u201cBut what will my excuse be\u201d\n\n\u201cJust act confused and don\u2019t give any real reasons\u201d\n\n\u201cThank you, I really love money\u201d",
            "ups": 121,
            "downs": 0
        },
        {
            "comment_id": "hio1i87",
            "body": "They are both bought an paid for corporate shills. This is known.",
            "ups": 38,
            "downs": 0
        },
        {
            "comment_id": "hiner3u",
            "body": "So many situations and actions over the past years have made it clear that there are huge systemic flaws in our process we need  to fix - national popular vote, campaign finance reform, the filibuster, lack of accountability in any real way from the Executive Branch, and so on.\n\nThese two are just the most recent poster children for donation driven representative opposed to the needs and desires of their constituents.",
            "ups": 54,
            "downs": 0
        }
    ]
}