{
    "post_url": "https://www.reddit.com/r/LifeProTips/comments/qj0ssm/lpt_get_started_on_your_retirement_today/",
    "time_posted": "2021-10-30 08:48:11",
    "time_now": "2021-10-31 05:09:39",
    "ups": 5633,
    "downs": 0,
    "comments_since_last_sample": [],
    "top_comments_top": [
        {
            "comment_id": "himy81u",
            "body": "Hello and welcome to r/LifeProTips!\n\nPlease help us decide if this post is a good fit for the subreddit by up or downvoting this comment. \n\nIf you think that this is great advice to improve your life, please upvote. If you think this doesn't help you in any way, please downvote. If you don't care, leave it for the others to decide.",
            "ups": 1,
            "downs": 0
        },
        {
            "comment_id": "himz7tu",
            "body": "The best time to plant a tree is 20 years ago \n\nThe second best time is today",
            "ups": 2616,
            "downs": 0
        },
        {
            "comment_id": "hin6zj8",
            "body": "I am constantly blown away to learn that decently paid (6 figs or close) late 20s/early 30s folks at my job don\u2019t take advantage of 6% 401k match. Many don\u2019t even know about it because they don\u2019t understand saving/investing and tune out at the benefits meeting every year.",
            "ups": 729,
            "downs": 0
        },
        {
            "comment_id": "hin7pgu",
            "body": "People who say this sort of thing assume that a kid on a minimum wage job and a zero-hour contract actually has a reliable amount of surplus money each month to put into a pension plan. Quite often, its not even reliable to cover rent each month.",
            "ups": 299,
            "downs": 0
        },
        {
            "comment_id": "hin9jw4",
            "body": "It feels so small &amp; impossible... then 15 years go by and you feel great.  Just need to stay committed &amp; not touch it.",
            "ups": 225,
            "downs": 0
        }
    ],
    "top_comments_best": [
        {
            "comment_id": "himy81u",
            "body": "Hello and welcome to r/LifeProTips!\n\nPlease help us decide if this post is a good fit for the subreddit by up or downvoting this comment. \n\nIf you think that this is great advice to improve your life, please upvote. If you think this doesn't help you in any way, please downvote. If you don't care, leave it for the others to decide.",
            "ups": 1,
            "downs": 0
        },
        {
            "comment_id": "himz7tu",
            "body": "The best time to plant a tree is 20 years ago \n\nThe second best time is today",
            "ups": 2622,
            "downs": 0
        },
        {
            "comment_id": "hin6zj8",
            "body": "I am constantly blown away to learn that decently paid (6 figs or close) late 20s/early 30s folks at my job don\u2019t take advantage of 6% 401k match. Many don\u2019t even know about it because they don\u2019t understand saving/investing and tune out at the benefits meeting every year.",
            "ups": 736,
            "downs": 0
        },
        {
            "comment_id": "hin5h53",
            "body": "What if you're self employed and no 401k? What route can you take?",
            "ups": 195,
            "downs": 0
        },
        {
            "comment_id": "hio5fmf",
            "body": "I worked in finance for a large medical group. The group had a 100% match on ALL of the physicians contributions to their retirement plan. Only about 20% took advantage of it to contribute. I was told that was because of student loans and multiple ex-spouses sucking up a big chunk of the doc's income.",
            "ups": 20,
            "downs": 0
        }
    ],
    "top_comments_hot": [
        {
            "comment_id": "himy81u",
            "body": "Hello and welcome to r/LifeProTips!\n\nPlease help us decide if this post is a good fit for the subreddit by up or downvoting this comment. \n\nIf you think that this is great advice to improve your life, please upvote. If you think this doesn't help you in any way, please downvote. If you don't care, leave it for the others to decide.",
            "ups": 1,
            "downs": 0
        },
        {
            "comment_id": "himz7tu",
            "body": "The best time to plant a tree is 20 years ago \n\nThe second best time is today",
            "ups": 2619,
            "downs": 0
        },
        {
            "comment_id": "hin6zj8",
            "body": "I am constantly blown away to learn that decently paid (6 figs or close) late 20s/early 30s folks at my job don\u2019t take advantage of 6% 401k match. Many don\u2019t even know about it because they don\u2019t understand saving/investing and tune out at the benefits meeting every year.",
            "ups": 734,
            "downs": 0
        },
        {
            "comment_id": "hin5h53",
            "body": "What if you're self employed and no 401k? What route can you take?",
            "ups": 199,
            "downs": 0
        },
        {
            "comment_id": "hio5fmf",
            "body": "I worked in finance for a large medical group. The group had a 100% match on ALL of the physicians contributions to their retirement plan. Only about 20% took advantage of it to contribute. I was told that was because of student loans and multiple ex-spouses sucking up a big chunk of the doc's income.",
            "ups": 21,
            "downs": 0
        }
    ]
}