{
    "post_url": "https://www.reddit.com/r/LifeProTips/comments/qi1mlm/lpt_request_if_your_not_the_brightest_please_dont/",
    "time_posted": "2021-10-28 21:32:26",
    "time_now": "2021-11-02 23:06:13",
    "ups": 0,
    "downs": 0,
    "comments_since_last_sample": [],
    "top_comments_top": [
        {
            "comment_id": "higi7sp",
            "body": "Hello and welcome to r/LifeProTips!\n\nPlease help us decide if this post is a good fit for the subreddit by up or downvoting this comment. \n\nIf you think that this is great advice to improve your life, please upvote. If you think this doesn't help you in any way, please downvote. If you don't care, leave it for the others to decide.",
            "ups": 1,
            "downs": 0
        },
        {
            "comment_id": "higijcf",
            "body": "It\u2019s you\u2019re. \n\nPretty sure it\u2019s your arrogance that your employer and coworkers don\u2019t appreciate.",
            "ups": 14,
            "downs": 0
        },
        {
            "comment_id": "higittn",
            "body": "Tip number one:  never be late for work\n\nTip number two: get along with coworkers\n\nTip number three: dress smartly and be clean\n\nTip number four: try to never miss a shift\n\nTip number five: be reliable and responsive\n\nDo those things and you\u2019ll succeed even if you\u2019re not actually that good at your job!\n\nEdit: spelling correction -hey there\u2019s another tip!",
            "ups": 12,
            "downs": 0
        },
        {
            "comment_id": "higiyge",
            "body": "LPT if you\u2019re gonna bitch about who\u2019s bright and who\u2019s not, at least use proper grammar, dipshit.",
            "ups": 3,
            "downs": 0
        },
        {
            "comment_id": "higmc9w",
            "body": "I\u2019m not the brightest, but I am certainly the laziest",
            "ups": 5,
            "downs": 0
        }
    ],
    "top_comments_best": [
        {
            "comment_id": "higi7sp",
            "body": "Hello and welcome to r/LifeProTips!\n\nPlease help us decide if this post is a good fit for the subreddit by up or downvoting this comment. \n\nIf you think that this is great advice to improve your life, please upvote. If you think this doesn't help you in any way, please downvote. If you don't care, leave it for the others to decide.",
            "ups": 1,
            "downs": 0
        },
        {
            "comment_id": "higmc9w",
            "body": "I\u2019m not the brightest, but I am certainly the laziest",
            "ups": 5,
            "downs": 0
        },
        {
            "comment_id": "higittn",
            "body": "Tip number one:  never be late for work\n\nTip number two: get along with coworkers\n\nTip number three: dress smartly and be clean\n\nTip number four: try to never miss a shift\n\nTip number five: be reliable and responsive\n\nDo those things and you\u2019ll succeed even if you\u2019re not actually that good at your job!\n\nEdit: spelling correction -hey there\u2019s another tip!",
            "ups": 11,
            "downs": 0
        },
        {
            "comment_id": "higqvgj",
            "body": "If you think you are the brightest please don\u2019t be lazy. We will like you even more.",
            "ups": 3,
            "downs": 0
        },
        {
            "comment_id": "higijcf",
            "body": "It\u2019s you\u2019re. \n\nPretty sure it\u2019s your arrogance that your employer and coworkers don\u2019t appreciate.",
            "ups": 14,
            "downs": 0
        }
    ],
    "top_comments_hot": [
        {
            "comment_id": "higi7sp",
            "body": "Hello and welcome to r/LifeProTips!\n\nPlease help us decide if this post is a good fit for the subreddit by up or downvoting this comment. \n\nIf you think that this is great advice to improve your life, please upvote. If you think this doesn't help you in any way, please downvote. If you don't care, leave it for the others to decide.",
            "ups": 1,
            "downs": 0
        },
        {
            "comment_id": "higmc9w",
            "body": "I\u2019m not the brightest, but I am certainly the laziest",
            "ups": 4,
            "downs": 0
        },
        {
            "comment_id": "higittn",
            "body": "Tip number one:  never be late for work\n\nTip number two: get along with coworkers\n\nTip number three: dress smartly and be clean\n\nTip number four: try to never miss a shift\n\nTip number five: be reliable and responsive\n\nDo those things and you\u2019ll succeed even if you\u2019re not actually that good at your job!\n\nEdit: spelling correction -hey there\u2019s another tip!",
            "ups": 12,
            "downs": 0
        },
        {
            "comment_id": "higqvgj",
            "body": "If you think you are the brightest please don\u2019t be lazy. We will like you even more.",
            "ups": 3,
            "downs": 0
        },
        {
            "comment_id": "higijcf",
            "body": "It\u2019s you\u2019re. \n\nPretty sure it\u2019s your arrogance that your employer and coworkers don\u2019t appreciate.",
            "ups": 12,
            "downs": 0
        }
    ]
}