{
    "post_url": "https://www.reddit.com/r/gaming/comments/qizked/what_do_you_tend_to_do_when_gaming/",
    "time_posted": "2021-10-30 07:27:22",
    "time_now": "2021-11-04 03:52:58",
    "ups": 1,
    "downs": 0,
    "comments_since_last_sample": [],
    "top_comments_top": [
        {
            "comment_id": "himzgp1",
            "body": "I try to make each game very different to the last so I don\u2019t get burnt out on a genre. If I\u2019ve really loved a game and play something similar next I\u2019ll be constantly comparing them.",
            "ups": 2,
            "downs": 0
        },
        {
            "comment_id": "himr0i3",
            "body": "[deleted]",
            "ups": 1,
            "downs": 0
        },
        {
            "comment_id": "himslpy",
            "body": "I have played Football Manager games for over 30 years, i get so good at them i have to set myself in game challenges like selling ANY player when he gets to 28 years old, only buying teenagers to replace them. \n\nAlso i like to start a career managing a team with no money spend and a tiny stadium. Currently playing as manager of Roskilde, a team in the Danish 3rd division who have a lot of part time players not on contracts so they can leave whenever they feel like it.\n\nMy aim is to be the best team in the world within 20 years. And i'll probably do it as i do every  year, it's just the challenge that makes it more fun.\n\nIn Super Mario Kart back in the early 90's me and my uncle were so good, we played the game on the highest settings and we would try to make each of the 8 drivers get at least one point each. Which is ridiculously hard . .",
            "ups": 1,
            "downs": 0
        },
        {
            "comment_id": "himtcn5",
            "body": "Mostly I play open world action adventure and I try to play it by just exploring and doing whatever missions I come across. I don't go right for story missions or anything, I try to just naturally explore, until I can't progress then I'll focus on a story mission",
            "ups": 1,
            "downs": 0
        },
        {
            "comment_id": "himum1p",
            "body": "I always try to break the game, QA style. 100% of the time",
            "ups": 1,
            "downs": 0
        }
    ],
    "top_comments_best": [
        {
            "comment_id": "himzgp1",
            "body": "I try to make each game very different to the last so I don\u2019t get burnt out on a genre. If I\u2019ve really loved a game and play something similar next I\u2019ll be constantly comparing them.",
            "ups": 2,
            "downs": 0
        },
        {
            "comment_id": "himrhfz",
            "body": "\\*losing, not loosing",
            "ups": 0,
            "downs": 0
        },
        {
            "comment_id": "himr0i3",
            "body": "[deleted]",
            "ups": 1,
            "downs": 0
        },
        {
            "comment_id": "himslpy",
            "body": "I have played Football Manager games for over 30 years, i get so good at them i have to set myself in game challenges like selling ANY player when he gets to 28 years old, only buying teenagers to replace them. \n\nAlso i like to start a career managing a team with no money spend and a tiny stadium. Currently playing as manager of Roskilde, a team in the Danish 3rd division who have a lot of part time players not on contracts so they can leave whenever they feel like it.\n\nMy aim is to be the best team in the world within 20 years. And i'll probably do it as i do every  year, it's just the challenge that makes it more fun.\n\nIn Super Mario Kart back in the early 90's me and my uncle were so good, we played the game on the highest settings and we would try to make each of the 8 drivers get at least one point each. Which is ridiculously hard . .",
            "ups": 1,
            "downs": 0
        },
        {
            "comment_id": "himtcn5",
            "body": "Mostly I play open world action adventure and I try to play it by just exploring and doing whatever missions I come across. I don't go right for story missions or anything, I try to just naturally explore, until I can't progress then I'll focus on a story mission",
            "ups": 1,
            "downs": 0
        }
    ],
    "top_comments_hot": [
        {
            "comment_id": "himzgp1",
            "body": "I try to make each game very different to the last so I don\u2019t get burnt out on a genre. If I\u2019ve really loved a game and play something similar next I\u2019ll be constantly comparing them.",
            "ups": 2,
            "downs": 0
        },
        {
            "comment_id": "himrhfz",
            "body": "\\*losing, not loosing",
            "ups": 0,
            "downs": 0
        },
        {
            "comment_id": "himr0i3",
            "body": "[deleted]",
            "ups": 1,
            "downs": 0
        },
        {
            "comment_id": "himslpy",
            "body": "I have played Football Manager games for over 30 years, i get so good at them i have to set myself in game challenges like selling ANY player when he gets to 28 years old, only buying teenagers to replace them. \n\nAlso i like to start a career managing a team with no money spend and a tiny stadium. Currently playing as manager of Roskilde, a team in the Danish 3rd division who have a lot of part time players not on contracts so they can leave whenever they feel like it.\n\nMy aim is to be the best team in the world within 20 years. And i'll probably do it as i do every  year, it's just the challenge that makes it more fun.\n\nIn Super Mario Kart back in the early 90's me and my uncle were so good, we played the game on the highest settings and we would try to make each of the 8 drivers get at least one point each. Which is ridiculously hard . .",
            "ups": 1,
            "downs": 0
        },
        {
            "comment_id": "himtcn5",
            "body": "Mostly I play open world action adventure and I try to play it by just exploring and doing whatever missions I come across. I don't go right for story missions or anything, I try to just naturally explore, until I can't progress then I'll focus on a story mission",
            "ups": 1,
            "downs": 0
        }
    ]
}