{
    "post_url": "https://www.reddit.com/r/politics/comments/qirgrw/business_emerges_as_winner_in_framework_deal/",
    "time_posted": "2021-10-29 21:51:04",
    "time_now": "2021-10-31 09:15:47",
    "ups": 42,
    "downs": 0,
    "comments_since_last_sample": [],
    "top_comments_top": [
        {
            "comment_id": "hilblxm",
            "body": "\nAs a reminder, this subreddit [is for civil discussion.](/r/politics/wiki/index#wiki_be_civil)\n\nIn general, be courteous to others. Debate/discuss/argue the merits of ideas, don't attack people. Personal insults, shill or troll accusations, hate speech, any suggestion or support of harm, violence, or death, and other rule violations can result in a permanent ban. \n\nIf you see comments in violation of our rules, please report them.\n\n For those who have questions regarding any media outlets being posted on this subreddit, please click [here](https://www.reddit.com/r/politics/wiki/approveddomainslist) to review our details as to our approved domains list and outlet criteria.\n\n***\n\n\n*I am a bot, and this action was performed automatically. Please [contact the moderators of this subreddit](/message/compose/?to=/r/politics) if you have any questions or concerns.*",
            "ups": 1,
            "downs": 0
        },
        {
            "comment_id": "hilc00o",
            "body": "Good to know that corporate overlords still trump your every day people.",
            "ups": 15,
            "downs": 0
        },
        {
            "comment_id": "hilmqk9",
            "body": "You knew as soon as Obama was praising the framework it was full of corporate hand outs",
            "ups": 9,
            "downs": 0
        },
        {
            "comment_id": "hildink",
            "body": "I'm cool with the clean energy companies winning this deal. I hate that Medicare won't get to negotiate drug prices. It rankles me to no end that Americans pay more than anyone else in the world **for the exact same drugs** because our government is the **only** one that won't negotiate. \n\nAmerica last. Shit on Americans - subsidize Germans.",
            "ups": 8,
            "downs": 0
        },
        {
            "comment_id": "hildbfb",
            "body": "I hate that headline. It could\u2019ve read \u201cAmerican Citizens win\u2026\u201d, but since only the Progressives are fighting for us, we get nothing helpful. \n\nNeoliberalism equals indifference to citizens\u2019 needs when it matters, and if that\u2019s news to you then start paying more attention. Only Progressives are trying to solve problems and help people. In fact, they\u2019re the ones pushing for Biden\u2019s agenda. The centrist neolibs are fighting against it.",
            "ups": 4,
            "downs": 0
        }
    ],
    "top_comments_best": [
        {
            "comment_id": "hilblxm",
            "body": "\nAs a reminder, this subreddit [is for civil discussion.](/r/politics/wiki/index#wiki_be_civil)\n\nIn general, be courteous to others. Debate/discuss/argue the merits of ideas, don't attack people. Personal insults, shill or troll accusations, hate speech, any suggestion or support of harm, violence, or death, and other rule violations can result in a permanent ban. \n\nIf you see comments in violation of our rules, please report them.\n\n For those who have questions regarding any media outlets being posted on this subreddit, please click [here](https://www.reddit.com/r/politics/wiki/approveddomainslist) to review our details as to our approved domains list and outlet criteria.\n\n***\n\n\n*I am a bot, and this action was performed automatically. Please [contact the moderators of this subreddit](/message/compose/?to=/r/politics) if you have any questions or concerns.*",
            "ups": 1,
            "downs": 0
        },
        {
            "comment_id": "hilc00o",
            "body": "Good to know that corporate overlords still trump your every day people.",
            "ups": 16,
            "downs": 0
        },
        {
            "comment_id": "hildink",
            "body": "I'm cool with the clean energy companies winning this deal. I hate that Medicare won't get to negotiate drug prices. It rankles me to no end that Americans pay more than anyone else in the world **for the exact same drugs** because our government is the **only** one that won't negotiate. \n\nAmerica last. Shit on Americans - subsidize Germans.",
            "ups": 8,
            "downs": 0
        },
        {
            "comment_id": "hilc1in",
            "body": "I think they always do.",
            "ups": 3,
            "downs": 0
        },
        {
            "comment_id": "hilmqk9",
            "body": "You knew as soon as Obama was praising the framework it was full of corporate hand outs",
            "ups": 9,
            "downs": 0
        }
    ],
    "top_comments_hot": [
        {
            "comment_id": "hilblxm",
            "body": "\nAs a reminder, this subreddit [is for civil discussion.](/r/politics/wiki/index#wiki_be_civil)\n\nIn general, be courteous to others. Debate/discuss/argue the merits of ideas, don't attack people. Personal insults, shill or troll accusations, hate speech, any suggestion or support of harm, violence, or death, and other rule violations can result in a permanent ban. \n\nIf you see comments in violation of our rules, please report them.\n\n For those who have questions regarding any media outlets being posted on this subreddit, please click [here](https://www.reddit.com/r/politics/wiki/approveddomainslist) to review our details as to our approved domains list and outlet criteria.\n\n***\n\n\n*I am a bot, and this action was performed automatically. Please [contact the moderators of this subreddit](/message/compose/?to=/r/politics) if you have any questions or concerns.*",
            "ups": 1,
            "downs": 0
        },
        {
            "comment_id": "hilc00o",
            "body": "Good to know that corporate overlords still trump your every day people.",
            "ups": 15,
            "downs": 0
        },
        {
            "comment_id": "hildink",
            "body": "I'm cool with the clean energy companies winning this deal. I hate that Medicare won't get to negotiate drug prices. It rankles me to no end that Americans pay more than anyone else in the world **for the exact same drugs** because our government is the **only** one that won't negotiate. \n\nAmerica last. Shit on Americans - subsidize Germans.",
            "ups": 7,
            "downs": 0
        },
        {
            "comment_id": "hilc1in",
            "body": "I think they always do.",
            "ups": 3,
            "downs": 0
        },
        {
            "comment_id": "hilmqk9",
            "body": "You knew as soon as Obama was praising the framework it was full of corporate hand outs",
            "ups": 8,
            "downs": 0
        }
    ]
}