{
    "post_url": "https://www.reddit.com/r/LifeProTips/comments/qiligi/lpt_how_to_stop_desiring_other_peoples_lifes_and/",
    "time_posted": "2021-10-29 16:21:16",
    "time_now": "2021-11-05 00:32:01",
    "ups": 6,
    "downs": 0,
    "comments_since_last_sample": [],
    "top_comments_top": [
        {
            "comment_id": "hik3mx1",
            "body": "Hello and welcome to r/LifeProTips!\n\nPlease help us decide if this post is a good fit for the subreddit by up or downvoting this comment. \n\nIf you think that this is great advice to improve your life, please upvote. If you think this doesn't help you in any way, please downvote. If you don't care, leave it for the others to decide.",
            "ups": 1,
            "downs": 0
        },
        {
            "comment_id": "hikfuds",
            "body": "TLDR: get the hell off social media and live your own life.",
            "ups": 3,
            "downs": 0
        },
        {
            "comment_id": "hik75g5",
            "body": "Oh my god it\u2019s an actually good tip instead of something belonging on r/showerthoughts",
            "ups": 2,
            "downs": 0
        }
    ],
    "top_comments_best": [
        {
            "comment_id": "hik3mx1",
            "body": "Hello and welcome to r/LifeProTips!\n\nPlease help us decide if this post is a good fit for the subreddit by up or downvoting this comment. \n\nIf you think that this is great advice to improve your life, please upvote. If you think this doesn't help you in any way, please downvote. If you don't care, leave it for the others to decide.",
            "ups": 1,
            "downs": 0
        },
        {
            "comment_id": "hikfuds",
            "body": "TLDR: get the hell off social media and live your own life.",
            "ups": 3,
            "downs": 0
        },
        {
            "comment_id": "hik75g5",
            "body": "Oh my god it\u2019s an actually good tip instead of something belonging on r/showerthoughts",
            "ups": 2,
            "downs": 0
        }
    ],
    "top_comments_hot": [
        {
            "comment_id": "hik3mx1",
            "body": "Hello and welcome to r/LifeProTips!\n\nPlease help us decide if this post is a good fit for the subreddit by up or downvoting this comment. \n\nIf you think that this is great advice to improve your life, please upvote. If you think this doesn't help you in any way, please downvote. If you don't care, leave it for the others to decide.",
            "ups": 1,
            "downs": 0
        },
        {
            "comment_id": "hikfuds",
            "body": "TLDR: get the hell off social media and live your own life.",
            "ups": 3,
            "downs": 0
        },
        {
            "comment_id": "hik75g5",
            "body": "Oh my god it\u2019s an actually good tip instead of something belonging on r/showerthoughts",
            "ups": 2,
            "downs": 0
        }
    ]
}