{
    "post_url": "https://www.reddit.com/r/gaming/comments/qj341v/pac_man/",
    "time_posted": "2021-10-30 10:54:55",
    "time_now": "2021-11-05 00:27:58",
    "ups": 61,
    "downs": 0,
    "comments_since_last_sample": [],
    "top_comments_top": [
        {
            "comment_id": "hip26wz",
            "body": "You know the original name for Pac-Man was Puck Man. Not because he looks like a hockey puck. But its Paku Paku. Means flap your mouth. But they thought people would scratch out the \"p\" and turn it into an \"f\"",
            "ups": 1,
            "downs": 0
        }
    ],
    "top_comments_best": [
        {
            "comment_id": "hip26wz",
            "body": "You know the original name for Pac-Man was Puck Man. Not because he looks like a hockey puck. But its Paku Paku. Means flap your mouth. But they thought people would scratch out the \"p\" and turn it into an \"f\"",
            "ups": 1,
            "downs": 0
        }
    ],
    "top_comments_hot": [
        {
            "comment_id": "hip26wz",
            "body": "You know the original name for Pac-Man was Puck Man. Not because he looks like a hockey puck. But its Paku Paku. Means flap your mouth. But they thought people would scratch out the \"p\" and turn it into an \"f\"",
            "ups": 1,
            "downs": 0
        }
    ]
}