{
    "post_url": "https://www.reddit.com/r/politics/comments/qj435f/biden_privately_questions_whether_major_emitters/",
    "time_posted": "2021-10-30 11:43:05",
    "time_now": "2021-10-31 01:00:45",
    "ups": 206,
    "downs": 0,
    "comments_since_last_sample": [
        {
            "comment_id": "hipm5cz",
            "body": "Biden privately questions whether businesses will follow orders his own agencies can\u2019t be bothered to enforce."
        }
    ],
    "top_comments_top": [
        {
            "comment_id": "hink0re",
            "body": "\nAs a reminder, this subreddit [is for civil discussion.](/r/politics/wiki/index#wiki_be_civil)\n\nIn general, be courteous to others. Debate/discuss/argue the merits of ideas, don't attack people. Personal insults, shill or troll accusations, hate speech, any suggestion or support of harm, violence, or death, and other rule violations can result in a permanent ban. \n\nIf you see comments in violation of our rules, please report them.\n\n For those who have questions regarding any media outlets being posted on this subreddit, please click [here](https://www.reddit.com/r/politics/wiki/approveddomainslist) to review our details as to our approved domains list and outlet criteria.\n\n***\n\n\n*I am a bot, and this action was performed automatically. Please [contact the moderators of this subreddit](/message/compose/?to=/r/politics) if you have any questions or concerns.*",
            "ups": 1,
            "downs": 0
        },
        {
            "comment_id": "hink89k",
            "body": "Holy shit, no. There is no good will in Capitalism. They have to be regulated by force.",
            "ups": 51,
            "downs": 0
        },
        {
            "comment_id": "hinnd4f",
            "body": "If only there was some kind of *agency* Biden was in charge of, you know, one charged with *protecting* the *environment.*",
            "ups": 16,
            "downs": 0
        },
        {
            "comment_id": "hinn5l8",
            "body": "Of course they won't. Nothing will change until the place actually collapses. We have to lose everything to fix it.\n\nBut that won't matter after we've lost everything. We've never faced a collapse in resource availability as an interconnected species. Before, civilizations collapsed, but new ones were already being built.\n\nNow we only face this as a whole. No other options. No place to go. We need all hands on deck and we are all aware that 1/3 of the population refuses. It's over.",
            "ups": 12,
            "downs": 0
        },
        {
            "comment_id": "hinlnzg",
            "body": "SPOILER: &gt;!\u00a0\u00a0\u00a0\u00a0\u00a0\u00a0\u00a0\u00a0\u00a0\u00a0\u00a0\u00a0\u00a0\u00a0\u00a0\u00a0\u00a0\u00a0\u00a0\u00a0\u00a0\u00a0\u00a0\u00a0\u00a0\u00a0\u00a0\u00a0\u00a0\u00a0\u00a0\u00a0\u00a0\u00a0\u00a0\u00a0\u00a0\u00a0\u00a0\u00a0\u00a0\u00a0\u00a0\u00a0\u00a0\u00a0\u00a0\u00a0^^*lol\u00a0\u00a0^hell\u00a0\u00a0\u00a0\u00a0^^NO!*\u00a0\u00a0\u00a0\u00a0\u00a0\u00a0\u00a0\u00a0\u00a0\u00a0\u00a0\u00a0\u00a0\u00a0\u00a0\u00a0\u00a0\u00a0\u00a0\u00a0\u00a0\u00a0\u00a0\u00a0\u00a0\u00a0\u00a0\u00a0\u00a0\u00a0\u00a0\u00a0\u00a0\u00a0\u00a0\u00a0\u00a0\u00a0\u00a0\u00a0\u00a0\u00a0\u00a0\u00a0\u00a0\u00a0\u00a0\u00a0!&lt;",
            "ups": 11,
            "downs": 0
        }
    ],
    "top_comments_best": [
        {
            "comment_id": "hink0re",
            "body": "\nAs a reminder, this subreddit [is for civil discussion.](/r/politics/wiki/index#wiki_be_civil)\n\nIn general, be courteous to others. Debate/discuss/argue the merits of ideas, don't attack people. Personal insults, shill or troll accusations, hate speech, any suggestion or support of harm, violence, or death, and other rule violations can result in a permanent ban. \n\nIf you see comments in violation of our rules, please report them.\n\n For those who have questions regarding any media outlets being posted on this subreddit, please click [here](https://www.reddit.com/r/politics/wiki/approveddomainslist) to review our details as to our approved domains list and outlet criteria.\n\n***\n\n\n*I am a bot, and this action was performed automatically. Please [contact the moderators of this subreddit](/message/compose/?to=/r/politics) if you have any questions or concerns.*",
            "ups": 1,
            "downs": 0
        },
        {
            "comment_id": "hink89k",
            "body": "Holy shit, no. There is no good will in Capitalism. They have to be regulated by force.",
            "ups": 50,
            "downs": 0
        },
        {
            "comment_id": "hinnd4f",
            "body": "If only there was some kind of *agency* Biden was in charge of, you know, one charged with *protecting* the *environment.*",
            "ups": 16,
            "downs": 0
        },
        {
            "comment_id": "hinlnzg",
            "body": "SPOILER: &gt;!\u00a0\u00a0\u00a0\u00a0\u00a0\u00a0\u00a0\u00a0\u00a0\u00a0\u00a0\u00a0\u00a0\u00a0\u00a0\u00a0\u00a0\u00a0\u00a0\u00a0\u00a0\u00a0\u00a0\u00a0\u00a0\u00a0\u00a0\u00a0\u00a0\u00a0\u00a0\u00a0\u00a0\u00a0\u00a0\u00a0\u00a0\u00a0\u00a0\u00a0\u00a0\u00a0\u00a0\u00a0\u00a0\u00a0\u00a0\u00a0^^*lol\u00a0\u00a0^hell\u00a0\u00a0\u00a0\u00a0^^NO!*\u00a0\u00a0\u00a0\u00a0\u00a0\u00a0\u00a0\u00a0\u00a0\u00a0\u00a0\u00a0\u00a0\u00a0\u00a0\u00a0\u00a0\u00a0\u00a0\u00a0\u00a0\u00a0\u00a0\u00a0\u00a0\u00a0\u00a0\u00a0\u00a0\u00a0\u00a0\u00a0\u00a0\u00a0\u00a0\u00a0\u00a0\u00a0\u00a0\u00a0\u00a0\u00a0\u00a0\u00a0\u00a0\u00a0\u00a0\u00a0!&lt;",
            "ups": 10,
            "downs": 0
        },
        {
            "comment_id": "hinmigq",
            "body": "How about publically doin it?",
            "ups": 8,
            "downs": 0
        }
    ],
    "top_comments_hot": [
        {
            "comment_id": "hink0re",
            "body": "\nAs a reminder, this subreddit [is for civil discussion.](/r/politics/wiki/index#wiki_be_civil)\n\nIn general, be courteous to others. Debate/discuss/argue the merits of ideas, don't attack people. Personal insults, shill or troll accusations, hate speech, any suggestion or support of harm, violence, or death, and other rule violations can result in a permanent ban. \n\nIf you see comments in violation of our rules, please report them.\n\n For those who have questions regarding any media outlets being posted on this subreddit, please click [here](https://www.reddit.com/r/politics/wiki/approveddomainslist) to review our details as to our approved domains list and outlet criteria.\n\n***\n\n\n*I am a bot, and this action was performed automatically. Please [contact the moderators of this subreddit](/message/compose/?to=/r/politics) if you have any questions or concerns.*",
            "ups": 1,
            "downs": 0
        },
        {
            "comment_id": "hink89k",
            "body": "Holy shit, no. There is no good will in Capitalism. They have to be regulated by force.",
            "ups": 49,
            "downs": 0
        },
        {
            "comment_id": "hinnd4f",
            "body": "If only there was some kind of *agency* Biden was in charge of, you know, one charged with *protecting* the *environment.*",
            "ups": 17,
            "downs": 0
        },
        {
            "comment_id": "hinlnzg",
            "body": "SPOILER: &gt;!\u00a0\u00a0\u00a0\u00a0\u00a0\u00a0\u00a0\u00a0\u00a0\u00a0\u00a0\u00a0\u00a0\u00a0\u00a0\u00a0\u00a0\u00a0\u00a0\u00a0\u00a0\u00a0\u00a0\u00a0\u00a0\u00a0\u00a0\u00a0\u00a0\u00a0\u00a0\u00a0\u00a0\u00a0\u00a0\u00a0\u00a0\u00a0\u00a0\u00a0\u00a0\u00a0\u00a0\u00a0\u00a0\u00a0\u00a0\u00a0^^*lol\u00a0\u00a0^hell\u00a0\u00a0\u00a0\u00a0^^NO!*\u00a0\u00a0\u00a0\u00a0\u00a0\u00a0\u00a0\u00a0\u00a0\u00a0\u00a0\u00a0\u00a0\u00a0\u00a0\u00a0\u00a0\u00a0\u00a0\u00a0\u00a0\u00a0\u00a0\u00a0\u00a0\u00a0\u00a0\u00a0\u00a0\u00a0\u00a0\u00a0\u00a0\u00a0\u00a0\u00a0\u00a0\u00a0\u00a0\u00a0\u00a0\u00a0\u00a0\u00a0\u00a0\u00a0\u00a0\u00a0!&lt;",
            "ups": 11,
            "downs": 0
        },
        {
            "comment_id": "hinmigq",
            "body": "How about publically doin it?",
            "ups": 8,
            "downs": 0
        }
    ]
}