{
    "post_url": "https://www.reddit.com/r/politics/comments/qj0c02/progressives_say_its_not_too_late_to_prevent_big/",
    "time_posted": "2021-10-30 08:18:47",
    "time_now": "2021-11-03 15:32:49",
    "ups": 1535,
    "downs": 0,
    "comments_since_last_sample": [],
    "top_comments_top": [
        {
            "comment_id": "himv8xs",
            "body": "\nAs a reminder, this subreddit [is for civil discussion.](/r/politics/wiki/index#wiki_be_civil)\n\nIn general, be courteous to others. Debate/discuss/argue the merits of ideas, don't attack people. Personal insults, shill or troll accusations, hate speech, any suggestion or support of harm, violence, or death, and other rule violations can result in a permanent ban. \n\nIf you see comments in violation of our rules, please report them.\n\n For those who have questions regarding any media outlets being posted on this subreddit, please click [here](https://www.reddit.com/r/politics/wiki/approveddomainslist) to review our details as to our approved domains list and outlet criteria.\n\n***\n\n\n*I am a bot, and this action was performed automatically. Please [contact the moderators of this subreddit](/message/compose/?to=/r/politics) if you have any questions or concerns.*",
            "ups": 1,
            "downs": 0
        },
        {
            "comment_id": "hin7wpa",
            "body": "It is too late. Big pharma own Manchin and Sinema. So basically they control the entire government.",
            "ups": 47,
            "downs": 0
        },
        {
            "comment_id": "hin8i3d",
            "body": "Pharma has bought as many Congressmembers as Finance and Arms Dealers have.  Synema is just the tip of the iceberg; about 20 other Democratic Senators would be willing to take her place if the price was right.  The Republicans are bought across the board.",
            "ups": 29,
            "downs": 0
        },
        {
            "comment_id": "hincigj",
            "body": "I am currently taking some REALLY old school epilepsy medication because it\u2019s all I can afford. It\u2019s very literally killing me, but I cannot afford $1k a month for the newer medication that doesn\u2019t kill you from the inside.",
            "ups": 26,
            "downs": 0
        },
        {
            "comment_id": "himx6ge",
            "body": "Believe it when I see it fuckos.  It will probably be some half assed jankety last second scramble plan that doesn\u2019t do much.  They can claim they did something in the next campaign though!",
            "ups": 19,
            "downs": 0
        }
    ],
    "top_comments_best": [
        {
            "comment_id": "himv8xs",
            "body": "\nAs a reminder, this subreddit [is for civil discussion.](/r/politics/wiki/index#wiki_be_civil)\n\nIn general, be courteous to others. Debate/discuss/argue the merits of ideas, don't attack people. Personal insults, shill or troll accusations, hate speech, any suggestion or support of harm, violence, or death, and other rule violations can result in a permanent ban. \n\nIf you see comments in violation of our rules, please report them.\n\n For those who have questions regarding any media outlets being posted on this subreddit, please click [here](https://www.reddit.com/r/politics/wiki/approveddomainslist) to review our details as to our approved domains list and outlet criteria.\n\n***\n\n\n*I am a bot, and this action was performed automatically. Please [contact the moderators of this subreddit](/message/compose/?to=/r/politics) if you have any questions or concerns.*",
            "ups": 1,
            "downs": 0
        },
        {
            "comment_id": "hincigj",
            "body": "I am currently taking some REALLY old school epilepsy medication because it\u2019s all I can afford. It\u2019s very literally killing me, but I cannot afford $1k a month for the newer medication that doesn\u2019t kill you from the inside.",
            "ups": 28,
            "downs": 0
        },
        {
            "comment_id": "hin7wpa",
            "body": "It is too late. Big pharma own Manchin and Sinema. So basically they control the entire government.",
            "ups": 45,
            "downs": 0
        },
        {
            "comment_id": "hin8i3d",
            "body": "Pharma has bought as many Congressmembers as Finance and Arms Dealers have.  Synema is just the tip of the iceberg; about 20 other Democratic Senators would be willing to take her place if the price was right.  The Republicans are bought across the board.",
            "ups": 28,
            "downs": 0
        },
        {
            "comment_id": "hinsu5i",
            "body": "It's just ridiculous that an industry can buy off a few senators for a couple of million to avoid legislation that would cost them billions.\n\nLobbying needs to stop.\n\nIf a senator accepts money from a company that's a conflict of interest, and that senator should be recused from any legislation that concerns that company.",
            "ups": 5,
            "downs": 0
        }
    ],
    "top_comments_hot": [
        {
            "comment_id": "himv8xs",
            "body": "\nAs a reminder, this subreddit [is for civil discussion.](/r/politics/wiki/index#wiki_be_civil)\n\nIn general, be courteous to others. Debate/discuss/argue the merits of ideas, don't attack people. Personal insults, shill or troll accusations, hate speech, any suggestion or support of harm, violence, or death, and other rule violations can result in a permanent ban. \n\nIf you see comments in violation of our rules, please report them.\n\n For those who have questions regarding any media outlets being posted on this subreddit, please click [here](https://www.reddit.com/r/politics/wiki/approveddomainslist) to review our details as to our approved domains list and outlet criteria.\n\n***\n\n\n*I am a bot, and this action was performed automatically. Please [contact the moderators of this subreddit](/message/compose/?to=/r/politics) if you have any questions or concerns.*",
            "ups": 1,
            "downs": 0
        },
        {
            "comment_id": "hincigj",
            "body": "I am currently taking some REALLY old school epilepsy medication because it\u2019s all I can afford. It\u2019s very literally killing me, but I cannot afford $1k a month for the newer medication that doesn\u2019t kill you from the inside.",
            "ups": 29,
            "downs": 0
        },
        {
            "comment_id": "hin7wpa",
            "body": "It is too late. Big pharma own Manchin and Sinema. So basically they control the entire government.",
            "ups": 46,
            "downs": 0
        },
        {
            "comment_id": "hin8i3d",
            "body": "Pharma has bought as many Congressmembers as Finance and Arms Dealers have.  Synema is just the tip of the iceberg; about 20 other Democratic Senators would be willing to take her place if the price was right.  The Republicans are bought across the board.",
            "ups": 29,
            "downs": 0
        },
        {
            "comment_id": "hinsu5i",
            "body": "It's just ridiculous that an industry can buy off a few senators for a couple of million to avoid legislation that would cost them billions.\n\nLobbying needs to stop.\n\nIf a senator accepts money from a company that's a conflict of interest, and that senator should be recused from any legislation that concerns that company.",
            "ups": 5,
            "downs": 0
        }
    ]
}