{
    "time_posted": "2021-10-30 16:00:12",
    "url": "https://www.youtube.com/watch?v=_eUHAkRhPHA",
    "time_now": "2021-10-30 20:51:46",
    "ups": "809",
    "downs": "1",
    "views": "5728",
    "top_comments": [
        {
            "comment": "My tip:  sleep in your own guest room to see how it actually works\u2026\ud83e\udd1e",
            "likes": 2,
            "number_of_replies": 0
        },
        {
            "comment": "When you impress the pants off your guests, that's where the bathrobes come in handy! \u263a\ufe0f",
            "likes": 2,
            "number_of_replies": 0
        },
        {
            "comment": "I had a guest robe in the bathroom on back of door and my guest took it home hahaha i didn't have the heart to say anything lol",
            "likes": 1,
            "number_of_replies": 0
        },
        {
            "comment": "If your guest came on an airplane, they didn't forget the shampoo, it got confiscated at security.",
            "likes": 1,
            "number_of_replies": 0
        },
        {
            "comment": "This makes my day!  I've just spent the last week revitalizing the forbidden zone that was my teenager's cave.  He left town to go to College in September.  I converted the room into a Guest Room (for him too of course).  According to your tips, I did very well!  The big edit, deep cleaning, the pristine linens, two options for pillows, extra blanket, cupboard space, happy pegs/hooks, freshly cleaned housecoat, night table and easy lighting, nice towels, and a little basket ... BUT here are two things that I want 'rock star' points for!  1) I upholstered a bench that can be easily moved around and improvised as a bench, coffee table or laptop desk or for snacking (and a tray for that) and 2) An empty storage basket/box with a lid that the Guests can use to contain their valuables.  And VOILA, my teenager just arrived for the weekend a few hours ago ... for a 'test run'!  Thank you, Lisa!  Your timing for this Guest Room Vid just adds to the glory!",
            "likes": 1,
            "number_of_replies": 0
        }
    ],
    "comments_since_last_sample": [
        {
            "body": "Amazing tips, thanks Lisa."
        },
        {
            "body": "My guest room is very small and not luxurious but complete. There's a small bureau with a bookcase on top, a small closet. The sheets don't match but they're 300 thread count. There's task lighting, a down comforter, a comfortable rug.\nMy 81 year old dad's been living in it for two months now and seems happy to spend the rest of his says there, so I have to conclude it's inviting. (Supposedly it was to bea a temporary stay but he doesn't want to leave.)"
        },
        {
            "body": "How about a small vase of fresh flowers also a nightlight in case they get up at night"
        },
        {
            "body": "Edit: take crap to Goodwill"
        },
        {
            "body": "\u201cHooks are your honey, baby!\u201d  LOL"
        },
        {
            "body": "When you impress the pants off your guests, that's where the bathrobes come in handy! \u263a\ufe0f"
        },
        {
            "body": "I add more PLUGS!  I put a couple of power strips (one hidden by the bed and one by the dresser) because it seems there are never enough, especially with all our devices we use now.  I also put an over-the-closet-door framed full length MIRROR which is near the power strip by the dresser.  I'm constantly staying in hotels obviously designed by a man and NOT Lisa...the mirror in the room (where I style my hair while the shower is being used and adding humidity to the bathroom mirror area) is NEVER near the outlet I need for my styling tools."
        },
        {
            "body": "Hey Lisa\ud83c\udf89\ud83d\ude4b\u200d\u2640\ufe0f sweet fun important ideas for yr guest room. Awesome\ud83e\udd73"
        },
        {
            "body": "If your guest came on an airplane, they didn't forget the shampoo, it got confiscated at security."
        },
        {
            "body": "I don't have a guest room. I have a small craft room and a very small budget. Do have a thick air mattress and some nice sheets. I'm slowly trying to combine these two. Have down sized and miss the extra space. But I'm working on it as I do have company coming. Love your videos and your enthusiasm. Thanks."
        },
        {
            "body": "I love, love, LOVE this one! My new daughter-in-law will be visiting with my son this holiday season and I really want her to feel welcome. As you went down your list, I thought, yup, that would make me feel welcome but I hadn't thought of them especially the BASKET!  Now I'm really excited for the visit instead of nervous. I can't wait!"
        },
        {
            "body": "Great tips"
        },
        {
            "body": "Pro tip on the linen colour, thanks"
        },
        {
            "body": "Great suggestions Lisa!  My recent guests really appreciated the hooks for jackets and purses. I added a folding luggage rack and they loved that too. I hadn\u2019t thought about robes but I think I\u2019ll add that next. No one wants to pack a nice fluffy robe."
        },
        {
            "body": "My tip:  sleep in your own guest room to see how it actually works\u2026\ud83e\udd1e"
        },
        {
            "body": "This makes my day!  I've just spent the last week revitalizing the forbidden zone that was my teenager's cave.  He left town to go to College in September.  I converted the room into a Guest Room (for him too of course).  According to your tips, I did very well!  The big edit, deep cleaning, the pristine linens, two options for pillows, extra blanket, cupboard space, happy pegs/hooks, freshly cleaned housecoat, night table and easy lighting, nice towels, and a little basket ... BUT here are two things that I want 'rock star' points for!  1) I upholstered a bench that can be easily moved around and improvised as a bench, coffee table or laptop desk or for snacking (and a tray for that) and 2) An empty storage basket/box with a lid that the Guests can use to contain their valuables.  And VOILA, my teenager just arrived for the weekend a few hours ago ... for a 'test run'!  Thank you, Lisa!  Your timing for this Guest Room Vid just adds to the glory!"
        },
        {
            "body": "\ud83d\udc4f\ud83d\udc4f\ud83d\udc95\ud83d\udc95\ud83d\udc95"
        },
        {
            "body": "Great suggestions...will you do a video on how to choose windows for your house. Would love to see more kitchen videos to."
        },
        {
            "body": "Great tips for nightly rentals as well."
        },
        {
            "body": "I had a guest robe in the bathroom on back of door and my guest took it home hahaha i didn't have the heart to say anything lol"
        }
    ]
}