{
    "time_posted": "2021-10-30 16:00:12",
    "url": "https://www.youtube.com/watch?v=_eUHAkRhPHA",
    "time_now": "2021-11-04 16:11:56",
    "ups": "2679",
    "downs": "10",
    "views": "33876",
    "top_comments": [
        {
            "comment": "I look at my guest rooms as if I am going to stay there: is it comfortable, is the light within easy reach when reading in bed, etc etc. Thank you for the tips, I am missing the comfy throw! \ud83d\ude0d",
            "likes": 2,
            "number_of_replies": 2
        },
        {
            "comment": "I would add some coasters, a box of tissues, bottled water and a small trash can.  Great video!",
            "likes": 2,
            "number_of_replies": 0
        },
        {
            "comment": "Loved the welcome basket and the robes idea! I love these tips LISA!!! Thanks for sharing all your knowledge. LOVE from Argentina!",
            "likes": 1,
            "number_of_replies": 1
        },
        {
            "comment": "I would had one more thing to the list, if there is any space to do so in the room (if it can fit put one it absolutely) : a bench. Why? Because the best thing when you arrive at some place and have to unpack, is to have something to hold your suitcase above the floor! So convenient! Otherwise you have to put your suitcase on the bed and it might stain the bedding, or bend over the floor when your back is already strained from travelling. And when unpacking is done, the bench can be used as an extra seat to help put on your shoes or deal with dressing up a kid.",
            "likes": 1,
            "number_of_replies": 1
        },
        {
            "comment": "Love this video! Thank you! I also have 2 nice luggage racks I can put out for guests. People always tell me how much they love having a luggage rack!",
            "likes": 1,
            "number_of_replies": 1
        }
    ],
    "comments_since_last_sample": [
        {
            "body": "You didn't mention starting with a great mattress. For some, that may be a given but I've slept on some pretty saggy mattresses, even in hotels. Everyone deserves a good night's sleep on a supportive mattress. I've even seen a 'guest room' with an old futon!"
        }
    ]
}