{
    "time_posted": "2021-10-30 14:00:01",
    "url": "https://www.youtube.com/watch?v=a0r0G0U-TB8",
    "time_now": "2021-10-31 13:18:38",
    "ups": "1177",
    "downs": "24",
    "views": "55420",
    "top_comments": [
        {
            "comment": "I love it everytime Eric went \"THIS IS MASTERCHEF\"",
            "likes": 7,
            "number_of_replies": 0
        },
        {
            "comment": "\"This is so Canadian\"\nTook the words straight out of my mouth",
            "likes": 7,
            "number_of_replies": 0
        },
        {
            "comment": "I like how Beccy wasn't just strategizing her appetizer, but the whole course meal.",
            "likes": 5,
            "number_of_replies": 0
        },
        {
            "comment": "alvin sounds especially quiet when shouting the amount of time left in the season 4 finale compared to the other ones.",
            "likes": 4,
            "number_of_replies": 0
        },
        {
            "comment": "LOVING how active the channel has become the past fortnight or so!",
            "likes": 2,
            "number_of_replies": 0
        }
    ],
    "comments_since_last_sample": []
}