{
    "time_posted": "2021-10-30 08:05:14",
    "url": "https://www.youtube.com/watch?v=abePylCLJb0",
    "time_now": "2021-10-31 21:32:20",
    "ups": "1304",
    "downs": "91",
    "views": "172404",
    "top_comments": [
        {
            "comment": "Monster Mash: 0:00 \nAddam's Family: 3:10 \nI put a spell on you 3:52 \nGhost busters: 5:56 \nThis is Halloween: 9:03\nTime Warp: 11:52\nSpooky scary skeletons: 15:08\nWerewolves of London: 18:12\nThriller: 21:30\nRunnin' With the devil: 25:17\nPet Sematary: 29:02\nWitch doctor: 31:58\nOogie Boogie's song: 35:05\nDisturbia: 38:26\n(my fav) Killer klowns: 42:40\nFeed my Frankenstein: 44:55\nSomebody's watching me: 48:26\nEdit: I hope i get likes bc this took me awhile tbh.",
            "likes": 51,
            "number_of_replies": 5
        },
        {
            "comment": "What's your favorite Halloween song? Let me know below! \ud83d\udc47\nSubscribe for the best playlists for EVERY Holiday! - http://www.youtube.com/c/HolidayMusic?sub_confirmation=1",
            "likes": 14,
            "number_of_replies": 6
        },
        {
            "comment": "They are all remixes, i want the real deal songs. I will put a spell on this, and until another video similar to this has the real og songs, then EVERYONE SHALL KNOW THIS!!!",
            "likes": 3,
            "number_of_replies": 0
        },
        {
            "comment": "\ud83d\ude39\ud83e\udd23\ud83d\udc7b\ud83d\udc80\u2620\ud83d\udca9",
            "likes": 2,
            "number_of_replies": 0
        },
        {
            "comment": "Lol I live in a Christian small town and they celebrate Halloween early because they don't wanna celebrate on a Sunday so I needed this early thanks man",
            "likes": 1,
            "number_of_replies": 1
        }
    ],
    "comments_since_last_sample": [
        {
            "body": "Can someone make a list of who these covers are by please?"
        },
        {
            "body": "\u0412\u0441\u0435\u043c, \u0434\u043e\u0431\u0440\u043e\u0439 \u043d\u043e\u0447\u0438."
        }
    ]
}