{
    "time_posted": "2021-10-30 15:00:18",
    "url": "https://www.youtube.com/watch?v=bm10lJQFxMs",
    "time_now": "2021-11-05 08:40:30",
    "ups": "9209",
    "downs": "114",
    "views": "239717",
    "top_comments": [
        {
            "comment": "Let's go Brandon! FJB \ud83d\udc4c\ud83d\udc4c\ud83d\udc4c\ud83d\udc4c",
            "likes": 1,
            "number_of_replies": 0
        },
        {
            "comment": "Younkin won!!! Sic semper tyrannis!!",
            "likes": 1,
            "number_of_replies": 0
        },
        {
            "comment": "I'm from the south and I know not to get between a mamma bear and her cubs! Evidently some city democrats have never been taught this! Mamma bear 101 is in session America! Let's go Brandon!!!",
            "likes": 1,
            "number_of_replies": 0
        }
    ],
    "comments_since_last_sample": []
}