{
    "time_posted": "2021-10-30 13:00:07",
    "url": "https://www.youtube.com/watch?v=BpNerJUg81Q",
    "time_now": "2021-10-30 20:51:40",
    "ups": "1264",
    "downs": "19",
    "views": "29801",
    "top_comments": [],
    "comments_since_last_sample": [
        {
            "body": "It's Obama and his administration. NOT BIDEN"
        },
        {
            "body": "He, is, USA President,this is what ,he represent ,think ,like that ,this ,days,weeks,month years.!!!"
        },
        {
            "body": "the cost is more inflation. where are the 81 million that voted for Beavis and Butthead now???"
        },
        {
            "body": "Starvation for middle class and poor people"
        },
        {
            "body": "Pushing us to a mad max future. \u2620\u2620\u2620\u2620"
        },
        {
            "body": "Absolutely!!! The worst administration ever. \ud83d\ude21\ud83e\udd2c\ud83d\udc79\ud83d\udc7a"
        },
        {
            "body": "As long as it's to much. And you can not trust them I hope it gets way down.only good thing infrastructure bill we need. We don't need all the things  democracts  want to ram through. Don't pass if bad for amercia and amercians."
        },
        {
            "body": "True!"
        },
        {
            "body": "Remove Biden and Harris's from office. Close the border. Stop the spread of the virus!\n3.5 trillion plus interest = 0 BS!"
        },
        {
            "body": "Also let me put my trailer on my vacant lot please"
        },
        {
            "body": "I am impressed ,you do not care neither about your unborn Children That you ask for Abortions Who force you ,to make abortions,the chinese the Russians the Indians The Palestinians,the Mexicans,Canadians,???"
        },
        {
            "body": "Last night I returned home with my body fully swollen! People are collapsing at work because of Serious Heavy Workload! I had to keep begging the Customers to give me few seconds to breath! \nHISTORIC STEALING from Helpless Innocent Workers who is crushing themselves to serve and serve! Working 7 Days a Week and Living Paycheck to Paycheck! \nThese Politicians have been stealing $300 taxes from my every paycheck! \nCan you please please devote one complete episode to daily suffering of the Middle Class, who is working day and night paying Big bills and serving High Class, Politicians, and others? They have been cutting $300 taxes from my every paycheck, plus PG&E takes away close to $400 every month and I have been working seven days a week to be able to survive! \nI am crushing myself day and night to serve and serve! \nSo for how long Middle Class is supposed to suffer for the Rich and High Class?"
        },
        {
            "body": "You distroid your Dollar ,with this Inflation more than 30   Years .!!"
        },
        {
            "body": "America can't, and won't survive 4 years of the shadow government running us."
        },
        {
            "body": "Why you taxes the Dollar To rase the inflations.??"
        },
        {
            "body": "Are you criminals snd hate your National Coin???"
        },
        {
            "body": "London is the Capital of United Kindom."
        },
        {
            "body": "London is normal to became victim of Fraud ID etcm"
        },
        {
            "body": "Did you started import electric cars from Iran in case you still,do not started going to work. Be careful , hiar in"
        },
        {
            "body": "Spaghetti Mitch, you couldn't do better than spaghetti???? I would say what they're throwing, isn't edible."
        }
    ]
}