{
    "time_posted": "2021-10-30 14:00:52",
    "url": "https://www.youtube.com/watch?v=Cw3iymiv9P0",
    "time_now": "2021-11-01 14:01:55",
    "ups": "654",
    "downs": "7",
    "views": "10413",
    "top_comments": [
        {
            "comment": "It's amazing \ud83d\udc4d",
            "likes": 2,
            "number_of_replies": 0
        },
        {
            "comment": "Amazing work \u2764\ufe0f",
            "likes": 1,
            "number_of_replies": 1
        },
        {
            "comment": "Fantastice amazing art",
            "likes": 1,
            "number_of_replies": 0
        }
    ],
    "comments_since_last_sample": []
}