{
    "time_posted": "2021-10-30 16:00:34",
    "url": "https://www.youtube.com/watch?v=dRWqRiTvO7E",
    "time_now": "2021-10-31 17:25:20",
    "ups": "7568",
    "downs": "39",
    "views": "83376",
    "top_comments": [],
    "comments_since_last_sample": [
        {
            "body": "merrit garland rubs his eyes when he wakes up in the morning because he doesn't have any balls to scratch."
        },
        {
            "body": "\ud83e\udd2c\ud83e\udd2c"
        },
        {
            "body": "Go easy Glenn,  you're sounding a little unhinged.  What's the problem? Isn't this how the wheels of justice work for the affluent?"
        },
        {
            "body": "Take Off the Gloves!\nNice guy doesnt work.\nFull speed ahead!!!!\nOr, Merrick, we will stop asking Polite.....demanding your replacement....we Know your BOSS"
        },
        {
            "body": "Prosecute Steve Bannon"
        },
        {
            "body": "Meadows is waiting to see what happens to Bannon."
        },
        {
            "body": "Thank you for being direct, and explaining in simple layman's terms what the actual processes are.  I come to you for clarity which I cannot find on MSM.  So thank you for your valuable and pertinent reporting!!!"
        },
        {
            "body": "Garland is not able to effectively do his job!"
        },
        {
            "body": "Merrick Garland has proven to be a disappointment as attorney general. maybe a change needs to be made in regards to him. especially since Cruz and and other Republicans tore him apart about a memo that he made. it appears that he isn't up to the task as attorney general. otherwise if he wants to redeem himself. he needs to grow some balls and get moving on these matters."
        },
        {
            "body": "Garland was up for supreme court judge, he does not seem strong enough to be attn general. Replace him with someone who is, let Garland be a judge. Hurry, People are losing faith in our governing system? we the public are not ignorant as to how the law works. Money will FIX everything."
        },
        {
            "body": "WTH is the hold-up!! Know who you are, DOJ, and do what you know needs to happen!!"
        },
        {
            "body": "We know where the bank robber is,we even have some of the banks money he is spending. We are contemplating if he will give it back or run?"
        },
        {
            "body": "Please tell us what we can do before we lose our democracy."
        },
        {
            "body": "Don't count on DOJ Garland, he is pondering how he can do nothing diplomatically, and still stay in his job..... How do we appoint a better DOJ???? This one does not believe in Justice.... Thinking he will blame President Biden, as POTUS stated those that are in contempt should be charged... a simple truthful statement, but a statement POTUS should not said out loud..."
        },
        {
            "body": "Get all those traitors and scumbag behind bars. If America don\u2019t do something about them it will cancerous America. And yes: Justice Matters!!!"
        },
        {
            "body": "There has GOT to be some way that we can replace Garland with Glenn. That is the only way we can move foreward. Glenn, do you want the job? You have my vote!"
        },
        {
            "body": "It\u2019s like the AIG bail out all over again. In the US it\u2019s justice some some not all"
        },
        {
            "body": "How can it possibly take that long unless he\u2019s looking for a safe out to NOT indict? Let\u2019s just give another green light to sedition and lawlessness, that\u2019s really worked well with Trumpism."
        },
        {
            "body": "Maybe they're all thinking: \"There but for the grace of God go I.\""
        }
    ]
}