{
    "time_posted": "2021-10-30 15:26:58",
    "url": "https://www.youtube.com/watch?v=ebRtyTxeGRk",
    "time_now": "2021-10-31 05:04:46",
    "ups": "278",
    "downs": "22",
    "views": "13803",
    "top_comments": [
        {
            "comment": "Waiting for a kind heart \u2764\ufe0f person who can actually support me from his heart \u2764\ufe0f",
            "likes": 2,
            "number_of_replies": 0
        },
        {
            "comment": "Chutti na kriya kro jnab \ud83d\udc9e\ud83c\uddf5\ud83c\uddf0\u2763\ufe0f\ud83c\uddf4\ud83c\uddf2\ud83d\udc95",
            "likes": 2,
            "number_of_replies": 0
        },
        {
            "comment": "Dear Haroon\ud83c\udf39yah hadees e mubarka Hy\u2764\ufe0f\u2615",
            "likes": 1,
            "number_of_replies": 0
        },
        {
            "comment": "Assalamu Alaikum kaise ho theek thak hai Aapki show me aana chahta hun",
            "likes": 1,
            "number_of_replies": 0
        },
        {
            "comment": "My fevret show I like this kamal from Amritsar",
            "likes": 1,
            "number_of_replies": 0
        }
    ],
    "comments_since_last_sample": [
        {
            "body": "This show belongs to sardar kamal."
        },
        {
            "body": "Shut up\nBakwas.."
        },
        {
            "body": "Copy of aftab iqbal \ud83e\udd14"
        }
    ]
}