{
    "time_posted": "2021-10-30 14:00:14",
    "url": "https://www.youtube.com/watch?v=eLOKR9SqTpo",
    "time_now": "2021-11-04 03:50:58",
    "ups": "12942",
    "downs": "1595",
    "views": "1391378",
    "top_comments": [
        {
            "comment": "Thanks so much for this video.  \u2665  39:22",
            "likes": 2,
            "number_of_replies": 1
        },
        {
            "comment": "\ud83d\ude01\ud83d\ude01\ud83d\ude06\ud83d\ude06\ud83d\ude05\ud83d\ude05",
            "likes": 1,
            "number_of_replies": 0
        },
        {
            "comment": "This is gold. thanks  \u2665  36:21",
            "likes": 1,
            "number_of_replies": 0
        },
        {
            "comment": "Haha",
            "likes": 1,
            "number_of_replies": 0
        }
    ],
    "comments_since_last_sample": [
        {
            "body": "Hi hi"
        },
        {
            "body": "Dr"
        },
        {
            "body": "Hi"
        }
    ]
}