{
    "time_posted": "2021-10-30 15:00:00",
    "url": "https://www.youtube.com/watch?v=FMbWG7wlaMs",
    "time_now": "2021-11-03 03:07:11",
    "ups": "33281",
    "downs": "414",
    "views": "686478",
    "top_comments": [
        {
            "comment": "A HUGE thanks to Drew and Linda Scott for helping design the interior of my new home! Go follow them on YouTube! https://www.youtube.com/athome. \n\nWould you like to see any other videos of the house? I can show whats in my fridge, pantry, Mike's Office, and more! Let me know ",
            "likes": 1067,
            "number_of_replies": 94
        },
        {
            "comment": "Can't wait to come see it in real life! <3 Congrats, love!",
            "likes": 5,
            "number_of_replies": 1
        }
    ],
    "comments_since_last_sample": [
        {
            "body": "Hey Ro, can you make a video of doing easy desserts for Thanksgiving. I'm trying to make my family a really good dessert for this upcoming holiday, and I want to start baking more!"
        },
        {
            "body": "I'm thinking the house barista should be named Charlotte!! But I donut know why.... :)"
        },
        {
            "body": "I can\u2019t be the only one who thinks she\u2019s pregnant"
        },
        {
            "body": "Can't wait to come see it in real life! <3 Congrats, love!"
        },
        {
            "body": "Do you even drink whine or is it just there to be fancy."
        },
        {
            "body": "literally my dream house"
        },
        {
            "body": "\ud83e\udd70\ud83e\udd70\ud83e\udd19\ud83c\udffb"
        },
        {
            "body": "If that\u2019s white sage, please don\u2019t burn it in your house.. return the sage to the earth, smudging white sage is not only a closed practice to Indigenous people but white sage is also endangered.. not rly cool of PS(if it is white sage)"
        },
        {
            "body": "Fridge tour if you can! Also hello \ud83d\udc4b Beautiful home! It\u2019s huge! Also love your dress!"
        },
        {
            "body": "I own 400 records"
        },
        {
            "body": "This house is STUNNING WOW"
        },
        {
            "body": "name your coffe machine BB"
        },
        {
            "body": "UMA THERMAN, because she's a Thermador appliance!"
        },
        {
            "body": "I\u2019d love to see a fridge tour"
        },
        {
            "body": "ROOM TO GROW \ud83e\udd2d"
        },
        {
            "body": "Cool how she knows the property brothers"
        },
        {
            "body": "Rosanna always has a new house \ud83d\ude2d\ud83d\ude2d"
        },
        {
            "body": "BARBRA THE BARISTA"
        },
        {
            "body": "Why did this feel like 73 questions \ud83d\ude02\ud83d\ude02"
        }
    ]
}