{
    "time_posted": "2021-10-30 13:55:03",
    "url": "https://www.youtube.com/watch?v=FOOI5QE7gEs",
    "time_now": "2021-11-04 20:18:32",
    "ups": "871",
    "downs": "10",
    "views": "51422",
    "top_comments": [
        {
            "comment": "Ang galing nilang lahat! Nahasa rin si madam inuts umakting,marunong na magseryoso\ud83d\ude05 kudos sa lahat\ud83d\udc4f\ud83c\udffb\ud83d\udc4f\ud83c\udffb\ud83d\udc4f\ud83c\udffb",
            "likes": 4,
            "number_of_replies": 0
        },
        {
            "comment": "Alexa is Alexa talaga gusto ko talgang bata to bida kontrabida .sana mas mag boom pa career mo pag tapos nang season na to .si kyle naman bihasa na din  sa aktingan .at bilib lalo kay kd sya din nagbibigay buhay sa bawat eksena.\n\nWatching from Morocco",
            "likes": 4,
            "number_of_replies": 0
        },
        {
            "comment": "3:03 marupok ka sirennaaa hahaahhaha iniwan ka nyan wag kang papadala sa pasayaw-sayaw ni kapre. hahahaha grabe ang ganda ng story line, kudos to all housemates!! congratulations",
            "likes": 2,
            "number_of_replies": 0
        },
        {
            "comment": "Mga inutiiiiiiiilllll...ang galing galing nyo tlga \ud83d\ude01\ud83d\ude0d",
            "likes": 2,
            "number_of_replies": 0
        },
        {
            "comment": "Yong nafeel ko na si klye and alexa nh biglang nag salita si madam inuts bigla ako natawa hahaha",
            "likes": 1,
            "number_of_replies": 0
        }
    ],
    "comments_since_last_sample": []
}