{
    "time_posted": "2021-10-30 14:00:16",
    "url": "https://www.youtube.com/watch?v=ghKr3L094Jk",
    "time_now": "2021-11-06 13:31:13",
    "ups": "23690",
    "downs": "703",
    "views": "987587",
    "top_comments": [],
    "comments_since_last_sample": [
        {
            "body": "I have wanting to be gaming for so long even though I\u2019m seven"
        },
        {
            "body": "Batman\ud83e\udd23"
        },
        {
            "body": "Be you"
        },
        {
            "body": "Be you"
        },
        {
            "body": "Be you and love your self"
        },
        {
            "body": "Be you"
        },
        {
            "body": "Be you and i love you"
        },
        {
            "body": "BE YOU !!!!!!!!!!!!!!"
        },
        {
            "body": "Omg you are defityng eval santa\nI love your  chanal it is so osom and prity\nIT is so mach cyut it is so mach prity bree"
        },
        {
            "body": "Be you"
        },
        {
            "body": "Be you! You are amazing,just believe you can do it and you can do anything,always tell the truth and don't be afraid of ghosts the gods will always protect you"
        }
    ]
}