{
    "time_posted": "2021-10-30 15:00:33",
    "url": "https://www.youtube.com/watch?v=gqiVuzh5VIQ",
    "time_now": "2021-11-01 22:15:56",
    "ups": "10342",
    "downs": "164",
    "views": "198044",
    "top_comments": [
        {
            "comment": "What should I react to next...?",
            "likes": 170,
            "number_of_replies": 60
        },
        {
            "comment": "5:49 My eyes\u2026",
            "likes": 2,
            "number_of_replies": 0
        }
    ],
    "comments_since_last_sample": [
        {
            "body": "Is the guy Daniel cutting"
        },
        {
            "body": "The one with the yr 7 match tactics is true, everyone in England kicks each other at lunch in football"
        }
    ]
}