{
    "time_posted": "2021-10-31 01:55:02",
    "url": "https://www.youtube.com/watch?v=HhNP7uMd-qQ",
    "time_now": "2021-11-05 12:47:07",
    "ups": "263",
    "downs": "15",
    "views": "27928",
    "top_comments": [
        {
            "comment": "\uc9c4\uc9dc\ub8e8 5\ubd84\uc548\uc5d0 \uc7a4\uc5b4\uc694\u314b\u314b",
            "likes": 5,
            "number_of_replies": 1
        },
        {
            "comment": "1\ubd84\ub3c4 \uc548\ub400\ub294\ub370 \uc878\ub9bc.",
            "likes": 5,
            "number_of_replies": 0
        },
        {
            "comment": "\ud734~   \ub9c8\uc74c\uc740   \ud3b8\uc548\ud574\uc9c0\uace0   \ub530\ub4ef\ud55c   \ub290\ub08c\uc774\ub4e4\uc5b4\uc694.~\u2661",
            "likes": 4,
            "number_of_replies": 0
        },
        {
            "comment": "\uac10\uc0ac\ud569\ub2c8\ub2e4",
            "likes": 4,
            "number_of_replies": 0
        },
        {
            "comment": "\ube68\ub9ac \uc654\ub2e4 \uc9c4\uc9dc \uc7a0 \uc798\uc624\ub124",
            "likes": 3,
            "number_of_replies": 0
        }
    ],
    "comments_since_last_sample": []
}