{
    "time_posted": "2021-10-30 14:30:06",
    "url": "https://www.youtube.com/watch?v=ijkvTYX1eAc",
    "time_now": "2021-11-05 21:02:17",
    "ups": "4678",
    "downs": "30",
    "views": "87864",
    "top_comments": [
        {
            "comment": "Lucario: \"Not yet, Ash! I can do this!\"",
            "likes": 473,
            "number_of_replies": 7
        },
        {
            "comment": "SS085=91.87%\n(Korrina and Bea are actually friends? I didn't know about that. Korrina even give some chocolates and cries to Bea for not bringing her favorite chocolate. Their relationship is kinda heartwarming and cool at the same time. The relationship between Ash's pok\u00e9mon,Bea's pok\u00e9mon and Korrina's Lucario is also heartwarming. Korrina and Bea can be rivals to be honest. I wish that they are battling against each other from time to time. Speaking of battle,the battle itself so far is excellent. The battle really shows how strong and powerful Bea's pok\u00e9mon are. There are also clever strategies here like Bea's Grapploct using Close Combat on Ash's Pikachu while the Grapploct is still locked by Pikachu's Electroweb and Bea's Machamp using Bullet Punch on Ash's Lucario while squeezing Lucario by Machamp's two hands. There are also some several switching moments just like Ash's previous World Coronation Series match. The greatest moment in this episode is the one where Ash's Lucario refuses to mega evolve just yet. That shows how Ash's Lucario determined in winning the battle and cares about Ash. That moment kinda reminds me of Ash's Lycanroc during its grand trial battle against Nanu's pok\u00e9mon. This episode is a great start for the rematch between Ash and Bea. I just hope that Go recognizes that he somehow cross the stadium before during the Darkest Day Arc.)\n\nHIGHLIGHTS:\n-Ash and Go finally enter Stow-on-Side Stadium for Ash's World Coronation Series rematch against Bea and see her training with all of her pok\u00e9mon\n-Bea wants to train with Ash for their rematch tomorrow but Ash wants to see Korrina today so Ash's Pikachu rotates his face to let him see Korrina\n-Korrina runs to Bea to give some chocolates to her and cries for not giving the Miare Galettes to her which Bea loves\n-Korrina's Lucario sees Bea's Grapploct eating its chocolate but Lucarko tries to punch the Grapploct instead so the Grapploct blocks it as well as Bea's Pangoro with Ash's Lucario\n-Ash and Go never thought Bea and Korrina were actually friends so Bea tells them that Bea doesn't agree that pok\u00e9mon battle are to be enjoyed like Korrina does\n-Ash and Bea finally started their 3 vs 3 World Coronation Series rematch by sending out Pikachu and Grapploct respectively\n-Ash's Pikachu is about to use Iron Tail on Bea's Grapploct but Grapploct's tentacles is about to release from Pikachu's Electroweb and perform Close Combat to grab Pikachu's tail and punch it consecutively\n-Ash's Lucario uses Double Team to create shadow clones and circle them around Bea's Grapploct but Grapploct spins around and fires Liquidation on all of the clones\n-Bea's Hawlucha uses Brave Bird on Ash's Lucario while Lucario is using Force Palm\n-Bea's true ace Machamp uses Bullet Punch on Ash's Lucario while immobilizing it which makes Ash tempt to use his Key Stone but Lucario refuses to mega evolve just yet\n\nEXPECTATIONS:\n-Bea's Hawlucha and Ash's Sirfetch'd will faint at the same time\n-Bea's Grapploct will finally taken down by Ash's Mega Lucario\n-Ash vs Bea World Coronation Series rematch might end up a tie(C'mon,guys. Bea still has 2 more pok\u00e9mon that Ash never battle yet. We need to see their strength and power. They need to battle each other again to do that.)\n-Go might have an interest in participating in gym battles after the rematch between Ash and Bea\n-Molayne will return to the anime on or before episode 98 teaching Sophocles on how to become a great astronaut\n-Agatha will return to the anime on or before episode 99 provoking Professor Oak in a pok\u00e9mon battle\n\nSS025=89.88%-6.5%=83.38%",
            "likes": 1,
            "number_of_replies": 3
        },
        {
            "comment": "I say 8.5 because lucario got beat up like a rag doll, would be nice to show ash having better strategies. It gets a boost just because of Leon is so cool I bet the next episode will be a 10!",
            "likes": 1,
            "number_of_replies": 0
        }
    ],
    "comments_since_last_sample": []
}