{
    "time_posted": "2021-10-30 12:30:09",
    "url": "https://www.youtube.com/watch?v=IkgahqXvk5I",
    "time_now": "2021-11-04 07:58:06",
    "ups": "591",
    "downs": "56",
    "views": "108902",
    "top_comments": [
        {
            "comment": "Beautiful \u2764\ufe0f",
            "likes": 2,
            "number_of_replies": 0
        },
        {
            "comment": "\ud83c\uddf5\ud83c\uddf0 \u067e\u0627\u06a9\u0633\u062a\u0627\u0646 \u0632\u0646\u062f\u06c1 \u0628\u0627\u062f \ud83c\uddf5\ud83c\uddf0,,",
            "likes": 1,
            "number_of_replies": 0
        },
        {
            "comment": "Didi Mera rangoli making competition hai to please aap koi bahut hi unique Rangoli share kijiega taki  Apne school competition mein  use bana sakun aur first position lao .\n2 November ko hai toh jaldi se video share kijeye",
            "likes": 1,
            "number_of_replies": 1
        },
        {
            "comment": "What an idea \ud83d\udca1 OMG fabulous \ud83d\ude18\ud83d\udc4c\ud83d\udc4c\ud83d\udc4c",
            "likes": 1,
            "number_of_replies": 0
        },
        {
            "comment": "\u092c\u0939\u0941\u0924 \u0938\u0941\u0902\u0926\u0930",
            "likes": 1,
            "number_of_replies": 0
        }
    ],
    "comments_since_last_sample": []
}