{
    "time_posted": "2021-10-30 13:00:32",
    "url": "https://www.youtube.com/watch?v=jbJCpCPOpUk",
    "time_now": "2021-10-31 05:05:10",
    "ups": "2332",
    "downs": "20",
    "views": "21360",
    "top_comments": [
        {
            "comment": "Another great adaptation. You're the best.  :-)",
            "likes": 1,
            "number_of_replies": 0
        },
        {
            "comment": "You\u2019re truly amazing , so creative in every piece you put together \ud83d\udc4f\ud83d\udc4f thank you for sharing your talent with us may god bless you",
            "likes": 1,
            "number_of_replies": 0
        },
        {
            "comment": "It\u2019s Beautiful \u2764\ufe0f",
            "likes": 1,
            "number_of_replies": 0
        },
        {
            "comment": "That is so beautiful!! Question how would you decorate a tile bathroom wall?",
            "likes": 1,
            "number_of_replies": 0
        },
        {
            "comment": "Girl, you\u2019re so talented and gifted! God bless you! You have no idea how brilliant your ideas are\u2026amaazinggg!!!",
            "likes": 1,
            "number_of_replies": 0
        }
    ],
    "comments_since_last_sample": [
        {
            "body": "Hello blessing. I like it so much."
        },
        {
            "body": "It\u2019s Beautiful \u2764\ufe0f"
        },
        {
            "body": "Amazing \ud83d\ude0d\u2764\ufe0f"
        },
        {
            "body": "So pretty .your designs always amaze me."
        },
        {
            "body": "Amazing"
        },
        {
            "body": "Girl, you\u2019re so talented and gifted! God bless you! You have no idea how brilliant your ideas are\u2026amaazinggg!!!"
        },
        {
            "body": "What is good substitute for mode podge?"
        },
        {
            "body": "Definitely did that"
        },
        {
            "body": "As always ABSOLUTELY amazingly beautiful. I positively love all the creative ideas. You are such a blessing, \nTHANK YOU for sharing your many talents."
        },
        {
            "body": "Hermoso\ud83d\ude0d\ud83d\udc9e\u2764\u2764\u2764\u2764"
        },
        {
            "body": "SO BEAUTIFUL !  Side table. I love it \ud83d\ude0a\ud83d\udc4d\ud83d\udc4d\ud83d\udc4d\ud83d\udc4d"
        }
    ]
}