{
    "time_posted": "2021-10-30 14:20:29",
    "url": "https://www.youtube.com/watch?v=KE8zYIoR0nI",
    "time_now": "2021-11-02 06:30:31",
    "ups": "196983",
    "downs": "2007",
    "views": "3467079",
    "top_comments": [
        {
            "comment": "Subscribe for 136,500,000 skittles :)",
            "likes": 12845,
            "number_of_replies": 490
        },
        {
            "comment": "Moral of the video: \"never mess with hacker\"\ud83d\ude0e\ud83d\ude0e",
            "likes": 1,
            "number_of_replies": 0
        },
        {
            "comment": "BBUT SKITTLECHAN-",
            "likes": 1,
            "number_of_replies": 0
        }
    ],
    "comments_since_last_sample": [
        {
            "body": "Sadly it wasn't"
        },
        {
            "body": "0:43 what\u2019s this music called"
        },
        {
            "body": "ur channel, grew so much cant believe ur at 5mil\ud83d\ude04"
        },
        {
            "body": "Oh my this is hilarious"
        },
        {
            "body": "BBUT SKITTLECHAN-"
        },
        {
            "body": "When the Venti of Admin Villain is back"
        },
        {
            "body": "Yey thanks i love it"
        },
        {
            "body": "Hi"
        },
        {
            "body": "bruh wtf is it? who are you"
        },
        {
            "body": "\ud83c\udf83\ud83c\udf83\ud83c\udf83\ud83c\udf83\ud83c\udf83\ud83c\udf83\ud83c\udf83\ud83c\udf83\ud83c\udf83\ud83c\udf83\ud83c\udf83\ud83c\udf83\ud83c\udf83"
        },
        {
            "body": "1:06 sound of something similar to cloth ripped apart, *Sus*"
        },
        {
            "body": "i wish i could selabreate halloween in my country"
        },
        {
            "body": "Fun is infinite"
        },
        {
            "body": "Moral of the video: \"never mess with hacker\"\ud83d\ude0e\ud83d\ude0e"
        },
        {
            "body": "NNN?"
        },
        {
            "body": "Ralph predator bc skittlechan is gone"
        },
        {
            "body": "You was wrong"
        },
        {
            "body": "\"prove it\"\nthat aint going well chief >~>"
        }
    ]
}