{
    "time_posted": "2021-10-30 15:30:12",
    "url": "https://www.youtube.com/watch?v=L1i-_4oyxDQ",
    "time_now": "2021-11-04 03:50:52",
    "ups": "2051",
    "downs": "33",
    "views": "18765",
    "top_comments": [],
    "comments_since_last_sample": [
        {
            "body": "Looks. I\u2019ve."
        },
        {
            "body": "Love seeing when you try new things. Turned out beautiful but I definitely like the natural washes the most!"
        },
        {
            "body": "I love white. But l am going to try the black."
        }
    ]
}