{
    "time_posted": "2021-10-30 12:02:50",
    "url": "https://www.youtube.com/watch?v=L6s_nIq9td0",
    "time_now": "2021-11-06 09:24:29",
    "ups": "1623",
    "downs": "110",
    "views": "70940",
    "top_comments": [
        {
            "comment": "Savannah is holding her own. Sunny looks great. That Cardi B costume is a fab idea.",
            "likes": 5,
            "number_of_replies": 0
        },
        {
            "comment": "In America, Halloween is more like carnival actually.",
            "likes": 4,
            "number_of_replies": 1
        },
        {
            "comment": "all good 2021  Halloween costumes lol",
            "likes": 1,
            "number_of_replies": 0
        },
        {
            "comment": "Al Roker wins best costume hands down lol \ud83d\ude4c",
            "likes": 1,
            "number_of_replies": 0
        },
        {
            "comment": "nice costumes",
            "likes": 1,
            "number_of_replies": 0
        }
    ],
    "comments_since_last_sample": []
}