{
    "time_posted": "2021-10-30 13:58:43",
    "url": "https://www.youtube.com/watch?v=LaefjQ-2aTs",
    "time_now": "2021-11-05 12:47:35",
    "ups": "1418",
    "downs": "322",
    "views": "293143",
    "top_comments": [
        {
            "comment": "Why no one is talking about Kerala the Only state which is having over 6000 cases per day and more than  50%  of totall country wide cases",
            "likes": 21,
            "number_of_replies": 3
        },
        {
            "comment": "Why schools are opening \ud83d\ude37\u2620\ufe0f",
            "likes": 13,
            "number_of_replies": 0
        },
        {
            "comment": "Newton's fourth laww of motion Every book stay at rest until the external force of exams does not applied on students and the speed of turning page is proportional to the syllabus and the tension in mind remains constant \ud83d\ude02\ud83d\ude02",
            "likes": 12,
            "number_of_replies": 2
        },
        {
            "comment": "Let the lockdown be dropped again\ud83d\ude4f",
            "likes": 7,
            "number_of_replies": 0
        },
        {
            "comment": "Close school and college",
            "likes": 4,
            "number_of_replies": 0
        }
    ],
    "comments_since_last_sample": []
}