{
    "time_posted": "2021-10-30 19:52:35",
    "url": "https://www.youtube.com/watch?v=lCwwwtURsKI",
    "time_now": "2021-11-01 09:53:51",
    "ups": "11291",
    "downs": "130",
    "views": "121921",
    "top_comments": [
        {
            "comment": "LolzZz Bhai Big Fan",
            "likes": 1,
            "number_of_replies": 0
        },
        {
            "comment": "Lolzzez Bhai Always op\ud83e\udd70\ud83e\udd70\ud83e\udd70\ud83e\udd70\ud83e\udd70\ud83e\udd70\ud83e\udd70\ud83e\udd70\ud83e\udd70\ud83d\ude1d\ud83d\ude1d\ud83d\ude1d\ud83d\ude1d\ud83e\udd70\ud83d\ude1d\ud83e\udd70\ud83d\ude1d\ud83d\ude1d\ud83d\udc9f\ud83d\udc9f\ud83d\udc9f\ud83d\udc9f\ud83d\udc9f\ud83d\udc9f\ud83d\udc9f\ud83d\udc9f\ud83d\udc9f\ud83d\udc9f\ud83d\udc9f\ud83d\udc9f\ud83d\udc9f\ud83d\udc9f\ud83d\udc9f\ud83d\udd25\ud83d\udd25\ud83d\udd25\ud83d\udd25\ud83d\udd25\ud83d\udd25\ud83d\udd25\ud83d\udd25\ud83d\udd25\ud83d\udd25\ud83d\udd25",
            "likes": 1,
            "number_of_replies": 0
        },
        {
            "comment": "Amazing \ud83e\udd70\ud83e\udd29\ud83e\udd70\ud83e\udd70",
            "likes": 1,
            "number_of_replies": 0
        }
    ],
    "comments_since_last_sample": [
        {
            "body": "Agar scrims me emulator se khel sakte the to lollz chicken hi chicken marega"
        }
    ]
}