{
    "time_posted": "2021-10-30 15:06:57",
    "url": "https://www.youtube.com/watch?v=LP5XXi5TGF8",
    "time_now": "2021-11-03 03:06:18",
    "ups": "191929",
    "downs": "204",
    "views": "1282928",
    "top_comments": [
        {
            "comment": "They are all so adorable \ud83e\udd70",
            "likes": 1,
            "number_of_replies": 0
        }
    ],
    "comments_since_last_sample": [
        {
            "body": "\ud83d\udc96\ud83d\udc96\ud83d\udc96\ud83d\udc96\ud83d\udc96\ud83d\udc96\ud83d\udc96\ud83d\udc96\ud83d\udc96\ud83d\udc96\ud83d\udc9d\ud83d\udc9d\ud83d\udc9d\ud83d\udc9d\ud83d\udc9dROCK WITH YOU\ud83d\udc96\ud83d\udc96\ud83d\udc9d\ud83d\udc9d\ud83d\udc9d\ud83d\udc9d\ud83d\udc9d\ud83d\udc9d\ud83d\udc9d\ud83d\udc9d\ud83d\udc9d\ud83d\udc9d\ud83d\udc9d\ud83d\udc9d\ud83d\udc95\ud83d\udc95\ud83d\udc95\ud83d\udc95\ud83d\udc95"
        },
        {
            "body": "It was #30 in korea yesterday and it's #8 now"
        },
        {
            "body": "2:05"
        },
        {
            "body": "Carats can relate so much to the flying money in this comeback \ud83d\ude02\ud83d\udcb8"
        },
        {
            "body": "\u0e40\u0e1e\u0e25\u0e07\u0e19\u0e35\u0e49\u0e01\u0e47\u0e2a\u0e19\u0e38\u0e01\u0e14\u0e35\u0e04\u0e48\u0e30"
        },
        {
            "body": "love u po jeonghan hwhahh"
        },
        {
            "body": "\u5009\u5eab\u3068\u8eca\u3068\u3044\u3046\u3068Pretty U \u3084Happy Ending \u601d\u3044\u51fa\u3059\u306a\u3042\u3002"
        },
        {
            "body": "I am SEVENTEEN's pride and SEVENTEEN is my pride."
        },
        {
            "body": "gwapoha mga bataa oy jusko"
        },
        {
            "body": "The fact that SEVENTEEN is now Trending every RWY videos"
        },
        {
            "body": "Oh my gosh what!! Jeonghan in white shirt again!!! <3 <3 <3"
        },
        {
            "body": "\ud638\uc2dc... \ucc29\uc7a5 \ubbf8\ucce4\ub2e4. \uac1c\uc798\uc0dd\uacbc\uc5b4..\uc640"
        },
        {
            "body": "God"
        },
        {
            "body": "ESE JUN ES LEGAL???? ESTA CHEQUEADO ESO????"
        },
        {
            "body": "pembunuhan berencana ini woyygyy"
        },
        {
            "body": "meninggoyyyyyy"
        }
    ]
}