{
    "time_posted": "2021-10-30 15:06:57",
    "url": "https://www.youtube.com/watch?v=LP5XXi5TGF8",
    "time_now": "2021-11-05 21:01:58",
    "ups": "208221",
    "downs": "274",
    "views": "1617255",
    "top_comments": [
        {
            "comment": "I've bought their album today 'cuz they never have a bad song. Their performances are incredible <3 They are AMAZING!!",
            "likes": 4,
            "number_of_replies": 0
        },
        {
            "comment": "This concept is 'FIRE'",
            "likes": 4,
            "number_of_replies": 0
        },
        {
            "comment": "this song is fire \ud83d\udd25\ud83d\udd25\ud83d\udd25 by the way I love you jeonghan! \ud83d\ude0d\u2764\ufe0f\u2764\ufe0f\u2764\ufe0f",
            "likes": 3,
            "number_of_replies": 0
        },
        {
            "comment": "Killer song & choreography. Kudos to the wardrobe and set design. These superstars are looking FINE AF in their suits. Daaaammnnnn\u2026..",
            "likes": 3,
            "number_of_replies": 0
        },
        {
            "comment": "1:29 Our crime lord Jun making an assassinated instructions.",
            "likes": 2,
            "number_of_replies": 0
        }
    ],
    "comments_since_last_sample": [
        {
            "body": "I\u2019m literally in love with this editon it deserves so much and their styles need a crown for that. KINGS of vocals and synchronization, this is a big pop!! I am amazed SEVENTEEN \u2764\ufe0f"
        },
        {
            "body": "I can literally hear hoshi screaming in the last chorus \ud83d\ude2d"
        },
        {
            "body": "SVT demostrando que son unos grandes... de verdad, ver sus presentaciones es siempre un deleite para m\u00ed, y no es necesario ser un fan del grupo para disfrutar de la calidad que muestran en cada performance."
        },
        {
            "body": "Omg\u2764\ufe0f\u200d\ud83d\udd25\u2764\ufe0f\u200d\ud83d\udd25\u2764\ufe0f\u200d\ud83d\udd25"
        },
        {
            "body": "Gods!!"
        }
    ]
}