{
    "time_posted": "2021-10-30 15:33:28",
    "url": "https://www.youtube.com/watch?v=mMc1hosXplE",
    "time_now": "2021-11-05 04:33:24",
    "ups": "1932",
    "downs": "40",
    "views": "53454",
    "top_comments": [
        {
            "comment": "Kashmir is potential resource as tourism and famous for rich haul of quality apples ,saffron and other cottage industries. Unfortunately due to political instability, the same suffered.  All inclusiveness is the mantra   entailing shedding off religious differences what so ever",
            "likes": 1,
            "number_of_replies": 0
        },
        {
            "comment": "kashmir ko bacha lo mera bhaiyo hindu haivanoo sa",
            "likes": 1,
            "number_of_replies": 0
        }
    ],
    "comments_since_last_sample": []
}