{
    "time_posted": "2021-10-30 16:00:09",
    "url": "https://www.youtube.com/watch?v=Noh8dd2i32c",
    "time_now": "2021-11-05 16:55:00",
    "ups": "3664",
    "downs": "38",
    "views": "71288",
    "top_comments": [
        {
            "comment": "It seems like almost everyone puts a huge rug under the bed leaving it peeking out at the sides. I guess that works better with neutrals. I usually prefer a bolder color palette and like to put smaller rugs around the bed, usually one on each side. That way, I can appreciate the rugs in their entirety and they make more of a statement.",
            "likes": 3,
            "number_of_replies": 0
        }
    ],
    "comments_since_last_sample": []
}