{
    "time_posted": "2021-10-30 14:00:01",
    "url": "https://www.youtube.com/watch?v=Oa9q8UU5NpU",
    "time_now": "2021-11-04 20:18:54",
    "ups": "3703",
    "downs": "102",
    "views": "84988",
    "top_comments": [
        {
            "comment": "\"super secret Easter Eggs\"\n\n\"..you can find these obvious, blatant The Shining references peppered throughout Layers of Fear 2 by playing normally\"",
            "likes": 6,
            "number_of_replies": 1
        },
        {
            "comment": "\u201cOH, MY!\u201d Is still the funniest thing",
            "likes": 3,
            "number_of_replies": 0
        }
    ],
    "comments_since_last_sample": [
        {
            "body": "I remember in fallout new Vegas there was a graveyard out the back behind the boomers base and sometimes\nYou could hear really weird distorted voices and screaming when you stood there next to the  edge of the map"
        }
    ]
}