{
    "time_posted": "2021-10-30 13:15:40",
    "url": "https://www.youtube.com/watch?v=oAQR790myWY",
    "time_now": "2021-11-06 13:31:17",
    "ups": "13320",
    "downs": "230",
    "views": "187354",
    "top_comments": [
        {
            "comment": "Frank\u0131 \u00f6ld\u00fcrmemen  b\u00fcy\u00fck Adaml\u0131k :)",
            "likes": 3,
            "number_of_replies": 0
        },
        {
            "comment": "i luv the song is so perfect",
            "likes": 1,
            "number_of_replies": 0
        },
        {
            "comment": "Musique avec du fran\u00e7ais \ud83d\ude31",
            "likes": 1,
            "number_of_replies": 0
        },
        {
            "comment": "Bu kost\u00fcm sadece hayra abimde g\u00fczel 10 bin layk",
            "likes": 1,
            "number_of_replies": 0
        },
        {
            "comment": "\ud83e\udd1d\ud83d\udc4d\ud83c\udffb\ud83d\ude0e",
            "likes": 1,
            "number_of_replies": 0
        }
    ],
    "comments_since_last_sample": []
}