{
    "time_posted": "2021-10-30 13:00:24",
    "url": "https://www.youtube.com/watch?v=pTIz3Mu59fE",
    "time_now": "2021-11-04 07:58:04",
    "ups": "804",
    "downs": "34",
    "views": "54599",
    "top_comments": [
        {
            "comment": "Amanda you are as real as the first cup of coffee.  Don\u2019t we all have bad days but how many have the guts to face the camera.  As they say, You Go Girl. From a Big 52 Fan\ud83d\ude4f\ud83c\udffd",
            "likes": 22,
            "number_of_replies": 1
        },
        {
            "comment": "This is refreshing. It is exactly how I cook. Leaning in to read the recipe",
            "likes": 12,
            "number_of_replies": 1
        },
        {
            "comment": "Everything about you, Amanda, is real and you are breath of fresh air.  How lucky you are to have Miss Addison goofing around with you in the kitchen - I miss those days with my daughters.  The cake looks amazing.",
            "likes": 8,
            "number_of_replies": 1
        },
        {
            "comment": "Everything about this was comforting!",
            "likes": 5,
            "number_of_replies": 2
        },
        {
            "comment": "The combination of Amanda\u2019s self-deprication and the editor\u2019s comments on the side are hysterical.",
            "likes": 4,
            "number_of_replies": 1
        }
    ],
    "comments_since_last_sample": []
}