{
    "time_posted": "2021-10-30 13:21:36",
    "url": "https://www.youtube.com/watch?v=ra9h9tpHD-c",
    "time_now": "2021-10-30 20:51:12",
    "ups": "980",
    "downs": "11",
    "views": "51550",
    "top_comments": [
        {
            "comment": "Si Alexa and Kyle bagay yong papel sa kanila, nakita ng audience nila , ang talento na meron sila\u2026wow Ang Galing ! \ud83d\udc4f\ud83c\udffb\ud83d\udc4f\ud83c\udffb\ud83d\udc4f\ud83c\udffb\ud83d\udc4f\ud83c\udffb\ud83d\udc4f\ud83c\udffb\ud83d\udc4f\ud83c\udffb\ud83d\udc4f\ud83c\udffb\ud83e\udd70\ud83c\udf89\ud83c\udf89\ud83c\udf89\ud83c\udf89\nKudos kay KD Galing sa guitar \ud83c\udfb8And to Kyle wow he is getting so matured na at daming kakayahan \ud83d\udc4f\ud83c\udffb\ud83c\udfad\ud83e\udd70\nPlus they\u2019re the best batch #Unity is the key to success as a group! \ud83d\udc4f\ud83c\udffb\ud83d\udc4f\ud83c\udffb\ud83d\udc4f\ud83c\udffb",
            "likes": 2,
            "number_of_replies": 0
        },
        {
            "comment": "the best ang batch na to...good job big BRO!",
            "likes": 2,
            "number_of_replies": 0
        },
        {
            "comment": "Mamatay ako ng tawa sayo madam inutz\u2764\ufe0f\u2764\ufe0f\ud83d\ude18\ud83d\ude18",
            "likes": 1,
            "number_of_replies": 0
        },
        {
            "comment": "Dapat Pinag Bigyan Ung mga baguhan n maging serena at kapre. Kc ung gumanap Ung 2 na tlgang sumalang n sa Pag arte. So sad",
            "likes": 1,
            "number_of_replies": 2
        },
        {
            "comment": "Go madam inuts ang ingay mo talaga\ud83d\ude02\ud83d\ude02\ud83d\ude02 love u madam",
            "likes": 1,
            "number_of_replies": 0
        }
    ],
    "comments_since_last_sample": [
        {
            "body": "Mamatay ako ng tawa sayo madam inutz\u2764\ufe0f\u2764\ufe0f\ud83d\ude18\ud83d\ude18"
        },
        {
            "body": "kanina ko pa napapansin. nung unang nood ko pa lang... di ko alam if ako lang but look may pasa sa hita si alexa"
        },
        {
            "body": "From Kathryn Bernardo loveteam Mara Clara to Samantha Bernardo Loveteam ng PBB ni Albi Casino hehehehe. Sign na ba iyan may bagong loveteam."
        },
        {
            "body": "u desrve sa roll na serena #ALEXA\u2764\ufe0f\u2764\ufe0f\ud83d\ude18"
        },
        {
            "body": "Go My Alexa \ud83d\ude0d\ud83d\ude0d\ud83d\ude0d\ud83d\ude18\ud83d\ude18"
        },
        {
            "body": "Talented silang lahat, the best batch so far."
        },
        {
            "body": "Kyle and ALEXA \u2764\ud83e\udd70\ud83d\ude0d"
        },
        {
            "body": "goo kuyaa kd<3"
        },
        {
            "body": "Angas ni Albie. Chaka naman sumayaw. HAHAHA"
        },
        {
            "body": "I love ALEXA \u2764\u2764\u2764\ud83e\udd70"
        },
        {
            "body": "Galing"
        },
        {
            "body": "Go madam inuts ang ingay mo talaga\ud83d\ude02\ud83d\ude02\ud83d\ude02 love u madam"
        },
        {
            "body": "Eto lng un batch ba tinutukan ko, tuwa ako kila brenda at madam inutz and tj"
        }
    ]
}