{
    "time_posted": "2021-10-30 12:27:15",
    "url": "https://www.youtube.com/watch?v=rG5bTCPozVA",
    "time_now": "2021-11-06 01:10:28",
    "ups": "559",
    "downs": "5",
    "views": "12223",
    "top_comments": [
        {
            "comment": "Powerful job. Your attention to detail means the end result is top class.",
            "likes": 5,
            "number_of_replies": 1
        },
        {
            "comment": "OMG! you must be psychic! I need to do this and other roof jobs before winter THANK YOU!",
            "likes": 2,
            "number_of_replies": 1
        },
        {
            "comment": "Another excellent video Charlie. A real masterclass. Anyone with cast iron rainwater good should watch this video. Btw, loving the Discord chatter!",
            "likes": 2,
            "number_of_replies": 1
        },
        {
            "comment": "Simply listing the products required already convinced me ripping off and replacing with PVC is better.",
            "likes": 1,
            "number_of_replies": 2
        },
        {
            "comment": "Awesome video Charlie. This will be me next year on our gutters. What are your thoughts on linseed paint? Would that not work really well too",
            "likes": 1,
            "number_of_replies": 1
        }
    ],
    "comments_since_last_sample": []
}