{
    "time_posted": "2021-10-30 12:04:22",
    "url": "https://www.youtube.com/watch?v=RqnFN8W8Ygs",
    "time_now": "2021-11-05 12:47:40",
    "ups": "366",
    "downs": "73",
    "views": "37926",
    "top_comments": [
        {
            "comment": "nice point KP.. may sariling botante si leni... hindi sya ordinaryong VP na tulad sa america ay magaabang lang na matigok si kanor or magresign..",
            "likes": 5,
            "number_of_replies": 1
        },
        {
            "comment": "WE WILL SUPPORT LENI-KIKO TEAM FOR THE GOOD GOVERNANCE OF OUR COUNTRY.\ud83d\udc97\ud83d\udc97\ud83d\udc97\ud83d\udc97\ud83d\udc97\ud83d\udc97\ud83d\udc97\ud83d\udc97\ud83d\udc97\ud83d\udc97\ud83d\udc97\ud83d\udc97\ud83d\udc97\ud83d\udc97\ud83d\udc97\ud83d\udc97\ud83d\udc97\ud83d\udc97\ud83d\udc97\ud83d\udc97",
            "likes": 4,
            "number_of_replies": 1
        },
        {
            "comment": "Hayy this Atienza another \" trapo \". Puro salita , kulang sa gawa. Nag uuto lang .",
            "likes": 3,
            "number_of_replies": 0
        },
        {
            "comment": "My gaaaawd! Atienza! Nakikilabutan ako sa sinasabi mo Pusang gala!",
            "likes": 2,
            "number_of_replies": 0
        },
        {
            "comment": "atienza marami tao nagaattnd kasi may hawak hawak pera",
            "likes": 2,
            "number_of_replies": 0
        }
    ],
    "comments_since_last_sample": []
}