{
    "time_posted": "2021-10-30 15:07:55",
    "url": "https://www.youtube.com/watch?v=St9Xip1_9Us",
    "time_now": "2021-11-06 05:17:31",
    "ups": "3621",
    "downs": "92",
    "views": "85767",
    "top_comments": [
        {
            "comment": "I am a woman, alone in my van.  I have been looking for an awning and was wondering about your thoughts about your awning.  You said you could take it out part way?  Is it electric?  Does it drain the water well in rain? Does it hold well in wind?  Do you like it?  Your looks short in length; would one fit over your back doors?   \nI appreciate your input particularly since you use your van as a part of your outdoor life.  Thanks.",
            "likes": 1,
            "number_of_replies": 0
        },
        {
            "comment": "\ud83e\udd29\ud83d\udc9a\ud83d\udc9a\ud83d\udc9a\ud83d\udc9a",
            "likes": 1,
            "number_of_replies": 0
        },
        {
            "comment": "The best Van conversion I\u2019ve seen so far on a Small van. Where did you get the Couch/Fold down Bed from? Love the Kitchen & shower set up & finally a Fridge at a reasonable height so you don\u2019t have to bend down. Nice.",
            "likes": 1,
            "number_of_replies": 0
        }
    ],
    "comments_since_last_sample": []
}