{
    "time_posted": "2021-10-30 13:00:33",
    "url": "https://www.youtube.com/watch?v=t3hbVyF9VyE",
    "time_now": "2021-11-01 18:08:54",
    "ups": "12361",
    "downs": "120",
    "views": "126373",
    "top_comments": [
        {
            "comment": "Thanks Grimoire Weiss for your support on Patreon! We couldn\u2019t do this show without your support and the support of our other viewers. If you like the show and want to see it continue, head over  https://www.patreon.com/ChinaUncensored\nhttps://chinauncensored.locals.com",
            "likes": 161,
            "number_of_replies": 89
        }
    ],
    "comments_since_last_sample": [
        {
            "body": "Daily Reminder Taiwan is an independent country"
        },
        {
            "body": "No matter how terrifying movies are at Halloween, reality will top it. Happy Halloween."
        },
        {
            "body": "Taiwan and South Korea look like juicy targets to China. If South Korea thinks they're safe when China is already trying to expand into India and take Taiwan they're out of their minds. All the countries in Asia excluding China should form an alliance to fight together should any one of them be invaded by China. Otherwise none of them stand a chance at maintaining their sovereignty."
        },
        {
            "body": "Why hadn't any country done anything in the last 20 yes to stop China WTH"
        },
        {
            "body": "\u2795\u2460\u2466\u2462\u2463\u2464\u24ea\u2465\u2467\u2466\u2468\u2460\ud83c\uddfa\ud83c\uddf8"
        },
        {
            "body": "-20 Social credit points"
        },
        {
            "body": "China Numba1. Long live winnie the pooh"
        },
        {
            "body": "the first thing i thought after watching squid games was the uyghurs ppl thought i was being stupid :/"
        },
        {
            "body": "I see that the Chinese bot is working nonstop in the comment section, yeah you know I'm talking about you, Kaiser Wilhelm II."
        },
        {
            "body": "Good thing pig's organs are now compatible with human so human organ harvesting is not going to be profitable soon."
        }
    ]
}