{
    "time_posted": "2021-10-30 14:03:18",
    "url": "https://www.youtube.com/watch?v=t639QJQ3Kw0",
    "time_now": "2021-10-31 17:25:24",
    "ups": "613",
    "downs": "70",
    "views": "47647",
    "top_comments": [
        {
            "comment": "\u0daf\u0dd0\u0db1\u0dca \u0dc0\u0dd2\u0db4\u0d9a\u0dca\u0dc2\u0dba \u0d9c\u0ddc\u0da9\u0d9a\u0dca \u0dc4\u0ddc\u0daf\u0dba\u0dd2, \u0d9a\u0dd2\u0dba\u0db1\u0dca\u0db1\u0dda \u0d87\u0dad\u0dca\u0dad , \u0dc4\u0dd0\u0db6\u0dd0\u0dba\u0dd2 \u0db6\u0dbd\u0dda\u0da7 \u0d85\u0dc0\u0dcf\u0db8 \u0db8\u0dd4\u0db1\u0dca \u0d94\u0d9a\u0dca\u0d9a\u0ddc\u0db8 \u0d91\u0d9a\u0dba\u0dd2....",
            "likes": 2,
            "number_of_replies": 2
        },
        {
            "comment": "\u0dc5\u0dc4\u0dd2\u0dbb\u0dd4 \u0d9a\u0dd4\u0db8\u0dcf\u0dbb \u0dad\u0db8\u0dba\u0dd2 \u0dc4\u0ddc\u0daf\u0da7\u0db8 \u0d9a\u0dc5\u0dda .\ud83d\ude2d\ud83d\ude2d",
            "likes": 2,
            "number_of_replies": 0
        },
        {
            "comment": "Koi dematagoda  ruwange news eka",
            "likes": 1,
            "number_of_replies": 0
        }
    ],
    "comments_since_last_sample": []
}