{
    "time_posted": "2021-10-30 15:00:12",
    "url": "https://www.youtube.com/watch?v=TasfVPZAPUQ",
    "time_now": "2021-11-06 09:23:50",
    "ups": "45756",
    "downs": "87",
    "views": "257269",
    "top_comments": [
        {
            "comment": "Still so awesome, stand high purple kiss. You will blow up just like Mamamoo did!",
            "likes": 5,
            "number_of_replies": 0
        },
        {
            "comment": "I screaming here too!! because it's so good & deserves the hype! road 1M leggo!",
            "likes": 4,
            "number_of_replies": 0
        },
        {
            "comment": "This is one of the best Halloween ver.s Ive ever seen. Creepy cute\ud83d\ude29\ud83d\ude29",
            "likes": 3,
            "number_of_replies": 0
        },
        {
            "comment": "Ini mah gak kalah keren dari yang asli :') \n\nMantep banget Purple Kiss!!! Thank you RBW!!",
            "likes": 3,
            "number_of_replies": 0
        },
        {
            "comment": "\"how many horror movie sound effects you want to use in this version?\"\nproducer : yes",
            "likes": 3,
            "number_of_replies": 0
        }
    ],
    "comments_since_last_sample": []
}