{
    "time_posted": "2021-10-30 11:12:29",
    "url": "https://www.youtube.com/watch?v=uIMfV3jqUKo",
    "time_now": "2021-11-04 16:11:54",
    "ups": "23633",
    "downs": "1721",
    "views": "601121",
    "top_comments": [
        {
            "comment": "Indian Gods representative Modi and Israel God representative Pope meets.",
            "likes": 1,
            "number_of_replies": 0
        },
        {
            "comment": "PRIDE OF INDIA PM MODI JI\ud83d\udd25\ud83d\udd25\ud83d\udd25",
            "likes": 1,
            "number_of_replies": 0
        }
    ],
    "comments_since_last_sample": [
        {
            "body": "All indianc are bhai bhai that means ellaverkum hinduvil ninnu poyavaray pala sandarbhathil am I correct?"
        },
        {
            "body": "Ivuduthay munnoka jadi bagiya samvaranam hinduvil thazhay thattil ullaverku koduthirunnu egil popinte Kalu nakan arkum pokada hindukal onnay bharanadikariyuday pirakil udakum."
        },
        {
            "body": "Indian Gods representative Modi and Israel God representative Pope meets."
        },
        {
            "body": "HAPPY DIPAWALI..."
        },
        {
            "body": "Keep it up for the sake of humanity love kindness prosperity and happiness and women power"
        },
        {
            "body": "\u09ae\u09c1\u09a6\u09bf \u099c\u09bf \u0995\u09c7 \u0985\u09b8\u0982\u0996\u09cd\u09af \u09a7\u09a8\u09cd\u09af\u09ac\u09be\u09a6,,,"
        },
        {
            "body": "\ud83e\udd13\ud83e\udd13\ud83e\udd13\ud83e\udd13\ud83e\udd13\ud83e\udd13"
        },
        {
            "body": "I don\u2019t like modi..."
        },
        {
            "body": "Amen"
        },
        {
            "body": "Praise the lord sir pop"
        }
    ]
}