{
    "time_posted": "2021-10-30 11:00:25",
    "url": "https://www.youtube.com/watch?v=uynhvHZUOOo",
    "time_now": "2021-11-01 05:47:18",
    "ups": "8869",
    "downs": "708",
    "views": "291445",
    "top_comments": [
        {
            "comment": "I suffer just thinking about it as I like the winter.",
            "likes": 1,
            "number_of_replies": 0
        },
        {
            "comment": "If you're young, it's to bad, live with it. I'm not changing any of my habits to reduce emissions.",
            "likes": 1,
            "number_of_replies": 0
        },
        {
            "comment": "Absolutely! USA needs to change the way we do business, but it is a process. China will surge ahead while we cut back bc we don't want to use gas and oil. We will pay China for our goods.\n\nChina (30%) ...\r\nUnited States (15%) ...\r\nIndia (7%) ...\r\nRussia (5%) ...\r\nJapan (4%)\n\nSaudi Arabia \u2014 19.39 per capita.\r\nCanada \u2014 16.85 per capita.\r\nUnited States \u2014 15.74 per capita.\r\nGermany \u2014 9.7 per capita.\r\nChina \u2014 7.72 per capita.\n\r\n \nThe information is readily available by google. The USA economy is getting much worse. Paying people to stay at home was the start.",
            "likes": 1,
            "number_of_replies": 0
        }
    ],
    "comments_since_last_sample": [
        {
            "body": "It's not just about fossil fuels. Will we stop flying? Stop getting our goods through container shipping? Stop making use of the Internet and the heat all those servers and our computers produce, not to mention the power required? Stop using cars (although they may be electric, all that power has to be generated)? Stop buying new products we don't really need? We have created a monster and there's no turning back now."
        },
        {
            "body": "Anthropogenic climate change is a cult. But people should be free to exercise their religion freedom. Peace."
        },
        {
            "body": "I'm curious if anyone has said exactly what is required to stop and reduce this.  With the current population and the exponential growth I see either a bigger divide between rich and poor or a necessary drastic dying off of population.  Everyone complains about fossil fuel use but fail to mention that current renewable energy is completely incapable of replacing it.  On top of that you have the vast majority of climate activists telling other people to stop but they are unwilling to change their behaviors."
        },
        {
            "body": "We are pathetic creatures"
        },
        {
            "body": "how to compare 3 degrees global warming and a plane crash ? seriously"
        },
        {
            "body": "Absolutely! USA needs to change the way we do business, but it is a process. China will surge ahead while we cut back bc we don't want to use gas and oil. We will pay China for our goods.\n\nChina (30%) ...\r\nUnited States (15%) ...\r\nIndia (7%) ...\r\nRussia (5%) ...\r\nJapan (4%)\n\nSaudi Arabia \u2014 19.39 per capita.\r\nCanada \u2014 16.85 per capita.\r\nUnited States \u2014 15.74 per capita.\r\nGermany \u2014 9.7 per capita.\r\nChina \u2014 7.72 per capita.\n\r\n \nThe information is readily available by google. The USA economy is getting much worse. Paying people to stay at home was the start."
        },
        {
            "body": "Oh, and all you doomsayers if you want to save the planet when it comes up vote for nuclear power because the \" renewables \" aren't the super clean alternatives you think they are  !"
        },
        {
            "body": "The propaganda never ceases"
        },
        {
            "body": "I suffer just thinking about it as I like the winter."
        },
        {
            "body": "We need to force our leaders to tackle this problem head on as a top priority."
        },
        {
            "body": "Global warming is not because of burning fossil fuels. It's because the poor and extreme poor are breeding like rats. If the governments do nothing to stop it, there will be no chance to stop global warming."
        },
        {
            "body": "If you're young, it's to bad, live with it. I'm not changing any of my habits to reduce emissions."
        },
        {
            "body": "Then why would all our leaders take their jets to the summit? Talk about tone deaf!"
        },
        {
            "body": "Just all  speculation,  unproven  , not testable,   cannot be demonstrated.    The Planet Earth  has \"Weather\"  not  \"Climate\" .   Climate is limited to regional  weather patterns that are persistent for a long period of time.   But the Planet does not have a \"Climate\".     Something like the Sahara Desert in Northern Africa is a Climate,  but the Earth  itself does not have in the singular tense a \"Climate\"   or  \"Climate Change\".    It is bad Science."
        },
        {
            "body": "China produces more c02 pa than all of europe and the US combined."
        },
        {
            "body": "It's sad to see that world leaders don't do anything about global warming. Its also sad to see that these people are already suffering and governments don't care at all."
        },
        {
            "body": "There is no science here. I'm surprised they don't blame COVID on climate change. All they do is use their black box \"models\" to fulfill their confirmation bias. They never actually explain the science behind their projection. It's all about \"97% of scientists agree\", or \"change in temperature MUST be bad\".  Having studied mathematics and theoretical physics climate change comes across as more propaganda than science."
        }
    ]
}