{
    "time_posted": "2021-10-30 14:16:44",
    "url": "https://www.youtube.com/watch?v=vid4jU39czI",
    "time_now": "2021-11-02 18:52:06",
    "ups": "15250",
    "downs": "224",
    "views": "355871",
    "top_comments": [
        {
            "comment": "Happy Halloween\u2026.",
            "likes": 1673,
            "number_of_replies": 133
        },
        {
            "comment": "Can we all appreciate how fast jack was when finishing a cereal box maze.",
            "likes": 1,
            "number_of_replies": 0
        }
    ],
    "comments_since_last_sample": [
        {
            "body": "I would like to do something like this ONLY IF I HAD MORE GAMES THAN JUST SWORD AND IF MY FRIENDS PLAYED POK\u00c9MON\u2026\u2026\u2026. Anyway good video"
        },
        {
            "body": "The wrong thing was in the dream journal it was Cynthia on his face"
        },
        {
            "body": "Purpleclip stop screaming like little chavy girl baby"
        },
        {
            "body": "Purpleclip needs to take his ADHD medication as he's so ADHD not funny and he's worst pokemon YouTuber ever \nNeeds grow up"
        },
        {
            "body": "Gotta be honest would have loved pleasant Mikey voice for the ending t that he just won"
        },
        {
            "body": "But pokeman 7 only caught one legendary before ho-oh because he gave up on registeel right? So he wouldn't have won even if he caught ho-oh"
        }
    ]
}