{
    "time_posted": "2021-10-30 13:20:40",
    "url": "https://www.youtube.com/watch?v=VSKW-Wep4kc",
    "time_now": "2021-11-04 12:04:38",
    "ups": "7120",
    "downs": "446",
    "views": "377672",
    "top_comments": [
        {
            "comment": "\u27bd Subscribe to BOL News \u27bd https://bit.ly/2Qs5SQH \ud83d\udd14\r\nWatch BOL News Live: https://www.bolnews.com/live",
            "likes": 26,
            "number_of_replies": 8
        }
    ],
    "comments_since_last_sample": []
}