{
    "time_posted": "2021-10-30 14:00:11",
    "url": "https://www.youtube.com/watch?v=X1ISQ_LyoAE",
    "time_now": "2021-11-06 05:17:36",
    "ups": "1852",
    "downs": "38",
    "views": "23531",
    "top_comments": [
        {
            "comment": "FRAGRANCES FEATURED IN TODAYS VIDEO\r\nhttps://go.magik.ly/ml/1bhfz/\r\nhttps://go.magik.ly/ml/1bhgn/\r\nhttps://go.magik.ly/ml/1bhge/\r\nhttps://go.magik.ly/ml/1bhgl/\r\nhttps://go.magik.ly/ml/1bhgs/",
            "likes": 10,
            "number_of_replies": 1
        }
    ],
    "comments_since_last_sample": [
        {
            "body": "I would love to enter the giveaway, my brother rocks Perry Ellis 360 red and I absolutely love it, but I have never tried ADG. Thank you Ash for the opportunity."
        },
        {
            "body": "I would like to be entered into the giveaway. I definitely rocked ADG. Was also signature scent."
        },
        {
            "body": "Hey Ash, huge fan, first time hoping to get into a giveaway, can't believe I missed this video, and hope I am not too late. I took my turn with ADG as my only sent as a teenager in the late 1990s-early 2000s. I'm pretty new to collecting and have been thinking about getting my nostalgia fragrances from those times including ADG, Polo Sport, Curve, and the original Hugo Boss canteen bottle, but you give me too many other suggestions that I buy instead! I would love to win this for the nostalgia."
        },
        {
            "body": "Today is my birthday! Would love to have an OG ADG as a gift for me haha thanks Ash!"
        }
    ]
}