{
    "time_posted": "2021-10-30 14:15:01",
    "url": "https://www.youtube.com/watch?v=XQz8jeP-fyc",
    "time_now": "2021-11-06 01:09:53",
    "ups": "112063",
    "downs": "2409",
    "views": "2896146",
    "top_comments": [],
    "comments_since_last_sample": [
        {
            "body": ":-( :-)"
        },
        {
            "body": "You should do a video with giving someone a hundred million dollars I will not be in the challenge and the person has to win the game"
        },
        {
            "body": "My best friend luvs your vids you make my day"
        },
        {
            "body": "Hi Preston since my last comment you may be wondering am I a boy or a girl because I am a boy just saying bye Preston"
        },
        {
            "body": "the person who spawned in the green :("
        },
        {
            "body": "MrMcbiscuit prob legit did alt+f4 lol"
        },
        {
            "body": "who are acuatly the enforcers?"
        },
        {
            "body": "i hate ads"
        },
        {
            "body": "Hi I am Six yirs old"
        }
    ]
}