{
    "time_posted": "2021-10-30 15:00:15",
    "url": "https://www.youtube.com/watch?v=ZHRI0l6e2JY",
    "time_now": "2021-11-05 04:33:40",
    "ups": "365",
    "downs": "8",
    "views": "14542",
    "top_comments": [
        {
            "comment": "I think the wild card was really the winner \ud83e\udd2d",
            "likes": 5,
            "number_of_replies": 0
        },
        {
            "comment": "The wildcard winner created by far my favourite painting\u2014brilliant!",
            "likes": 5,
            "number_of_replies": 0
        },
        {
            "comment": "Personally, I loved the submission painting of Emily\u2019s. It was naive but extremely charming and intricate. However, when she chose to change mediums, her canvas didn\u2019t grab me by the shoulder\u2019s and say\u2026that\u2019s it! Thanks so much for the post as we wait weekly for it\u2019s appearance!",
            "likes": 4,
            "number_of_replies": 0
        },
        {
            "comment": "Wow, not what I was expecting (or hoping)!",
            "likes": 1,
            "number_of_replies": 0
        },
        {
            "comment": "I absolutely loved all of their entry submissions. I didn't feel the same about their on-site pieces.",
            "likes": 1,
            "number_of_replies": 0
        }
    ],
    "comments_since_last_sample": [
        {
            "body": "They should have been given an extra hour (or two) because of the extreme weather."
        }
    ]
}