{
    "post_url": "https://www.reddit.com/r/LifeProTips/comments/qj1ztd/lpt_never_use_a_recommended_username_it_is/",
    "time_posted": "2021-10-30 09:56:24",
    "time_now": "2021-10-31 09:16:17",
    "ups": 0,
    "downs": 0,
    "comments_since_last_sample": [],
    "top_comments_top": [
        {
            "comment_id": "hioh0ry",
            "body": "Hello [Double_Molasses_1751](/u/Double_Molasses_1751), thank you for your submission! Unfortunately, it has been removed for the following reason:\n\nYour tip is about a restricted/prohibited topic. It may be common sense, illegal in the United States, unethical, political, medical, an advertisement, related to parenting, relationships, driving, the law, religion, or hygiene, or otherwise disallowed in /r/LifeProTips. This list is not exhaustive. Moderators may remove posts considered to deviate from the spirit of the subreddit.\n\nIf you would like to appeal this decision [please feel free to contact the moderators here](https://www.reddit.com/message/compose?to=%2Fr%2FLifeProTips&amp;subject=about%20my%20removed%20submission&amp;message=I%27m%20writing%20to%20you%20about%20the%20following%20submission:%20https://www.reddit.com/r/LifeProTips/comments/qj1ztd/lpt_never_use_a_recommended_username_it_is/.%20%0D%0D). Do not repost without explicit permission from the moderators. Make sure you [read the rules](/r/lifeprotips/about/sidebar)  before submitting. Thank you!",
            "ups": 1,
            "downs": 0,
            "polarity": -0.030555555555555558,
            "subjectivity": 0.4765432098765433
        },
        {
            "comment_id": "hin90mc",
            "body": "Ok Mr. Double Molasses, you just DOXXed yourself",
            "ups": 6,
            "downs": 0,
            "polarity": 0.25,
            "subjectivity": 0.25
        },
        {
            "comment_id": "hin8z9p",
            "body": "I've never even seen a recommended username unless the one I've chosen is unavailable and they've always been as close as possible to the one I chose in the first place",
            "ups": 3,
            "downs": 0,
            "polarity": 0.125,
            "subjectivity": 0.6666666666666666
        },
        {
            "comment_id": "hine919",
            "body": "I'm concerned about the notion that people need to be told that a suggestion based on their name is based on their name. Have we sunken too low to recognize our own names now?",
            "ups": 3,
            "downs": 0,
            "polarity": 0.3,
            "subjectivity": 0.65
        },
        {
            "comment_id": "hin6293",
            "body": "Hello and welcome to r/LifeProTips!\n\nPlease help us decide if this post is a good fit for the subreddit by up or downvoting this comment. \n\nIf you think that this is great advice to improve your life, please upvote. If you think this doesn't help you in any way, please downvote. If you don't care, leave it for the others to decide.",
            "ups": 1,
            "downs": 0,
            "polarity": 0.7250000000000001,
            "subjectivity": 0.6625
        }
    ],
    "top_comments_best": [
        {
            "comment_id": "hioh0ry",
            "body": "Hello [Double_Molasses_1751](/u/Double_Molasses_1751), thank you for your submission! Unfortunately, it has been removed for the following reason:\n\nYour tip is about a restricted/prohibited topic. It may be common sense, illegal in the United States, unethical, political, medical, an advertisement, related to parenting, relationships, driving, the law, religion, or hygiene, or otherwise disallowed in /r/LifeProTips. This list is not exhaustive. Moderators may remove posts considered to deviate from the spirit of the subreddit.\n\nIf you would like to appeal this decision [please feel free to contact the moderators here](https://www.reddit.com/message/compose?to=%2Fr%2FLifeProTips&amp;subject=about%20my%20removed%20submission&amp;message=I%27m%20writing%20to%20you%20about%20the%20following%20submission:%20https://www.reddit.com/r/LifeProTips/comments/qj1ztd/lpt_never_use_a_recommended_username_it_is/.%20%0D%0D). Do not repost without explicit permission from the moderators. Make sure you [read the rules](/r/lifeprotips/about/sidebar)  before submitting. Thank you!",
            "ups": 1,
            "downs": 0,
            "polarity": -0.030555555555555558,
            "subjectivity": 0.4765432098765433
        },
        {
            "comment_id": "hin90mc",
            "body": "Ok Mr. Double Molasses, you just DOXXed yourself",
            "ups": 6,
            "downs": 0,
            "polarity": 0.25,
            "subjectivity": 0.25
        },
        {
            "comment_id": "hin8z9p",
            "body": "I've never even seen a recommended username unless the one I've chosen is unavailable and they've always been as close as possible to the one I chose in the first place",
            "ups": 3,
            "downs": 0,
            "polarity": 0.125,
            "subjectivity": 0.6666666666666666
        },
        {
            "comment_id": "hine919",
            "body": "I'm concerned about the notion that people need to be told that a suggestion based on their name is based on their name. Have we sunken too low to recognize our own names now?",
            "ups": 3,
            "downs": 0,
            "polarity": 0.3,
            "subjectivity": 0.65
        },
        {
            "comment_id": "hin6293",
            "body": "Hello and welcome to r/LifeProTips!\n\nPlease help us decide if this post is a good fit for the subreddit by up or downvoting this comment. \n\nIf you think that this is great advice to improve your life, please upvote. If you think this doesn't help you in any way, please downvote. If you don't care, leave it for the others to decide.",
            "ups": 1,
            "downs": 0,
            "polarity": 0.7250000000000001,
            "subjectivity": 0.6625
        }
    ],
    "top_comments_hot": [
        {
            "comment_id": "hioh0ry",
            "body": "Hello [Double_Molasses_1751](/u/Double_Molasses_1751), thank you for your submission! Unfortunately, it has been removed for the following reason:\n\nYour tip is about a restricted/prohibited topic. It may be common sense, illegal in the United States, unethical, political, medical, an advertisement, related to parenting, relationships, driving, the law, religion, or hygiene, or otherwise disallowed in /r/LifeProTips. This list is not exhaustive. Moderators may remove posts considered to deviate from the spirit of the subreddit.\n\nIf you would like to appeal this decision [please feel free to contact the moderators here](https://www.reddit.com/message/compose?to=%2Fr%2FLifeProTips&amp;subject=about%20my%20removed%20submission&amp;message=I%27m%20writing%20to%20you%20about%20the%20following%20submission:%20https://www.reddit.com/r/LifeProTips/comments/qj1ztd/lpt_never_use_a_recommended_username_it_is/.%20%0D%0D). Do not repost without explicit permission from the moderators. Make sure you [read the rules](/r/lifeprotips/about/sidebar)  before submitting. Thank you!",
            "ups": 1,
            "downs": 0,
            "polarity": -0.030555555555555558,
            "subjectivity": 0.4765432098765433
        },
        {
            "comment_id": "hin90mc",
            "body": "Ok Mr. Double Molasses, you just DOXXed yourself",
            "ups": 6,
            "downs": 0,
            "polarity": 0.25,
            "subjectivity": 0.25
        },
        {
            "comment_id": "hin8z9p",
            "body": "I've never even seen a recommended username unless the one I've chosen is unavailable and they've always been as close as possible to the one I chose in the first place",
            "ups": 3,
            "downs": 0,
            "polarity": 0.125,
            "subjectivity": 0.6666666666666666
        },
        {
            "comment_id": "hine919",
            "body": "I'm concerned about the notion that people need to be told that a suggestion based on their name is based on their name. Have we sunken too low to recognize our own names now?",
            "ups": 3,
            "downs": 0,
            "polarity": 0.3,
            "subjectivity": 0.65
        },
        {
            "comment_id": "hin6293",
            "body": "Hello and welcome to r/LifeProTips!\n\nPlease help us decide if this post is a good fit for the subreddit by up or downvoting this comment. \n\nIf you think that this is great advice to improve your life, please upvote. If you think this doesn't help you in any way, please downvote. If you don't care, leave it for the others to decide.",
            "ups": 1,
            "downs": 0,
            "polarity": 0.7250000000000001,
            "subjectivity": 0.6625
        }
    ]
}