{
    "post_url": "https://www.reddit.com/r/politics/comments/qiu50u/kamala_harris_allies_are_worried_that_if/",
    "time_posted": "2021-10-30 00:42:24",
    "time_now": "2021-10-31 17:29:36",
    "ups": 0,
    "downs": 0,
    "comments_since_last_sample": [],
    "top_comments_top": [
        {
            "comment_id": "hiluz5u",
            "body": "\nAs a reminder, this subreddit [is for civil discussion.](/r/politics/wiki/index#wiki_be_civil)\n\nIn general, be courteous to others. Debate/discuss/argue the merits of ideas, don't attack people. Personal insults, shill or troll accusations, hate speech, any suggestion or support of harm, violence, or death, and other rule violations can result in a permanent ban. \n\nIf you see comments in violation of our rules, please report them.\n\n For those who have questions regarding any media outlets being posted on this subreddit, please click [here](https://www.reddit.com/r/politics/wiki/approveddomainslist) to review our details as to our approved domains list and outlet criteria.\n\n***\n\n\n*I am a bot, and this action was performed automatically. Please [contact the moderators of this subreddit](/message/compose/?to=/r/politics) if you have any questions or concerns.*",
            "ups": 1,
            "downs": 0,
            "polarity": -0.02916666666666667,
            "subjectivity": 0.5291666666666667
        },
        {
            "comment_id": "hilv6wv",
            "body": "It's 3 years away. Let's chill with articles on the 2024 election ffs.",
            "ups": 38,
            "downs": 0,
            "polarity": 0.0,
            "subjectivity": 0.0
        },
        {
            "comment_id": "hilyfzo",
            "body": "Remember how \"Her turn\" worked last time?\n\nHarris has less charisma than a dead armadillo, trying to push her in 2024 would be moronic.",
            "ups": 12,
            "downs": 0,
            "polarity": -0.12222222222222223,
            "subjectivity": 0.17777777777777778
        },
        {
            "comment_id": "hilvqzh",
            "body": "Pushing either of them is a surefire way for a GOP win\n\nEdit: Maybe Harris should push out a narcissistic documentary too",
            "ups": 9,
            "downs": 0,
            "polarity": 0.4,
            "subjectivity": 0.2
        },
        {
            "comment_id": "hilx0cj",
            "body": "Harris was polling fifth in her own state in the 2020 Democratic primary before she realized the inevitable and dropped out.  As far as I can tell she's done nothing of note as VP.\n\nShe will be a sure loser if she runs in 2024.\n\nPete's last (and only) successful election was to mayor of a small city.  Give me a break.",
            "ups": 8,
            "downs": 0,
            "polarity": 0.23333333333333334,
            "subjectivity": 0.7561728395061729
        }
    ],
    "top_comments_best": [
        {
            "comment_id": "hiluz5u",
            "body": "\nAs a reminder, this subreddit [is for civil discussion.](/r/politics/wiki/index#wiki_be_civil)\n\nIn general, be courteous to others. Debate/discuss/argue the merits of ideas, don't attack people. Personal insults, shill or troll accusations, hate speech, any suggestion or support of harm, violence, or death, and other rule violations can result in a permanent ban. \n\nIf you see comments in violation of our rules, please report them.\n\n For those who have questions regarding any media outlets being posted on this subreddit, please click [here](https://www.reddit.com/r/politics/wiki/approveddomainslist) to review our details as to our approved domains list and outlet criteria.\n\n***\n\n\n*I am a bot, and this action was performed automatically. Please [contact the moderators of this subreddit](/message/compose/?to=/r/politics) if you have any questions or concerns.*",
            "ups": 1,
            "downs": 0,
            "polarity": -0.02916666666666667,
            "subjectivity": 0.5291666666666667
        },
        {
            "comment_id": "hilv6wv",
            "body": "It's 3 years away. Let's chill with articles on the 2024 election ffs.",
            "ups": 39,
            "downs": 0,
            "polarity": 0.0,
            "subjectivity": 0.0
        },
        {
            "comment_id": "hin4jdy",
            "body": "I like them both, but I don't want either of them as presidential candidates.",
            "ups": 4,
            "downs": 0,
            "polarity": 0.0,
            "subjectivity": 0.0
        },
        {
            "comment_id": "himfpp1",
            "body": "Presidental hopeful doesn't want other people to run? Well I never",
            "ups": 7,
            "downs": 0,
            "polarity": -0.125,
            "subjectivity": 0.375
        },
        {
            "comment_id": "himj8j3",
            "body": "Maybe Biden should get literally anything in his agenda passed.",
            "ups": 6,
            "downs": 0,
            "polarity": 0.0,
            "subjectivity": 0.0
        }
    ],
    "top_comments_hot": [
        {
            "comment_id": "hiluz5u",
            "body": "\nAs a reminder, this subreddit [is for civil discussion.](/r/politics/wiki/index#wiki_be_civil)\n\nIn general, be courteous to others. Debate/discuss/argue the merits of ideas, don't attack people. Personal insults, shill or troll accusations, hate speech, any suggestion or support of harm, violence, or death, and other rule violations can result in a permanent ban. \n\nIf you see comments in violation of our rules, please report them.\n\n For those who have questions regarding any media outlets being posted on this subreddit, please click [here](https://www.reddit.com/r/politics/wiki/approveddomainslist) to review our details as to our approved domains list and outlet criteria.\n\n***\n\n\n*I am a bot, and this action was performed automatically. Please [contact the moderators of this subreddit](/message/compose/?to=/r/politics) if you have any questions or concerns.*",
            "ups": 1,
            "downs": 0,
            "polarity": -0.02916666666666667,
            "subjectivity": 0.5291666666666667
        },
        {
            "comment_id": "hilv6wv",
            "body": "It's 3 years away. Let's chill with articles on the 2024 election ffs.",
            "ups": 42,
            "downs": 0,
            "polarity": 0.0,
            "subjectivity": 0.0
        },
        {
            "comment_id": "hin4jdy",
            "body": "I like them both, but I don't want either of them as presidential candidates.",
            "ups": 5,
            "downs": 0,
            "polarity": 0.0,
            "subjectivity": 0.0
        },
        {
            "comment_id": "himfpp1",
            "body": "Presidental hopeful doesn't want other people to run? Well I never",
            "ups": 6,
            "downs": 0,
            "polarity": -0.125,
            "subjectivity": 0.375
        },
        {
            "comment_id": "himj8j3",
            "body": "Maybe Biden should get literally anything in his agenda passed.",
            "ups": 6,
            "downs": 0,
            "polarity": 0.0,
            "subjectivity": 0.0
        }
    ]
}