{
    "post_url": "https://www.reddit.com/r/Music/comments/qiyium/sad_boy_shit/",
    "time_posted": "2021-10-30 06:11:47",
    "time_now": "2021-11-03 19:37:11",
    "ups": 0,
    "downs": 0,
    "comments_since_last_sample": [],
    "top_comments_top": [
        {
            "comment_id": "himktvo",
            "body": "\ud83d\ude02",
            "ups": -1,
            "downs": 0,
            "polarity": 0.0,
            "subjectivity": 0.0
        }
    ],
    "top_comments_best": [
        {
            "comment_id": "himktvo",
            "body": "\ud83d\ude02",
            "ups": -1,
            "downs": 0,
            "polarity": 0.0,
            "subjectivity": 0.0
        }
    ],
    "top_comments_hot": [
        {
            "comment_id": "himktvo",
            "body": "\ud83d\ude02",
            "ups": -1,
            "downs": 0,
            "polarity": 0.0,
            "subjectivity": 0.0
        }
    ]
}