{
    "post_url": "https://www.reddit.com/r/politics/comments/qj3xh3/donald_trump_is_trying_to_block_the_jan_6/",
    "time_posted": "2021-10-30 11:35:30",
    "time_now": "2021-11-05 04:36:12",
    "ups": 2015,
    "downs": 0,
    "comments_since_last_sample": [],
    "top_comments_top": [
        {
            "comment_id": "hinixrl",
            "body": "\nAs a reminder, this subreddit [is for civil discussion.](/r/politics/wiki/index#wiki_be_civil)\n\nIn general, be courteous to others. Debate/discuss/argue the merits of ideas, don't attack people. Personal insults, shill or troll accusations, hate speech, any suggestion or support of harm, violence, or death, and other rule violations can result in a permanent ban. \n\nIf you see comments in violation of our rules, please report them.\n\n For those who have questions regarding any media outlets being posted on this subreddit, please click [here](https://www.reddit.com/r/politics/wiki/approveddomainslist) to review our details as to our approved domains list and outlet criteria.\n\n***\n\n\n*I am a bot, and this action was performed automatically. Please [contact the moderators of this subreddit](/message/compose/?to=/r/politics) if you have any questions or concerns.*",
            "ups": 1,
            "downs": 0,
            "polarity": -0.02916666666666667,
            "subjectivity": 0.5291666666666667
        },
        {
            "comment_id": "hinkp3k",
            "body": "&gt; The latest court filing shows that among the documents held in the National Archive, the former president wants to keep privileged are records of his daily presidential diaries, activity logs, and call logs relating to January 6.  \n\nThere - now you don't have to read the shitty blog \"article\".",
            "ups": 419,
            "downs": 0,
            "polarity": 0.175,
            "subjectivity": 0.25
        },
        {
            "comment_id": "hinkhbj",
            "body": "If this probe is truly a \"witch hunt\", then why not turn over all of the documents to prove innocence?\n\nMethinks thou dost protest too much.",
            "ups": 104,
            "downs": 0,
            "polarity": 0.2,
            "subjectivity": 0.2
        },
        {
            "comment_id": "hinz32g",
            "body": "Fuck him. For God's sake prosecute this worthless fuck for something. All I want minimally is anything that disqualifies him from state or federal office. For fucks sake can't we even do that ?",
            "ups": 26,
            "downs": 0,
            "polarity": -0.42500000000000004,
            "subjectivity": 0.675
        },
        {
            "comment_id": "hinj9lv",
            "body": "This clown is still around!?",
            "ups": 21,
            "downs": 0,
            "polarity": 0.0,
            "subjectivity": 0.0
        }
    ],
    "top_comments_best": [
        {
            "comment_id": "hinixrl",
            "body": "\nAs a reminder, this subreddit [is for civil discussion.](/r/politics/wiki/index#wiki_be_civil)\n\nIn general, be courteous to others. Debate/discuss/argue the merits of ideas, don't attack people. Personal insults, shill or troll accusations, hate speech, any suggestion or support of harm, violence, or death, and other rule violations can result in a permanent ban. \n\nIf you see comments in violation of our rules, please report them.\n\n For those who have questions regarding any media outlets being posted on this subreddit, please click [here](https://www.reddit.com/r/politics/wiki/approveddomainslist) to review our details as to our approved domains list and outlet criteria.\n\n***\n\n\n*I am a bot, and this action was performed automatically. Please [contact the moderators of this subreddit](/message/compose/?to=/r/politics) if you have any questions or concerns.*",
            "ups": 1,
            "downs": 0,
            "polarity": -0.02916666666666667,
            "subjectivity": 0.5291666666666667
        },
        {
            "comment_id": "hinkp3k",
            "body": "&gt; The latest court filing shows that among the documents held in the National Archive, the former president wants to keep privileged are records of his daily presidential diaries, activity logs, and call logs relating to January 6.  \n\nThere - now you don't have to read the shitty blog \"article\".",
            "ups": 424,
            "downs": 0,
            "polarity": 0.175,
            "subjectivity": 0.25
        },
        {
            "comment_id": "hinkhbj",
            "body": "If this probe is truly a \"witch hunt\", then why not turn over all of the documents to prove innocence?\n\nMethinks thou dost protest too much.",
            "ups": 102,
            "downs": 0,
            "polarity": 0.2,
            "subjectivity": 0.2
        },
        {
            "comment_id": "hinz32g",
            "body": "Fuck him. For God's sake prosecute this worthless fuck for something. All I want minimally is anything that disqualifies him from state or federal office. For fucks sake can't we even do that ?",
            "ups": 26,
            "downs": 0,
            "polarity": -0.42500000000000004,
            "subjectivity": 0.675
        },
        {
            "comment_id": "hinj9lv",
            "body": "This clown is still around!?",
            "ups": 21,
            "downs": 0,
            "polarity": 0.0,
            "subjectivity": 0.0
        }
    ],
    "top_comments_hot": [
        {
            "comment_id": "hinixrl",
            "body": "\nAs a reminder, this subreddit [is for civil discussion.](/r/politics/wiki/index#wiki_be_civil)\n\nIn general, be courteous to others. Debate/discuss/argue the merits of ideas, don't attack people. Personal insults, shill or troll accusations, hate speech, any suggestion or support of harm, violence, or death, and other rule violations can result in a permanent ban. \n\nIf you see comments in violation of our rules, please report them.\n\n For those who have questions regarding any media outlets being posted on this subreddit, please click [here](https://www.reddit.com/r/politics/wiki/approveddomainslist) to review our details as to our approved domains list and outlet criteria.\n\n***\n\n\n*I am a bot, and this action was performed automatically. Please [contact the moderators of this subreddit](/message/compose/?to=/r/politics) if you have any questions or concerns.*",
            "ups": 1,
            "downs": 0,
            "polarity": -0.02916666666666667,
            "subjectivity": 0.5291666666666667
        },
        {
            "comment_id": "hinkp3k",
            "body": "&gt; The latest court filing shows that among the documents held in the National Archive, the former president wants to keep privileged are records of his daily presidential diaries, activity logs, and call logs relating to January 6.  \n\nThere - now you don't have to read the shitty blog \"article\".",
            "ups": 422,
            "downs": 0,
            "polarity": 0.175,
            "subjectivity": 0.25
        },
        {
            "comment_id": "hinkhbj",
            "body": "If this probe is truly a \"witch hunt\", then why not turn over all of the documents to prove innocence?\n\nMethinks thou dost protest too much.",
            "ups": 102,
            "downs": 0,
            "polarity": 0.2,
            "subjectivity": 0.2
        },
        {
            "comment_id": "hinz32g",
            "body": "Fuck him. For God's sake prosecute this worthless fuck for something. All I want minimally is anything that disqualifies him from state or federal office. For fucks sake can't we even do that ?",
            "ups": 25,
            "downs": 0,
            "polarity": -0.42500000000000004,
            "subjectivity": 0.675
        },
        {
            "comment_id": "hinj9lv",
            "body": "This clown is still around!?",
            "ups": 21,
            "downs": 0,
            "polarity": 0.0,
            "subjectivity": 0.0
        }
    ]
}