{
    "post_url": "https://www.reddit.com/r/gaming/comments/qj4645/i_made_nintendo_switch_on_tinkercad_while_doing/",
    "time_posted": "2021-10-30 11:47:12",
    "time_now": "2021-11-05 08:42:01",
    "ups": 20,
    "downs": 0,
    "comments_since_last_sample": [],
    "top_comments_top": [
        {
            "comment_id": "hipt9au",
            "body": "you should focus on your assignment",
            "ups": 2,
            "downs": 0,
            "polarity": 0.0,
            "subjectivity": 0.0
        }
    ],
    "top_comments_best": [
        {
            "comment_id": "hipt9au",
            "body": "you should focus on your assignment",
            "ups": 2,
            "downs": 0,
            "polarity": 0.0,
            "subjectivity": 0.0
        }
    ],
    "top_comments_hot": [
        {
            "comment_id": "hipt9au",
            "body": "you should focus on your assignment",
            "ups": 2,
            "downs": 0,
            "polarity": 0.0,
            "subjectivity": 0.0
        }
    ]
}