{
    "post_url": "https://www.reddit.com/r/LifeProTips/comments/qitqu2/lpt_communicating_with_it_about_a_project_use_the/",
    "time_posted": "2021-10-30 00:14:49",
    "time_now": "2021-11-04 03:55:52",
    "ups": 0,
    "downs": 0,
    "comments_since_last_sample": [],
    "top_comments_top": [
        {
            "comment_id": "hils7an",
            "body": "Hello and welcome to r/LifeProTips!\n\nPlease help us decide if this post is a good fit for the subreddit by up or downvoting this comment. \n\nIf you think that this is great advice to improve your life, please upvote. If you think this doesn't help you in any way, please downvote. If you don't care, leave it for the others to decide.",
            "ups": 1,
            "downs": 0,
            "polarity": 0.7250000000000001,
            "subjectivity": 0.6625
        },
        {
            "comment_id": "hilt722",
            "body": "Only works if it actually IS more efficient.\n\nGenerally IT works with user stories.  Users want to do X or get Y done.  They\u2019re going to ignore any suggestions on how to get there and instead look for the safest, easiest and most efficient method.\n\nThat\u2019s why THEY are IT: their expertise is in finding the best solution, not in following someone\u2019s instructions who doesn\u2019t necessarily understand all the variables at play.",
            "ups": 6,
            "downs": 0,
            "polarity": 0.2928571428571428,
            "subjectivity": 0.5571428571428572
        },
        {
            "comment_id": "hilu537",
            "body": "Hi. I am curious what your particular IT related tasks are? IT is a very large field. It is like saying \"when I need my transport needs met, saying 'efficient' will get my stuff transported faster or else the transport people just transport it the way they want\". This does not really make sense since transportation is such a general term. Do you want to have parcels delivered overnight or are you hauling crude oil in a tanker? Likewise, IT comprises such diverse sub fields as installing a cartridge in a printer, to developing search algorithms for google, to training machine learning models in self driving cars, to designing robots.\n\nAs a software developer I have a few counter tips to you: 1. IT is not magic, you can actually learn how it works and this will greatly enhance the interactions you will have with \"IT people\" in the future. 2. \"IT people\" are, believe it or not,  actual human beings too. You should definitely try to have a normal conversation with them instead of manipulating them with magic words.\n\nGood luck!",
            "ups": 3,
            "downs": 0,
            "polarity": 0.07351190476190476,
            "subjectivity": 0.5007738095238095
        }
    ],
    "top_comments_best": [
        {
            "comment_id": "hils7an",
            "body": "Hello and welcome to r/LifeProTips!\n\nPlease help us decide if this post is a good fit for the subreddit by up or downvoting this comment. \n\nIf you think that this is great advice to improve your life, please upvote. If you think this doesn't help you in any way, please downvote. If you don't care, leave it for the others to decide.",
            "ups": 1,
            "downs": 0,
            "polarity": 0.7250000000000001,
            "subjectivity": 0.6625
        },
        {
            "comment_id": "hilt722",
            "body": "Only works if it actually IS more efficient.\n\nGenerally IT works with user stories.  Users want to do X or get Y done.  They\u2019re going to ignore any suggestions on how to get there and instead look for the safest, easiest and most efficient method.\n\nThat\u2019s why THEY are IT: their expertise is in finding the best solution, not in following someone\u2019s instructions who doesn\u2019t necessarily understand all the variables at play.",
            "ups": 4,
            "downs": 0,
            "polarity": 0.2928571428571428,
            "subjectivity": 0.5571428571428572
        },
        {
            "comment_id": "hilu537",
            "body": "Hi. I am curious what your particular IT related tasks are? IT is a very large field. It is like saying \"when I need my transport needs met, saying 'efficient' will get my stuff transported faster or else the transport people just transport it the way they want\". This does not really make sense since transportation is such a general term. Do you want to have parcels delivered overnight or are you hauling crude oil in a tanker? Likewise, IT comprises such diverse sub fields as installing a cartridge in a printer, to developing search algorithms for google, to training machine learning models in self driving cars, to designing robots.\n\nAs a software developer I have a few counter tips to you: 1. IT is not magic, you can actually learn how it works and this will greatly enhance the interactions you will have with \"IT people\" in the future. 2. \"IT people\" are, believe it or not,  actual human beings too. You should definitely try to have a normal conversation with them instead of manipulating them with magic words.\n\nGood luck!",
            "ups": 3,
            "downs": 0,
            "polarity": 0.07351190476190476,
            "subjectivity": 0.5007738095238095
        }
    ],
    "top_comments_hot": [
        {
            "comment_id": "hils7an",
            "body": "Hello and welcome to r/LifeProTips!\n\nPlease help us decide if this post is a good fit for the subreddit by up or downvoting this comment. \n\nIf you think that this is great advice to improve your life, please upvote. If you think this doesn't help you in any way, please downvote. If you don't care, leave it for the others to decide.",
            "ups": 1,
            "downs": 0,
            "polarity": 0.7250000000000001,
            "subjectivity": 0.6625
        },
        {
            "comment_id": "hilt722",
            "body": "Only works if it actually IS more efficient.\n\nGenerally IT works with user stories.  Users want to do X or get Y done.  They\u2019re going to ignore any suggestions on how to get there and instead look for the safest, easiest and most efficient method.\n\nThat\u2019s why THEY are IT: their expertise is in finding the best solution, not in following someone\u2019s instructions who doesn\u2019t necessarily understand all the variables at play.",
            "ups": 5,
            "downs": 0,
            "polarity": 0.2928571428571428,
            "subjectivity": 0.5571428571428572
        },
        {
            "comment_id": "hilu537",
            "body": "Hi. I am curious what your particular IT related tasks are? IT is a very large field. It is like saying \"when I need my transport needs met, saying 'efficient' will get my stuff transported faster or else the transport people just transport it the way they want\". This does not really make sense since transportation is such a general term. Do you want to have parcels delivered overnight or are you hauling crude oil in a tanker? Likewise, IT comprises such diverse sub fields as installing a cartridge in a printer, to developing search algorithms for google, to training machine learning models in self driving cars, to designing robots.\n\nAs a software developer I have a few counter tips to you: 1. IT is not magic, you can actually learn how it works and this will greatly enhance the interactions you will have with \"IT people\" in the future. 2. \"IT people\" are, believe it or not,  actual human beings too. You should definitely try to have a normal conversation with them instead of manipulating them with magic words.\n\nGood luck!",
            "ups": 3,
            "downs": 0,
            "polarity": 0.07351190476190476,
            "subjectivity": 0.5007738095238095
        }
    ]
}