{
    "post_url": "https://www.reddit.com/r/politics/comments/qis1xr/eleven_states_sue_us_government_over_vaccine/",
    "time_posted": "2021-10-29 22:28:15",
    "time_now": "2021-11-04 12:08:57",
    "ups": 15,
    "downs": 0,
    "comments_since_last_sample": [],
    "top_comments_top": [
        {
            "comment_id": "hilg30i",
            "body": "\nAs a reminder, this subreddit [is for civil discussion.](/r/politics/wiki/index#wiki_be_civil)\n\nIn general, be courteous to others. Debate/discuss/argue the merits of ideas, don't attack people. Personal insults, shill or troll accusations, hate speech, any suggestion or support of harm, violence, or death, and other rule violations can result in a permanent ban. \n\nIf you see comments in violation of our rules, please report them.\n\n For those who have questions regarding any media outlets being posted on this subreddit, please click [here](https://www.reddit.com/r/politics/wiki/approveddomainslist) to review our details as to our approved domains list and outlet criteria.\n\n***\n\n\n*I am a bot, and this action was performed automatically. Please [contact the moderators of this subreddit](/message/compose/?to=/r/politics) if you have any questions or concerns.*",
            "ups": 1,
            "downs": 0,
            "polarity": -0.02916666666666667,
            "subjectivity": 0.5291666666666667
        },
        {
            "comment_id": "hilgc4h",
            "body": "Waste of taxpayer money.",
            "ups": 26,
            "downs": 0,
            "polarity": -0.2,
            "subjectivity": 0.0
        },
        {
            "comment_id": "hilhh57",
            "body": "retract all the contracts from those 11 states. move their contracts to the other 39 states. problem solved.",
            "ups": 17,
            "downs": 0,
            "polarity": -0.125,
            "subjectivity": 0.375
        },
        {
            "comment_id": "hilq4qi",
            "body": "Seems like nonsense. The federal government  has constitutional jurisdiction over interstate commerce. It controls its own contracts through the Federal Acquisition Regulation (FAR), which is where the COVID Executive Order largely manifests. Another portion of the Executive Order flows through OSHA, which has its own jurisdiction superceding that of any state.\n\nThe FAR have controlled federal contracts since 1984, with predecessor regulations dating back to 1947. Case law around the FAR is voluminous, but to my knowledge no court has ever found that the FAR can be overturned by a state - the federal government's interest in its own contracts and in maintaining a level playing field is compelling. Even if a specific, required FAR clause (like the COVID mandate) is left out of a contract, courts have consistently ruled that it is deemed to be part of the contract anyway. You can't weasel your way out. \n\nI haven't read the states' filings and don't plan to, but it seems likely they'd have to plead either against the FAR's authority (very unlikely to succeed) or some constitutional overreach by the Executive Order. Since the president has authority over Federal regulations, his authority is clear. They might question the president's judgment, but that's a dead letter: he's the president. If the country doesn't like a president's decisions it has political remedies: pass legislation, elect a new president, impeach and convict. Courts are not the remedy for politics, as 60 courts recently demonstrated by refusing to countenance baseless, partisan voter fraud filings. Since no court is going to step into lawful presidential orders simply on their merits, these states would have to demonstrate a clear constitutional breach. Protecting the health of federal employees and the employees of federal contractors is a compelling federal interest that clearly falls within the president's powers, so it's unclear what breach is imagined.\n\nThere's also no basis to claim damages. If you don't want to adhere to applicable FAR you don't have to. You don't get to be a federal contractor, or a subcontractor to a federal contractor, at any tier - but that is not harm. Since every other federal contractor or bidder for a federal contract must follow the same FAR, the playing field is level, *ergo*,  you have not been harmed and cannot claim to be.\n\nSource: not a lawyer,, Sourcing AVP for 20 years, Global Contract Manager for 15, our legal counsel &amp; I just drafted our company's compliance plan, which my department is implementing.\n\nJust more GQP grandstanding to rile up their base. I expect these lawsuits will go as far as the 60 election fraud lawsuits, where the only frauds found were in the legal arguments presented. This will further undermine confidence in our system of government - which is the real agenda.",
            "ups": 13,
            "downs": 0,
            "polarity": 0.10550364269876465,
            "subjectivity": 0.5723234082990181
        },
        {
            "comment_id": "hilgdph",
            "body": "The 11 dumbass states.",
            "ups": 11,
            "downs": 0,
            "polarity": 0.0,
            "subjectivity": 0.0
        }
    ],
    "top_comments_best": [
        {
            "comment_id": "hilg30i",
            "body": "\nAs a reminder, this subreddit [is for civil discussion.](/r/politics/wiki/index#wiki_be_civil)\n\nIn general, be courteous to others. Debate/discuss/argue the merits of ideas, don't attack people. Personal insults, shill or troll accusations, hate speech, any suggestion or support of harm, violence, or death, and other rule violations can result in a permanent ban. \n\nIf you see comments in violation of our rules, please report them.\n\n For those who have questions regarding any media outlets being posted on this subreddit, please click [here](https://www.reddit.com/r/politics/wiki/approveddomainslist) to review our details as to our approved domains list and outlet criteria.\n\n***\n\n\n*I am a bot, and this action was performed automatically. Please [contact the moderators of this subreddit](/message/compose/?to=/r/politics) if you have any questions or concerns.*",
            "ups": 1,
            "downs": 0,
            "polarity": -0.02916666666666667,
            "subjectivity": 0.5291666666666667
        },
        {
            "comment_id": "hilq4qi",
            "body": "Seems like nonsense. The federal government  has constitutional jurisdiction over interstate commerce. It controls its own contracts through the Federal Acquisition Regulation (FAR), which is where the COVID Executive Order largely manifests. Another portion of the Executive Order flows through OSHA, which has its own jurisdiction superceding that of any state.\n\nThe FAR have controlled federal contracts since 1984, with predecessor regulations dating back to 1947. Case law around the FAR is voluminous, but to my knowledge no court has ever found that the FAR can be overturned by a state - the federal government's interest in its own contracts and in maintaining a level playing field is compelling. Even if a specific, required FAR clause (like the COVID mandate) is left out of a contract, courts have consistently ruled that it is deemed to be part of the contract anyway. You can't weasel your way out. \n\nI haven't read the states' filings and don't plan to, but it seems likely they'd have to plead either against the FAR's authority (very unlikely to succeed) or some constitutional overreach by the Executive Order. Since the president has authority over Federal regulations, his authority is clear. They might question the president's judgment, but that's a dead letter: he's the president. If the country doesn't like a president's decisions it has political remedies: pass legislation, elect a new president, impeach and convict. Courts are not the remedy for politics, as 60 courts recently demonstrated by refusing to countenance baseless, partisan voter fraud filings. Since no court is going to step into lawful presidential orders simply on their merits, these states would have to demonstrate a clear constitutional breach. Protecting the health of federal employees and the employees of federal contractors is a compelling federal interest that clearly falls within the president's powers, so it's unclear what breach is imagined.\n\nThere's also no basis to claim damages. If you don't want to adhere to applicable FAR you don't have to. You don't get to be a federal contractor, or a subcontractor to a federal contractor, at any tier - but that is not harm. Since every other federal contractor or bidder for a federal contract must follow the same FAR, the playing field is level, *ergo*,  you have not been harmed and cannot claim to be.\n\nSource: not a lawyer,, Sourcing AVP for 20 years, Global Contract Manager for 15, our legal counsel &amp; I just drafted our company's compliance plan, which my department is implementing.\n\nJust more GQP grandstanding to rile up their base. I expect these lawsuits will go as far as the 60 election fraud lawsuits, where the only frauds found were in the legal arguments presented. This will further undermine confidence in our system of government - which is the real agenda.",
            "ups": 14,
            "downs": 0,
            "polarity": 0.10550364269876465,
            "subjectivity": 0.5723234082990181
        },
        {
            "comment_id": "hilgc4h",
            "body": "Waste of taxpayer money.",
            "ups": 27,
            "downs": 0,
            "polarity": -0.2,
            "subjectivity": 0.0
        },
        {
            "comment_id": "hilqo22",
            "body": "How do these states even have standing?  The federal government gets to decide who it hires and fires.  The governor of New Hampshire doesn't have veto power of federal HR decisions.",
            "ups": 5,
            "downs": 0,
            "polarity": 0.13636363636363635,
            "subjectivity": 0.45454545454545453
        },
        {
            "comment_id": "hilhh57",
            "body": "retract all the contracts from those 11 states. move their contracts to the other 39 states. problem solved.",
            "ups": 17,
            "downs": 0,
            "polarity": -0.125,
            "subjectivity": 0.375
        }
    ],
    "top_comments_hot": [
        {
            "comment_id": "hilg30i",
            "body": "\nAs a reminder, this subreddit [is for civil discussion.](/r/politics/wiki/index#wiki_be_civil)\n\nIn general, be courteous to others. Debate/discuss/argue the merits of ideas, don't attack people. Personal insults, shill or troll accusations, hate speech, any suggestion or support of harm, violence, or death, and other rule violations can result in a permanent ban. \n\nIf you see comments in violation of our rules, please report them.\n\n For those who have questions regarding any media outlets being posted on this subreddit, please click [here](https://www.reddit.com/r/politics/wiki/approveddomainslist) to review our details as to our approved domains list and outlet criteria.\n\n***\n\n\n*I am a bot, and this action was performed automatically. Please [contact the moderators of this subreddit](/message/compose/?to=/r/politics) if you have any questions or concerns.*",
            "ups": 1,
            "downs": 0,
            "polarity": -0.02916666666666667,
            "subjectivity": 0.5291666666666667
        },
        {
            "comment_id": "hilq4qi",
            "body": "Seems like nonsense. The federal government  has constitutional jurisdiction over interstate commerce. It controls its own contracts through the Federal Acquisition Regulation (FAR), which is where the COVID Executive Order largely manifests. Another portion of the Executive Order flows through OSHA, which has its own jurisdiction superceding that of any state.\n\nThe FAR have controlled federal contracts since 1984, with predecessor regulations dating back to 1947. Case law around the FAR is voluminous, but to my knowledge no court has ever found that the FAR can be overturned by a state - the federal government's interest in its own contracts and in maintaining a level playing field is compelling. Even if a specific, required FAR clause (like the COVID mandate) is left out of a contract, courts have consistently ruled that it is deemed to be part of the contract anyway. You can't weasel your way out. \n\nI haven't read the states' filings and don't plan to, but it seems likely they'd have to plead either against the FAR's authority (very unlikely to succeed) or some constitutional overreach by the Executive Order. Since the president has authority over Federal regulations, his authority is clear. They might question the president's judgment, but that's a dead letter: he's the president. If the country doesn't like a president's decisions it has political remedies: pass legislation, elect a new president, impeach and convict. Courts are not the remedy for politics, as 60 courts recently demonstrated by refusing to countenance baseless, partisan voter fraud filings. Since no court is going to step into lawful presidential orders simply on their merits, these states would have to demonstrate a clear constitutional breach. Protecting the health of federal employees and the employees of federal contractors is a compelling federal interest that clearly falls within the president's powers, so it's unclear what breach is imagined.\n\nThere's also no basis to claim damages. If you don't want to adhere to applicable FAR you don't have to. You don't get to be a federal contractor, or a subcontractor to a federal contractor, at any tier - but that is not harm. Since every other federal contractor or bidder for a federal contract must follow the same FAR, the playing field is level, *ergo*,  you have not been harmed and cannot claim to be.\n\nSource: not a lawyer,, Sourcing AVP for 20 years, Global Contract Manager for 15, our legal counsel &amp; I just drafted our company's compliance plan, which my department is implementing.\n\nJust more GQP grandstanding to rile up their base. I expect these lawsuits will go as far as the 60 election fraud lawsuits, where the only frauds found were in the legal arguments presented. This will further undermine confidence in our system of government - which is the real agenda.",
            "ups": 13,
            "downs": 0,
            "polarity": 0.10550364269876465,
            "subjectivity": 0.5723234082990181
        },
        {
            "comment_id": "hilgc4h",
            "body": "Waste of taxpayer money.",
            "ups": 27,
            "downs": 0,
            "polarity": -0.2,
            "subjectivity": 0.0
        },
        {
            "comment_id": "hilqo22",
            "body": "How do these states even have standing?  The federal government gets to decide who it hires and fires.  The governor of New Hampshire doesn't have veto power of federal HR decisions.",
            "ups": 4,
            "downs": 0,
            "polarity": 0.13636363636363635,
            "subjectivity": 0.45454545454545453
        },
        {
            "comment_id": "hilhh57",
            "body": "retract all the contracts from those 11 states. move their contracts to the other 39 states. problem solved.",
            "ups": 17,
            "downs": 0,
            "polarity": -0.125,
            "subjectivity": 0.375
        }
    ]
}