{
    "post_url": "https://www.reddit.com/r/gaming/comments/qj2qcv/the_average_team_fortress_2_enjoyer/",
    "time_posted": "2021-10-30 10:35:23",
    "time_now": "2021-11-04 03:52:20",
    "ups": 1,
    "downs": 0,
    "comments_since_last_sample": [],
    "top_comments_top": [
        {
            "comment_id": "hincb8h",
            "body": "Very well done. I feel for the heavy.",
            "ups": 1,
            "downs": 0,
            "polarity": 0.0,
            "subjectivity": 0.4
        }
    ],
    "top_comments_best": [
        {
            "comment_id": "hincb8h",
            "body": "Very well done. I feel for the heavy.",
            "ups": 1,
            "downs": 0,
            "polarity": 0.0,
            "subjectivity": 0.4
        }
    ],
    "top_comments_hot": [
        {
            "comment_id": "hincb8h",
            "body": "Very well done. I feel for the heavy.",
            "ups": 1,
            "downs": 0,
            "polarity": 0.0,
            "subjectivity": 0.4
        }
    ]
}