{
    "post_url": "https://www.reddit.com/r/gaming/comments/qj4ogi/littleknown_horror_game_recommendations_to_play/",
    "time_posted": "2021-10-30 12:12:14",
    "time_now": "2021-11-02 10:39:12",
    "ups": 1,
    "downs": 0,
    "comments_since_last_sample": [],
    "top_comments_top": [
        {
            "comment_id": "hinohrq",
            "body": "Emily wants to play is terrifying IMO",
            "ups": 1,
            "downs": 0,
            "polarity": -0.4,
            "subjectivity": 0.55
        },
        {
            "comment_id": "hinoj8h",
            "body": "[Fossilfuel](https://store.steampowered.com/app/1597040/Fossilfuel/) games\n\nJust came out with Raptor Isolation in [VR](https://store.steampowered.com/app/1774650/Fossilfuel_VR_Raptor_Isolation/). Like Alien Isolation.",
            "ups": 1,
            "downs": 0,
            "polarity": -0.25,
            "subjectivity": 0.75
        },
        {
            "comment_id": "hinolip",
            "body": "There's a free horror puzzle game this week on Epic.\n\nhttps://www.epicgames.com/store/en-US/p/darq-complete-edition",
            "ups": 1,
            "downs": 0,
            "polarity": 0.03333333333333333,
            "subjectivity": 0.5333333333333333
        },
        {
            "comment_id": "hinow3q",
            "body": "Cry of Fear\n\nAnd its free",
            "ups": 1,
            "downs": 0,
            "polarity": 0.4,
            "subjectivity": 0.8
        },
        {
            "comment_id": "hinp3bx",
            "body": "Scp Secret laboratorys",
            "ups": 1,
            "downs": 0,
            "polarity": -0.4,
            "subjectivity": 0.7
        }
    ],
    "top_comments_best": [
        {
            "comment_id": "hinohrq",
            "body": "Emily wants to play is terrifying IMO",
            "ups": 1,
            "downs": 0,
            "polarity": -0.4,
            "subjectivity": 0.55
        },
        {
            "comment_id": "hinoj8h",
            "body": "[Fossilfuel](https://store.steampowered.com/app/1597040/Fossilfuel/) games\n\nJust came out with Raptor Isolation in [VR](https://store.steampowered.com/app/1774650/Fossilfuel_VR_Raptor_Isolation/). Like Alien Isolation.",
            "ups": 1,
            "downs": 0,
            "polarity": -0.25,
            "subjectivity": 0.75
        },
        {
            "comment_id": "hinolip",
            "body": "There's a free horror puzzle game this week on Epic.\n\nhttps://www.epicgames.com/store/en-US/p/darq-complete-edition",
            "ups": 1,
            "downs": 0,
            "polarity": 0.03333333333333333,
            "subjectivity": 0.5333333333333333
        },
        {
            "comment_id": "hinow3q",
            "body": "Cry of Fear\n\nAnd its free",
            "ups": 1,
            "downs": 0,
            "polarity": 0.4,
            "subjectivity": 0.8
        },
        {
            "comment_id": "hinp3bx",
            "body": "Scp Secret laboratorys",
            "ups": 1,
            "downs": 0,
            "polarity": -0.4,
            "subjectivity": 0.7
        }
    ],
    "top_comments_hot": [
        {
            "comment_id": "hinohrq",
            "body": "Emily wants to play is terrifying IMO",
            "ups": 1,
            "downs": 0,
            "polarity": -0.4,
            "subjectivity": 0.55
        },
        {
            "comment_id": "hinoj8h",
            "body": "[Fossilfuel](https://store.steampowered.com/app/1597040/Fossilfuel/) games\n\nJust came out with Raptor Isolation in [VR](https://store.steampowered.com/app/1774650/Fossilfuel_VR_Raptor_Isolation/). Like Alien Isolation.",
            "ups": 1,
            "downs": 0,
            "polarity": -0.25,
            "subjectivity": 0.75
        },
        {
            "comment_id": "hinolip",
            "body": "There's a free horror puzzle game this week on Epic.\n\nhttps://www.epicgames.com/store/en-US/p/darq-complete-edition",
            "ups": 1,
            "downs": 0,
            "polarity": 0.03333333333333333,
            "subjectivity": 0.5333333333333333
        },
        {
            "comment_id": "hinow3q",
            "body": "Cry of Fear\n\nAnd its free",
            "ups": 1,
            "downs": 0,
            "polarity": 0.4,
            "subjectivity": 0.8
        },
        {
            "comment_id": "hinp3bx",
            "body": "Scp Secret laboratorys",
            "ups": 1,
            "downs": 0,
            "polarity": -0.4,
            "subjectivity": 0.7
        }
    ]
}