{
    "post_url": "https://www.reddit.com/r/politics/comments/qj0ah3/court_filing_lists_documents_trump_seeks_to/",
    "time_posted": "2021-10-30 08:15:59",
    "time_now": "2021-11-03 07:17:59",
    "ups": 936,
    "downs": 0,
    "comments_since_last_sample": [],
    "top_comments_top": [
        {
            "comment_id": "himuzze",
            "body": "\nAs a reminder, this subreddit [is for civil discussion.](/r/politics/wiki/index#wiki_be_civil)\n\nIn general, be courteous to others. Debate/discuss/argue the merits of ideas, don't attack people. Personal insults, shill or troll accusations, hate speech, any suggestion or support of harm, violence, or death, and other rule violations can result in a permanent ban. \n\nIf you see comments in violation of our rules, please report them.\n\n For those who have questions regarding any media outlets being posted on this subreddit, please click [here](https://www.reddit.com/r/politics/wiki/approveddomainslist) to review our details as to our approved domains list and outlet criteria.\n\n***\n\n\n*I am a bot, and this action was performed automatically. Please [contact the moderators of this subreddit](/message/compose/?to=/r/politics) if you have any questions or concerns.*",
            "ups": 1,
            "downs": 0,
            "polarity": -0.02916666666666667,
            "subjectivity": 0.5291666666666667
        },
        {
            "comment_id": "himy4jc",
            "body": "Good.  He has provided Congress with a map of where the bones are hidden.",
            "ups": 111,
            "downs": 0,
            "polarity": 0.26666666666666666,
            "subjectivity": 0.4666666666666667
        },
        {
            "comment_id": "himy4xl",
            "body": "Since we know they had talking points for steps to try to steal the election, these notes for aryan barbie probably included the announcement trump had taken over and was now supreme leader. These people are not smart, they probably had the plans all written down.",
            "ups": 66,
            "downs": 0,
            "polarity": -0.13134920634920635,
            "subjectivity": 0.4658730158730159
        },
        {
            "comment_id": "himxwsl",
            "body": "https://twitter.com/kaitlancollins/status/1454338718345596931?s=21\n\n&gt; Major news overnight \u2014 Per a sworn declaration from the National Archives, Trump is trying to keep more than 700 pages of files out of the hands of the Jan. 6 committee, including 30 pages of his daily schedule, visitor logs and call records for Trump/Pence, @kpolantz reports.\n\n&gt; This includes documents from Trump's top aides, including three handwritten notes from Mark Meadows, proposed talking points for Kayleigh McEnany, files from Stephen Miller and deputy counsel Pat Philbin, the White House \"daily diary\" and drafts for remarks regarding 1/6.\n\n&gt; The National Archives says Trump wanted to assert privilege over \"a handwritten note from former Chief\nof Staff Mark Meadows\u2019 files listing potential or scheduled briefings and telephone calls concerning the January 6 certification and other election issues.\"",
            "ups": 60,
            "downs": 0,
            "polarity": 0.10416666666666667,
            "subjectivity": 0.3194444444444444
        },
        {
            "comment_id": "himvcns",
            "body": "Donny ALWAYS trying to hide something.",
            "ups": 31,
            "downs": 0,
            "polarity": 0.0,
            "subjectivity": 0.0
        }
    ],
    "top_comments_best": [
        {
            "comment_id": "himuzze",
            "body": "\nAs a reminder, this subreddit [is for civil discussion.](/r/politics/wiki/index#wiki_be_civil)\n\nIn general, be courteous to others. Debate/discuss/argue the merits of ideas, don't attack people. Personal insults, shill or troll accusations, hate speech, any suggestion or support of harm, violence, or death, and other rule violations can result in a permanent ban. \n\nIf you see comments in violation of our rules, please report them.\n\n For those who have questions regarding any media outlets being posted on this subreddit, please click [here](https://www.reddit.com/r/politics/wiki/approveddomainslist) to review our details as to our approved domains list and outlet criteria.\n\n***\n\n\n*I am a bot, and this action was performed automatically. Please [contact the moderators of this subreddit](/message/compose/?to=/r/politics) if you have any questions or concerns.*",
            "ups": 1,
            "downs": 0,
            "polarity": -0.02916666666666667,
            "subjectivity": 0.5291666666666667
        },
        {
            "comment_id": "himy4jc",
            "body": "Good.  He has provided Congress with a map of where the bones are hidden.",
            "ups": 115,
            "downs": 0,
            "polarity": 0.26666666666666666,
            "subjectivity": 0.4666666666666667
        },
        {
            "comment_id": "himy4xl",
            "body": "Since we know they had talking points for steps to try to steal the election, these notes for aryan barbie probably included the announcement trump had taken over and was now supreme leader. These people are not smart, they probably had the plans all written down.",
            "ups": 64,
            "downs": 0,
            "polarity": -0.13134920634920635,
            "subjectivity": 0.4658730158730159
        },
        {
            "comment_id": "himvcns",
            "body": "Donny ALWAYS trying to hide something.",
            "ups": 32,
            "downs": 0,
            "polarity": 0.0,
            "subjectivity": 0.0
        },
        {
            "comment_id": "himy4pk",
            "body": "That is a lot of criminal treason Trump is trying to cover up",
            "ups": 23,
            "downs": 0,
            "polarity": -0.4,
            "subjectivity": 0.55
        }
    ],
    "top_comments_hot": [
        {
            "comment_id": "himuzze",
            "body": "\nAs a reminder, this subreddit [is for civil discussion.](/r/politics/wiki/index#wiki_be_civil)\n\nIn general, be courteous to others. Debate/discuss/argue the merits of ideas, don't attack people. Personal insults, shill or troll accusations, hate speech, any suggestion or support of harm, violence, or death, and other rule violations can result in a permanent ban. \n\nIf you see comments in violation of our rules, please report them.\n\n For those who have questions regarding any media outlets being posted on this subreddit, please click [here](https://www.reddit.com/r/politics/wiki/approveddomainslist) to review our details as to our approved domains list and outlet criteria.\n\n***\n\n\n*I am a bot, and this action was performed automatically. Please [contact the moderators of this subreddit](/message/compose/?to=/r/politics) if you have any questions or concerns.*",
            "ups": 1,
            "downs": 0,
            "polarity": -0.02916666666666667,
            "subjectivity": 0.5291666666666667
        },
        {
            "comment_id": "himy4jc",
            "body": "Good.  He has provided Congress with a map of where the bones are hidden.",
            "ups": 113,
            "downs": 0,
            "polarity": 0.26666666666666666,
            "subjectivity": 0.4666666666666667
        },
        {
            "comment_id": "himy4xl",
            "body": "Since we know they had talking points for steps to try to steal the election, these notes for aryan barbie probably included the announcement trump had taken over and was now supreme leader. These people are not smart, they probably had the plans all written down.",
            "ups": 66,
            "downs": 0,
            "polarity": -0.13134920634920635,
            "subjectivity": 0.4658730158730159
        },
        {
            "comment_id": "himvcns",
            "body": "Donny ALWAYS trying to hide something.",
            "ups": 34,
            "downs": 0,
            "polarity": 0.0,
            "subjectivity": 0.0
        },
        {
            "comment_id": "himy4pk",
            "body": "That is a lot of criminal treason Trump is trying to cover up",
            "ups": 22,
            "downs": 0,
            "polarity": -0.4,
            "subjectivity": 0.55
        }
    ]
}