{
    "post_url": "https://www.reddit.com/r/politics/comments/qititj/watchdog_state_dept_and_pentagon_withholding/",
    "time_posted": "2021-10-30 00:01:13",
    "time_now": "2021-11-02 02:27:58",
    "ups": 13,
    "downs": 0,
    "comments_since_last_sample": [],
    "top_comments_top": [
        {
            "comment_id": "hilqs4f",
            "body": "\nAs a reminder, this subreddit [is for civil discussion.](/r/politics/wiki/index#wiki_be_civil)\n\nIn general, be courteous to others. Debate/discuss/argue the merits of ideas, don't attack people. Personal insults, shill or troll accusations, hate speech, any suggestion or support of harm, violence, or death, and other rule violations can result in a permanent ban. \n\nIf you see comments in violation of our rules, please report them.\n\n For those who have questions regarding any media outlets being posted on this subreddit, please click [here](https://www.reddit.com/r/politics/wiki/approveddomainslist) to review our details as to our approved domains list and outlet criteria.\n\n***\n\n\n*I am a bot, and this action was performed automatically. Please [contact the moderators of this subreddit](/message/compose/?to=/r/politics) if you have any questions or concerns.*",
            "ups": 1,
            "downs": 0,
            "polarity": -0.02916666666666667,
            "subjectivity": 0.5291666666666667
        },
        {
            "comment_id": "hilv4e6",
            "body": "Biden was there for 8.5 of the 20 years. I\u2019d hazard he\u2019s terrified of the evidence implicating exactly *who* was gaslighting America about \u201cprogress\u201d in Afghanistan on our way to the chaotic withdrawal.",
            "ups": 4,
            "downs": 0,
            "polarity": 0.25,
            "subjectivity": 0.25
        },
        {
            "comment_id": "himkvff",
            "body": "Thanks Republicans for creating this mess in the first place!",
            "ups": -1,
            "downs": 0,
            "polarity": 0.1125,
            "subjectivity": 0.23611111111111108
        },
        {
            "comment_id": "himltas",
            "body": "Per the trump rule: doesn\u2019t matter. Presidents can do anything.",
            "ups": -3,
            "downs": 0,
            "polarity": 0.0,
            "subjectivity": 0.0
        }
    ],
    "top_comments_best": [
        {
            "comment_id": "hilqs4f",
            "body": "\nAs a reminder, this subreddit [is for civil discussion.](/r/politics/wiki/index#wiki_be_civil)\n\nIn general, be courteous to others. Debate/discuss/argue the merits of ideas, don't attack people. Personal insults, shill or troll accusations, hate speech, any suggestion or support of harm, violence, or death, and other rule violations can result in a permanent ban. \n\nIf you see comments in violation of our rules, please report them.\n\n For those who have questions regarding any media outlets being posted on this subreddit, please click [here](https://www.reddit.com/r/politics/wiki/approveddomainslist) to review our details as to our approved domains list and outlet criteria.\n\n***\n\n\n*I am a bot, and this action was performed automatically. Please [contact the moderators of this subreddit](/message/compose/?to=/r/politics) if you have any questions or concerns.*",
            "ups": 1,
            "downs": 0,
            "polarity": -0.02916666666666667,
            "subjectivity": 0.5291666666666667
        },
        {
            "comment_id": "hilv4e6",
            "body": "Biden was there for 8.5 of the 20 years. I\u2019d hazard he\u2019s terrified of the evidence implicating exactly *who* was gaslighting America about \u201cprogress\u201d in Afghanistan on our way to the chaotic withdrawal.",
            "ups": 6,
            "downs": 0,
            "polarity": 0.25,
            "subjectivity": 0.25
        },
        {
            "comment_id": "himkvff",
            "body": "Thanks Republicans for creating this mess in the first place!",
            "ups": -1,
            "downs": 0,
            "polarity": 0.1125,
            "subjectivity": 0.23611111111111108
        },
        {
            "comment_id": "himltas",
            "body": "Per the trump rule: doesn\u2019t matter. Presidents can do anything.",
            "ups": -4,
            "downs": 0,
            "polarity": 0.0,
            "subjectivity": 0.0
        }
    ],
    "top_comments_hot": [
        {
            "comment_id": "hilqs4f",
            "body": "\nAs a reminder, this subreddit [is for civil discussion.](/r/politics/wiki/index#wiki_be_civil)\n\nIn general, be courteous to others. Debate/discuss/argue the merits of ideas, don't attack people. Personal insults, shill or troll accusations, hate speech, any suggestion or support of harm, violence, or death, and other rule violations can result in a permanent ban. \n\nIf you see comments in violation of our rules, please report them.\n\n For those who have questions regarding any media outlets being posted on this subreddit, please click [here](https://www.reddit.com/r/politics/wiki/approveddomainslist) to review our details as to our approved domains list and outlet criteria.\n\n***\n\n\n*I am a bot, and this action was performed automatically. Please [contact the moderators of this subreddit](/message/compose/?to=/r/politics) if you have any questions or concerns.*",
            "ups": 1,
            "downs": 0,
            "polarity": -0.02916666666666667,
            "subjectivity": 0.5291666666666667
        },
        {
            "comment_id": "hilv4e6",
            "body": "Biden was there for 8.5 of the 20 years. I\u2019d hazard he\u2019s terrified of the evidence implicating exactly *who* was gaslighting America about \u201cprogress\u201d in Afghanistan on our way to the chaotic withdrawal.",
            "ups": 3,
            "downs": 0,
            "polarity": 0.25,
            "subjectivity": 0.25
        },
        {
            "comment_id": "himkvff",
            "body": "Thanks Republicans for creating this mess in the first place!",
            "ups": -1,
            "downs": 0,
            "polarity": 0.1125,
            "subjectivity": 0.23611111111111108
        },
        {
            "comment_id": "himltas",
            "body": "Per the trump rule: doesn\u2019t matter. Presidents can do anything.",
            "ups": -4,
            "downs": 0,
            "polarity": 0.0,
            "subjectivity": 0.0
        }
    ]
}