{
    "post_url": "https://www.reddit.com/r/gaming/comments/qiyte7/fast_paced_fps/",
    "time_posted": "2021-10-30 06:33:35",
    "time_now": "2021-11-04 12:06:57",
    "ups": 2,
    "downs": 0,
    "comments_since_last_sample": [],
    "top_comments_top": [
        {
            "comment_id": "himp90r",
            "body": "Doom eternal",
            "ups": 3,
            "downs": 0,
            "polarity": 0.0,
            "subjectivity": 0.0
        },
        {
            "comment_id": "himn5pu",
            "body": "halo \ud83d\ude02",
            "ups": 2,
            "downs": 0,
            "polarity": 0.0,
            "subjectivity": 0.0
        },
        {
            "comment_id": "himqplg",
            "body": "Yep doom eternal",
            "ups": 1,
            "downs": 0,
            "polarity": 0.0,
            "subjectivity": 0.0
        }
    ],
    "top_comments_best": [
        {
            "comment_id": "himp90r",
            "body": "Doom eternal",
            "ups": 3,
            "downs": 0,
            "polarity": 0.0,
            "subjectivity": 0.0
        },
        {
            "comment_id": "himn5pu",
            "body": "halo \ud83d\ude02",
            "ups": 2,
            "downs": 0,
            "polarity": 0.0,
            "subjectivity": 0.0
        },
        {
            "comment_id": "himqplg",
            "body": "Yep doom eternal",
            "ups": 1,
            "downs": 0,
            "polarity": 0.0,
            "subjectivity": 0.0
        }
    ],
    "top_comments_hot": [
        {
            "comment_id": "himp90r",
            "body": "Doom eternal",
            "ups": 3,
            "downs": 0,
            "polarity": 0.0,
            "subjectivity": 0.0
        },
        {
            "comment_id": "himn5pu",
            "body": "halo \ud83d\ude02",
            "ups": 2,
            "downs": 0,
            "polarity": 0.0,
            "subjectivity": 0.0
        },
        {
            "comment_id": "himqplg",
            "body": "Yep doom eternal",
            "ups": 1,
            "downs": 0,
            "polarity": 0.0,
            "subjectivity": 0.0
        }
    ]
}