{
    "post_url": "https://www.reddit.com/r/gaming/comments/qj2i7n/what_are_the_best_horror_games_to_play_this/",
    "time_posted": "2021-10-30 10:23:45",
    "time_now": "2021-10-31 00:59:51",
    "ups": 5,
    "downs": 0,
    "comments_since_last_sample": [],
    "top_comments_top": [
        {
            "comment_id": "hincoys",
            "body": "I really enjoyed SOMA. Really great atmosphere - exploring the bottom of the ocean was scary as hell \ud83d\udc7b",
            "ups": 2,
            "downs": 0,
            "polarity": 0.26666666666666666,
            "subjectivity": 0.8166666666666668
        },
        {
            "comment_id": "hinaww3",
            "body": "I always find myself going back to the Silent Hill trilogy. Fatal frame is nice as well. On PS4, even though it's not really a horror game, Bloodborne really hits the tone of \"nightmare\" to me.",
            "ups": 1,
            "downs": 0,
            "polarity": 0.049999999999999996,
            "subjectivity": 0.3166666666666667
        },
        {
            "comment_id": "hinbbfl",
            "body": "1. Amnesia Dark Descent\n2. Any Games made by Puppet Combo (PC)\n3. Escape the Ayuwoki ([Itch.io](https://Itch.io) version not the Steam version)\n4. Evil Within\n5. SCP - Containment Breach (PC)\n6. Cry of Fear (PC)",
            "ups": 1,
            "downs": 0,
            "polarity": -0.575,
            "subjectivity": 0.7
        },
        {
            "comment_id": "hindx5e",
            "body": "Outlast is the scariest thing I've ever played.",
            "ups": 1,
            "downs": 0,
            "polarity": 0.0,
            "subjectivity": 0.0
        },
        {
            "comment_id": "hine1sh",
            "body": "Not exactly spooky but i suggest you play some superliminal",
            "ups": 1,
            "downs": 0,
            "polarity": -0.125,
            "subjectivity": 0.25
        }
    ],
    "top_comments_best": [
        {
            "comment_id": "hincoys",
            "body": "I really enjoyed SOMA. Really great atmosphere - exploring the bottom of the ocean was scary as hell \ud83d\udc7b",
            "ups": 2,
            "downs": 0,
            "polarity": 0.26666666666666666,
            "subjectivity": 0.8166666666666668
        },
        {
            "comment_id": "hinaww3",
            "body": "I always find myself going back to the Silent Hill trilogy. Fatal frame is nice as well. On PS4, even though it's not really a horror game, Bloodborne really hits the tone of \"nightmare\" to me.",
            "ups": 1,
            "downs": 0,
            "polarity": 0.049999999999999996,
            "subjectivity": 0.3166666666666667
        },
        {
            "comment_id": "hinbbfl",
            "body": "1. Amnesia Dark Descent\n2. Any Games made by Puppet Combo (PC)\n3. Escape the Ayuwoki ([Itch.io](https://Itch.io) version not the Steam version)\n4. Evil Within\n5. SCP - Containment Breach (PC)\n6. Cry of Fear (PC)",
            "ups": 1,
            "downs": 0,
            "polarity": -0.575,
            "subjectivity": 0.7
        },
        {
            "comment_id": "hindx5e",
            "body": "Outlast is the scariest thing I've ever played.",
            "ups": 1,
            "downs": 0,
            "polarity": 0.0,
            "subjectivity": 0.0
        },
        {
            "comment_id": "hine1sh",
            "body": "Not exactly spooky but i suggest you play some superliminal",
            "ups": 1,
            "downs": 0,
            "polarity": -0.125,
            "subjectivity": 0.25
        }
    ],
    "top_comments_hot": [
        {
            "comment_id": "hincoys",
            "body": "I really enjoyed SOMA. Really great atmosphere - exploring the bottom of the ocean was scary as hell \ud83d\udc7b",
            "ups": 2,
            "downs": 0,
            "polarity": 0.26666666666666666,
            "subjectivity": 0.8166666666666668
        },
        {
            "comment_id": "hinaww3",
            "body": "I always find myself going back to the Silent Hill trilogy. Fatal frame is nice as well. On PS4, even though it's not really a horror game, Bloodborne really hits the tone of \"nightmare\" to me.",
            "ups": 1,
            "downs": 0,
            "polarity": 0.049999999999999996,
            "subjectivity": 0.3166666666666667
        },
        {
            "comment_id": "hinbbfl",
            "body": "1. Amnesia Dark Descent\n2. Any Games made by Puppet Combo (PC)\n3. Escape the Ayuwoki ([Itch.io](https://Itch.io) version not the Steam version)\n4. Evil Within\n5. SCP - Containment Breach (PC)\n6. Cry of Fear (PC)",
            "ups": 1,
            "downs": 0,
            "polarity": -0.575,
            "subjectivity": 0.7
        },
        {
            "comment_id": "hindx5e",
            "body": "Outlast is the scariest thing I've ever played.",
            "ups": 1,
            "downs": 0,
            "polarity": 0.0,
            "subjectivity": 0.0
        },
        {
            "comment_id": "hine1sh",
            "body": "Not exactly spooky but i suggest you play some superliminal",
            "ups": 1,
            "downs": 0,
            "polarity": -0.125,
            "subjectivity": 0.25
        }
    ]
}