{
    "post_url": "https://www.reddit.com/r/LifeProTips/comments/qitfh2/lpt_night_vision/",
    "time_posted": "2021-10-29 23:55:46",
    "time_now": "2021-11-01 09:59:42",
    "ups": 18,
    "downs": 0,
    "comments_since_last_sample": [],
    "top_comments_top": [
        {
            "comment_id": "hilq7sq",
            "body": "Hello and welcome to r/LifeProTips!\n\nPlease help us decide if this post is a good fit for the subreddit by up or downvoting this comment. \n\nIf you think that this is great advice to improve your life, please upvote. If you think this doesn't help you in any way, please downvote. If you don't care, leave it for the others to decide.",
            "ups": 1,
            "downs": 0,
            "polarity": 0.7250000000000001,
            "subjectivity": 0.6625
        },
        {
            "comment_id": "hilqtp0",
            "body": "That's actually why pirates wore an eyepatch",
            "ups": 23,
            "downs": 0,
            "polarity": 0.0,
            "subjectivity": 0.1
        },
        {
            "comment_id": "hilu63x",
            "body": "I saw this on Bear Grylis, however it's spelled.",
            "ups": 3,
            "downs": 0,
            "polarity": 0.0,
            "subjectivity": 0.0
        },
        {
            "comment_id": "hilxdjo",
            "body": "Damn, monocular vision strikes again.\n\nGuess I keep stubbing my toes.",
            "ups": 2,
            "downs": 0,
            "polarity": 0.0,
            "subjectivity": 0.0
        },
        {
            "comment_id": "hilxf44",
            "body": "But I only have one eye.  Now what do I do?",
            "ups": 2,
            "downs": 0,
            "polarity": 0.0,
            "subjectivity": 1.0
        }
    ],
    "top_comments_best": [
        {
            "comment_id": "hilq7sq",
            "body": "Hello and welcome to r/LifeProTips!\n\nPlease help us decide if this post is a good fit for the subreddit by up or downvoting this comment. \n\nIf you think that this is great advice to improve your life, please upvote. If you think this doesn't help you in any way, please downvote. If you don't care, leave it for the others to decide.",
            "ups": 1,
            "downs": 0,
            "polarity": 0.7250000000000001,
            "subjectivity": 0.6625
        },
        {
            "comment_id": "hilqtp0",
            "body": "That's actually why pirates wore an eyepatch",
            "ups": 22,
            "downs": 0,
            "polarity": 0.0,
            "subjectivity": 0.1
        },
        {
            "comment_id": "hilu63x",
            "body": "I saw this on Bear Grylis, however it's spelled.",
            "ups": 3,
            "downs": 0,
            "polarity": 0.0,
            "subjectivity": 0.0
        },
        {
            "comment_id": "hilxdjo",
            "body": "Damn, monocular vision strikes again.\n\nGuess I keep stubbing my toes.",
            "ups": 2,
            "downs": 0,
            "polarity": 0.0,
            "subjectivity": 0.0
        },
        {
            "comment_id": "hilxf44",
            "body": "But I only have one eye.  Now what do I do?",
            "ups": 2,
            "downs": 0,
            "polarity": 0.0,
            "subjectivity": 1.0
        }
    ],
    "top_comments_hot": [
        {
            "comment_id": "hilq7sq",
            "body": "Hello and welcome to r/LifeProTips!\n\nPlease help us decide if this post is a good fit for the subreddit by up or downvoting this comment. \n\nIf you think that this is great advice to improve your life, please upvote. If you think this doesn't help you in any way, please downvote. If you don't care, leave it for the others to decide.",
            "ups": 1,
            "downs": 0,
            "polarity": 0.7250000000000001,
            "subjectivity": 0.6625
        },
        {
            "comment_id": "hilqtp0",
            "body": "That's actually why pirates wore an eyepatch",
            "ups": 22,
            "downs": 0,
            "polarity": 0.0,
            "subjectivity": 0.1
        },
        {
            "comment_id": "hilu63x",
            "body": "I saw this on Bear Grylis, however it's spelled.",
            "ups": 3,
            "downs": 0,
            "polarity": 0.0,
            "subjectivity": 0.0
        },
        {
            "comment_id": "hilxdjo",
            "body": "Damn, monocular vision strikes again.\n\nGuess I keep stubbing my toes.",
            "ups": 2,
            "downs": 0,
            "polarity": 0.0,
            "subjectivity": 0.0
        },
        {
            "comment_id": "hilxf44",
            "body": "But I only have one eye.  Now what do I do?",
            "ups": 2,
            "downs": 0,
            "polarity": 0.0,
            "subjectivity": 1.0
        }
    ]
}