{
    "post_url": "https://www.reddit.com/r/LifeProTips/comments/qij8ai/lpt_as_soon_as_you_get_a_new_puppy_or_kitten/",
    "time_posted": "2021-10-29 14:30:55",
    "time_now": "2021-10-31 05:10:24",
    "ups": 729,
    "downs": 0,
    "comments_since_last_sample": [],
    "top_comments_top": [
        {
            "comment_id": "hijmt57",
            "body": "Hello and welcome to r/LifeProTips!\n\nPlease help us decide if this post is a good fit for the subreddit by up or downvoting this comment. \n\nIf you think that this is great advice to improve your life, please upvote. If you think this doesn't help you in any way, please downvote. If you don't care, leave it for the others to decide.",
            "ups": 1,
            "downs": 0,
            "polarity": 0.7250000000000001,
            "subjectivity": 0.6625
        },
        {
            "comment_id": "hikozcm",
            "body": "A veterinarian told me this years ago when I got a new kitten, and it made it really easy for me to keep its claws trimmed, as well as every cat and dog I've had since then.\n\nI play with their pads, gently massaging, and make a game of it, and they love it. They will voluntarily stretch their pads out of make it easier to get between their toes.",
            "ups": 57,
            "downs": 0,
            "polarity": 0.17393939393939395,
            "subjectivity": 0.6175757575757576
        },
        {
            "comment_id": "hikt5vc",
            "body": "Also, fuck with your dog while it eats.  Pull its bowl away for a second, put your hand in between, stick your fingers in its mouth.  Seriously.  Dogs can develop feeding-time aggression, if you've ever met a dog that becomes a terrifying psycho when the bowl comes out, you know what I mean.  Interrupting your dog teaches it the food will still be there, you're not trying to eat it too, etc.",
            "ups": 51,
            "downs": 0,
            "polarity": -0.4091666666666667,
            "subjectivity": 0.5908333333333333
        },
        {
            "comment_id": "hiks3x3",
            "body": "Wait is this why my cats are super chill and let me give them manipedis? Because we've been obsessed with their beans since they were babies?",
            "ups": 30,
            "downs": 0,
            "polarity": -0.08333333333333334,
            "subjectivity": 0.8333333333333333
        },
        {
            "comment_id": "hijv0tl",
            "body": "I typically do things toddlers would do but teach them to react with gentle behavior.",
            "ups": 17,
            "downs": 0,
            "polarity": 0.016666666666666677,
            "subjectivity": 0.65
        }
    ],
    "top_comments_best": [
        {
            "comment_id": "hijmt57",
            "body": "Hello and welcome to r/LifeProTips!\n\nPlease help us decide if this post is a good fit for the subreddit by up or downvoting this comment. \n\nIf you think that this is great advice to improve your life, please upvote. If you think this doesn't help you in any way, please downvote. If you don't care, leave it for the others to decide.",
            "ups": 1,
            "downs": 0,
            "polarity": 0.7250000000000001,
            "subjectivity": 0.6625
        },
        {
            "comment_id": "hikozcm",
            "body": "A veterinarian told me this years ago when I got a new kitten, and it made it really easy for me to keep its claws trimmed, as well as every cat and dog I've had since then.\n\nI play with their pads, gently massaging, and make a game of it, and they love it. They will voluntarily stretch their pads out of make it easier to get between their toes.",
            "ups": 57,
            "downs": 0,
            "polarity": 0.17393939393939395,
            "subjectivity": 0.6175757575757576
        },
        {
            "comment_id": "hiks3x3",
            "body": "Wait is this why my cats are super chill and let me give them manipedis? Because we've been obsessed with their beans since they were babies?",
            "ups": 30,
            "downs": 0,
            "polarity": -0.08333333333333334,
            "subjectivity": 0.8333333333333333
        },
        {
            "comment_id": "hijv0tl",
            "body": "I typically do things toddlers would do but teach them to react with gentle behavior.",
            "ups": 18,
            "downs": 0,
            "polarity": 0.016666666666666677,
            "subjectivity": 0.65
        },
        {
            "comment_id": "hikt5vc",
            "body": "Also, fuck with your dog while it eats.  Pull its bowl away for a second, put your hand in between, stick your fingers in its mouth.  Seriously.  Dogs can develop feeding-time aggression, if you've ever met a dog that becomes a terrifying psycho when the bowl comes out, you know what I mean.  Interrupting your dog teaches it the food will still be there, you're not trying to eat it too, etc.",
            "ups": 53,
            "downs": 0,
            "polarity": -0.4091666666666667,
            "subjectivity": 0.5908333333333333
        }
    ],
    "top_comments_hot": [
        {
            "comment_id": "hijmt57",
            "body": "Hello and welcome to r/LifeProTips!\n\nPlease help us decide if this post is a good fit for the subreddit by up or downvoting this comment. \n\nIf you think that this is great advice to improve your life, please upvote. If you think this doesn't help you in any way, please downvote. If you don't care, leave it for the others to decide.",
            "ups": 1,
            "downs": 0,
            "polarity": 0.7250000000000001,
            "subjectivity": 0.6625
        },
        {
            "comment_id": "hikozcm",
            "body": "A veterinarian told me this years ago when I got a new kitten, and it made it really easy for me to keep its claws trimmed, as well as every cat and dog I've had since then.\n\nI play with their pads, gently massaging, and make a game of it, and they love it. They will voluntarily stretch their pads out of make it easier to get between their toes.",
            "ups": 57,
            "downs": 0,
            "polarity": 0.17393939393939395,
            "subjectivity": 0.6175757575757576
        },
        {
            "comment_id": "hiks3x3",
            "body": "Wait is this why my cats are super chill and let me give them manipedis? Because we've been obsessed with their beans since they were babies?",
            "ups": 31,
            "downs": 0,
            "polarity": -0.08333333333333334,
            "subjectivity": 0.8333333333333333
        },
        {
            "comment_id": "hijv0tl",
            "body": "I typically do things toddlers would do but teach them to react with gentle behavior.",
            "ups": 19,
            "downs": 0,
            "polarity": 0.016666666666666677,
            "subjectivity": 0.65
        },
        {
            "comment_id": "hikt5vc",
            "body": "Also, fuck with your dog while it eats.  Pull its bowl away for a second, put your hand in between, stick your fingers in its mouth.  Seriously.  Dogs can develop feeding-time aggression, if you've ever met a dog that becomes a terrifying psycho when the bowl comes out, you know what I mean.  Interrupting your dog teaches it the food will still be there, you're not trying to eat it too, etc.",
            "ups": 53,
            "downs": 0,
            "polarity": -0.4091666666666667,
            "subjectivity": 0.5908333333333333
        }
    ]
}