{
    "post_url": "https://www.reddit.com/r/LifeProTips/comments/qij8ai/lpt_as_soon_as_you_get_a_new_puppy_or_kitten/",
    "time_posted": "2021-10-29 14:30:55",
    "time_now": "2021-11-03 15:34:50",
    "ups": 740,
    "downs": 0,
    "comments_since_last_sample": [],
    "top_comments_top": [
        {
            "comment_id": "hijmt57",
            "body": "Hello and welcome to r/LifeProTips!\n\nPlease help us decide if this post is a good fit for the subreddit by up or downvoting this comment. \n\nIf you think that this is great advice to improve your life, please upvote. If you think this doesn't help you in any way, please downvote. If you don't care, leave it for the others to decide.",
            "ups": 1,
            "downs": 0,
            "polarity": 0.7250000000000001,
            "subjectivity": 0.6625
        },
        {
            "comment_id": "hikt5vc",
            "body": "Also, fuck with your dog while it eats.  Pull its bowl away for a second, put your hand in between, stick your fingers in its mouth.  Seriously.  Dogs can develop feeding-time aggression, if you've ever met a dog that becomes a terrifying psycho when the bowl comes out, you know what I mean.  Interrupting your dog teaches it the food will still be there, you're not trying to eat it too, etc.",
            "ups": 53,
            "downs": 0,
            "polarity": -0.4091666666666667,
            "subjectivity": 0.5908333333333333
        },
        {
            "comment_id": "hiks3x3",
            "body": "Wait is this why my cats are super chill and let me give them manipedis? Because we've been obsessed with their beans since they were babies?",
            "ups": 31,
            "downs": 0,
            "polarity": -0.08333333333333334,
            "subjectivity": 0.8333333333333333
        },
        {
            "comment_id": "hijv0tl",
            "body": "I typically do things toddlers would do but teach them to react with gentle behavior.",
            "ups": 19,
            "downs": 0,
            "polarity": 0.016666666666666677,
            "subjectivity": 0.65
        },
        {
            "comment_id": "hil8t2d",
            "body": "yeah you're gonna wanna coddle that widdle baby but that's a big no-no. you're gonna wanna let that little kitten get rubbed all over by kids, get drooled on by a st bernard, maybe lovingly gnawed on by a combination of toddler and chihuaha. take them to parties. to bars. put them on all the surfaces.\n\nproper young animal raising is a rush to complete every type of exposure therapy in one year.",
            "ups": 11,
            "downs": 0,
            "polarity": 0.10208333333333332,
            "subjectivity": 0.40833333333333327
        }
    ],
    "top_comments_best": [
        {
            "comment_id": "hijmt57",
            "body": "Hello and welcome to r/LifeProTips!\n\nPlease help us decide if this post is a good fit for the subreddit by up or downvoting this comment. \n\nIf you think that this is great advice to improve your life, please upvote. If you think this doesn't help you in any way, please downvote. If you don't care, leave it for the others to decide.",
            "ups": 1,
            "downs": 0,
            "polarity": 0.7250000000000001,
            "subjectivity": 0.6625
        },
        {
            "comment_id": "hiks3x3",
            "body": "Wait is this why my cats are super chill and let me give them manipedis? Because we've been obsessed with their beans since they were babies?",
            "ups": 30,
            "downs": 0,
            "polarity": -0.08333333333333334,
            "subjectivity": 0.8333333333333333
        },
        {
            "comment_id": "hijv0tl",
            "body": "I typically do things toddlers would do but teach them to react with gentle behavior.",
            "ups": 20,
            "downs": 0,
            "polarity": 0.016666666666666677,
            "subjectivity": 0.65
        },
        {
            "comment_id": "hikt5vc",
            "body": "Also, fuck with your dog while it eats.  Pull its bowl away for a second, put your hand in between, stick your fingers in its mouth.  Seriously.  Dogs can develop feeding-time aggression, if you've ever met a dog that becomes a terrifying psycho when the bowl comes out, you know what I mean.  Interrupting your dog teaches it the food will still be there, you're not trying to eat it too, etc.",
            "ups": 53,
            "downs": 0,
            "polarity": -0.4091666666666667,
            "subjectivity": 0.5908333333333333
        },
        {
            "comment_id": "hil8t2d",
            "body": "yeah you're gonna wanna coddle that widdle baby but that's a big no-no. you're gonna wanna let that little kitten get rubbed all over by kids, get drooled on by a st bernard, maybe lovingly gnawed on by a combination of toddler and chihuaha. take them to parties. to bars. put them on all the surfaces.\n\nproper young animal raising is a rush to complete every type of exposure therapy in one year.",
            "ups": 10,
            "downs": 0,
            "polarity": 0.10208333333333332,
            "subjectivity": 0.40833333333333327
        }
    ],
    "top_comments_hot": [
        {
            "comment_id": "hijmt57",
            "body": "Hello and welcome to r/LifeProTips!\n\nPlease help us decide if this post is a good fit for the subreddit by up or downvoting this comment. \n\nIf you think that this is great advice to improve your life, please upvote. If you think this doesn't help you in any way, please downvote. If you don't care, leave it for the others to decide.",
            "ups": 1,
            "downs": 0,
            "polarity": 0.7250000000000001,
            "subjectivity": 0.6625
        },
        {
            "comment_id": "hiks3x3",
            "body": "Wait is this why my cats are super chill and let me give them manipedis? Because we've been obsessed with their beans since they were babies?",
            "ups": 30,
            "downs": 0,
            "polarity": -0.08333333333333334,
            "subjectivity": 0.8333333333333333
        },
        {
            "comment_id": "hijv0tl",
            "body": "I typically do things toddlers would do but teach them to react with gentle behavior.",
            "ups": 21,
            "downs": 0,
            "polarity": 0.016666666666666677,
            "subjectivity": 0.65
        },
        {
            "comment_id": "hikt5vc",
            "body": "Also, fuck with your dog while it eats.  Pull its bowl away for a second, put your hand in between, stick your fingers in its mouth.  Seriously.  Dogs can develop feeding-time aggression, if you've ever met a dog that becomes a terrifying psycho when the bowl comes out, you know what I mean.  Interrupting your dog teaches it the food will still be there, you're not trying to eat it too, etc.",
            "ups": 54,
            "downs": 0,
            "polarity": -0.4091666666666667,
            "subjectivity": 0.5908333333333333
        },
        {
            "comment_id": "hil8t2d",
            "body": "yeah you're gonna wanna coddle that widdle baby but that's a big no-no. you're gonna wanna let that little kitten get rubbed all over by kids, get drooled on by a st bernard, maybe lovingly gnawed on by a combination of toddler and chihuaha. take them to parties. to bars. put them on all the surfaces.\n\nproper young animal raising is a rush to complete every type of exposure therapy in one year.",
            "ups": 11,
            "downs": 0,
            "polarity": 0.10208333333333332,
            "subjectivity": 0.40833333333333327
        }
    ]
}