{
    "post_url": "https://www.reddit.com/r/politics/comments/qj0y0e/how_joe_bidens_big_gamble_on_the_child_tax_credit/",
    "time_posted": "2021-10-30 08:57:02",
    "time_now": "2021-11-01 05:50:47",
    "ups": 98,
    "downs": 0,
    "comments_since_last_sample": [],
    "top_comments_top": [
        {
            "comment_id": "himz67z",
            "body": "\nAs a reminder, this subreddit [is for civil discussion.](/r/politics/wiki/index#wiki_be_civil)\n\nIn general, be courteous to others. Debate/discuss/argue the merits of ideas, don't attack people. Personal insults, shill or troll accusations, hate speech, any suggestion or support of harm, violence, or death, and other rule violations can result in a permanent ban. \n\nIf you see comments in violation of our rules, please report them.\n\n For those who have questions regarding any media outlets being posted on this subreddit, please click [here](https://www.reddit.com/r/politics/wiki/approveddomainslist) to review our details as to our approved domains list and outlet criteria.\n\n***\n\n\n*I am a bot, and this action was performed automatically. Please [contact the moderators of this subreddit](/message/compose/?to=/r/politics) if you have any questions or concerns.*",
            "ups": 1,
            "downs": 0,
            "polarity": -0.02916666666666667,
            "subjectivity": 0.5291666666666667
        },
        {
            "comment_id": "hinbjsb",
            "body": "Lol at the level of mental gymnastics in this article to pretend that the failure of Democrats to extend the tax credit beyond one year is actually master 8-dimensional strategizing.\n\n&gt;But Democrats might like to talk about the need for another child tax credit extension when they\u2019re campaigning in next year\u2019s midterms, when they are widely expected to lose control of the House of Representatives ... Fighting over the expiring benefits will make people pay more attention to the policy, said Lee Drutman, a political scientist and senior fellow with New America.\n\nAs if it might somehow be a good thing for Democrats that people will be talking about what *wasn't* in the bill for the next four years. \"Democrats didn't do this earlier because they  were fighting about it, so elect more democrats,\" is not a winning message, even if it's true.\n\nIf you honestly believed this was Democrats' brilliant strategy and not just a result of incompetence, wouldn't that mean they're holding us hostage? Not a great look.\n\nThe actual reason it wasn't extended longer is because Manchin and Sinema's donors said no to paying for it, not because Biden is some sort of brain genius with the unique capacity to logically ascertain that giving people less is actually a *good* thing for the midterms.",
            "ups": 8,
            "downs": 0,
            "polarity": 0.19862121212121217,
            "subjectivity": 0.4803484848484848
        },
        {
            "comment_id": "hin7xn0",
            "body": "Bilbo?",
            "ups": 3,
            "downs": 0,
            "polarity": 0.0,
            "subjectivity": 0.0
        },
        {
            "comment_id": "hinp7is",
            "body": "Talk about putting lipstick on a conservative democrat pig made of feces.  \n\nThe gamble isn't about winning the next elections in 2022, it's to keep from losing as badly in 2022 by getting something that these shitty obstructionist conservative democrats will pass so American people maybe wont go back to much into seeing both parties as the same, which I don't blame them for thinking that right now as polls show.  \n\nMind you that while progressives have come out in supporting this framework that has cut their goals of free community college, paid leave, prescription drug pricing controls, and clean energy plan, not a single conservative democrat moderate has voiced any support for this and they're still trying to do an end run around the promise of passing both Build Back Marginally Better and the BIF at the same time.",
            "ups": 2,
            "downs": 0,
            "polarity": 0.1148809523809524,
            "subjectivity": 0.3479166666666667
        },
        {
            "comment_id": "hiqm45v",
            "body": "I don\u2019t know that I\u2019ve heard of many things a president has done that have had a direct and immediate effect on the lives of the specific people he\u2019s trying to help.",
            "ups": 1,
            "downs": 0,
            "polarity": 0.19999999999999998,
            "subjectivity": 0.3416666666666666
        }
    ],
    "top_comments_best": [
        {
            "comment_id": "himz67z",
            "body": "\nAs a reminder, this subreddit [is for civil discussion.](/r/politics/wiki/index#wiki_be_civil)\n\nIn general, be courteous to others. Debate/discuss/argue the merits of ideas, don't attack people. Personal insults, shill or troll accusations, hate speech, any suggestion or support of harm, violence, or death, and other rule violations can result in a permanent ban. \n\nIf you see comments in violation of our rules, please report them.\n\n For those who have questions regarding any media outlets being posted on this subreddit, please click [here](https://www.reddit.com/r/politics/wiki/approveddomainslist) to review our details as to our approved domains list and outlet criteria.\n\n***\n\n\n*I am a bot, and this action was performed automatically. Please [contact the moderators of this subreddit](/message/compose/?to=/r/politics) if you have any questions or concerns.*",
            "ups": 1,
            "downs": 0,
            "polarity": -0.02916666666666667,
            "subjectivity": 0.5291666666666667
        },
        {
            "comment_id": "hin7xn0",
            "body": "Bilbo?",
            "ups": 3,
            "downs": 0,
            "polarity": 0.0,
            "subjectivity": 0.0
        },
        {
            "comment_id": "hinbjsb",
            "body": "Lol at the level of mental gymnastics in this article to pretend that the failure of Democrats to extend the tax credit beyond one year is actually master 8-dimensional strategizing.\n\n&gt;But Democrats might like to talk about the need for another child tax credit extension when they\u2019re campaigning in next year\u2019s midterms, when they are widely expected to lose control of the House of Representatives ... Fighting over the expiring benefits will make people pay more attention to the policy, said Lee Drutman, a political scientist and senior fellow with New America.\n\nAs if it might somehow be a good thing for Democrats that people will be talking about what *wasn't* in the bill for the next four years. \"Democrats didn't do this earlier because they  were fighting about it, so elect more democrats,\" is not a winning message, even if it's true.\n\nIf you honestly believed this was Democrats' brilliant strategy and not just a result of incompetence, wouldn't that mean they're holding us hostage? Not a great look.\n\nThe actual reason it wasn't extended longer is because Manchin and Sinema's donors said no to paying for it, not because Biden is some sort of brain genius with the unique capacity to logically ascertain that giving people less is actually a *good* thing for the midterms.",
            "ups": 10,
            "downs": 0,
            "polarity": 0.19862121212121217,
            "subjectivity": 0.4803484848484848
        },
        {
            "comment_id": "hinp7is",
            "body": "Talk about putting lipstick on a conservative democrat pig made of feces.  \n\nThe gamble isn't about winning the next elections in 2022, it's to keep from losing as badly in 2022 by getting something that these shitty obstructionist conservative democrats will pass so American people maybe wont go back to much into seeing both parties as the same, which I don't blame them for thinking that right now as polls show.  \n\nMind you that while progressives have come out in supporting this framework that has cut their goals of free community college, paid leave, prescription drug pricing controls, and clean energy plan, not a single conservative democrat moderate has voiced any support for this and they're still trying to do an end run around the promise of passing both Build Back Marginally Better and the BIF at the same time.",
            "ups": 2,
            "downs": 0,
            "polarity": 0.1148809523809524,
            "subjectivity": 0.3479166666666667
        },
        {
            "comment_id": "hiqm45v",
            "body": "I don\u2019t know that I\u2019ve heard of many things a president has done that have had a direct and immediate effect on the lives of the specific people he\u2019s trying to help.",
            "ups": 1,
            "downs": 0,
            "polarity": 0.19999999999999998,
            "subjectivity": 0.3416666666666666
        }
    ],
    "top_comments_hot": [
        {
            "comment_id": "himz67z",
            "body": "\nAs a reminder, this subreddit [is for civil discussion.](/r/politics/wiki/index#wiki_be_civil)\n\nIn general, be courteous to others. Debate/discuss/argue the merits of ideas, don't attack people. Personal insults, shill or troll accusations, hate speech, any suggestion or support of harm, violence, or death, and other rule violations can result in a permanent ban. \n\nIf you see comments in violation of our rules, please report them.\n\n For those who have questions regarding any media outlets being posted on this subreddit, please click [here](https://www.reddit.com/r/politics/wiki/approveddomainslist) to review our details as to our approved domains list and outlet criteria.\n\n***\n\n\n*I am a bot, and this action was performed automatically. Please [contact the moderators of this subreddit](/message/compose/?to=/r/politics) if you have any questions or concerns.*",
            "ups": 1,
            "downs": 0,
            "polarity": -0.02916666666666667,
            "subjectivity": 0.5291666666666667
        },
        {
            "comment_id": "hin7xn0",
            "body": "Bilbo?",
            "ups": 3,
            "downs": 0,
            "polarity": 0.0,
            "subjectivity": 0.0
        },
        {
            "comment_id": "hinbjsb",
            "body": "Lol at the level of mental gymnastics in this article to pretend that the failure of Democrats to extend the tax credit beyond one year is actually master 8-dimensional strategizing.\n\n&gt;But Democrats might like to talk about the need for another child tax credit extension when they\u2019re campaigning in next year\u2019s midterms, when they are widely expected to lose control of the House of Representatives ... Fighting over the expiring benefits will make people pay more attention to the policy, said Lee Drutman, a political scientist and senior fellow with New America.\n\nAs if it might somehow be a good thing for Democrats that people will be talking about what *wasn't* in the bill for the next four years. \"Democrats didn't do this earlier because they  were fighting about it, so elect more democrats,\" is not a winning message, even if it's true.\n\nIf you honestly believed this was Democrats' brilliant strategy and not just a result of incompetence, wouldn't that mean they're holding us hostage? Not a great look.\n\nThe actual reason it wasn't extended longer is because Manchin and Sinema's donors said no to paying for it, not because Biden is some sort of brain genius with the unique capacity to logically ascertain that giving people less is actually a *good* thing for the midterms.",
            "ups": 9,
            "downs": 0,
            "polarity": 0.19862121212121217,
            "subjectivity": 0.4803484848484848
        },
        {
            "comment_id": "hinp7is",
            "body": "Talk about putting lipstick on a conservative democrat pig made of feces.  \n\nThe gamble isn't about winning the next elections in 2022, it's to keep from losing as badly in 2022 by getting something that these shitty obstructionist conservative democrats will pass so American people maybe wont go back to much into seeing both parties as the same, which I don't blame them for thinking that right now as polls show.  \n\nMind you that while progressives have come out in supporting this framework that has cut their goals of free community college, paid leave, prescription drug pricing controls, and clean energy plan, not a single conservative democrat moderate has voiced any support for this and they're still trying to do an end run around the promise of passing both Build Back Marginally Better and the BIF at the same time.",
            "ups": 2,
            "downs": 0,
            "polarity": 0.1148809523809524,
            "subjectivity": 0.3479166666666667
        },
        {
            "comment_id": "hiqm45v",
            "body": "I don\u2019t know that I\u2019ve heard of many things a president has done that have had a direct and immediate effect on the lives of the specific people he\u2019s trying to help.",
            "ups": 1,
            "downs": 0,
            "polarity": 0.19999999999999998,
            "subjectivity": 0.3416666666666666
        }
    ]
}