{
    "post_url": "https://www.reddit.com/r/politics/comments/qj4oi0/biden_we_were_clumsy_over_france_submarine_row/",
    "time_posted": "2021-10-30 12:12:17",
    "time_now": "2021-11-01 14:04:13",
    "ups": 20,
    "downs": 0,
    "comments_since_last_sample": [],
    "top_comments_top": [
        {
            "comment_id": "hino6ep",
            "body": "\nAs a reminder, this subreddit [is for civil discussion.](/r/politics/wiki/index#wiki_be_civil)\n\nIn general, be courteous to others. Debate/discuss/argue the merits of ideas, don't attack people. Personal insults, shill or troll accusations, hate speech, any suggestion or support of harm, violence, or death, and other rule violations can result in a permanent ban. \n\nIf you see comments in violation of our rules, please report them.\n\n For those who have questions regarding any media outlets being posted on this subreddit, please click [here](https://www.reddit.com/r/politics/wiki/approveddomainslist) to review our details as to our approved domains list and outlet criteria.\n\n***\n\n\n*I am a bot, and this action was performed automatically. Please [contact the moderators of this subreddit](/message/compose/?to=/r/politics) if you have any questions or concerns.*",
            "ups": 1,
            "downs": 0,
            "polarity": -0.02916666666666667,
            "subjectivity": 0.5291666666666667
        },
        {
            "comment_id": "hinoqje",
            "body": "Being a leader means admitting mistakes or that you could have done things better. I really hate this era where admitting you\u2019re wrong or saying sorry is viewed as weakness.",
            "ups": 9,
            "downs": 0,
            "polarity": -0.325,
            "subjectivity": 0.825
        },
        {
            "comment_id": "hinv103",
            "body": "Not US or Biden's issue.  Biden is doing what's best for US while supporting US allies.\n\nIt's more on Australia.  They are negotiating with US and with France and making the decisions, not the US, not France.\n\nFrance likely has legit reasons for being upset with the Australians for going so far with the French deal only to cancel it when a better deal came around.\n\nFrance builds nuclear subs so the why wasn't Australia negotiating with for nuclear subs from France?\n\nWeapons sales is a competitive business. France is No. 3 in the world on weapons sales.\n\nShare of world weapons market.\n\nUS 37%\n\nRussia 20%\n\nFrance 8.2%",
            "ups": 4,
            "downs": 0,
            "polarity": 0.29375,
            "subjectivity": 0.56875
        },
        {
            "comment_id": "hipacy0",
            "body": "Even under Trump no countries recalled their ambassadors.",
            "ups": 4,
            "downs": 0,
            "polarity": 0.0,
            "subjectivity": 0.0
        },
        {
            "comment_id": "hinpoi4",
            "body": "That's the diplomatic way of saying: you've been played for fools once again. Sorry, but that's the way it is.",
            "ups": 2,
            "downs": 0,
            "polarity": -0.5,
            "subjectivity": 1.0
        }
    ],
    "top_comments_best": [
        {
            "comment_id": "hino6ep",
            "body": "\nAs a reminder, this subreddit [is for civil discussion.](/r/politics/wiki/index#wiki_be_civil)\n\nIn general, be courteous to others. Debate/discuss/argue the merits of ideas, don't attack people. Personal insults, shill or troll accusations, hate speech, any suggestion or support of harm, violence, or death, and other rule violations can result in a permanent ban. \n\nIf you see comments in violation of our rules, please report them.\n\n For those who have questions regarding any media outlets being posted on this subreddit, please click [here](https://www.reddit.com/r/politics/wiki/approveddomainslist) to review our details as to our approved domains list and outlet criteria.\n\n***\n\n\n*I am a bot, and this action was performed automatically. Please [contact the moderators of this subreddit](/message/compose/?to=/r/politics) if you have any questions or concerns.*",
            "ups": 1,
            "downs": 0,
            "polarity": -0.02916666666666667,
            "subjectivity": 0.5291666666666667
        },
        {
            "comment_id": "hipacy0",
            "body": "Even under Trump no countries recalled their ambassadors.",
            "ups": 4,
            "downs": 0,
            "polarity": 0.0,
            "subjectivity": 0.0
        },
        {
            "comment_id": "hinoqje",
            "body": "Being a leader means admitting mistakes or that you could have done things better. I really hate this era where admitting you\u2019re wrong or saying sorry is viewed as weakness.",
            "ups": 8,
            "downs": 0,
            "polarity": -0.325,
            "subjectivity": 0.825
        },
        {
            "comment_id": "hinv103",
            "body": "Not US or Biden's issue.  Biden is doing what's best for US while supporting US allies.\n\nIt's more on Australia.  They are negotiating with US and with France and making the decisions, not the US, not France.\n\nFrance likely has legit reasons for being upset with the Australians for going so far with the French deal only to cancel it when a better deal came around.\n\nFrance builds nuclear subs so the why wasn't Australia negotiating with for nuclear subs from France?\n\nWeapons sales is a competitive business. France is No. 3 in the world on weapons sales.\n\nShare of world weapons market.\n\nUS 37%\n\nRussia 20%\n\nFrance 8.2%",
            "ups": 4,
            "downs": 0,
            "polarity": 0.29375,
            "subjectivity": 0.56875
        },
        {
            "comment_id": "hio6im0",
            "body": "Biden has to be diplomatic. And It\u2019s what I would, personally, prefer. He\u2019s getting along again with Macron. That is an important step in a good direction.",
            "ups": 2,
            "downs": 0,
            "polarity": 0.3666666666666667,
            "subjectivity": 0.6333333333333334
        }
    ],
    "top_comments_hot": [
        {
            "comment_id": "hino6ep",
            "body": "\nAs a reminder, this subreddit [is for civil discussion.](/r/politics/wiki/index#wiki_be_civil)\n\nIn general, be courteous to others. Debate/discuss/argue the merits of ideas, don't attack people. Personal insults, shill or troll accusations, hate speech, any suggestion or support of harm, violence, or death, and other rule violations can result in a permanent ban. \n\nIf you see comments in violation of our rules, please report them.\n\n For those who have questions regarding any media outlets being posted on this subreddit, please click [here](https://www.reddit.com/r/politics/wiki/approveddomainslist) to review our details as to our approved domains list and outlet criteria.\n\n***\n\n\n*I am a bot, and this action was performed automatically. Please [contact the moderators of this subreddit](/message/compose/?to=/r/politics) if you have any questions or concerns.*",
            "ups": 1,
            "downs": 0,
            "polarity": -0.02916666666666667,
            "subjectivity": 0.5291666666666667
        },
        {
            "comment_id": "hipacy0",
            "body": "Even under Trump no countries recalled their ambassadors.",
            "ups": 4,
            "downs": 0,
            "polarity": 0.0,
            "subjectivity": 0.0
        },
        {
            "comment_id": "hinoqje",
            "body": "Being a leader means admitting mistakes or that you could have done things better. I really hate this era where admitting you\u2019re wrong or saying sorry is viewed as weakness.",
            "ups": 8,
            "downs": 0,
            "polarity": -0.325,
            "subjectivity": 0.825
        },
        {
            "comment_id": "hinv103",
            "body": "Not US or Biden's issue.  Biden is doing what's best for US while supporting US allies.\n\nIt's more on Australia.  They are negotiating with US and with France and making the decisions, not the US, not France.\n\nFrance likely has legit reasons for being upset with the Australians for going so far with the French deal only to cancel it when a better deal came around.\n\nFrance builds nuclear subs so the why wasn't Australia negotiating with for nuclear subs from France?\n\nWeapons sales is a competitive business. France is No. 3 in the world on weapons sales.\n\nShare of world weapons market.\n\nUS 37%\n\nRussia 20%\n\nFrance 8.2%",
            "ups": 3,
            "downs": 0,
            "polarity": 0.29375,
            "subjectivity": 0.56875
        },
        {
            "comment_id": "hio6im0",
            "body": "Biden has to be diplomatic. And It\u2019s what I would, personally, prefer. He\u2019s getting along again with Macron. That is an important step in a good direction.",
            "ups": 2,
            "downs": 0,
            "polarity": 0.3666666666666667,
            "subjectivity": 0.6333333333333334
        }
    ]
}