{
    "post_url": "https://www.reddit.com/r/gaming/comments/qj54wa/in_your_opinion_which_hitman_game_was_best_and_why/",
    "time_posted": "2021-10-30 12:34:32",
    "time_now": "2021-11-04 16:13:08",
    "ups": 0,
    "downs": 0,
    "comments_since_last_sample": [],
    "top_comments_top": [
        {
            "comment_id": "hintztq",
            "body": "Blood Money of course! Goofy, loadout system, unlock weapons by taking them out of the mish with you, multiple ways to do every mission, cool consistent story that led from 1 &amp; 2, no DLC, and requiem final credits mission was truly epic. My favorite mission was A New Life because it really displayed every aspect of this game and begged to be replayed over and over each time completely different.",
            "ups": 2,
            "downs": 0,
            "polarity": 0.14876033057851243,
            "subjectivity": 0.5413223140495868
        },
        {
            "comment_id": "hinympg",
            "body": "Blood Money! The WOA Trilogy is a close second, but back to Blood Money! So much freedom, not too much hand holding and a story that's really investing once it gets going! There's only one level that I dislike in the game and that's Death on the Mississippi, and even then it's not a downright awful level like some of the ones in Absolution are. There's so many classic moments in Blood Money and so many levels that I'd put up there as some of my favourite in the series! In fact, Dance with the Devil is my all time favourite Hitman level period. So glad I got the Platinum Trophy for it last year. Only felt right for one of my favourite games of all time.",
            "ups": 1,
            "downs": 0,
            "polarity": 0.08849206349206347,
            "subjectivity": 0.4512698412698412
        }
    ],
    "top_comments_best": [
        {
            "comment_id": "hintztq",
            "body": "Blood Money of course! Goofy, loadout system, unlock weapons by taking them out of the mish with you, multiple ways to do every mission, cool consistent story that led from 1 &amp; 2, no DLC, and requiem final credits mission was truly epic. My favorite mission was A New Life because it really displayed every aspect of this game and begged to be replayed over and over each time completely different.",
            "ups": 2,
            "downs": 0,
            "polarity": 0.14876033057851243,
            "subjectivity": 0.5413223140495868
        },
        {
            "comment_id": "hinympg",
            "body": "Blood Money! The WOA Trilogy is a close second, but back to Blood Money! So much freedom, not too much hand holding and a story that's really investing once it gets going! There's only one level that I dislike in the game and that's Death on the Mississippi, and even then it's not a downright awful level like some of the ones in Absolution are. There's so many classic moments in Blood Money and so many levels that I'd put up there as some of my favourite in the series! In fact, Dance with the Devil is my all time favourite Hitman level period. So glad I got the Platinum Trophy for it last year. Only felt right for one of my favourite games of all time.",
            "ups": 1,
            "downs": 0,
            "polarity": 0.08849206349206347,
            "subjectivity": 0.4512698412698412
        }
    ],
    "top_comments_hot": [
        {
            "comment_id": "hintztq",
            "body": "Blood Money of course! Goofy, loadout system, unlock weapons by taking them out of the mish with you, multiple ways to do every mission, cool consistent story that led from 1 &amp; 2, no DLC, and requiem final credits mission was truly epic. My favorite mission was A New Life because it really displayed every aspect of this game and begged to be replayed over and over each time completely different.",
            "ups": 2,
            "downs": 0,
            "polarity": 0.14876033057851243,
            "subjectivity": 0.5413223140495868
        },
        {
            "comment_id": "hinympg",
            "body": "Blood Money! The WOA Trilogy is a close second, but back to Blood Money! So much freedom, not too much hand holding and a story that's really investing once it gets going! There's only one level that I dislike in the game and that's Death on the Mississippi, and even then it's not a downright awful level like some of the ones in Absolution are. There's so many classic moments in Blood Money and so many levels that I'd put up there as some of my favourite in the series! In fact, Dance with the Devil is my all time favourite Hitman level period. So glad I got the Platinum Trophy for it last year. Only felt right for one of my favourite games of all time.",
            "ups": 1,
            "downs": 0,
            "polarity": 0.08849206349206347,
            "subjectivity": 0.4512698412698412
        }
    ]
}