{
    "post_url": "https://www.reddit.com/r/politics/comments/qj4rxo/the_lincoln_project_sent_a_group_posing_as_white/",
    "time_posted": "2021-10-30 12:17:02",
    "time_now": "2021-11-05 04:35:54",
    "ups": 482,
    "downs": 0,
    "comments_since_last_sample": [],
    "top_comments_top": [
        {
            "comment_id": "hinouga",
            "body": "\nAs a reminder, this subreddit [is for civil discussion.](/r/politics/wiki/index#wiki_be_civil)\n\nIn general, be courteous to others. Debate/discuss/argue the merits of ideas, don't attack people. Personal insults, shill or troll accusations, hate speech, any suggestion or support of harm, violence, or death, and other rule violations can result in a permanent ban. \n\nIf you see comments in violation of our rules, please report them.\n\n For those who have questions regarding any media outlets being posted on this subreddit, please click [here](https://www.reddit.com/r/politics/wiki/approveddomainslist) to review our details as to our approved domains list and outlet criteria.\n\n***\n\n\n*I am a bot, and this action was performed automatically. Please [contact the moderators of this subreddit](/message/compose/?to=/r/politics) if you have any questions or concerns.*",
            "ups": 1,
            "downs": 0,
            "polarity": -0.02916666666666667,
            "subjectivity": 0.5291666666666667
        },
        {
            "comment_id": "hinuc6w",
            "body": "They sent a black guy to pose as a white supremacist lmfao",
            "ups": 110,
            "downs": 0,
            "polarity": -0.08333333333333333,
            "subjectivity": 0.21666666666666667
        },
        {
            "comment_id": "hint34z",
            "body": "One of the founders of the Lincoln Project also foisted Sarah Palin on to the national stage - a direct line can be drawn from that moment to Trump's election. He also makes a shitload of $$$ by playing in politics on all sides.",
            "ups": 102,
            "downs": 0,
            "polarity": 0.1,
            "subjectivity": 0.4
        },
        {
            "comment_id": "hipak4r",
            "body": "My conservative friend used this to say \u201csee, Democrats hire actors to make the right look bad\u201d. I pointed out that the Lincoln project are republicans (which fell on deaf ears), nevermind the fact that the Lincoln project took credit for this, which shows they weren\u2019t actually trying to deceive anyone.",
            "ups": 55,
            "downs": 0,
            "polarity": -0.13809523809523805,
            "subjectivity": 0.43412698412698414
        },
        {
            "comment_id": "hintule",
            "body": "The crime is not that the GOP is supportive of white supremacists, but rather that moderate Republicans are reminding ppl that the GOP is supportive of white supremacists",
            "ups": 52,
            "downs": 0,
            "polarity": 0.2,
            "subjectivity": 0.54
        }
    ],
    "top_comments_best": [
        {
            "comment_id": "hinouga",
            "body": "\nAs a reminder, this subreddit [is for civil discussion.](/r/politics/wiki/index#wiki_be_civil)\n\nIn general, be courteous to others. Debate/discuss/argue the merits of ideas, don't attack people. Personal insults, shill or troll accusations, hate speech, any suggestion or support of harm, violence, or death, and other rule violations can result in a permanent ban. \n\nIf you see comments in violation of our rules, please report them.\n\n For those who have questions regarding any media outlets being posted on this subreddit, please click [here](https://www.reddit.com/r/politics/wiki/approveddomainslist) to review our details as to our approved domains list and outlet criteria.\n\n***\n\n\n*I am a bot, and this action was performed automatically. Please [contact the moderators of this subreddit](/message/compose/?to=/r/politics) if you have any questions or concerns.*",
            "ups": 1,
            "downs": 0,
            "polarity": -0.02916666666666667,
            "subjectivity": 0.5291666666666667
        },
        {
            "comment_id": "hinuc6w",
            "body": "They sent a black guy to pose as a white supremacist lmfao",
            "ups": 114,
            "downs": 0,
            "polarity": -0.08333333333333333,
            "subjectivity": 0.21666666666666667
        },
        {
            "comment_id": "hint34z",
            "body": "One of the founders of the Lincoln Project also foisted Sarah Palin on to the national stage - a direct line can be drawn from that moment to Trump's election. He also makes a shitload of $$$ by playing in politics on all sides.",
            "ups": 103,
            "downs": 0,
            "polarity": 0.1,
            "subjectivity": 0.4
        },
        {
            "comment_id": "hipak4r",
            "body": "My conservative friend used this to say \u201csee, Democrats hire actors to make the right look bad\u201d. I pointed out that the Lincoln project are republicans (which fell on deaf ears), nevermind the fact that the Lincoln project took credit for this, which shows they weren\u2019t actually trying to deceive anyone.",
            "ups": 55,
            "downs": 0,
            "polarity": -0.13809523809523805,
            "subjectivity": 0.43412698412698414
        },
        {
            "comment_id": "hinpdxy",
            "body": "Dumb republicans trolling even dumber republicans. Congrats all round on dragging politics even further down into a fucking clown show.",
            "ups": 51,
            "downs": 0,
            "polarity": -0.2661111111111111,
            "subjectivity": 0.49777777777777776
        }
    ],
    "top_comments_hot": [
        {
            "comment_id": "hinouga",
            "body": "\nAs a reminder, this subreddit [is for civil discussion.](/r/politics/wiki/index#wiki_be_civil)\n\nIn general, be courteous to others. Debate/discuss/argue the merits of ideas, don't attack people. Personal insults, shill or troll accusations, hate speech, any suggestion or support of harm, violence, or death, and other rule violations can result in a permanent ban. \n\nIf you see comments in violation of our rules, please report them.\n\n For those who have questions regarding any media outlets being posted on this subreddit, please click [here](https://www.reddit.com/r/politics/wiki/approveddomainslist) to review our details as to our approved domains list and outlet criteria.\n\n***\n\n\n*I am a bot, and this action was performed automatically. Please [contact the moderators of this subreddit](/message/compose/?to=/r/politics) if you have any questions or concerns.*",
            "ups": 1,
            "downs": 0,
            "polarity": -0.02916666666666667,
            "subjectivity": 0.5291666666666667
        },
        {
            "comment_id": "hinuc6w",
            "body": "They sent a black guy to pose as a white supremacist lmfao",
            "ups": 113,
            "downs": 0,
            "polarity": -0.08333333333333333,
            "subjectivity": 0.21666666666666667
        },
        {
            "comment_id": "hint34z",
            "body": "One of the founders of the Lincoln Project also foisted Sarah Palin on to the national stage - a direct line can be drawn from that moment to Trump's election. He also makes a shitload of $$$ by playing in politics on all sides.",
            "ups": 104,
            "downs": 0,
            "polarity": 0.1,
            "subjectivity": 0.4
        },
        {
            "comment_id": "hipak4r",
            "body": "My conservative friend used this to say \u201csee, Democrats hire actors to make the right look bad\u201d. I pointed out that the Lincoln project are republicans (which fell on deaf ears), nevermind the fact that the Lincoln project took credit for this, which shows they weren\u2019t actually trying to deceive anyone.",
            "ups": 54,
            "downs": 0,
            "polarity": -0.13809523809523805,
            "subjectivity": 0.43412698412698414
        },
        {
            "comment_id": "hinpdxy",
            "body": "Dumb republicans trolling even dumber republicans. Congrats all round on dragging politics even further down into a fucking clown show.",
            "ups": 50,
            "downs": 0,
            "polarity": -0.2661111111111111,
            "subjectivity": 0.49777777777777776
        }
    ]
}