{
    "post_url": "https://www.reddit.com/r/LifeProTips/comments/qikrww/lpt_if_youre_feeling_sluggard_halfway_through_the/",
    "time_posted": "2021-10-29 15:44:59",
    "time_now": "2021-11-04 20:24:50",
    "ups": 11,
    "downs": 0,
    "comments_since_last_sample": [],
    "top_comments_top": [
        {
            "comment_id": "hijy0bs",
            "body": "Hello and welcome to r/LifeProTips!\n\nPlease help us decide if this post is a good fit for the subreddit by up or downvoting this comment. \n\nIf you think that this is great advice to improve your life, please upvote. If you think this doesn't help you in any way, please downvote. If you don't care, leave it for the others to decide.",
            "ups": 1,
            "downs": 0,
            "polarity": 0.7250000000000001,
            "subjectivity": 0.6625
        },
        {
            "comment_id": "hijz406",
            "body": "A trick i learned from a guy who'd worked the graveyard shift for decades.\n\nEat an apple. It'll perk up right up.\n\nUnless you're on keto. Coz then you're fucked for short term energy solutions",
            "ups": 8,
            "downs": 0,
            "polarity": -0.10476190476190476,
            "subjectivity": 0.511904761904762
        },
        {
            "comment_id": "hik2buz",
            "body": "Better set 4 to 5 alarms staggered a minute or two apart if you care about your job.",
            "ups": 5,
            "downs": 0,
            "polarity": 0.5,
            "subjectivity": 0.5
        },
        {
            "comment_id": "hijys5k",
            "body": "Sounds great but I always sleep through the alarm and wake up hours later... even with the coffee",
            "ups": 4,
            "downs": 0,
            "polarity": 0.4,
            "subjectivity": 0.375
        },
        {
            "comment_id": "hik4mnx",
            "body": "Tried that once and woke up 3 hours later.",
            "ups": 2,
            "downs": 0,
            "polarity": 0.0,
            "subjectivity": 0.0
        }
    ],
    "top_comments_best": [
        {
            "comment_id": "hijy0bs",
            "body": "Hello and welcome to r/LifeProTips!\n\nPlease help us decide if this post is a good fit for the subreddit by up or downvoting this comment. \n\nIf you think that this is great advice to improve your life, please upvote. If you think this doesn't help you in any way, please downvote. If you don't care, leave it for the others to decide.",
            "ups": 1,
            "downs": 0,
            "polarity": 0.7250000000000001,
            "subjectivity": 0.6625
        },
        {
            "comment_id": "hijz406",
            "body": "A trick i learned from a guy who'd worked the graveyard shift for decades.\n\nEat an apple. It'll perk up right up.\n\nUnless you're on keto. Coz then you're fucked for short term energy solutions",
            "ups": 8,
            "downs": 0,
            "polarity": -0.10476190476190476,
            "subjectivity": 0.511904761904762
        },
        {
            "comment_id": "hik2buz",
            "body": "Better set 4 to 5 alarms staggered a minute or two apart if you care about your job.",
            "ups": 6,
            "downs": 0,
            "polarity": 0.5,
            "subjectivity": 0.5
        },
        {
            "comment_id": "hijys5k",
            "body": "Sounds great but I always sleep through the alarm and wake up hours later... even with the coffee",
            "ups": 4,
            "downs": 0,
            "polarity": 0.4,
            "subjectivity": 0.375
        },
        {
            "comment_id": "hik4mnx",
            "body": "Tried that once and woke up 3 hours later.",
            "ups": 2,
            "downs": 0,
            "polarity": 0.0,
            "subjectivity": 0.0
        }
    ],
    "top_comments_hot": [
        {
            "comment_id": "hijy0bs",
            "body": "Hello and welcome to r/LifeProTips!\n\nPlease help us decide if this post is a good fit for the subreddit by up or downvoting this comment. \n\nIf you think that this is great advice to improve your life, please upvote. If you think this doesn't help you in any way, please downvote. If you don't care, leave it for the others to decide.",
            "ups": 1,
            "downs": 0,
            "polarity": 0.7250000000000001,
            "subjectivity": 0.6625
        },
        {
            "comment_id": "hijz406",
            "body": "A trick i learned from a guy who'd worked the graveyard shift for decades.\n\nEat an apple. It'll perk up right up.\n\nUnless you're on keto. Coz then you're fucked for short term energy solutions",
            "ups": 6,
            "downs": 0,
            "polarity": -0.10476190476190476,
            "subjectivity": 0.511904761904762
        },
        {
            "comment_id": "hik2buz",
            "body": "Better set 4 to 5 alarms staggered a minute or two apart if you care about your job.",
            "ups": 7,
            "downs": 0,
            "polarity": 0.5,
            "subjectivity": 0.5
        },
        {
            "comment_id": "hijys5k",
            "body": "Sounds great but I always sleep through the alarm and wake up hours later... even with the coffee",
            "ups": 4,
            "downs": 0,
            "polarity": 0.4,
            "subjectivity": 0.375
        },
        {
            "comment_id": "hik4mnx",
            "body": "Tried that once and woke up 3 hours later.",
            "ups": 2,
            "downs": 0,
            "polarity": 0.0,
            "subjectivity": 0.0
        }
    ]
}