{
    "post_url": "https://www.reddit.com/r/Music/comments/qiushp/aphex_twin_nanou2_contemporary_classical/",
    "time_posted": "2021-10-30 01:28:56",
    "time_now": "2021-10-31 17:26:31",
    "ups": 10,
    "downs": 0,
    "comments_since_last_sample": [],
    "top_comments_top": [
        {
            "comment_id": "hilzdy9",
            "body": "Sort of want to give a shit about Halloween, but I don\u2019t lol.\n\nThis is more the vibe for me tonight. Simple, brooding.",
            "ups": 1,
            "downs": 0,
            "polarity": 0.275,
            "subjectivity": 0.5892857142857143
        }
    ],
    "top_comments_best": [
        {
            "comment_id": "hilzdy9",
            "body": "Sort of want to give a shit about Halloween, but I don\u2019t lol.\n\nThis is more the vibe for me tonight. Simple, brooding.",
            "ups": 1,
            "downs": 0,
            "polarity": 0.275,
            "subjectivity": 0.5892857142857143
        }
    ],
    "top_comments_hot": [
        {
            "comment_id": "hilzdy9",
            "body": "Sort of want to give a shit about Halloween, but I don\u2019t lol.\n\nThis is more the vibe for me tonight. Simple, brooding.",
            "ups": 1,
            "downs": 0,
            "polarity": 0.275,
            "subjectivity": 0.5892857142857143
        }
    ]
}