{
    "post_url": "https://www.reddit.com/r/gaming/comments/qj4z71/nothin_more_intimidating_then_when_you_see/",
    "time_posted": "2021-10-30 12:26:47",
    "time_now": "2021-11-01 18:10:17",
    "ups": 46,
    "downs": 0,
    "comments_since_last_sample": [],
    "top_comments_top": [
        {
            "comment_id": "hinqe4m",
            "body": "What game",
            "ups": 12,
            "downs": 0,
            "polarity": -0.4,
            "subjectivity": 0.4
        },
        {
            "comment_id": "hiogtbe",
            "body": "Though it isnt valheim, this reminds me a lot of valheim, seeing a troll for the first time smashing down trees and stuff",
            "ups": 2,
            "downs": 0,
            "polarity": 0.04722222222222221,
            "subjectivity": 0.3111111111111111
        },
        {
            "comment_id": "hio1q5s",
            "body": "Hey what the hell game is this?",
            "ups": 1,
            "downs": 0,
            "polarity": -0.4,
            "subjectivity": 0.4
        },
        {
            "comment_id": "hiohqis",
            "body": "Looks more like you headed it's way and then it ignored you",
            "ups": 1,
            "downs": 0,
            "polarity": 0.5,
            "subjectivity": 0.5
        },
        {
            "comment_id": "hiowrp7",
            "body": "There is one thing more intimidating than that: When the trees start walking towards you, then when up close, they do a fusion dance and combine into a giant ent (I mean, like three or four trees tall ent).",
            "ups": 1,
            "downs": 0,
            "polarity": 0.0625,
            "subjectivity": 0.7291666666666666
        }
    ],
    "top_comments_best": [
        {
            "comment_id": "hinqe4m",
            "body": "What game",
            "ups": 13,
            "downs": 0,
            "polarity": -0.4,
            "subjectivity": 0.4
        },
        {
            "comment_id": "hiogtbe",
            "body": "Though it isnt valheim, this reminds me a lot of valheim, seeing a troll for the first time smashing down trees and stuff",
            "ups": 2,
            "downs": 0,
            "polarity": 0.04722222222222221,
            "subjectivity": 0.3111111111111111
        },
        {
            "comment_id": "hio1q5s",
            "body": "Hey what the hell game is this?",
            "ups": 1,
            "downs": 0,
            "polarity": -0.4,
            "subjectivity": 0.4
        },
        {
            "comment_id": "hiohqis",
            "body": "Looks more like you headed it's way and then it ignored you",
            "ups": 1,
            "downs": 0,
            "polarity": 0.5,
            "subjectivity": 0.5
        },
        {
            "comment_id": "hiowrp7",
            "body": "There is one thing more intimidating than that: When the trees start walking towards you, then when up close, they do a fusion dance and combine into a giant ent (I mean, like three or four trees tall ent).",
            "ups": 1,
            "downs": 0,
            "polarity": 0.0625,
            "subjectivity": 0.7291666666666666
        }
    ],
    "top_comments_hot": [
        {
            "comment_id": "hinqe4m",
            "body": "What game",
            "ups": 13,
            "downs": 0,
            "polarity": -0.4,
            "subjectivity": 0.4
        },
        {
            "comment_id": "hiogtbe",
            "body": "Though it isnt valheim, this reminds me a lot of valheim, seeing a troll for the first time smashing down trees and stuff",
            "ups": 2,
            "downs": 0,
            "polarity": 0.04722222222222221,
            "subjectivity": 0.3111111111111111
        },
        {
            "comment_id": "hio1q5s",
            "body": "Hey what the hell game is this?",
            "ups": 1,
            "downs": 0,
            "polarity": -0.4,
            "subjectivity": 0.4
        },
        {
            "comment_id": "hiohqis",
            "body": "Looks more like you headed it's way and then it ignored you",
            "ups": 1,
            "downs": 0,
            "polarity": 0.5,
            "subjectivity": 0.5
        },
        {
            "comment_id": "hiowrp7",
            "body": "There is one thing more intimidating than that: When the trees start walking towards you, then when up close, they do a fusion dance and combine into a giant ent (I mean, like three or four trees tall ent).",
            "ups": 1,
            "downs": 0,
            "polarity": 0.0625,
            "subjectivity": 0.7291666666666666
        }
    ]
}