{
    "post_url": "https://www.reddit.com/r/LifeProTips/comments/qiqmuz/lpt_if_you_want_to_fast_skip_a_youtube_ad_click/",
    "time_posted": "2021-10-29 21:01:16",
    "time_now": "2021-10-31 05:10:03",
    "ups": 9,
    "downs": 0,
    "comments_since_last_sample": [],
    "top_comments_top": [
        {
            "comment_id": "hil5jbp",
            "body": "Hello and welcome to r/LifeProTips!\n\nPlease help us decide if this post is a good fit for the subreddit by up or downvoting this comment. \n\nIf you think that this is great advice to improve your life, please upvote. If you think this doesn't help you in any way, please downvote. If you don't care, leave it for the others to decide.",
            "ups": 1,
            "downs": 0,
            "polarity": 0.7250000000000001,
            "subjectivity": 0.6625
        },
        {
            "comment_id": "hil9ymu",
            "body": "I personally like reporting ads as spam.",
            "ups": 4,
            "downs": 0,
            "polarity": 0.0,
            "subjectivity": 0.3
        },
        {
            "comment_id": "hilaboy",
            "body": "Why would you do that when you could just sideload Smart YouTube or YouTube Vanced?",
            "ups": 2,
            "downs": 0,
            "polarity": 0.21428571428571427,
            "subjectivity": 0.6428571428571429
        },
        {
            "comment_id": "hipgqjd",
            "body": "It doesn\u2019t give me the option it just says why this ad",
            "ups": 1,
            "downs": 0,
            "polarity": 0.0,
            "subjectivity": 0.0
        }
    ],
    "top_comments_best": [
        {
            "comment_id": "hil5jbp",
            "body": "Hello and welcome to r/LifeProTips!\n\nPlease help us decide if this post is a good fit for the subreddit by up or downvoting this comment. \n\nIf you think that this is great advice to improve your life, please upvote. If you think this doesn't help you in any way, please downvote. If you don't care, leave it for the others to decide.",
            "ups": 1,
            "downs": 0,
            "polarity": 0.7250000000000001,
            "subjectivity": 0.6625
        },
        {
            "comment_id": "hil9ymu",
            "body": "I personally like reporting ads as spam.",
            "ups": 4,
            "downs": 0,
            "polarity": 0.0,
            "subjectivity": 0.3
        },
        {
            "comment_id": "hilaboy",
            "body": "Why would you do that when you could just sideload Smart YouTube or YouTube Vanced?",
            "ups": 2,
            "downs": 0,
            "polarity": 0.21428571428571427,
            "subjectivity": 0.6428571428571429
        },
        {
            "comment_id": "hipgqjd",
            "body": "It doesn\u2019t give me the option it just says why this ad",
            "ups": 1,
            "downs": 0,
            "polarity": 0.0,
            "subjectivity": 0.0
        }
    ],
    "top_comments_hot": [
        {
            "comment_id": "hil5jbp",
            "body": "Hello and welcome to r/LifeProTips!\n\nPlease help us decide if this post is a good fit for the subreddit by up or downvoting this comment. \n\nIf you think that this is great advice to improve your life, please upvote. If you think this doesn't help you in any way, please downvote. If you don't care, leave it for the others to decide.",
            "ups": 1,
            "downs": 0,
            "polarity": 0.7250000000000001,
            "subjectivity": 0.6625
        },
        {
            "comment_id": "hil9ymu",
            "body": "I personally like reporting ads as spam.",
            "ups": 4,
            "downs": 0,
            "polarity": 0.0,
            "subjectivity": 0.3
        },
        {
            "comment_id": "hilaboy",
            "body": "Why would you do that when you could just sideload Smart YouTube or YouTube Vanced?",
            "ups": 2,
            "downs": 0,
            "polarity": 0.21428571428571427,
            "subjectivity": 0.6428571428571429
        },
        {
            "comment_id": "hipgqjd",
            "body": "It doesn\u2019t give me the option it just says why this ad",
            "ups": 1,
            "downs": 0,
            "polarity": 0.0,
            "subjectivity": 0.0
        }
    ]
}