{
    "post_url": "https://www.reddit.com/r/LifeProTips/comments/qj0968/lpt_always_take_a_photo_when_you_drop_your_bike/",
    "time_posted": "2021-10-30 08:13:39",
    "time_now": "2021-11-03 23:48:39",
    "ups": 13,
    "downs": 0,
    "comments_since_last_sample": [],
    "top_comments_top": [
        {
            "comment_id": "himurz9",
            "body": "Hello and welcome to r/LifeProTips!\n\nPlease help us decide if this post is a good fit for the subreddit by up or downvoting this comment. \n\nIf you think that this is great advice to improve your life, please upvote. If you think this doesn't help you in any way, please downvote. If you don't care, leave it for the others to decide.",
            "ups": 1,
            "downs": 0,
            "polarity": 0.7250000000000001,
            "subjectivity": 0.6625
        },
        {
            "comment_id": "himw25g",
            "body": "Well if you drink alcohol and drive around with a bike  you get your license revoked in my country...",
            "ups": 9,
            "downs": 0,
            "polarity": 0.0,
            "subjectivity": 0.0
        },
        {
            "comment_id": "hin2xcp",
            "body": "LPT: Don't drink and bike.",
            "ups": 5,
            "downs": 0,
            "polarity": 0.0,
            "subjectivity": 0.0
        },
        {
            "comment_id": "himyadw",
            "body": "Pretty useless in a giant bike stall\n\nI personally have a \"tile\" on my bike, it's one of those locator thingies, press a button on the app on my phone and it's alarm goes off, and tells you if it's close by or not",
            "ups": 3,
            "downs": 0,
            "polarity": -0.0625,
            "subjectivity": 0.625
        },
        {
            "comment_id": "hin5yvp",
            "body": "If you\u2019re getting so drunk you forgot where your bike is,\n\nDon\u2019t bike home.",
            "ups": 4,
            "downs": 0,
            "polarity": -0.5,
            "subjectivity": 1.0
        }
    ],
    "top_comments_best": [
        {
            "comment_id": "himurz9",
            "body": "Hello and welcome to r/LifeProTips!\n\nPlease help us decide if this post is a good fit for the subreddit by up or downvoting this comment. \n\nIf you think that this is great advice to improve your life, please upvote. If you think this doesn't help you in any way, please downvote. If you don't care, leave it for the others to decide.",
            "ups": 1,
            "downs": 0,
            "polarity": 0.7250000000000001,
            "subjectivity": 0.6625
        },
        {
            "comment_id": "himyadw",
            "body": "Pretty useless in a giant bike stall\n\nI personally have a \"tile\" on my bike, it's one of those locator thingies, press a button on the app on my phone and it's alarm goes off, and tells you if it's close by or not",
            "ups": 4,
            "downs": 0,
            "polarity": -0.0625,
            "subjectivity": 0.625
        },
        {
            "comment_id": "hin5yvp",
            "body": "If you\u2019re getting so drunk you forgot where your bike is,\n\nDon\u2019t bike home.",
            "ups": 4,
            "downs": 0,
            "polarity": -0.5,
            "subjectivity": 1.0
        },
        {
            "comment_id": "himw25g",
            "body": "Well if you drink alcohol and drive around with a bike  you get your license revoked in my country...",
            "ups": 9,
            "downs": 0,
            "polarity": 0.0,
            "subjectivity": 0.0
        },
        {
            "comment_id": "hin2xcp",
            "body": "LPT: Don't drink and bike.",
            "ups": 6,
            "downs": 0,
            "polarity": 0.0,
            "subjectivity": 0.0
        }
    ],
    "top_comments_hot": [
        {
            "comment_id": "himurz9",
            "body": "Hello and welcome to r/LifeProTips!\n\nPlease help us decide if this post is a good fit for the subreddit by up or downvoting this comment. \n\nIf you think that this is great advice to improve your life, please upvote. If you think this doesn't help you in any way, please downvote. If you don't care, leave it for the others to decide.",
            "ups": 1,
            "downs": 0,
            "polarity": 0.7250000000000001,
            "subjectivity": 0.6625
        },
        {
            "comment_id": "himyadw",
            "body": "Pretty useless in a giant bike stall\n\nI personally have a \"tile\" on my bike, it's one of those locator thingies, press a button on the app on my phone and it's alarm goes off, and tells you if it's close by or not",
            "ups": 3,
            "downs": 0,
            "polarity": -0.0625,
            "subjectivity": 0.625
        },
        {
            "comment_id": "hin5yvp",
            "body": "If you\u2019re getting so drunk you forgot where your bike is,\n\nDon\u2019t bike home.",
            "ups": 3,
            "downs": 0,
            "polarity": -0.5,
            "subjectivity": 1.0
        },
        {
            "comment_id": "himw25g",
            "body": "Well if you drink alcohol and drive around with a bike  you get your license revoked in my country...",
            "ups": 9,
            "downs": 0,
            "polarity": 0.0,
            "subjectivity": 0.0
        },
        {
            "comment_id": "hin2xcp",
            "body": "LPT: Don't drink and bike.",
            "ups": 4,
            "downs": 0,
            "polarity": 0.0,
            "subjectivity": 0.0
        }
    ]
}