{
    "post_url": "https://www.reddit.com/r/LifeProTips/comments/qibscl/lpt_if_you_pay_your_rent_by_cashcheck_record_a/",
    "time_posted": "2021-10-29 08:33:50",
    "time_now": "2021-11-03 15:35:10",
    "ups": 0,
    "downs": 0,
    "comments_since_last_sample": [],
    "top_comments_top": [
        {
            "comment_id": "hii6ndk",
            "body": "Hello and welcome to r/LifeProTips!\n\nPlease help us decide if this post is a good fit for the subreddit by up or downvoting this comment. \n\nIf you think that this is great advice to improve your life, please upvote. If you think this doesn't help you in any way, please downvote. If you don't care, leave it for the others to decide.",
            "ups": 1,
            "downs": 0,
            "polarity": 0.7250000000000001,
            "subjectivity": 0.6625
        },
        {
            "comment_id": "hii7ae2",
            "body": "A) Never *ever* pay rent in cash. Avoid any professional organization that accepts cash for rent. It\u2019s physically dangerous for the organization and the only reason to do so is that the property manager is lazy or stealing.\n\nB) Insist on a receipt. Much easier, more normal, and immediately demonstrable in court.",
            "ups": 14,
            "downs": 0,
            "polarity": 0.014285714285714278,
            "subjectivity": 0.6214285714285713
        },
        {
            "comment_id": "hii8mqv",
            "body": "I would never pay rent (or really for anything) in cash unless I was given a receipt at the same time I handed it over.",
            "ups": 10,
            "downs": 0,
            "polarity": 0.1,
            "subjectivity": 0.1625
        },
        {
            "comment_id": "hiib7m1",
            "body": "Don't know why any landlord would accept cash these days unless they were dodgy AF and I don't know anyone who uses cheques anymore.\n\nMy rent goes through via standing order. I have online banking so I just screenshot it when it has been paid.",
            "ups": 7,
            "downs": 0,
            "polarity": 0.0,
            "subjectivity": 0.0
        },
        {
            "comment_id": "hiibhlf",
            "body": "It won't help you to do this. Your landlord will just say nobody knows what's in that envelope, and you'll have no proof. Just get a receipt; it's easier and is proof of payment.",
            "ups": 5,
            "downs": 0,
            "polarity": 0.0,
            "subjectivity": 0.0
        }
    ],
    "top_comments_best": [
        {
            "comment_id": "hii6ndk",
            "body": "Hello and welcome to r/LifeProTips!\n\nPlease help us decide if this post is a good fit for the subreddit by up or downvoting this comment. \n\nIf you think that this is great advice to improve your life, please upvote. If you think this doesn't help you in any way, please downvote. If you don't care, leave it for the others to decide.",
            "ups": 1,
            "downs": 0,
            "polarity": 0.7250000000000001,
            "subjectivity": 0.6625
        },
        {
            "comment_id": "hii8mqv",
            "body": "I would never pay rent (or really for anything) in cash unless I was given a receipt at the same time I handed it over.",
            "ups": 11,
            "downs": 0,
            "polarity": 0.1,
            "subjectivity": 0.1625
        },
        {
            "comment_id": "hiib7m1",
            "body": "Don't know why any landlord would accept cash these days unless they were dodgy AF and I don't know anyone who uses cheques anymore.\n\nMy rent goes through via standing order. I have online banking so I just screenshot it when it has been paid.",
            "ups": 5,
            "downs": 0,
            "polarity": 0.0,
            "subjectivity": 0.0
        },
        {
            "comment_id": "hii7ae2",
            "body": "A) Never *ever* pay rent in cash. Avoid any professional organization that accepts cash for rent. It\u2019s physically dangerous for the organization and the only reason to do so is that the property manager is lazy or stealing.\n\nB) Insist on a receipt. Much easier, more normal, and immediately demonstrable in court.",
            "ups": 14,
            "downs": 0,
            "polarity": 0.014285714285714278,
            "subjectivity": 0.6214285714285713
        },
        {
            "comment_id": "hiibhlf",
            "body": "It won't help you to do this. Your landlord will just say nobody knows what's in that envelope, and you'll have no proof. Just get a receipt; it's easier and is proof of payment.",
            "ups": 5,
            "downs": 0,
            "polarity": 0.0,
            "subjectivity": 0.0
        }
    ],
    "top_comments_hot": [
        {
            "comment_id": "hii6ndk",
            "body": "Hello and welcome to r/LifeProTips!\n\nPlease help us decide if this post is a good fit for the subreddit by up or downvoting this comment. \n\nIf you think that this is great advice to improve your life, please upvote. If you think this doesn't help you in any way, please downvote. If you don't care, leave it for the others to decide.",
            "ups": 1,
            "downs": 0,
            "polarity": 0.7250000000000001,
            "subjectivity": 0.6625
        },
        {
            "comment_id": "hii8mqv",
            "body": "I would never pay rent (or really for anything) in cash unless I was given a receipt at the same time I handed it over.",
            "ups": 9,
            "downs": 0,
            "polarity": 0.1,
            "subjectivity": 0.1625
        },
        {
            "comment_id": "hiib7m1",
            "body": "Don't know why any landlord would accept cash these days unless they were dodgy AF and I don't know anyone who uses cheques anymore.\n\nMy rent goes through via standing order. I have online banking so I just screenshot it when it has been paid.",
            "ups": 6,
            "downs": 0,
            "polarity": 0.0,
            "subjectivity": 0.0
        },
        {
            "comment_id": "hii7ae2",
            "body": "A) Never *ever* pay rent in cash. Avoid any professional organization that accepts cash for rent. It\u2019s physically dangerous for the organization and the only reason to do so is that the property manager is lazy or stealing.\n\nB) Insist on a receipt. Much easier, more normal, and immediately demonstrable in court.",
            "ups": 14,
            "downs": 0,
            "polarity": 0.014285714285714278,
            "subjectivity": 0.6214285714285713
        },
        {
            "comment_id": "hiibhlf",
            "body": "It won't help you to do this. Your landlord will just say nobody knows what's in that envelope, and you'll have no proof. Just get a receipt; it's easier and is proof of payment.",
            "ups": 4,
            "downs": 0,
            "polarity": 0.0,
            "subjectivity": 0.0
        }
    ]
}