{
    "post_url": "https://www.reddit.com/r/LifeProTips/comments/qizs4w/lpt_check_the_air_pressure_in_your_spare_tire/",
    "time_posted": "2021-10-30 07:42:14",
    "time_now": "2021-11-05 21:08:02",
    "ups": 136,
    "downs": 0,
    "comments_since_last_sample": [],
    "top_comments_top": [
        {
            "comment_id": "himrxvn",
            "body": "Hello and welcome to r/LifeProTips!\n\nPlease help us decide if this post is a good fit for the subreddit by up or downvoting this comment. \n\nIf you think that this is great advice to improve your life, please upvote. If you think this doesn't help you in any way, please downvote. If you don't care, leave it for the others to decide.",
            "ups": 1,
            "downs": 0,
            "polarity": 0.7250000000000001,
            "subjectivity": 0.6625
        },
        {
            "comment_id": "hims9cb",
            "body": "LPT: \n\nBuy a small air-compressor that attaches to the battery, you don't need much. \n\nKeep a tire repair kit in the trunk with the spare. It is very easy to repair a tire, sometimes, without having to remove it from the vehicle. Then you will need the compressor to refill. \n\nThose \"foam\" tire repair kits, will destroy not only your tire, but the rim. \n\n\nLPT:  Actually just learn basic maintenance on your vehicle as well.",
            "ups": 11,
            "downs": 0,
            "polarity": 0.044761904761904774,
            "subjectivity": 0.4035714285714286
        },
        {
            "comment_id": "himssj7",
            "body": "You should be checking your spare any time you check your tires period.",
            "ups": 7,
            "downs": 0,
            "polarity": 0.0,
            "subjectivity": 0.0
        },
        {
            "comment_id": "himsz85",
            "body": "I check all my tires every week or two. Better to be safe. \ud83d\udc4d\ud83c\udffb",
            "ups": 6,
            "downs": 0,
            "polarity": 0.5,
            "subjectivity": 0.5
        },
        {
            "comment_id": "hio4gi2",
            "body": "As a mechanic I make it a habit to check people's spare if it's accessible during any service where I lift it. 80% of the time they are under half inflated.. Not something you want to find out 45 minutes into a spare change on the side of the road",
            "ups": 3,
            "downs": 0,
            "polarity": 0.10416666666666667,
            "subjectivity": 0.2708333333333333
        }
    ],
    "top_comments_best": [
        {
            "comment_id": "himrxvn",
            "body": "Hello and welcome to r/LifeProTips!\n\nPlease help us decide if this post is a good fit for the subreddit by up or downvoting this comment. \n\nIf you think that this is great advice to improve your life, please upvote. If you think this doesn't help you in any way, please downvote. If you don't care, leave it for the others to decide.",
            "ups": 1,
            "downs": 0,
            "polarity": 0.7250000000000001,
            "subjectivity": 0.6625
        },
        {
            "comment_id": "hims9cb",
            "body": "LPT: \n\nBuy a small air-compressor that attaches to the battery, you don't need much. \n\nKeep a tire repair kit in the trunk with the spare. It is very easy to repair a tire, sometimes, without having to remove it from the vehicle. Then you will need the compressor to refill. \n\nThose \"foam\" tire repair kits, will destroy not only your tire, but the rim. \n\n\nLPT:  Actually just learn basic maintenance on your vehicle as well.",
            "ups": 11,
            "downs": 0,
            "polarity": 0.044761904761904774,
            "subjectivity": 0.4035714285714286
        },
        {
            "comment_id": "himssj7",
            "body": "You should be checking your spare any time you check your tires period.",
            "ups": 9,
            "downs": 0,
            "polarity": 0.0,
            "subjectivity": 0.0
        },
        {
            "comment_id": "himsz85",
            "body": "I check all my tires every week or two. Better to be safe. \ud83d\udc4d\ud83c\udffb",
            "ups": 6,
            "downs": 0,
            "polarity": 0.5,
            "subjectivity": 0.5
        },
        {
            "comment_id": "hio4gi2",
            "body": "As a mechanic I make it a habit to check people's spare if it's accessible during any service where I lift it. 80% of the time they are under half inflated.. Not something you want to find out 45 minutes into a spare change on the side of the road",
            "ups": 3,
            "downs": 0,
            "polarity": 0.10416666666666667,
            "subjectivity": 0.2708333333333333
        }
    ],
    "top_comments_hot": [
        {
            "comment_id": "himrxvn",
            "body": "Hello and welcome to r/LifeProTips!\n\nPlease help us decide if this post is a good fit for the subreddit by up or downvoting this comment. \n\nIf you think that this is great advice to improve your life, please upvote. If you think this doesn't help you in any way, please downvote. If you don't care, leave it for the others to decide.",
            "ups": 1,
            "downs": 0,
            "polarity": 0.7250000000000001,
            "subjectivity": 0.6625
        },
        {
            "comment_id": "hims9cb",
            "body": "LPT: \n\nBuy a small air-compressor that attaches to the battery, you don't need much. \n\nKeep a tire repair kit in the trunk with the spare. It is very easy to repair a tire, sometimes, without having to remove it from the vehicle. Then you will need the compressor to refill. \n\nThose \"foam\" tire repair kits, will destroy not only your tire, but the rim. \n\n\nLPT:  Actually just learn basic maintenance on your vehicle as well.",
            "ups": 13,
            "downs": 0,
            "polarity": 0.044761904761904774,
            "subjectivity": 0.4035714285714286
        },
        {
            "comment_id": "himssj7",
            "body": "You should be checking your spare any time you check your tires period.",
            "ups": 9,
            "downs": 0,
            "polarity": 0.0,
            "subjectivity": 0.0
        },
        {
            "comment_id": "himsz85",
            "body": "I check all my tires every week or two. Better to be safe. \ud83d\udc4d\ud83c\udffb",
            "ups": 6,
            "downs": 0,
            "polarity": 0.5,
            "subjectivity": 0.5
        },
        {
            "comment_id": "hio4gi2",
            "body": "As a mechanic I make it a habit to check people's spare if it's accessible during any service where I lift it. 80% of the time they are under half inflated.. Not something you want to find out 45 minutes into a spare change on the side of the road",
            "ups": 3,
            "downs": 0,
            "polarity": 0.10416666666666667,
            "subjectivity": 0.2708333333333333
        }
    ]
}