{
    "post_url": "https://www.reddit.com/r/LifeProTips/comments/qi3gop/lpt_request_how_to_make_5000_in_one_year_without/",
    "time_posted": "2021-10-28 23:16:50",
    "time_now": "2021-11-03 03:13:29",
    "ups": 0,
    "downs": 0,
    "comments_since_last_sample": [],
    "top_comments_top": [
        {
            "comment_id": "higvm4n",
            "body": "Hello and welcome to r/LifeProTips!\n\nPlease help us decide if this post is a good fit for the subreddit by up or downvoting this comment. \n\nIf you think that this is great advice to improve your life, please upvote. If you think this doesn't help you in any way, please downvote. If you don't care, leave it for the others to decide.",
            "ups": 1,
            "downs": 0,
            "polarity": 0.7250000000000001,
            "subjectivity": 0.6625
        },
        {
            "comment_id": "higxyvk",
            "body": "&gt; how to make \u00a35000 in one year without a job\n\nGet a job.",
            "ups": 10,
            "downs": 0,
            "polarity": 0.0,
            "subjectivity": 0.0
        },
        {
            "comment_id": "higvwhr",
            "body": "Donating plasma and sperm/ovum, signing up for medical testing. Not sure if thise are available where youre at, but these work in the US.",
            "ups": 8,
            "downs": 0,
            "polarity": 0.05000000000000001,
            "subjectivity": 0.4296296296296296
        },
        {
            "comment_id": "hih09bu",
            "body": "Walk your country and video blog your journey. Interview interesting people you meet and upload every other day. Get sponsors along the way and viewers generate money, plus from advisors. People will let you take care of you if you yourself are interesting and genuine.",
            "ups": 5,
            "downs": 0,
            "polarity": 0.31875,
            "subjectivity": 0.46875
        },
        {
            "comment_id": "higybaq",
            "body": "You can make it in 2 months with a job . Try counting cards lol drop shipped items",
            "ups": 3,
            "downs": 0,
            "polarity": 0.8,
            "subjectivity": 0.7
        }
    ],
    "top_comments_best": [
        {
            "comment_id": "higvm4n",
            "body": "Hello and welcome to r/LifeProTips!\n\nPlease help us decide if this post is a good fit for the subreddit by up or downvoting this comment. \n\nIf you think that this is great advice to improve your life, please upvote. If you think this doesn't help you in any way, please downvote. If you don't care, leave it for the others to decide.",
            "ups": 1,
            "downs": 0,
            "polarity": 0.7250000000000001,
            "subjectivity": 0.6625
        },
        {
            "comment_id": "higvwhr",
            "body": "Donating plasma and sperm/ovum, signing up for medical testing. Not sure if thise are available where youre at, but these work in the US.",
            "ups": 5,
            "downs": 0,
            "polarity": 0.05000000000000001,
            "subjectivity": 0.4296296296296296
        },
        {
            "comment_id": "hih09bu",
            "body": "Walk your country and video blog your journey. Interview interesting people you meet and upload every other day. Get sponsors along the way and viewers generate money, plus from advisors. People will let you take care of you if you yourself are interesting and genuine.",
            "ups": 5,
            "downs": 0,
            "polarity": 0.31875,
            "subjectivity": 0.46875
        },
        {
            "comment_id": "higybaq",
            "body": "You can make it in 2 months with a job . Try counting cards lol drop shipped items",
            "ups": 3,
            "downs": 0,
            "polarity": 0.8,
            "subjectivity": 0.7
        },
        {
            "comment_id": "higxyvk",
            "body": "&gt; how to make \u00a35000 in one year without a job\n\nGet a job.",
            "ups": 11,
            "downs": 0,
            "polarity": 0.0,
            "subjectivity": 0.0
        }
    ],
    "top_comments_hot": [
        {
            "comment_id": "higvm4n",
            "body": "Hello and welcome to r/LifeProTips!\n\nPlease help us decide if this post is a good fit for the subreddit by up or downvoting this comment. \n\nIf you think that this is great advice to improve your life, please upvote. If you think this doesn't help you in any way, please downvote. If you don't care, leave it for the others to decide.",
            "ups": 1,
            "downs": 0,
            "polarity": 0.7250000000000001,
            "subjectivity": 0.6625
        },
        {
            "comment_id": "higvwhr",
            "body": "Donating plasma and sperm/ovum, signing up for medical testing. Not sure if thise are available where youre at, but these work in the US.",
            "ups": 7,
            "downs": 0,
            "polarity": 0.05000000000000001,
            "subjectivity": 0.4296296296296296
        },
        {
            "comment_id": "hih09bu",
            "body": "Walk your country and video blog your journey. Interview interesting people you meet and upload every other day. Get sponsors along the way and viewers generate money, plus from advisors. People will let you take care of you if you yourself are interesting and genuine.",
            "ups": 5,
            "downs": 0,
            "polarity": 0.31875,
            "subjectivity": 0.46875
        },
        {
            "comment_id": "higybaq",
            "body": "You can make it in 2 months with a job . Try counting cards lol drop shipped items",
            "ups": 3,
            "downs": 0,
            "polarity": 0.8,
            "subjectivity": 0.7
        },
        {
            "comment_id": "higxyvk",
            "body": "&gt; how to make \u00a35000 in one year without a job\n\nGet a job.",
            "ups": 11,
            "downs": 0,
            "polarity": 0.0,
            "subjectivity": 0.0
        }
    ]
}