{
    "post_url": "https://www.reddit.com/r/LifeProTips/comments/qiimbw/lpt_youre_never_going_to_get_through_that_1000/",
    "time_posted": "2021-10-29 14:01:44",
    "time_now": "2021-10-31 17:31:24",
    "ups": 29,
    "downs": 0,
    "comments_since_last_sample": [],
    "top_comments_top": [
        {
            "comment_id": "hijibze",
            "body": "Hello and welcome to r/LifeProTips!\n\nPlease help us decide if this post is a good fit for the subreddit by up or downvoting this comment. \n\nIf you think that this is great advice to improve your life, please upvote. If you think this doesn't help you in any way, please downvote. If you don't care, leave it for the others to decide.",
            "ups": 1,
            "downs": 0,
            "polarity": 0.7250000000000001,
            "subjectivity": 0.6625
        },
        {
            "comment_id": "hijimy1",
            "body": "Never read emails. Go for the world record unread emails in your inbox.",
            "ups": 7,
            "downs": 0,
            "polarity": 0.1,
            "subjectivity": 0.4
        },
        {
            "comment_id": "hijj0wy",
            "body": "Well I'm older but I learned to use the sort options and subscriptions. I remember when having 2 emails in my inbox was a big deal but I knew in time they'd fill it with trash like my mailbox.",
            "ups": 4,
            "downs": 0,
            "polarity": 0.08333333333333333,
            "subjectivity": 0.21666666666666667
        },
        {
            "comment_id": "hijou1i",
            "body": "I don\u2019t understand how people can not read so many, there may be something important ! Worth checking the junk folder too",
            "ups": 3,
            "downs": 0,
            "polarity": 0.43333333333333335,
            "subjectivity": 0.5333333333333333
        },
        {
            "comment_id": "hijr2qw",
            "body": "Why waste time moving it and marking it read?\n\nI know when I get to where I left off.  My inbox will delete the oldest emails if room is needed.  I saved anything important in an archive folder.\n\nMaybe I just don't get enough spam.",
            "ups": 2,
            "downs": 0,
            "polarity": 0.05,
            "subjectivity": 0.375
        }
    ],
    "top_comments_best": [
        {
            "comment_id": "hijibze",
            "body": "Hello and welcome to r/LifeProTips!\n\nPlease help us decide if this post is a good fit for the subreddit by up or downvoting this comment. \n\nIf you think that this is great advice to improve your life, please upvote. If you think this doesn't help you in any way, please downvote. If you don't care, leave it for the others to decide.",
            "ups": 1,
            "downs": 0,
            "polarity": 0.7250000000000001,
            "subjectivity": 0.6625
        },
        {
            "comment_id": "hijimy1",
            "body": "Never read emails. Go for the world record unread emails in your inbox.",
            "ups": 8,
            "downs": 0,
            "polarity": 0.1,
            "subjectivity": 0.4
        },
        {
            "comment_id": "hijj0wy",
            "body": "Well I'm older but I learned to use the sort options and subscriptions. I remember when having 2 emails in my inbox was a big deal but I knew in time they'd fill it with trash like my mailbox.",
            "ups": 3,
            "downs": 0,
            "polarity": 0.08333333333333333,
            "subjectivity": 0.21666666666666667
        },
        {
            "comment_id": "hijou1i",
            "body": "I don\u2019t understand how people can not read so many, there may be something important ! Worth checking the junk folder too",
            "ups": 3,
            "downs": 0,
            "polarity": 0.43333333333333335,
            "subjectivity": 0.5333333333333333
        },
        {
            "comment_id": "hijr2qw",
            "body": "Why waste time moving it and marking it read?\n\nI know when I get to where I left off.  My inbox will delete the oldest emails if room is needed.  I saved anything important in an archive folder.\n\nMaybe I just don't get enough spam.",
            "ups": 2,
            "downs": 0,
            "polarity": 0.05,
            "subjectivity": 0.375
        }
    ],
    "top_comments_hot": [
        {
            "comment_id": "hijibze",
            "body": "Hello and welcome to r/LifeProTips!\n\nPlease help us decide if this post is a good fit for the subreddit by up or downvoting this comment. \n\nIf you think that this is great advice to improve your life, please upvote. If you think this doesn't help you in any way, please downvote. If you don't care, leave it for the others to decide.",
            "ups": 1,
            "downs": 0,
            "polarity": 0.7250000000000001,
            "subjectivity": 0.6625
        },
        {
            "comment_id": "hijimy1",
            "body": "Never read emails. Go for the world record unread emails in your inbox.",
            "ups": 8,
            "downs": 0,
            "polarity": 0.1,
            "subjectivity": 0.4
        },
        {
            "comment_id": "hijj0wy",
            "body": "Well I'm older but I learned to use the sort options and subscriptions. I remember when having 2 emails in my inbox was a big deal but I knew in time they'd fill it with trash like my mailbox.",
            "ups": 5,
            "downs": 0,
            "polarity": 0.08333333333333333,
            "subjectivity": 0.21666666666666667
        },
        {
            "comment_id": "hijou1i",
            "body": "I don\u2019t understand how people can not read so many, there may be something important ! Worth checking the junk folder too",
            "ups": 3,
            "downs": 0,
            "polarity": 0.43333333333333335,
            "subjectivity": 0.5333333333333333
        },
        {
            "comment_id": "hijr2qw",
            "body": "Why waste time moving it and marking it read?\n\nI know when I get to where I left off.  My inbox will delete the oldest emails if room is needed.  I saved anything important in an archive folder.\n\nMaybe I just don't get enough spam.",
            "ups": 2,
            "downs": 0,
            "polarity": 0.05,
            "subjectivity": 0.375
        }
    ]
}