{
    "post_url": "https://www.reddit.com/r/Music/comments/qiwm4v/lia_desaparezco_bedroom_pop/",
    "time_posted": "2021-10-30 03:45:43",
    "time_now": "2021-11-02 23:00:39",
    "ups": 0,
    "downs": 0,
    "comments_since_last_sample": [],
    "top_comments_top": [
        {
            "comment_id": "himaivr",
            "body": "Dude why post the same thing 3 times?!",
            "ups": 1,
            "downs": 0,
            "polarity": 0.0,
            "subjectivity": 0.125
        }
    ],
    "top_comments_best": [
        {
            "comment_id": "himaivr",
            "body": "Dude why post the same thing 3 times?!",
            "ups": 1,
            "downs": 0,
            "polarity": 0.0,
            "subjectivity": 0.125
        }
    ],
    "top_comments_hot": [
        {
            "comment_id": "himaivr",
            "body": "Dude why post the same thing 3 times?!",
            "ups": 1,
            "downs": 0,
            "polarity": 0.0,
            "subjectivity": 0.125
        }
    ]
}