{
    "post_url": "https://www.reddit.com/r/gaming/comments/qizpem/marine_biologist_plays_assassins_creed_black_flag/",
    "time_posted": "2021-10-30 07:37:06",
    "time_now": "2021-10-30 20:53:42",
    "ups": 1,
    "downs": 0,
    "comments_since_last_sample": [],
    "top_comments_top": [
        {
            "comment_id": "himtur0",
            "body": "Looks at my 98% done game FUUUUCCCKKK",
            "ups": 1,
            "downs": 0,
            "polarity": -0.4,
            "subjectivity": 0.4
        }
    ],
    "top_comments_best": [
        {
            "comment_id": "himtur0",
            "body": "Looks at my 98% done game FUUUUCCCKKK",
            "ups": 1,
            "downs": 0,
            "polarity": -0.4,
            "subjectivity": 0.4
        }
    ],
    "top_comments_hot": [
        {
            "comment_id": "himtur0",
            "body": "Looks at my 98% done game FUUUUCCCKKK",
            "ups": 1,
            "downs": 0,
            "polarity": -0.4,
            "subjectivity": 0.4
        }
    ]
}