{
    "post_url": "https://www.reddit.com/r/LifeProTips/comments/qj2z5w/lpt_when_your_car_is_low_on_gas_and_youre_driving/",
    "time_posted": "2021-10-30 10:48:06",
    "time_now": "2021-10-31 13:23:12",
    "ups": 0,
    "downs": 0,
    "comments_since_last_sample": [],
    "top_comments_top": [
        {
            "comment_id": "hio5je8",
            "body": "Hello [Brilliant_Box_9574](/u/Brilliant_Box_9574), thank you for your submission! Unfortunately, it has been removed for the following reason:\n\nDo not post tips that could be considered common sense, common courtesy, unethical, or illegal.\n\nIf you would like to appeal this decision [please feel free to contact the moderators here](https://www.reddit.com/message/compose?to=%2Fr%2FLifeProTips&amp;subject=about%20my%20removed%20submission&amp;message=I%27m%20writing%20to%20you%20about%20the%20following%20submission:%20https://www.reddit.com/r/LifeProTips/comments/qj2z5w/lpt_when_your_car_is_low_on_gas_and_youre_driving/.%20%0D%0D). Do not repost without explicit permission from the moderators. Make sure you [read the rules](/r/lifeprotips/about/sidebar)  before submitting. Thank you!",
            "ups": 1,
            "downs": 0,
            "polarity": -0.08214285714285717,
            "subjectivity": 0.6126984126984129
        },
        {
            "comment_id": "hincpgh",
            "body": "LPT: when you are hungry, eat food.",
            "ups": 20,
            "downs": 0,
            "polarity": 0.0,
            "subjectivity": 0.0
        },
        {
            "comment_id": "hincvuj",
            "body": "LPT: when you got to take a dump, go take a dump.",
            "ups": 9,
            "downs": 0,
            "polarity": 0.0,
            "subjectivity": 0.0
        },
        {
            "comment_id": "hind5tm",
            "body": "LPT: When you are thirsty, drink water.",
            "ups": 5,
            "downs": 0,
            "polarity": 0.0,
            "subjectivity": 0.0
        },
        {
            "comment_id": "hinemjp",
            "body": "Award for the dumbest LPT",
            "ups": 5,
            "downs": 0,
            "polarity": 0.0,
            "subjectivity": 0.0
        }
    ],
    "top_comments_best": [
        {
            "comment_id": "hio5je8",
            "body": "Hello [Brilliant_Box_9574](/u/Brilliant_Box_9574), thank you for your submission! Unfortunately, it has been removed for the following reason:\n\nDo not post tips that could be considered common sense, common courtesy, unethical, or illegal.\n\nIf you would like to appeal this decision [please feel free to contact the moderators here](https://www.reddit.com/message/compose?to=%2Fr%2FLifeProTips&amp;subject=about%20my%20removed%20submission&amp;message=I%27m%20writing%20to%20you%20about%20the%20following%20submission:%20https://www.reddit.com/r/LifeProTips/comments/qj2z5w/lpt_when_your_car_is_low_on_gas_and_youre_driving/.%20%0D%0D). Do not repost without explicit permission from the moderators. Make sure you [read the rules](/r/lifeprotips/about/sidebar)  before submitting. Thank you!",
            "ups": 1,
            "downs": 0,
            "polarity": -0.08214285714285717,
            "subjectivity": 0.6126984126984129
        },
        {
            "comment_id": "hincpgh",
            "body": "LPT: when you are hungry, eat food.",
            "ups": 20,
            "downs": 0,
            "polarity": 0.0,
            "subjectivity": 0.0
        },
        {
            "comment_id": "hincvuj",
            "body": "LPT: when you got to take a dump, go take a dump.",
            "ups": 8,
            "downs": 0,
            "polarity": 0.0,
            "subjectivity": 0.0
        },
        {
            "comment_id": "hind5tm",
            "body": "LPT: When you are thirsty, drink water.",
            "ups": 5,
            "downs": 0,
            "polarity": 0.0,
            "subjectivity": 0.0
        },
        {
            "comment_id": "hinemjp",
            "body": "Award for the dumbest LPT",
            "ups": 6,
            "downs": 0,
            "polarity": 0.0,
            "subjectivity": 0.0
        }
    ],
    "top_comments_hot": [
        {
            "comment_id": "hio5je8",
            "body": "Hello [Brilliant_Box_9574](/u/Brilliant_Box_9574), thank you for your submission! Unfortunately, it has been removed for the following reason:\n\nDo not post tips that could be considered common sense, common courtesy, unethical, or illegal.\n\nIf you would like to appeal this decision [please feel free to contact the moderators here](https://www.reddit.com/message/compose?to=%2Fr%2FLifeProTips&amp;subject=about%20my%20removed%20submission&amp;message=I%27m%20writing%20to%20you%20about%20the%20following%20submission:%20https://www.reddit.com/r/LifeProTips/comments/qj2z5w/lpt_when_your_car_is_low_on_gas_and_youre_driving/.%20%0D%0D). Do not repost without explicit permission from the moderators. Make sure you [read the rules](/r/lifeprotips/about/sidebar)  before submitting. Thank you!",
            "ups": 1,
            "downs": 0,
            "polarity": -0.08214285714285717,
            "subjectivity": 0.6126984126984129
        },
        {
            "comment_id": "hincpgh",
            "body": "LPT: when you are hungry, eat food.",
            "ups": 20,
            "downs": 0,
            "polarity": 0.0,
            "subjectivity": 0.0
        },
        {
            "comment_id": "hincvuj",
            "body": "LPT: when you got to take a dump, go take a dump.",
            "ups": 10,
            "downs": 0,
            "polarity": 0.0,
            "subjectivity": 0.0
        },
        {
            "comment_id": "hind5tm",
            "body": "LPT: When you are thirsty, drink water.",
            "ups": 5,
            "downs": 0,
            "polarity": 0.0,
            "subjectivity": 0.0
        },
        {
            "comment_id": "hinemjp",
            "body": "Award for the dumbest LPT",
            "ups": 5,
            "downs": 0,
            "polarity": 0.0,
            "subjectivity": 0.0
        }
    ]
}