{
    "post_url": "https://www.reddit.com/r/LifeProTips/comments/qiplpv/lpt_if_you_request_a_performance_based_pay_raise/",
    "time_posted": "2021-10-29 20:00:09",
    "time_now": "2021-10-31 09:16:48",
    "ups": 10,
    "downs": 0,
    "comments_since_last_sample": [],
    "top_comments_top": [
        {
            "comment_id": "hikxy1y",
            "body": "Hello and welcome to r/LifeProTips!\n\nPlease help us decide if this post is a good fit for the subreddit by up or downvoting this comment. \n\nIf you think that this is great advice to improve your life, please upvote. If you think this doesn't help you in any way, please downvote. If you don't care, leave it for the others to decide.",
            "ups": 1,
            "downs": 0,
            "polarity": 0.7250000000000001,
            "subjectivity": 0.6625
        },
        {
            "comment_id": "hikylpo",
            "body": "Ooo, a *spicy* tip. Not disrespectful but an honest clapback.",
            "ups": 23,
            "downs": 0,
            "polarity": 0.6,
            "subjectivity": 0.9
        },
        {
            "comment_id": "hikzhab",
            "body": "If you follow OP's advice you will be sacked, and you'll deserve it.",
            "ups": 13,
            "downs": 0,
            "polarity": 0.0,
            "subjectivity": 0.0
        },
        {
            "comment_id": "hil00gi",
            "body": "That seems like it could be risky",
            "ups": 10,
            "downs": 0,
            "polarity": 0.0,
            "subjectivity": 0.0
        },
        {
            "comment_id": "hil10bi",
            "body": "teabag your boss's desk while you're at it. let them know how you *really* feel. \ud83d\ude02",
            "ups": 11,
            "downs": 0,
            "polarity": 0.2,
            "subjectivity": 0.2
        }
    ],
    "top_comments_best": [
        {
            "comment_id": "hikxy1y",
            "body": "Hello and welcome to r/LifeProTips!\n\nPlease help us decide if this post is a good fit for the subreddit by up or downvoting this comment. \n\nIf you think that this is great advice to improve your life, please upvote. If you think this doesn't help you in any way, please downvote. If you don't care, leave it for the others to decide.",
            "ups": 1,
            "downs": 0,
            "polarity": 0.7250000000000001,
            "subjectivity": 0.6625
        },
        {
            "comment_id": "hikylpo",
            "body": "Ooo, a *spicy* tip. Not disrespectful but an honest clapback.",
            "ups": 20,
            "downs": 0,
            "polarity": 0.6,
            "subjectivity": 0.9
        },
        {
            "comment_id": "hikzi1h",
            "body": "Uno Reverse Card engaged.",
            "ups": 7,
            "downs": 0,
            "polarity": 0.0,
            "subjectivity": 0.0
        },
        {
            "comment_id": "hiky6cp",
            "body": "Whats in a letter of reference?",
            "ups": 3,
            "downs": 0,
            "polarity": 0.0,
            "subjectivity": 0.0
        },
        {
            "comment_id": "hil510n",
            "body": "Updating your resume is a reasonable request in Canada. Ofcourse there are assholes everywhere.",
            "ups": 5,
            "downs": 0,
            "polarity": 0.2,
            "subjectivity": 0.6
        }
    ],
    "top_comments_hot": [
        {
            "comment_id": "hikxy1y",
            "body": "Hello and welcome to r/LifeProTips!\n\nPlease help us decide if this post is a good fit for the subreddit by up or downvoting this comment. \n\nIf you think that this is great advice to improve your life, please upvote. If you think this doesn't help you in any way, please downvote. If you don't care, leave it for the others to decide.",
            "ups": 1,
            "downs": 0,
            "polarity": 0.7250000000000001,
            "subjectivity": 0.6625
        },
        {
            "comment_id": "hikylpo",
            "body": "Ooo, a *spicy* tip. Not disrespectful but an honest clapback.",
            "ups": 22,
            "downs": 0,
            "polarity": 0.6,
            "subjectivity": 0.9
        },
        {
            "comment_id": "hikzi1h",
            "body": "Uno Reverse Card engaged.",
            "ups": 7,
            "downs": 0,
            "polarity": 0.0,
            "subjectivity": 0.0
        },
        {
            "comment_id": "hiky6cp",
            "body": "Whats in a letter of reference?",
            "ups": 5,
            "downs": 0,
            "polarity": 0.0,
            "subjectivity": 0.0
        },
        {
            "comment_id": "hil510n",
            "body": "Updating your resume is a reasonable request in Canada. Ofcourse there are assholes everywhere.",
            "ups": 6,
            "downs": 0,
            "polarity": 0.2,
            "subjectivity": 0.6
        }
    ]
}