{
    "post_url": "https://www.reddit.com/r/LifeProTips/comments/qibf1e/lpt_when_youre_in_a_social_situation_and_youre_a/",
    "time_posted": "2021-10-29 08:12:08",
    "time_now": "2021-11-04 08:03:39",
    "ups": 19,
    "downs": 0,
    "comments_since_last_sample": [],
    "top_comments_top": [
        {
            "comment_id": "hii49gj",
            "body": "Hello and welcome to r/LifeProTips!\n\nPlease help us decide if this post is a good fit for the subreddit by up or downvoting this comment. \n\nIf you think that this is great advice to improve your life, please upvote. If you think this doesn't help you in any way, please downvote. If you don't care, leave it for the others to decide.",
            "ups": 1,
            "downs": 0,
            "polarity": 0.7250000000000001,
            "subjectivity": 0.6625
        },
        {
            "comment_id": "hii4dz7",
            "body": "\"Fake it, till you make it\"",
            "ups": 7,
            "downs": 0,
            "polarity": -0.5,
            "subjectivity": 1.0
        },
        {
            "comment_id": "hii66tz",
            "body": "No, it probably won\u2019t. The research in \u201cpower posing\u201d as you\u2019re describing was very shoddy from the beginning and has now been thoroughly [debunked.](https://en.wikipedia.org/wiki/Power_posing)",
            "ups": -3,
            "downs": 0,
            "polarity": -0.39,
            "subjectivity": 0.65
        }
    ],
    "top_comments_best": [
        {
            "comment_id": "hii49gj",
            "body": "Hello and welcome to r/LifeProTips!\n\nPlease help us decide if this post is a good fit for the subreddit by up or downvoting this comment. \n\nIf you think that this is great advice to improve your life, please upvote. If you think this doesn't help you in any way, please downvote. If you don't care, leave it for the others to decide.",
            "ups": 1,
            "downs": 0,
            "polarity": 0.7250000000000001,
            "subjectivity": 0.6625
        },
        {
            "comment_id": "hii4dz7",
            "body": "\"Fake it, till you make it\"",
            "ups": 8,
            "downs": 0,
            "polarity": -0.5,
            "subjectivity": 1.0
        },
        {
            "comment_id": "hii66tz",
            "body": "No, it probably won\u2019t. The research in \u201cpower posing\u201d as you\u2019re describing was very shoddy from the beginning and has now been thoroughly [debunked.](https://en.wikipedia.org/wiki/Power_posing)",
            "ups": -3,
            "downs": 0,
            "polarity": -0.39,
            "subjectivity": 0.65
        }
    ],
    "top_comments_hot": [
        {
            "comment_id": "hii49gj",
            "body": "Hello and welcome to r/LifeProTips!\n\nPlease help us decide if this post is a good fit for the subreddit by up or downvoting this comment. \n\nIf you think that this is great advice to improve your life, please upvote. If you think this doesn't help you in any way, please downvote. If you don't care, leave it for the others to decide.",
            "ups": 1,
            "downs": 0,
            "polarity": 0.7250000000000001,
            "subjectivity": 0.6625
        },
        {
            "comment_id": "hii4dz7",
            "body": "\"Fake it, till you make it\"",
            "ups": 7,
            "downs": 0,
            "polarity": -0.5,
            "subjectivity": 1.0
        },
        {
            "comment_id": "hii66tz",
            "body": "No, it probably won\u2019t. The research in \u201cpower posing\u201d as you\u2019re describing was very shoddy from the beginning and has now been thoroughly [debunked.](https://en.wikipedia.org/wiki/Power_posing)",
            "ups": -1,
            "downs": 0,
            "polarity": -0.39,
            "subjectivity": 0.65
        }
    ]
}