{
    "post_url": "https://www.reddit.com/r/gaming/comments/qj3fk0/anybody_played_the_new_aoe/",
    "time_posted": "2021-10-30 11:10:21",
    "time_now": "2021-10-31 09:13:10",
    "ups": 2,
    "downs": 0,
    "comments_since_last_sample": [],
    "top_comments_top": [
        {
            "comment_id": "hingr2g",
            "body": "They're too busy playing the new AoE to see your post\n\nedit: it's very good. most similar to 2 with a blend of things 3 did well",
            "ups": 3,
            "downs": 0,
            "polarity": 0.3292727272727273,
            "subjectivity": 0.4869090909090909
        },
        {
            "comment_id": "hinn9kx",
            "body": "RUS for the win. Farm the dear &amp; Boars. Create a trade with an ally. Easy wins for days.",
            "ups": 2,
            "downs": 0,
            "polarity": 0.5111111111111112,
            "subjectivity": 0.4777777777777778
        }
    ],
    "top_comments_best": [
        {
            "comment_id": "hingr2g",
            "body": "They're too busy playing the new AoE to see your post\n\nedit: it's very good. most similar to 2 with a blend of things 3 did well",
            "ups": 3,
            "downs": 0,
            "polarity": 0.3292727272727273,
            "subjectivity": 0.4869090909090909
        },
        {
            "comment_id": "hinn9kx",
            "body": "RUS for the win. Farm the dear &amp; Boars. Create a trade with an ally. Easy wins for days.",
            "ups": 2,
            "downs": 0,
            "polarity": 0.5111111111111112,
            "subjectivity": 0.4777777777777778
        }
    ],
    "top_comments_hot": [
        {
            "comment_id": "hingr2g",
            "body": "They're too busy playing the new AoE to see your post\n\nedit: it's very good. most similar to 2 with a blend of things 3 did well",
            "ups": 3,
            "downs": 0,
            "polarity": 0.3292727272727273,
            "subjectivity": 0.4869090909090909
        },
        {
            "comment_id": "hinn9kx",
            "body": "RUS for the win. Farm the dear &amp; Boars. Create a trade with an ally. Easy wins for days.",
            "ups": 2,
            "downs": 0,
            "polarity": 0.5111111111111112,
            "subjectivity": 0.4777777777777778
        }
    ]
}