{
    "post_url": "https://www.reddit.com/r/LifeProTips/comments/qj28pt/lpt_genuinely_ask_a_food_service_worker_how_their/",
    "time_posted": "2021-10-30 10:09:29",
    "time_now": "2021-10-31 13:23:16",
    "ups": 660,
    "downs": 0,
    "comments_since_last_sample": [],
    "top_comments_top": [
        {
            "comment_id": "hin7pc9",
            "body": "Hello and welcome to r/LifeProTips!\n\nPlease help us decide if this post is a good fit for the subreddit by up or downvoting this comment. \n\nIf you think that this is great advice to improve your life, please upvote. If you think this doesn't help you in any way, please downvote. If you don't care, leave it for the others to decide.",
            "ups": 1,
            "downs": 0,
            "polarity": 0.7250000000000001,
            "subjectivity": 0.6625
        },
        {
            "comment_id": "hin8aok",
            "body": "Their response: it sucks.\n\nMy response: Oh no, tell me about it.\n\nOther people in line: gtfo of the line",
            "ups": 108,
            "downs": 0,
            "polarity": -0.2125,
            "subjectivity": 0.3375
        },
        {
            "comment_id": "hinayst",
            "body": "When customers asks me how my day is going I am never honest because I\u2019d rather not be there dealing with annoying customers. But I\u2019m told that\u2019s not good customer service.",
            "ups": 63,
            "downs": 0,
            "polarity": -0.4833333333333334,
            "subjectivity": 0.8000000000000002
        },
        {
            "comment_id": "hio66zd",
            "body": "Terrible advice, you're just another table. I'll alwaye be courteous and attentive but beyond that, it's a job.",
            "ups": 48,
            "downs": 0,
            "polarity": 0.0,
            "subjectivity": 0.9666666666666667
        },
        {
            "comment_id": "hiow2p1",
            "body": "I would hate that. Why did so many people think that people in service want to have a conversation. I spent years in over phone pc tech support and the most uncomfortable thing odds when a cx would try to have a non work relayed conversation with me.",
            "ups": 40,
            "downs": 0,
            "polarity": -0.08,
            "subjectivity": 0.6
        }
    ],
    "top_comments_best": [
        {
            "comment_id": "hin7pc9",
            "body": "Hello and welcome to r/LifeProTips!\n\nPlease help us decide if this post is a good fit for the subreddit by up or downvoting this comment. \n\nIf you think that this is great advice to improve your life, please upvote. If you think this doesn't help you in any way, please downvote. If you don't care, leave it for the others to decide.",
            "ups": 1,
            "downs": 0,
            "polarity": 0.7250000000000001,
            "subjectivity": 0.6625
        },
        {
            "comment_id": "hin8aok",
            "body": "Their response: it sucks.\n\nMy response: Oh no, tell me about it.\n\nOther people in line: gtfo of the line",
            "ups": 108,
            "downs": 0,
            "polarity": -0.2125,
            "subjectivity": 0.3375
        },
        {
            "comment_id": "hip2f4l",
            "body": "The kindest thing you can do for a food service worker is to be quick, clear and concise with your order. If there's any sort of line, if it's busy AT ALL, or if it's anywhere near opening or closing time, do not do this. \n\nThey're busy, likely understaffed and overworked, they don't have time to make small talk with you.",
            "ups": 35,
            "downs": 0,
            "polarity": 0.07291666666666666,
            "subjectivity": 0.48541666666666666
        },
        {
            "comment_id": "hinayst",
            "body": "When customers asks me how my day is going I am never honest because I\u2019d rather not be there dealing with annoying customers. But I\u2019m told that\u2019s not good customer service.",
            "ups": 59,
            "downs": 0,
            "polarity": -0.4833333333333334,
            "subjectivity": 0.8000000000000002
        },
        {
            "comment_id": "hiow2p1",
            "body": "I would hate that. Why did so many people think that people in service want to have a conversation. I spent years in over phone pc tech support and the most uncomfortable thing odds when a cx would try to have a non work relayed conversation with me.",
            "ups": 41,
            "downs": 0,
            "polarity": -0.08,
            "subjectivity": 0.6
        }
    ],
    "top_comments_hot": [
        {
            "comment_id": "hin7pc9",
            "body": "Hello and welcome to r/LifeProTips!\n\nPlease help us decide if this post is a good fit for the subreddit by up or downvoting this comment. \n\nIf you think that this is great advice to improve your life, please upvote. If you think this doesn't help you in any way, please downvote. If you don't care, leave it for the others to decide.",
            "ups": 1,
            "downs": 0,
            "polarity": 0.7250000000000001,
            "subjectivity": 0.6625
        },
        {
            "comment_id": "hin8aok",
            "body": "Their response: it sucks.\n\nMy response: Oh no, tell me about it.\n\nOther people in line: gtfo of the line",
            "ups": 112,
            "downs": 0,
            "polarity": -0.2125,
            "subjectivity": 0.3375
        },
        {
            "comment_id": "hip2f4l",
            "body": "The kindest thing you can do for a food service worker is to be quick, clear and concise with your order. If there's any sort of line, if it's busy AT ALL, or if it's anywhere near opening or closing time, do not do this. \n\nThey're busy, likely understaffed and overworked, they don't have time to make small talk with you.",
            "ups": 34,
            "downs": 0,
            "polarity": 0.07291666666666666,
            "subjectivity": 0.48541666666666666
        },
        {
            "comment_id": "hinayst",
            "body": "When customers asks me how my day is going I am never honest because I\u2019d rather not be there dealing with annoying customers. But I\u2019m told that\u2019s not good customer service.",
            "ups": 60,
            "downs": 0,
            "polarity": -0.4833333333333334,
            "subjectivity": 0.8000000000000002
        },
        {
            "comment_id": "hiow2p1",
            "body": "I would hate that. Why did so many people think that people in service want to have a conversation. I spent years in over phone pc tech support and the most uncomfortable thing odds when a cx would try to have a non work relayed conversation with me.",
            "ups": 41,
            "downs": 0,
            "polarity": -0.08,
            "subjectivity": 0.6
        }
    ]
}