{
    "post_url": "https://www.reddit.com/r/LifeProTips/comments/qidu7o/lpt_buy_good_quality_diy_tools/",
    "time_posted": "2021-10-29 10:17:19",
    "time_now": "2021-11-06 05:23:16",
    "ups": 1,
    "downs": 0,
    "comments_since_last_sample": [],
    "top_comments_top": [
        {
            "comment_id": "hiik6m1",
            "body": "Hello and welcome to r/LifeProTips!\n\nPlease help us decide if this post is a good fit for the subreddit by up or downvoting this comment. \n\nIf you think that this is great advice to improve your life, please upvote. If you think this doesn't help you in any way, please downvote. If you don't care, leave it for the others to decide.",
            "ups": 1,
            "downs": 0,
            "polarity": 0.7250000000000001,
            "subjectivity": 0.6625
        },
        {
            "comment_id": "hiilhyq",
            "body": "I had read something long ago\u2026 probably a LPT Reddit post from years ago that said you should buy yourself a cheap set that includes everything. As items wear out replace them with a good quality one as it is a tool you use often. The ones that never need replaced you will continue to get by with till you need a better one.",
            "ups": 4,
            "downs": 0,
            "polarity": 0.3875,
            "subjectivity": 0.55
        },
        {
            "comment_id": "hiim5nj",
            "body": "No, this is not a blanket rule. You need to make the decision on every tool you buy. Sometimes it's a \"buy once, cry once\" but other times is \"harbor freight is good enough\". \n\nFor example, I'm probably going to do tile work in the future. I'm going to buy an $80 wet tile saw from harbor freight and use it a handful of times. I don't need fancy. \n\nAnother example, I bought a harbor freight chop saw for $120. It worked great for my needs but it was only a 10\" single bevel saw and it was not a slider. I did about 2,000 sqft of laminate flooring with it and it was fine but not super accurate and just OK to use. Now I bought a $350 Dewalt 12\" sliding double-bevel compound miter saw.",
            "ups": 2,
            "downs": 0,
            "polarity": 0.19613095238095238,
            "subjectivity": 0.5220238095238096
        }
    ],
    "top_comments_best": [
        {
            "comment_id": "hiik6m1",
            "body": "Hello and welcome to r/LifeProTips!\n\nPlease help us decide if this post is a good fit for the subreddit by up or downvoting this comment. \n\nIf you think that this is great advice to improve your life, please upvote. If you think this doesn't help you in any way, please downvote. If you don't care, leave it for the others to decide.",
            "ups": 1,
            "downs": 0,
            "polarity": 0.7250000000000001,
            "subjectivity": 0.6625
        },
        {
            "comment_id": "hiilhyq",
            "body": "I had read something long ago\u2026 probably a LPT Reddit post from years ago that said you should buy yourself a cheap set that includes everything. As items wear out replace them with a good quality one as it is a tool you use often. The ones that never need replaced you will continue to get by with till you need a better one.",
            "ups": 5,
            "downs": 0,
            "polarity": 0.3875,
            "subjectivity": 0.55
        },
        {
            "comment_id": "hiim5nj",
            "body": "No, this is not a blanket rule. You need to make the decision on every tool you buy. Sometimes it's a \"buy once, cry once\" but other times is \"harbor freight is good enough\". \n\nFor example, I'm probably going to do tile work in the future. I'm going to buy an $80 wet tile saw from harbor freight and use it a handful of times. I don't need fancy. \n\nAnother example, I bought a harbor freight chop saw for $120. It worked great for my needs but it was only a 10\" single bevel saw and it was not a slider. I did about 2,000 sqft of laminate flooring with it and it was fine but not super accurate and just OK to use. Now I bought a $350 Dewalt 12\" sliding double-bevel compound miter saw.",
            "ups": 2,
            "downs": 0,
            "polarity": 0.19613095238095238,
            "subjectivity": 0.5220238095238096
        }
    ],
    "top_comments_hot": [
        {
            "comment_id": "hiik6m1",
            "body": "Hello and welcome to r/LifeProTips!\n\nPlease help us decide if this post is a good fit for the subreddit by up or downvoting this comment. \n\nIf you think that this is great advice to improve your life, please upvote. If you think this doesn't help you in any way, please downvote. If you don't care, leave it for the others to decide.",
            "ups": 1,
            "downs": 0,
            "polarity": 0.7250000000000001,
            "subjectivity": 0.6625
        },
        {
            "comment_id": "hiilhyq",
            "body": "I had read something long ago\u2026 probably a LPT Reddit post from years ago that said you should buy yourself a cheap set that includes everything. As items wear out replace them with a good quality one as it is a tool you use often. The ones that never need replaced you will continue to get by with till you need a better one.",
            "ups": 6,
            "downs": 0,
            "polarity": 0.3875,
            "subjectivity": 0.55
        },
        {
            "comment_id": "hiim5nj",
            "body": "No, this is not a blanket rule. You need to make the decision on every tool you buy. Sometimes it's a \"buy once, cry once\" but other times is \"harbor freight is good enough\". \n\nFor example, I'm probably going to do tile work in the future. I'm going to buy an $80 wet tile saw from harbor freight and use it a handful of times. I don't need fancy. \n\nAnother example, I bought a harbor freight chop saw for $120. It worked great for my needs but it was only a 10\" single bevel saw and it was not a slider. I did about 2,000 sqft of laminate flooring with it and it was fine but not super accurate and just OK to use. Now I bought a $350 Dewalt 12\" sliding double-bevel compound miter saw.",
            "ups": 2,
            "downs": 0,
            "polarity": 0.19613095238095238,
            "subjectivity": 0.5220238095238096
        }
    ]
}