{
    "post_url": "https://www.reddit.com/r/politics/comments/qir1c5/what_the_polls_agree_on_about_bidens_approval/",
    "time_posted": "2021-10-29 21:24:58",
    "time_now": "2021-10-30 20:55:33",
    "ups": 0,
    "downs": 0,
    "comments_since_last_sample": [],
    "top_comments_top": [
        {
            "comment_id": "hil8f50",
            "body": "\nAs a reminder, this subreddit [is for civil discussion.](/r/politics/wiki/index#wiki_be_civil)\n\nIn general, be courteous to others. Debate/discuss/argue the merits of ideas, don't attack people. Personal insults, shill or troll accusations, hate speech, any suggestion or support of harm, violence, or death, and other rule violations can result in a permanent ban. \n\nIf you see comments in violation of our rules, please report them.\n\n For those who have questions regarding any media outlets being posted on this subreddit, please click [here](https://www.reddit.com/r/politics/wiki/approveddomainslist) to review our details as to our approved domains list and outlet criteria.\n\n***\n\n\n*I am a bot, and this action was performed automatically. Please [contact the moderators of this subreddit](/message/compose/?to=/r/politics) if you have any questions or concerns.*",
            "ups": 1,
            "downs": 0,
            "polarity": -0.02916666666666667,
            "subjectivity": 0.5291666666666667
        },
        {
            "comment_id": "hil8nto",
            "body": "Why are analysis posts allowed on this sub? \n\nIt's literally someone saying \"hey ignore the raw data, and look at our interpretation!\"",
            "ups": 9,
            "downs": 0,
            "polarity": -0.2884615384615385,
            "subjectivity": 0.46153846153846156
        },
        {
            "comment_id": "hilit56",
            "body": "How about the fact that all corporate media is doing their damnedest to sandbag him and the rest of the democrats, while at the same time not exorcising the political specter that is Trump?",
            "ups": 4,
            "downs": 0,
            "polarity": 0.0,
            "subjectivity": 0.075
        },
        {
            "comment_id": "hil9kv8",
            "body": "That its bad?",
            "ups": -3,
            "downs": 0,
            "polarity": -0.6999999999999998,
            "subjectivity": 0.6666666666666666
        },
        {
            "comment_id": "hili23a",
            "body": "Joe Biden's worst enemy is alarm clocks. Shoutout to Joe Biden.",
            "ups": -3,
            "downs": 0,
            "polarity": -1.0,
            "subjectivity": 1.0
        }
    ],
    "top_comments_best": [
        {
            "comment_id": "hil8f50",
            "body": "\nAs a reminder, this subreddit [is for civil discussion.](/r/politics/wiki/index#wiki_be_civil)\n\nIn general, be courteous to others. Debate/discuss/argue the merits of ideas, don't attack people. Personal insults, shill or troll accusations, hate speech, any suggestion or support of harm, violence, or death, and other rule violations can result in a permanent ban. \n\nIf you see comments in violation of our rules, please report them.\n\n For those who have questions regarding any media outlets being posted on this subreddit, please click [here](https://www.reddit.com/r/politics/wiki/approveddomainslist) to review our details as to our approved domains list and outlet criteria.\n\n***\n\n\n*I am a bot, and this action was performed automatically. Please [contact the moderators of this subreddit](/message/compose/?to=/r/politics) if you have any questions or concerns.*",
            "ups": 1,
            "downs": 0,
            "polarity": -0.02916666666666667,
            "subjectivity": 0.5291666666666667
        },
        {
            "comment_id": "hil8nto",
            "body": "Why are analysis posts allowed on this sub? \n\nIt's literally someone saying \"hey ignore the raw data, and look at our interpretation!\"",
            "ups": 9,
            "downs": 0,
            "polarity": -0.2884615384615385,
            "subjectivity": 0.46153846153846156
        },
        {
            "comment_id": "hilit56",
            "body": "How about the fact that all corporate media is doing their damnedest to sandbag him and the rest of the democrats, while at the same time not exorcising the political specter that is Trump?",
            "ups": 4,
            "downs": 0,
            "polarity": 0.0,
            "subjectivity": 0.075
        },
        {
            "comment_id": "hil9kv8",
            "body": "That its bad?",
            "ups": -4,
            "downs": 0,
            "polarity": -0.6999999999999998,
            "subjectivity": 0.6666666666666666
        },
        {
            "comment_id": "hili23a",
            "body": "Joe Biden's worst enemy is alarm clocks. Shoutout to Joe Biden.",
            "ups": -3,
            "downs": 0,
            "polarity": -1.0,
            "subjectivity": 1.0
        }
    ],
    "top_comments_hot": [
        {
            "comment_id": "hil8f50",
            "body": "\nAs a reminder, this subreddit [is for civil discussion.](/r/politics/wiki/index#wiki_be_civil)\n\nIn general, be courteous to others. Debate/discuss/argue the merits of ideas, don't attack people. Personal insults, shill or troll accusations, hate speech, any suggestion or support of harm, violence, or death, and other rule violations can result in a permanent ban. \n\nIf you see comments in violation of our rules, please report them.\n\n For those who have questions regarding any media outlets being posted on this subreddit, please click [here](https://www.reddit.com/r/politics/wiki/approveddomainslist) to review our details as to our approved domains list and outlet criteria.\n\n***\n\n\n*I am a bot, and this action was performed automatically. Please [contact the moderators of this subreddit](/message/compose/?to=/r/politics) if you have any questions or concerns.*",
            "ups": 1,
            "downs": 0,
            "polarity": -0.02916666666666667,
            "subjectivity": 0.5291666666666667
        },
        {
            "comment_id": "hil8nto",
            "body": "Why are analysis posts allowed on this sub? \n\nIt's literally someone saying \"hey ignore the raw data, and look at our interpretation!\"",
            "ups": 10,
            "downs": 0,
            "polarity": -0.2884615384615385,
            "subjectivity": 0.46153846153846156
        },
        {
            "comment_id": "hilit56",
            "body": "How about the fact that all corporate media is doing their damnedest to sandbag him and the rest of the democrats, while at the same time not exorcising the political specter that is Trump?",
            "ups": 4,
            "downs": 0,
            "polarity": 0.0,
            "subjectivity": 0.075
        },
        {
            "comment_id": "hil9kv8",
            "body": "That its bad?",
            "ups": -4,
            "downs": 0,
            "polarity": -0.6999999999999998,
            "subjectivity": 0.6666666666666666
        },
        {
            "comment_id": "hili23a",
            "body": "Joe Biden's worst enemy is alarm clocks. Shoutout to Joe Biden.",
            "ups": -4,
            "downs": 0,
            "polarity": -1.0,
            "subjectivity": 1.0
        }
    ]
}