{
    "post_url": "https://www.reddit.com/r/LifeProTips/comments/qicj64/lpt_search_for_saved_credit_card_details_on_your/",
    "time_posted": "2021-10-29 09:13:18",
    "time_now": "2021-11-03 15:35:09",
    "ups": 0,
    "downs": 0,
    "comments_since_last_sample": [],
    "top_comments_top": [
        {
            "comment_id": "hiibirp",
            "body": "Hello and welcome to r/LifeProTips!\n\nPlease help us decide if this post is a good fit for the subreddit by up or downvoting this comment. \n\nIf you think that this is great advice to improve your life, please upvote. If you think this doesn't help you in any way, please downvote. If you don't care, leave it for the others to decide.",
            "ups": 1,
            "downs": 0,
            "polarity": 0.7250000000000001,
            "subjectivity": 0.6625
        },
        {
            "comment_id": "hiic58d",
            "body": "I think this only deletes your details locally. Those company's would still have the details you've used on their websites.",
            "ups": 2,
            "downs": 0,
            "polarity": 0.0,
            "subjectivity": 0.5
        },
        {
            "comment_id": "hiiriun",
            "body": "But it definitely helps to keep a tap on subscriptions you signed up for and forgot!",
            "ups": 1,
            "downs": 0,
            "polarity": 0.0,
            "subjectivity": 0.5
        },
        {
            "comment_id": "hiimbqb",
            "body": "That only deletes the details on your own machine, they still have them.",
            "ups": 0,
            "downs": 0,
            "polarity": 0.3,
            "subjectivity": 1.0
        }
    ],
    "top_comments_best": [
        {
            "comment_id": "hiibirp",
            "body": "Hello and welcome to r/LifeProTips!\n\nPlease help us decide if this post is a good fit for the subreddit by up or downvoting this comment. \n\nIf you think that this is great advice to improve your life, please upvote. If you think this doesn't help you in any way, please downvote. If you don't care, leave it for the others to decide.",
            "ups": 1,
            "downs": 0,
            "polarity": 0.7250000000000001,
            "subjectivity": 0.6625
        },
        {
            "comment_id": "hiic58d",
            "body": "I think this only deletes your details locally. Those company's would still have the details you've used on their websites.",
            "ups": 2,
            "downs": 0,
            "polarity": 0.0,
            "subjectivity": 0.5
        },
        {
            "comment_id": "hiiriun",
            "body": "But it definitely helps to keep a tap on subscriptions you signed up for and forgot!",
            "ups": 1,
            "downs": 0,
            "polarity": 0.0,
            "subjectivity": 0.5
        },
        {
            "comment_id": "hiimbqb",
            "body": "That only deletes the details on your own machine, they still have them.",
            "ups": 0,
            "downs": 0,
            "polarity": 0.3,
            "subjectivity": 1.0
        }
    ],
    "top_comments_hot": [
        {
            "comment_id": "hiibirp",
            "body": "Hello and welcome to r/LifeProTips!\n\nPlease help us decide if this post is a good fit for the subreddit by up or downvoting this comment. \n\nIf you think that this is great advice to improve your life, please upvote. If you think this doesn't help you in any way, please downvote. If you don't care, leave it for the others to decide.",
            "ups": 1,
            "downs": 0,
            "polarity": 0.7250000000000001,
            "subjectivity": 0.6625
        },
        {
            "comment_id": "hiic58d",
            "body": "I think this only deletes your details locally. Those company's would still have the details you've used on their websites.",
            "ups": 2,
            "downs": 0,
            "polarity": 0.0,
            "subjectivity": 0.5
        },
        {
            "comment_id": "hiiriun",
            "body": "But it definitely helps to keep a tap on subscriptions you signed up for and forgot!",
            "ups": 1,
            "downs": 0,
            "polarity": 0.0,
            "subjectivity": 0.5
        },
        {
            "comment_id": "hiimbqb",
            "body": "That only deletes the details on your own machine, they still have them.",
            "ups": 0,
            "downs": 0,
            "polarity": 0.3,
            "subjectivity": 1.0
        }
    ]
}