{
    "post_url": "https://www.reddit.com/r/politics/comments/qj4b0n/joe_biden_has_bet_his_presidency_on_a_deal_to/",
    "time_posted": "2021-10-30 11:54:26",
    "time_now": "2021-11-05 00:28:58",
    "ups": 12,
    "downs": 0,
    "comments_since_last_sample": [],
    "top_comments_top": [
        {
            "comment_id": "hinlnhn",
            "body": "\nAs a reminder, this subreddit [is for civil discussion.](/r/politics/wiki/index#wiki_be_civil)\n\nIn general, be courteous to others. Debate/discuss/argue the merits of ideas, don't attack people. Personal insults, shill or troll accusations, hate speech, any suggestion or support of harm, violence, or death, and other rule violations can result in a permanent ban. \n\nIf you see comments in violation of our rules, please report them.\n\n For those who have questions regarding any media outlets being posted on this subreddit, please click [here](https://www.reddit.com/r/politics/wiki/approveddomainslist) to review our details as to our approved domains list and outlet criteria.\n\n***\n\n\n*I am a bot, and this action was performed automatically. Please [contact the moderators of this subreddit](/message/compose/?to=/r/politics) if you have any questions or concerns.*",
            "ups": 1,
            "downs": 0,
            "polarity": -0.02916666666666667,
            "subjectivity": 0.5291666666666667
        },
        {
            "comment_id": "hinlwbb",
            "body": "No, he can't. I'm guessing Republicans will make gains during the midterms, progressives will be blamed for the loss in seats, and the rotational hellscape will continue unabated.",
            "ups": 7,
            "downs": 0,
            "polarity": 0.0,
            "subjectivity": 0.0
        },
        {
            "comment_id": "hinpdws",
            "body": "Fuck Joe biden.",
            "ups": 8,
            "downs": 0,
            "polarity": -0.4,
            "subjectivity": 0.6
        },
        {
            "comment_id": "hinodlv",
            "body": "I seriously doubt it. Corporate America has enough bought politicians to maintain the status quo.\n\nIt's blatantly clear that the will of the American people has been ignored in favor of run away capitalism and the money controlling it.\n\nUntil corporations and dark money are removed from politics, we don't have a snowball's chance in hell. Unfortunately, way too many politicians are beholden to big money to vote against their and their controller's interests.",
            "ups": 8,
            "downs": 0,
            "polarity": -0.04259259259259259,
            "subjectivity": 0.39444444444444443
        },
        {
            "comment_id": "hinmtwa",
            "body": "&gt;Can?\n\nYes, he actually has pretty wide latitude to do many things through executive regulatory action. He can't do everything he said he wanted, but he can to a hell of a lot of it.\n\n&amp;#x200B;\n\n**Will?**  \n\nNo. If he was going to enact policies he fought against for almost 40 years in public office and continued to argue against them until late in the Primaries (when he didn't wait until late October to flip flop) then he would have already done so.  Democrats have been using the same excuses my entire life...\n\n1. We aren't the majority\n2. We are the majority, but not a \"real\" majority\n3. We are a majority with votes to do it, but if it's not bi-partisan then we shouldn't do it.",
            "ups": 6,
            "downs": 0,
            "polarity": 0.004545454545454547,
            "subjectivity": 0.40151515151515155
        }
    ],
    "top_comments_best": [
        {
            "comment_id": "hinlnhn",
            "body": "\nAs a reminder, this subreddit [is for civil discussion.](/r/politics/wiki/index#wiki_be_civil)\n\nIn general, be courteous to others. Debate/discuss/argue the merits of ideas, don't attack people. Personal insults, shill or troll accusations, hate speech, any suggestion or support of harm, violence, or death, and other rule violations can result in a permanent ban. \n\nIf you see comments in violation of our rules, please report them.\n\n For those who have questions regarding any media outlets being posted on this subreddit, please click [here](https://www.reddit.com/r/politics/wiki/approveddomainslist) to review our details as to our approved domains list and outlet criteria.\n\n***\n\n\n*I am a bot, and this action was performed automatically. Please [contact the moderators of this subreddit](/message/compose/?to=/r/politics) if you have any questions or concerns.*",
            "ups": 1,
            "downs": 0,
            "polarity": -0.02916666666666667,
            "subjectivity": 0.5291666666666667
        },
        {
            "comment_id": "hinodlv",
            "body": "I seriously doubt it. Corporate America has enough bought politicians to maintain the status quo.\n\nIt's blatantly clear that the will of the American people has been ignored in favor of run away capitalism and the money controlling it.\n\nUntil corporations and dark money are removed from politics, we don't have a snowball's chance in hell. Unfortunately, way too many politicians are beholden to big money to vote against their and their controller's interests.",
            "ups": 7,
            "downs": 0,
            "polarity": -0.04259259259259259,
            "subjectivity": 0.39444444444444443
        },
        {
            "comment_id": "hinlwbb",
            "body": "No, he can't. I'm guessing Republicans will make gains during the midterms, progressives will be blamed for the loss in seats, and the rotational hellscape will continue unabated.",
            "ups": 10,
            "downs": 0,
            "polarity": 0.0,
            "subjectivity": 0.0
        },
        {
            "comment_id": "hinoifp",
            "body": "Yes",
            "ups": 2,
            "downs": 0,
            "polarity": 0.0,
            "subjectivity": 0.0
        },
        {
            "comment_id": "hio3nka",
            "body": "It's not up to him.  It's up to Manchin, Bernie, and the CPC.",
            "ups": 2,
            "downs": 0,
            "polarity": 0.0,
            "subjectivity": 0.0
        }
    ],
    "top_comments_hot": [
        {
            "comment_id": "hinlnhn",
            "body": "\nAs a reminder, this subreddit [is for civil discussion.](/r/politics/wiki/index#wiki_be_civil)\n\nIn general, be courteous to others. Debate/discuss/argue the merits of ideas, don't attack people. Personal insults, shill or troll accusations, hate speech, any suggestion or support of harm, violence, or death, and other rule violations can result in a permanent ban. \n\nIf you see comments in violation of our rules, please report them.\n\n For those who have questions regarding any media outlets being posted on this subreddit, please click [here](https://www.reddit.com/r/politics/wiki/approveddomainslist) to review our details as to our approved domains list and outlet criteria.\n\n***\n\n\n*I am a bot, and this action was performed automatically. Please [contact the moderators of this subreddit](/message/compose/?to=/r/politics) if you have any questions or concerns.*",
            "ups": 1,
            "downs": 0,
            "polarity": -0.02916666666666667,
            "subjectivity": 0.5291666666666667
        },
        {
            "comment_id": "hinodlv",
            "body": "I seriously doubt it. Corporate America has enough bought politicians to maintain the status quo.\n\nIt's blatantly clear that the will of the American people has been ignored in favor of run away capitalism and the money controlling it.\n\nUntil corporations and dark money are removed from politics, we don't have a snowball's chance in hell. Unfortunately, way too many politicians are beholden to big money to vote against their and their controller's interests.",
            "ups": 7,
            "downs": 0,
            "polarity": -0.04259259259259259,
            "subjectivity": 0.39444444444444443
        },
        {
            "comment_id": "hinlwbb",
            "body": "No, he can't. I'm guessing Republicans will make gains during the midterms, progressives will be blamed for the loss in seats, and the rotational hellscape will continue unabated.",
            "ups": 8,
            "downs": 0,
            "polarity": 0.0,
            "subjectivity": 0.0
        },
        {
            "comment_id": "hinoifp",
            "body": "Yes",
            "ups": 2,
            "downs": 0,
            "polarity": 0.0,
            "subjectivity": 0.0
        },
        {
            "comment_id": "hio3nka",
            "body": "It's not up to him.  It's up to Manchin, Bernie, and the CPC.",
            "ups": 2,
            "downs": 0,
            "polarity": 0.0,
            "subjectivity": 0.0
        }
    ]
}