{
    "post_url": "https://www.reddit.com/r/politics/comments/qj40ey/reported_biden_plan_to_pay_illegal_immigrants/",
    "time_posted": "2021-10-30 11:39:25",
    "time_now": "2021-11-06 13:34:13",
    "ups": 0,
    "downs": 0,
    "comments_since_last_sample": [],
    "top_comments_top": [
        {
            "comment_id": "hinjhlj",
            "body": "\nAs a reminder, this subreddit [is for civil discussion.](/r/politics/wiki/index#wiki_be_civil)\n\nIn general, be courteous to others. Debate/discuss/argue the merits of ideas, don't attack people. Personal insults, shill or troll accusations, hate speech, any suggestion or support of harm, violence, or death, and other rule violations can result in a permanent ban. \n\nIf you see comments in violation of our rules, please report them.\n\n For those who have questions regarding any media outlets being posted on this subreddit, please click [here](https://www.reddit.com/r/politics/wiki/approveddomainslist) to review our details as to our approved domains list and outlet criteria.\n\n***\n\n\n*I am a bot, and this action was performed automatically. Please [contact the moderators of this subreddit](/message/compose/?to=/r/politics) if you have any questions or concerns.*",
            "ups": 1,
            "downs": 0,
            "polarity": -0.02916666666666667,
            "subjectivity": 0.5291666666666667
        },
        {
            "comment_id": "hink9lu",
            "body": "It sounds like a lot of money, but what's the price for tearing children away from their parents and sending them off to some unknown fate?\n\nThis was an act in the vein of Nazi Germany. It definitely wasn't nearly as severe, but traumatizing nonetheless, and puts one in mind of fascist practices.",
            "ups": 20,
            "downs": 0,
            "polarity": 0.0,
            "subjectivity": 0.5
        },
        {
            "comment_id": "hinjrlj",
            "body": "They have nothing to do with eachother. What the fuck? Lmao",
            "ups": 19,
            "downs": 0,
            "polarity": 0.09999999999999998,
            "subjectivity": 0.8
        },
        {
            "comment_id": "hinkar5",
            "body": "So we should pay the 9/11 family victims more?\n\nSure. Republicans will support that right?",
            "ups": 15,
            "downs": 0,
            "polarity": 0.42857142857142855,
            "subjectivity": 0.6415343915343915
        },
        {
            "comment_id": "hinlk90",
            "body": "The US government literally kidnapped their children. The Fox \"News\" argument is that since they were exercising their **legal** right to apply for asylum, we are allowed to basically torture them with impunity.\n\nIn a just society the officials that did this would be getting hauled in front of a tribunal. Instead, they have plush gigs on Fox where they can continue pushing their evil, *evil,* toxic bullshit.",
            "ups": 15,
            "downs": 0,
            "polarity": -0.37857142857142856,
            "subjectivity": 0.6839285714285714
        }
    ],
    "top_comments_best": [
        {
            "comment_id": "hinjhlj",
            "body": "\nAs a reminder, this subreddit [is for civil discussion.](/r/politics/wiki/index#wiki_be_civil)\n\nIn general, be courteous to others. Debate/discuss/argue the merits of ideas, don't attack people. Personal insults, shill or troll accusations, hate speech, any suggestion or support of harm, violence, or death, and other rule violations can result in a permanent ban. \n\nIf you see comments in violation of our rules, please report them.\n\n For those who have questions regarding any media outlets being posted on this subreddit, please click [here](https://www.reddit.com/r/politics/wiki/approveddomainslist) to review our details as to our approved domains list and outlet criteria.\n\n***\n\n\n*I am a bot, and this action was performed automatically. Please [contact the moderators of this subreddit](/message/compose/?to=/r/politics) if you have any questions or concerns.*",
            "ups": 1,
            "downs": 0,
            "polarity": -0.02916666666666667,
            "subjectivity": 0.5291666666666667
        },
        {
            "comment_id": "hink9lu",
            "body": "It sounds like a lot of money, but what's the price for tearing children away from their parents and sending them off to some unknown fate?\n\nThis was an act in the vein of Nazi Germany. It definitely wasn't nearly as severe, but traumatizing nonetheless, and puts one in mind of fascist practices.",
            "ups": 20,
            "downs": 0,
            "polarity": 0.0,
            "subjectivity": 0.5
        },
        {
            "comment_id": "hinkar5",
            "body": "So we should pay the 9/11 family victims more?\n\nSure. Republicans will support that right?",
            "ups": 17,
            "downs": 0,
            "polarity": 0.42857142857142855,
            "subjectivity": 0.6415343915343915
        },
        {
            "comment_id": "hinlk90",
            "body": "The US government literally kidnapped their children. The Fox \"News\" argument is that since they were exercising their **legal** right to apply for asylum, we are allowed to basically torture them with impunity.\n\nIn a just society the officials that did this would be getting hauled in front of a tribunal. Instead, they have plush gigs on Fox where they can continue pushing their evil, *evil,* toxic bullshit.",
            "ups": 16,
            "downs": 0,
            "polarity": -0.37857142857142856,
            "subjectivity": 0.6839285714285714
        },
        {
            "comment_id": "hinln4g",
            "body": "The only way that comparison could possibly make sense is if the U.S. government carried out 9/11.\n\nWhich it didn't, so it's a really dumb comparison.",
            "ups": 10,
            "downs": 0,
            "polarity": -0.125,
            "subjectivity": 0.8333333333333334
        }
    ],
    "top_comments_hot": [
        {
            "comment_id": "hinjhlj",
            "body": "\nAs a reminder, this subreddit [is for civil discussion.](/r/politics/wiki/index#wiki_be_civil)\n\nIn general, be courteous to others. Debate/discuss/argue the merits of ideas, don't attack people. Personal insults, shill or troll accusations, hate speech, any suggestion or support of harm, violence, or death, and other rule violations can result in a permanent ban. \n\nIf you see comments in violation of our rules, please report them.\n\n For those who have questions regarding any media outlets being posted on this subreddit, please click [here](https://www.reddit.com/r/politics/wiki/approveddomainslist) to review our details as to our approved domains list and outlet criteria.\n\n***\n\n\n*I am a bot, and this action was performed automatically. Please [contact the moderators of this subreddit](/message/compose/?to=/r/politics) if you have any questions or concerns.*",
            "ups": 1,
            "downs": 0,
            "polarity": -0.02916666666666667,
            "subjectivity": 0.5291666666666667
        },
        {
            "comment_id": "hink9lu",
            "body": "It sounds like a lot of money, but what's the price for tearing children away from their parents and sending them off to some unknown fate?\n\nThis was an act in the vein of Nazi Germany. It definitely wasn't nearly as severe, but traumatizing nonetheless, and puts one in mind of fascist practices.",
            "ups": 19,
            "downs": 0,
            "polarity": 0.0,
            "subjectivity": 0.5
        },
        {
            "comment_id": "hinkar5",
            "body": "So we should pay the 9/11 family victims more?\n\nSure. Republicans will support that right?",
            "ups": 17,
            "downs": 0,
            "polarity": 0.42857142857142855,
            "subjectivity": 0.6415343915343915
        },
        {
            "comment_id": "hinlk90",
            "body": "The US government literally kidnapped their children. The Fox \"News\" argument is that since they were exercising their **legal** right to apply for asylum, we are allowed to basically torture them with impunity.\n\nIn a just society the officials that did this would be getting hauled in front of a tribunal. Instead, they have plush gigs on Fox where they can continue pushing their evil, *evil,* toxic bullshit.",
            "ups": 16,
            "downs": 0,
            "polarity": -0.37857142857142856,
            "subjectivity": 0.6839285714285714
        },
        {
            "comment_id": "hinln4g",
            "body": "The only way that comparison could possibly make sense is if the U.S. government carried out 9/11.\n\nWhich it didn't, so it's a really dumb comparison.",
            "ups": 10,
            "downs": 0,
            "polarity": -0.125,
            "subjectivity": 0.8333333333333334
        }
    ]
}