{
    "post_url": "https://www.reddit.com/r/gaming/comments/qj1qcd/game_reviewer_name_ideas/",
    "time_posted": "2021-10-30 09:41:50",
    "time_now": "2021-11-02 02:25:36",
    "ups": 0,
    "downs": 0,
    "comments_since_last_sample": [],
    "top_comments_top": [
        {
            "comment_id": "hin549c",
            "body": "Asking Reddit for name advice when you can't come up with your own is just asking for trouble.",
            "ups": 3,
            "downs": 0,
            "polarity": 0.19999999999999998,
            "subjectivity": 0.6
        },
        {
            "comment_id": "hin57jk",
            "body": "Based on your user name I'd go with Goulish Reviews",
            "ups": 2,
            "downs": 0,
            "polarity": 0.0,
            "subjectivity": 0.0
        },
        {
            "comment_id": "hin5h5b",
            "body": "Joystick Journalist",
            "ups": 2,
            "downs": 0,
            "polarity": 0.0,
            "subjectivity": 0.0
        },
        {
            "comment_id": "hin5l2d",
            "body": "Ghoul's Keyboard Konsiderations (or Considerations if you're a normie)",
            "ups": 2,
            "downs": 0,
            "polarity": 0.0,
            "subjectivity": 0.0
        },
        {
            "comment_id": "hinaa8t",
            "body": "Any advice for someone trying to get into that? I've been streaming a lot but me and my friends are looking into doing reviews as well",
            "ups": 2,
            "downs": 0,
            "polarity": 0.0,
            "subjectivity": 0.0
        }
    ],
    "top_comments_best": [
        {
            "comment_id": "hin549c",
            "body": "Asking Reddit for name advice when you can't come up with your own is just asking for trouble.",
            "ups": 3,
            "downs": 0,
            "polarity": 0.19999999999999998,
            "subjectivity": 0.6
        },
        {
            "comment_id": "hin57jk",
            "body": "Based on your user name I'd go with Goulish Reviews",
            "ups": 2,
            "downs": 0,
            "polarity": 0.0,
            "subjectivity": 0.0
        },
        {
            "comment_id": "hin5h5b",
            "body": "Joystick Journalist",
            "ups": 2,
            "downs": 0,
            "polarity": 0.0,
            "subjectivity": 0.0
        },
        {
            "comment_id": "hin5l2d",
            "body": "Ghoul's Keyboard Konsiderations (or Considerations if you're a normie)",
            "ups": 2,
            "downs": 0,
            "polarity": 0.0,
            "subjectivity": 0.0
        },
        {
            "comment_id": "hinaa8t",
            "body": "Any advice for someone trying to get into that? I've been streaming a lot but me and my friends are looking into doing reviews as well",
            "ups": 2,
            "downs": 0,
            "polarity": 0.0,
            "subjectivity": 0.0
        }
    ],
    "top_comments_hot": [
        {
            "comment_id": "hin549c",
            "body": "Asking Reddit for name advice when you can't come up with your own is just asking for trouble.",
            "ups": 3,
            "downs": 0,
            "polarity": 0.19999999999999998,
            "subjectivity": 0.6
        },
        {
            "comment_id": "hin57jk",
            "body": "Based on your user name I'd go with Goulish Reviews",
            "ups": 2,
            "downs": 0,
            "polarity": 0.0,
            "subjectivity": 0.0
        },
        {
            "comment_id": "hin5h5b",
            "body": "Joystick Journalist",
            "ups": 2,
            "downs": 0,
            "polarity": 0.0,
            "subjectivity": 0.0
        },
        {
            "comment_id": "hin5l2d",
            "body": "Ghoul's Keyboard Konsiderations (or Considerations if you're a normie)",
            "ups": 2,
            "downs": 0,
            "polarity": 0.0,
            "subjectivity": 0.0
        },
        {
            "comment_id": "hinaa8t",
            "body": "Any advice for someone trying to get into that? I've been streaming a lot but me and my friends are looking into doing reviews as well",
            "ups": 2,
            "downs": 0,
            "polarity": 0.0,
            "subjectivity": 0.0
        }
    ]
}