{
    "post_url": "https://www.reddit.com/r/politics/comments/qirevc/what_happened_was_clumsy_biden_admits_fault_in/",
    "time_posted": "2021-10-29 21:48:02",
    "time_now": "2021-11-03 11:25:57",
    "ups": 0,
    "downs": 0,
    "comments_since_last_sample": [],
    "top_comments_top": [
        {
            "comment_id": "hilb8w4",
            "body": "\nAs a reminder, this subreddit [is for civil discussion.](/r/politics/wiki/index#wiki_be_civil)\n\nIn general, be courteous to others. Debate/discuss/argue the merits of ideas, don't attack people. Personal insults, shill or troll accusations, hate speech, any suggestion or support of harm, violence, or death, and other rule violations can result in a permanent ban. \n\nIf you see comments in violation of our rules, please report them.\n\n For those who have questions regarding any media outlets being posted on this subreddit, please click [here](https://www.reddit.com/r/politics/wiki/approveddomainslist) to review our details as to our approved domains list and outlet criteria.\n\n***\n\n\n*I am a bot, and this action was performed automatically. Please [contact the moderators of this subreddit](/message/compose/?to=/r/politics) if you have any questions or concerns.*",
            "ups": 1,
            "downs": 0,
            "polarity": -0.02916666666666667,
            "subjectivity": 0.5291666666666667
        },
        {
            "comment_id": "hilciaj",
            "body": "This remains the dumbest story.",
            "ups": 8,
            "downs": 0,
            "polarity": 0.0,
            "subjectivity": 0.0
        },
        {
            "comment_id": "hilm497",
            "body": "After 4 years of looking like idiots because we had a leader who constantly screwed thing up and refused to admit it, it\u2019s refreshing to have a leader capable of doing something as basic as admitting fault.\n\nNow, to not screw up in the first place\u2026",
            "ups": 5,
            "downs": 0,
            "polarity": 0.024999999999999994,
            "subjectivity": 0.4986111111111111
        },
        {
            "comment_id": "hildk8v",
            "body": "France fucked themselves, that's already been documented, now take your smelly cheese and go home [independent.uk](https://independent.uk) . . .",
            "ups": 1,
            "downs": 0,
            "polarity": -0.6,
            "subjectivity": 0.7
        },
        {
            "comment_id": "hilucpj",
            "body": "Hijacking this nothing burger story to remind everyone The Independent is owned by Russian oligarchs and Saudi\u2019s:\n\n&gt;\tIt tends to take a pro-market stance on economic issues.[6] The newspaper was controlled by Tony O'Reilly's Irish Independent News &amp; Media from 1997 until it was sold to the Russian oligarch and former KGB Officer Alexander Lebedev in 2010.[7] In 2017, a Saudi Arabian investor bought a 30% stake in it.[8]\n\nSource: Wikipedia",
            "ups": 1,
            "downs": 0,
            "polarity": 0.028571428571428574,
            "subjectivity": 0.0642857142857143
        }
    ],
    "top_comments_best": [
        {
            "comment_id": "hilb8w4",
            "body": "\nAs a reminder, this subreddit [is for civil discussion.](/r/politics/wiki/index#wiki_be_civil)\n\nIn general, be courteous to others. Debate/discuss/argue the merits of ideas, don't attack people. Personal insults, shill or troll accusations, hate speech, any suggestion or support of harm, violence, or death, and other rule violations can result in a permanent ban. \n\nIf you see comments in violation of our rules, please report them.\n\n For those who have questions regarding any media outlets being posted on this subreddit, please click [here](https://www.reddit.com/r/politics/wiki/approveddomainslist) to review our details as to our approved domains list and outlet criteria.\n\n***\n\n\n*I am a bot, and this action was performed automatically. Please [contact the moderators of this subreddit](/message/compose/?to=/r/politics) if you have any questions or concerns.*",
            "ups": 1,
            "downs": 0,
            "polarity": -0.02916666666666667,
            "subjectivity": 0.5291666666666667
        },
        {
            "comment_id": "hilciaj",
            "body": "This remains the dumbest story.",
            "ups": 5,
            "downs": 0,
            "polarity": 0.0,
            "subjectivity": 0.0
        },
        {
            "comment_id": "hilm497",
            "body": "After 4 years of looking like idiots because we had a leader who constantly screwed thing up and refused to admit it, it\u2019s refreshing to have a leader capable of doing something as basic as admitting fault.\n\nNow, to not screw up in the first place\u2026",
            "ups": 4,
            "downs": 0,
            "polarity": 0.024999999999999994,
            "subjectivity": 0.4986111111111111
        },
        {
            "comment_id": "hildk8v",
            "body": "France fucked themselves, that's already been documented, now take your smelly cheese and go home [independent.uk](https://independent.uk) . . .",
            "ups": 3,
            "downs": 0,
            "polarity": -0.6,
            "subjectivity": 0.7
        },
        {
            "comment_id": "hilucpj",
            "body": "Hijacking this nothing burger story to remind everyone The Independent is owned by Russian oligarchs and Saudi\u2019s:\n\n&gt;\tIt tends to take a pro-market stance on economic issues.[6] The newspaper was controlled by Tony O'Reilly's Irish Independent News &amp; Media from 1997 until it was sold to the Russian oligarch and former KGB Officer Alexander Lebedev in 2010.[7] In 2017, a Saudi Arabian investor bought a 30% stake in it.[8]\n\nSource: Wikipedia",
            "ups": 1,
            "downs": 0,
            "polarity": 0.028571428571428574,
            "subjectivity": 0.0642857142857143
        }
    ],
    "top_comments_hot": [
        {
            "comment_id": "hilb8w4",
            "body": "\nAs a reminder, this subreddit [is for civil discussion.](/r/politics/wiki/index#wiki_be_civil)\n\nIn general, be courteous to others. Debate/discuss/argue the merits of ideas, don't attack people. Personal insults, shill or troll accusations, hate speech, any suggestion or support of harm, violence, or death, and other rule violations can result in a permanent ban. \n\nIf you see comments in violation of our rules, please report them.\n\n For those who have questions regarding any media outlets being posted on this subreddit, please click [here](https://www.reddit.com/r/politics/wiki/approveddomainslist) to review our details as to our approved domains list and outlet criteria.\n\n***\n\n\n*I am a bot, and this action was performed automatically. Please [contact the moderators of this subreddit](/message/compose/?to=/r/politics) if you have any questions or concerns.*",
            "ups": 1,
            "downs": 0,
            "polarity": -0.02916666666666667,
            "subjectivity": 0.5291666666666667
        },
        {
            "comment_id": "hilciaj",
            "body": "This remains the dumbest story.",
            "ups": 5,
            "downs": 0,
            "polarity": 0.0,
            "subjectivity": 0.0
        },
        {
            "comment_id": "hilm497",
            "body": "After 4 years of looking like idiots because we had a leader who constantly screwed thing up and refused to admit it, it\u2019s refreshing to have a leader capable of doing something as basic as admitting fault.\n\nNow, to not screw up in the first place\u2026",
            "ups": 4,
            "downs": 0,
            "polarity": 0.024999999999999994,
            "subjectivity": 0.4986111111111111
        },
        {
            "comment_id": "hildk8v",
            "body": "France fucked themselves, that's already been documented, now take your smelly cheese and go home [independent.uk](https://independent.uk) . . .",
            "ups": 2,
            "downs": 0,
            "polarity": -0.6,
            "subjectivity": 0.7
        },
        {
            "comment_id": "hilucpj",
            "body": "Hijacking this nothing burger story to remind everyone The Independent is owned by Russian oligarchs and Saudi\u2019s:\n\n&gt;\tIt tends to take a pro-market stance on economic issues.[6] The newspaper was controlled by Tony O'Reilly's Irish Independent News &amp; Media from 1997 until it was sold to the Russian oligarch and former KGB Officer Alexander Lebedev in 2010.[7] In 2017, a Saudi Arabian investor bought a 30% stake in it.[8]\n\nSource: Wikipedia",
            "ups": 1,
            "downs": 0,
            "polarity": 0.028571428571428574,
            "subjectivity": 0.0642857142857143
        }
    ]
}