{
    "post_url": "https://www.reddit.com/r/gaming/comments/qizt7l/remember_instruction_manuals_happy_halloween/",
    "time_posted": "2021-10-30 07:44:23",
    "time_now": "2021-11-06 09:26:38",
    "ups": 48,
    "downs": 0,
    "comments_since_last_sample": [],
    "top_comments_top": [
        {
            "comment_id": "hims6v8",
            "body": "I loved my Silent Hill game boxes and manuals... !",
            "ups": 2,
            "downs": 0,
            "polarity": 0.06666666666666665,
            "subjectivity": 0.43333333333333335
        },
        {
            "comment_id": "himsm1g",
            "body": "I remember being stuck in a closet whilst Pyramid Head did\u2026.things.",
            "ups": 2,
            "downs": 0,
            "polarity": 0.0,
            "subjectivity": 0.0
        },
        {
            "comment_id": "himt9d7",
            "body": "The manuals I loved were the ones where it would have a upcoming game advertisement.",
            "ups": 2,
            "downs": 0,
            "polarity": 0.14999999999999997,
            "subjectivity": 0.6000000000000001
        },
        {
            "comment_id": "himvx6e",
            "body": "Oooh, now I'm getting flashbacks to my Uncharted game manual. I think they did this all the way up to PS3 right?",
            "ups": 1,
            "downs": 0,
            "polarity": -0.05714285714285716,
            "subjectivity": 0.46785714285714286
        },
        {
            "comment_id": "himyumf",
            "body": "very nostalgic perfect to dust of and play silent hill 2 again",
            "ups": 1,
            "downs": 0,
            "polarity": 0.11666666666666665,
            "subjectivity": 0.7000000000000001
        }
    ],
    "top_comments_best": [
        {
            "comment_id": "hims6v8",
            "body": "I loved my Silent Hill game boxes and manuals... !",
            "ups": 2,
            "downs": 0,
            "polarity": 0.06666666666666665,
            "subjectivity": 0.43333333333333335
        },
        {
            "comment_id": "himsm1g",
            "body": "I remember being stuck in a closet whilst Pyramid Head did\u2026.things.",
            "ups": 2,
            "downs": 0,
            "polarity": 0.0,
            "subjectivity": 0.0
        },
        {
            "comment_id": "himt9d7",
            "body": "The manuals I loved were the ones where it would have a upcoming game advertisement.",
            "ups": 2,
            "downs": 0,
            "polarity": 0.14999999999999997,
            "subjectivity": 0.6000000000000001
        },
        {
            "comment_id": "himvx6e",
            "body": "Oooh, now I'm getting flashbacks to my Uncharted game manual. I think they did this all the way up to PS3 right?",
            "ups": 1,
            "downs": 0,
            "polarity": -0.05714285714285716,
            "subjectivity": 0.46785714285714286
        },
        {
            "comment_id": "himyumf",
            "body": "very nostalgic perfect to dust of and play silent hill 2 again",
            "ups": 1,
            "downs": 0,
            "polarity": 0.11666666666666665,
            "subjectivity": 0.7000000000000001
        }
    ],
    "top_comments_hot": [
        {
            "comment_id": "hims6v8",
            "body": "I loved my Silent Hill game boxes and manuals... !",
            "ups": 2,
            "downs": 0,
            "polarity": 0.06666666666666665,
            "subjectivity": 0.43333333333333335
        },
        {
            "comment_id": "himsm1g",
            "body": "I remember being stuck in a closet whilst Pyramid Head did\u2026.things.",
            "ups": 2,
            "downs": 0,
            "polarity": 0.0,
            "subjectivity": 0.0
        },
        {
            "comment_id": "himt9d7",
            "body": "The manuals I loved were the ones where it would have a upcoming game advertisement.",
            "ups": 2,
            "downs": 0,
            "polarity": 0.14999999999999997,
            "subjectivity": 0.6000000000000001
        },
        {
            "comment_id": "himvx6e",
            "body": "Oooh, now I'm getting flashbacks to my Uncharted game manual. I think they did this all the way up to PS3 right?",
            "ups": 1,
            "downs": 0,
            "polarity": -0.05714285714285716,
            "subjectivity": 0.46785714285714286
        },
        {
            "comment_id": "himyumf",
            "body": "very nostalgic perfect to dust of and play silent hill 2 again",
            "ups": 1,
            "downs": 0,
            "polarity": 0.11666666666666665,
            "subjectivity": 0.7000000000000001
        }
    ]
}