{
    "post_url": "https://www.reddit.com/r/politics/comments/qiwxlg/as_early_voting_nears_its_end_mcauliffe_and/",
    "time_posted": "2021-10-30 04:10:27",
    "time_now": "2021-10-31 09:15:28",
    "ups": 5,
    "downs": 0,
    "comments_since_last_sample": [],
    "top_comments_top": [
        {
            "comment_id": "himbx1u",
            "body": "\nAs a reminder, this subreddit [is for civil discussion.](/r/politics/wiki/index#wiki_be_civil)\n\nIn general, be courteous to others. Debate/discuss/argue the merits of ideas, don't attack people. Personal insults, shill or troll accusations, hate speech, any suggestion or support of harm, violence, or death, and other rule violations can result in a permanent ban. \n\nIf you see comments in violation of our rules, please report them.\n\n For those who have questions regarding any media outlets being posted on this subreddit, please click [here](https://www.reddit.com/r/politics/wiki/approveddomainslist) to review our details as to our approved domains list and outlet criteria.\n\n***\n\n\n*I am a bot, and this action was performed automatically. Please [contact the moderators of this subreddit](/message/compose/?to=/r/politics) if you have any questions or concerns.*",
            "ups": 1,
            "downs": 0,
            "polarity": -0.02916666666666667,
            "subjectivity": 0.5291666666666667
        },
        {
            "comment_id": "himd0vq",
            "body": "Norfolk, Virginia (CNN)In the increasingly nationalized race to be Virginia's next governor, Democrat Terry McAuliffe and Republican Glenn Youngkin are closing their campaigns in decidedly different ways.\n\nMcAuliffe, helped by Vice President Kamala Harris and Virginia-native performer Pharrell Williams, spent Friday highlighting the national implications of the race, headlining a Norfolk rally that represented the crescendo of a campaign that has leaned on big name supporters to boost excitement and turn people out.",
            "ups": 6,
            "downs": 0,
            "polarity": -0.025,
            "subjectivity": 0.19999999999999998
        },
        {
            "comment_id": "himmm4m",
            "body": "This race is very close according to polling. Yet there could be a polling error but that works both ways. If you are considering not voting, I think that would be a mistake",
            "ups": 5,
            "downs": 0,
            "polarity": 0.2,
            "subjectivity": 0.3
        },
        {
            "comment_id": "himrtgr",
            "body": "Democrats should be panicking seeing the polls and the early voting numbers! \n\nIn a state that was supposedly blue, where Biden won by +10 and democrats control both chambers it shouldn't be this close \n\nThe problem is that democrats are obsessed with and fixated on three things: \n\nTrump\n\nThe insurrection \n\nTaylor-Greene \n\nWhile the average american doesn't even think about those things anymore and isn't politics-obsessed democrats have nothing to offer that fear of things americans don't care anymore \n\nBut when americans go to the super market and see those prices soaring week by week (historic highs inflation) those empty shelves and can't finds things the buy (supply chain) with gas over $5 and a party at war internally incapable of deliver and do things, a party that has paralyzed Washington because they can't agree on a simple piece of legislation and a president living in 90s America  that is when voters make decisions",
            "ups": 4,
            "downs": 0,
            "polarity": -0.029166666666666674,
            "subjectivity": 0.33238095238095233
        },
        {
            "comment_id": "hinlfff",
            "body": "Leaving to vote now. Fuck you Glenn Youngkin (a perfect GOP name if I might add)",
            "ups": 1,
            "downs": 0,
            "polarity": 0.3,
            "subjectivity": 0.8
        }
    ],
    "top_comments_best": [
        {
            "comment_id": "himbx1u",
            "body": "\nAs a reminder, this subreddit [is for civil discussion.](/r/politics/wiki/index#wiki_be_civil)\n\nIn general, be courteous to others. Debate/discuss/argue the merits of ideas, don't attack people. Personal insults, shill or troll accusations, hate speech, any suggestion or support of harm, violence, or death, and other rule violations can result in a permanent ban. \n\nIf you see comments in violation of our rules, please report them.\n\n For those who have questions regarding any media outlets being posted on this subreddit, please click [here](https://www.reddit.com/r/politics/wiki/approveddomainslist) to review our details as to our approved domains list and outlet criteria.\n\n***\n\n\n*I am a bot, and this action was performed automatically. Please [contact the moderators of this subreddit](/message/compose/?to=/r/politics) if you have any questions or concerns.*",
            "ups": 1,
            "downs": 0,
            "polarity": -0.02916666666666667,
            "subjectivity": 0.5291666666666667
        },
        {
            "comment_id": "himd0vq",
            "body": "Norfolk, Virginia (CNN)In the increasingly nationalized race to be Virginia's next governor, Democrat Terry McAuliffe and Republican Glenn Youngkin are closing their campaigns in decidedly different ways.\n\nMcAuliffe, helped by Vice President Kamala Harris and Virginia-native performer Pharrell Williams, spent Friday highlighting the national implications of the race, headlining a Norfolk rally that represented the crescendo of a campaign that has leaned on big name supporters to boost excitement and turn people out.",
            "ups": 6,
            "downs": 0,
            "polarity": -0.025,
            "subjectivity": 0.19999999999999998
        },
        {
            "comment_id": "himmm4m",
            "body": "This race is very close according to polling. Yet there could be a polling error but that works both ways. If you are considering not voting, I think that would be a mistake",
            "ups": 4,
            "downs": 0,
            "polarity": 0.2,
            "subjectivity": 0.3
        },
        {
            "comment_id": "himrtgr",
            "body": "Democrats should be panicking seeing the polls and the early voting numbers! \n\nIn a state that was supposedly blue, where Biden won by +10 and democrats control both chambers it shouldn't be this close \n\nThe problem is that democrats are obsessed with and fixated on three things: \n\nTrump\n\nThe insurrection \n\nTaylor-Greene \n\nWhile the average american doesn't even think about those things anymore and isn't politics-obsessed democrats have nothing to offer that fear of things americans don't care anymore \n\nBut when americans go to the super market and see those prices soaring week by week (historic highs inflation) those empty shelves and can't finds things the buy (supply chain) with gas over $5 and a party at war internally incapable of deliver and do things, a party that has paralyzed Washington because they can't agree on a simple piece of legislation and a president living in 90s America  that is when voters make decisions",
            "ups": 5,
            "downs": 0,
            "polarity": -0.029166666666666674,
            "subjectivity": 0.33238095238095233
        },
        {
            "comment_id": "hinlfff",
            "body": "Leaving to vote now. Fuck you Glenn Youngkin (a perfect GOP name if I might add)",
            "ups": 1,
            "downs": 0,
            "polarity": 0.3,
            "subjectivity": 0.8
        }
    ],
    "top_comments_hot": [
        {
            "comment_id": "himbx1u",
            "body": "\nAs a reminder, this subreddit [is for civil discussion.](/r/politics/wiki/index#wiki_be_civil)\n\nIn general, be courteous to others. Debate/discuss/argue the merits of ideas, don't attack people. Personal insults, shill or troll accusations, hate speech, any suggestion or support of harm, violence, or death, and other rule violations can result in a permanent ban. \n\nIf you see comments in violation of our rules, please report them.\n\n For those who have questions regarding any media outlets being posted on this subreddit, please click [here](https://www.reddit.com/r/politics/wiki/approveddomainslist) to review our details as to our approved domains list and outlet criteria.\n\n***\n\n\n*I am a bot, and this action was performed automatically. Please [contact the moderators of this subreddit](/message/compose/?to=/r/politics) if you have any questions or concerns.*",
            "ups": 1,
            "downs": 0,
            "polarity": -0.02916666666666667,
            "subjectivity": 0.5291666666666667
        },
        {
            "comment_id": "himd0vq",
            "body": "Norfolk, Virginia (CNN)In the increasingly nationalized race to be Virginia's next governor, Democrat Terry McAuliffe and Republican Glenn Youngkin are closing their campaigns in decidedly different ways.\n\nMcAuliffe, helped by Vice President Kamala Harris and Virginia-native performer Pharrell Williams, spent Friday highlighting the national implications of the race, headlining a Norfolk rally that represented the crescendo of a campaign that has leaned on big name supporters to boost excitement and turn people out.",
            "ups": 6,
            "downs": 0,
            "polarity": -0.025,
            "subjectivity": 0.19999999999999998
        },
        {
            "comment_id": "himmm4m",
            "body": "This race is very close according to polling. Yet there could be a polling error but that works both ways. If you are considering not voting, I think that would be a mistake",
            "ups": 4,
            "downs": 0,
            "polarity": 0.2,
            "subjectivity": 0.3
        },
        {
            "comment_id": "himrtgr",
            "body": "Democrats should be panicking seeing the polls and the early voting numbers! \n\nIn a state that was supposedly blue, where Biden won by +10 and democrats control both chambers it shouldn't be this close \n\nThe problem is that democrats are obsessed with and fixated on three things: \n\nTrump\n\nThe insurrection \n\nTaylor-Greene \n\nWhile the average american doesn't even think about those things anymore and isn't politics-obsessed democrats have nothing to offer that fear of things americans don't care anymore \n\nBut when americans go to the super market and see those prices soaring week by week (historic highs inflation) those empty shelves and can't finds things the buy (supply chain) with gas over $5 and a party at war internally incapable of deliver and do things, a party that has paralyzed Washington because they can't agree on a simple piece of legislation and a president living in 90s America  that is when voters make decisions",
            "ups": 4,
            "downs": 0,
            "polarity": -0.029166666666666674,
            "subjectivity": 0.33238095238095233
        },
        {
            "comment_id": "hinlfff",
            "body": "Leaving to vote now. Fuck you Glenn Youngkin (a perfect GOP name if I might add)",
            "ups": 1,
            "downs": 0,
            "polarity": 0.3,
            "subjectivity": 0.8
        }
    ]
}