{
    "post_url": "https://www.reddit.com/r/politics/comments/qiun1g/the_supreme_court_could_destroy_the_planet_review/",
    "time_posted": "2021-10-30 01:18:04",
    "time_now": "2021-10-31 01:02:02",
    "ups": 242,
    "downs": 0,
    "comments_since_last_sample": [],
    "top_comments_top": [
        {
            "comment_id": "hilya05",
            "body": "\nAs a reminder, this subreddit [is for civil discussion.](/r/politics/wiki/index#wiki_be_civil)\n\nIn general, be courteous to others. Debate/discuss/argue the merits of ideas, don't attack people. Personal insults, shill or troll accusations, hate speech, any suggestion or support of harm, violence, or death, and other rule violations can result in a permanent ban. \n\nIf you see comments in violation of our rules, please report them.\n\n For those who have questions regarding any media outlets being posted on this subreddit, please click [here](https://www.reddit.com/r/politics/wiki/approveddomainslist) to review our details as to our approved domains list and outlet criteria.\n\n***\n\n\n*I am a bot, and this action was performed automatically. Please [contact the moderators of this subreddit](/message/compose/?to=/r/politics) if you have any questions or concerns.*",
            "ups": 1,
            "downs": 0,
            "polarity": -0.02916666666666667,
            "subjectivity": 0.5291666666666667
        },
        {
            "comment_id": "himcc0k",
            "body": "[yes, the planet got destroyed. but for a beautiful moment in time, we created a lot of value for shareholders.](https://i.redd.it/3dc8y4h1xys31.jpg)",
            "ups": 30,
            "downs": 0,
            "polarity": 0.85,
            "subjectivity": 1.0
        },
        {
            "comment_id": "him8og2",
            "body": "\u201cThere is nothing wrong with the planet\u2026 nothing wrong with the planet. The planet is fine\u2026 the people are fucked! Difference! The planet is fine! Compared to the people, THE PLANET IS DOING GREAT: Been here four and a half billion years! Do you ever think about the arithmetic? The planet has been here four and a half billion years, we\u2019ve been here what? 100,000? Maybe 200,000? And we\u2019ve only been engaged in heavy industry for a little over 200 years. 200 years versus four and a half billion and we have the conceit to think that somehow, we\u2019re a threat? That somehow, we\u2019re going to put in jeopardy this beautiful little blue-green ball that\u2019s just a-floatin\u2019 around the sun? The planet has been through a lot worse than us. Been through all kinds of things worse than us: been through earthquakes, volcanoes, plate tectonics, continental drifts, solar flares, sunspots, magnetic storms, the magnetic reversal of the poles, hundreds of thousands of years of bombardment by comets and asteroids and meteors, worldwide floods, tidal waves, worldwide fires, erosion, cosmic rays, recurring ice ages, and we think some plastic bags and aluminum cans are going to make a difference?\n\nThe planet isn\u2019t going anywhere\u2026 we are! We\u2019re going away! Pack your shit folks! We\u2019re going away and we won\u2019t leave much of a trace either, thank God for that\u2026 maybe a little styrofoam\u2026 maybe\u2026 little styrofoam. The planet will be here, we\u2019ll be long gone; just another failed mutation; just another closed-end biological mistake; an evolutionary cul-de-sac. The planet will shake us off like a bad case of fleas.\u201d  \n\u2013 *George Carlin*",
            "ups": 20,
            "downs": 0,
            "polarity": -0.16287878787878785,
            "subjectivity": 0.5598484848484848
        },
        {
            "comment_id": "himi4rn",
            "body": "[deleted]",
            "ups": 15,
            "downs": 0,
            "polarity": 0.0,
            "subjectivity": 0.0
        },
        {
            "comment_id": "hilzt3z",
            "body": "[deleted]",
            "ups": 5,
            "downs": 0,
            "polarity": 0.0,
            "subjectivity": 0.0
        }
    ],
    "top_comments_best": [
        {
            "comment_id": "hilya05",
            "body": "\nAs a reminder, this subreddit [is for civil discussion.](/r/politics/wiki/index#wiki_be_civil)\n\nIn general, be courteous to others. Debate/discuss/argue the merits of ideas, don't attack people. Personal insults, shill or troll accusations, hate speech, any suggestion or support of harm, violence, or death, and other rule violations can result in a permanent ban. \n\nIf you see comments in violation of our rules, please report them.\n\n For those who have questions regarding any media outlets being posted on this subreddit, please click [here](https://www.reddit.com/r/politics/wiki/approveddomainslist) to review our details as to our approved domains list and outlet criteria.\n\n***\n\n\n*I am a bot, and this action was performed automatically. Please [contact the moderators of this subreddit](/message/compose/?to=/r/politics) if you have any questions or concerns.*",
            "ups": 1,
            "downs": 0,
            "polarity": -0.02916666666666667,
            "subjectivity": 0.5291666666666667
        },
        {
            "comment_id": "himcc0k",
            "body": "[yes, the planet got destroyed. but for a beautiful moment in time, we created a lot of value for shareholders.](https://i.redd.it/3dc8y4h1xys31.jpg)",
            "ups": 28,
            "downs": 0,
            "polarity": 0.85,
            "subjectivity": 1.0
        },
        {
            "comment_id": "hilzt3z",
            "body": "[deleted]",
            "ups": 6,
            "downs": 0,
            "polarity": 0.0,
            "subjectivity": 0.0
        },
        {
            "comment_id": "himi4rn",
            "body": "[deleted]",
            "ups": 14,
            "downs": 0,
            "polarity": 0.0,
            "subjectivity": 0.0
        },
        {
            "comment_id": "him8og2",
            "body": "\u201cThere is nothing wrong with the planet\u2026 nothing wrong with the planet. The planet is fine\u2026 the people are fucked! Difference! The planet is fine! Compared to the people, THE PLANET IS DOING GREAT: Been here four and a half billion years! Do you ever think about the arithmetic? The planet has been here four and a half billion years, we\u2019ve been here what? 100,000? Maybe 200,000? And we\u2019ve only been engaged in heavy industry for a little over 200 years. 200 years versus four and a half billion and we have the conceit to think that somehow, we\u2019re a threat? That somehow, we\u2019re going to put in jeopardy this beautiful little blue-green ball that\u2019s just a-floatin\u2019 around the sun? The planet has been through a lot worse than us. Been through all kinds of things worse than us: been through earthquakes, volcanoes, plate tectonics, continental drifts, solar flares, sunspots, magnetic storms, the magnetic reversal of the poles, hundreds of thousands of years of bombardment by comets and asteroids and meteors, worldwide floods, tidal waves, worldwide fires, erosion, cosmic rays, recurring ice ages, and we think some plastic bags and aluminum cans are going to make a difference?\n\nThe planet isn\u2019t going anywhere\u2026 we are! We\u2019re going away! Pack your shit folks! We\u2019re going away and we won\u2019t leave much of a trace either, thank God for that\u2026 maybe a little styrofoam\u2026 maybe\u2026 little styrofoam. The planet will be here, we\u2019ll be long gone; just another failed mutation; just another closed-end biological mistake; an evolutionary cul-de-sac. The planet will shake us off like a bad case of fleas.\u201d  \n\u2013 *George Carlin*",
            "ups": 19,
            "downs": 0,
            "polarity": -0.16287878787878785,
            "subjectivity": 0.5598484848484848
        }
    ],
    "top_comments_hot": [
        {
            "comment_id": "hilya05",
            "body": "\nAs a reminder, this subreddit [is for civil discussion.](/r/politics/wiki/index#wiki_be_civil)\n\nIn general, be courteous to others. Debate/discuss/argue the merits of ideas, don't attack people. Personal insults, shill or troll accusations, hate speech, any suggestion or support of harm, violence, or death, and other rule violations can result in a permanent ban. \n\nIf you see comments in violation of our rules, please report them.\n\n For those who have questions regarding any media outlets being posted on this subreddit, please click [here](https://www.reddit.com/r/politics/wiki/approveddomainslist) to review our details as to our approved domains list and outlet criteria.\n\n***\n\n\n*I am a bot, and this action was performed automatically. Please [contact the moderators of this subreddit](/message/compose/?to=/r/politics) if you have any questions or concerns.*",
            "ups": 1,
            "downs": 0,
            "polarity": -0.02916666666666667,
            "subjectivity": 0.5291666666666667
        },
        {
            "comment_id": "himcc0k",
            "body": "[yes, the planet got destroyed. but for a beautiful moment in time, we created a lot of value for shareholders.](https://i.redd.it/3dc8y4h1xys31.jpg)",
            "ups": 29,
            "downs": 0,
            "polarity": 0.85,
            "subjectivity": 1.0
        },
        {
            "comment_id": "hilzt3z",
            "body": "[deleted]",
            "ups": 7,
            "downs": 0,
            "polarity": 0.0,
            "subjectivity": 0.0
        },
        {
            "comment_id": "himi4rn",
            "body": "[deleted]",
            "ups": 13,
            "downs": 0,
            "polarity": 0.0,
            "subjectivity": 0.0
        },
        {
            "comment_id": "him8og2",
            "body": "\u201cThere is nothing wrong with the planet\u2026 nothing wrong with the planet. The planet is fine\u2026 the people are fucked! Difference! The planet is fine! Compared to the people, THE PLANET IS DOING GREAT: Been here four and a half billion years! Do you ever think about the arithmetic? The planet has been here four and a half billion years, we\u2019ve been here what? 100,000? Maybe 200,000? And we\u2019ve only been engaged in heavy industry for a little over 200 years. 200 years versus four and a half billion and we have the conceit to think that somehow, we\u2019re a threat? That somehow, we\u2019re going to put in jeopardy this beautiful little blue-green ball that\u2019s just a-floatin\u2019 around the sun? The planet has been through a lot worse than us. Been through all kinds of things worse than us: been through earthquakes, volcanoes, plate tectonics, continental drifts, solar flares, sunspots, magnetic storms, the magnetic reversal of the poles, hundreds of thousands of years of bombardment by comets and asteroids and meteors, worldwide floods, tidal waves, worldwide fires, erosion, cosmic rays, recurring ice ages, and we think some plastic bags and aluminum cans are going to make a difference?\n\nThe planet isn\u2019t going anywhere\u2026 we are! We\u2019re going away! Pack your shit folks! We\u2019re going away and we won\u2019t leave much of a trace either, thank God for that\u2026 maybe a little styrofoam\u2026 maybe\u2026 little styrofoam. The planet will be here, we\u2019ll be long gone; just another failed mutation; just another closed-end biological mistake; an evolutionary cul-de-sac. The planet will shake us off like a bad case of fleas.\u201d  \n\u2013 *George Carlin*",
            "ups": 18,
            "downs": 0,
            "polarity": -0.16287878787878785,
            "subjectivity": 0.5598484848484848
        }
    ]
}