{
    "post_url": "https://www.reddit.com/r/LifeProTips/comments/qi6p2z/lpt_dont_say_i_told_you_so_to_someone_he_or_she/",
    "time_posted": "2021-10-29 02:44:29",
    "time_now": "2021-11-01 18:15:25",
    "ups": 0,
    "downs": 0,
    "comments_since_last_sample": [],
    "top_comments_top": [
        {
            "comment_id": "hihf88j",
            "body": "Hello and welcome to r/LifeProTips!\n\nPlease help us decide if this post is a good fit for the subreddit by up or downvoting this comment. \n\nIf you think that this is great advice to improve your life, please upvote. If you think this doesn't help you in any way, please downvote. If you don't care, leave it for the others to decide.",
            "ups": 1,
            "downs": 0,
            "polarity": 0.7250000000000001,
            "subjectivity": 0.6625
        },
        {
            "comment_id": "hihg3a5",
            "body": "Saying, \"Do you want to talk about it,\" sounds super condescending. It's the type of thing a parent would say to their child.",
            "ups": 13,
            "downs": 0,
            "polarity": 0.3333333333333333,
            "subjectivity": 0.6666666666666666
        },
        {
            "comment_id": "hihgy7i",
            "body": "Whenever that happens I'm gonna show this to my girlfriend and ask if she wanna talk about it. Am I doing it right?",
            "ups": 6,
            "downs": 0,
            "polarity": 0.2857142857142857,
            "subjectivity": 0.5357142857142857
        },
        {
            "comment_id": "hihgcbp",
            "body": "I don't think this would have applied in Hitler's bunker.",
            "ups": 3,
            "downs": 0,
            "polarity": 0.0,
            "subjectivity": 0.0
        },
        {
            "comment_id": "hihglef",
            "body": "but it feels so good to say it :(",
            "ups": 2,
            "downs": 0,
            "polarity": -0.025000000000000022,
            "subjectivity": 0.8
        }
    ],
    "top_comments_best": [
        {
            "comment_id": "hihf88j",
            "body": "Hello and welcome to r/LifeProTips!\n\nPlease help us decide if this post is a good fit for the subreddit by up or downvoting this comment. \n\nIf you think that this is great advice to improve your life, please upvote. If you think this doesn't help you in any way, please downvote. If you don't care, leave it for the others to decide.",
            "ups": 1,
            "downs": 0,
            "polarity": 0.7250000000000001,
            "subjectivity": 0.6625
        },
        {
            "comment_id": "hihgy7i",
            "body": "Whenever that happens I'm gonna show this to my girlfriend and ask if she wanna talk about it. Am I doing it right?",
            "ups": 6,
            "downs": 0,
            "polarity": 0.2857142857142857,
            "subjectivity": 0.5357142857142857
        },
        {
            "comment_id": "hihg3a5",
            "body": "Saying, \"Do you want to talk about it,\" sounds super condescending. It's the type of thing a parent would say to their child.",
            "ups": 14,
            "downs": 0,
            "polarity": 0.3333333333333333,
            "subjectivity": 0.6666666666666666
        },
        {
            "comment_id": "hihgcbp",
            "body": "I don't think this would have applied in Hitler's bunker.",
            "ups": 3,
            "downs": 0,
            "polarity": 0.0,
            "subjectivity": 0.0
        },
        {
            "comment_id": "hihglef",
            "body": "but it feels so good to say it :(",
            "ups": 2,
            "downs": 0,
            "polarity": -0.025000000000000022,
            "subjectivity": 0.8
        }
    ],
    "top_comments_hot": [
        {
            "comment_id": "hihf88j",
            "body": "Hello and welcome to r/LifeProTips!\n\nPlease help us decide if this post is a good fit for the subreddit by up or downvoting this comment. \n\nIf you think that this is great advice to improve your life, please upvote. If you think this doesn't help you in any way, please downvote. If you don't care, leave it for the others to decide.",
            "ups": 1,
            "downs": 0,
            "polarity": 0.7250000000000001,
            "subjectivity": 0.6625
        },
        {
            "comment_id": "hihgy7i",
            "body": "Whenever that happens I'm gonna show this to my girlfriend and ask if she wanna talk about it. Am I doing it right?",
            "ups": 6,
            "downs": 0,
            "polarity": 0.2857142857142857,
            "subjectivity": 0.5357142857142857
        },
        {
            "comment_id": "hihg3a5",
            "body": "Saying, \"Do you want to talk about it,\" sounds super condescending. It's the type of thing a parent would say to their child.",
            "ups": 13,
            "downs": 0,
            "polarity": 0.3333333333333333,
            "subjectivity": 0.6666666666666666
        },
        {
            "comment_id": "hihgcbp",
            "body": "I don't think this would have applied in Hitler's bunker.",
            "ups": 3,
            "downs": 0,
            "polarity": 0.0,
            "subjectivity": 0.0
        },
        {
            "comment_id": "hihglef",
            "body": "but it feels so good to say it :(",
            "ups": 4,
            "downs": 0,
            "polarity": -0.025000000000000022,
            "subjectivity": 0.8
        }
    ]
}