{
    "post_url": "https://www.reddit.com/r/Music/comments/qiz7mi/how_do_i_start_an_online_band/",
    "time_posted": "2021-10-30 07:03:01",
    "time_now": "2021-11-04 03:51:34",
    "ups": 2,
    "downs": 0,
    "comments_since_last_sample": [],
    "top_comments_top": [
        {
            "comment_id": "hiqttll",
            "body": "The only online collab I made was a beat where a rapper rapped on it. He found me by Instagram. \n\nTry to involve yourself in a scene. For example do a cappella or covers, and record it. With time you\u2019ll speak with other musicians, and at one point of the conversation you\u2019ll be able to say \u201cI\u2019m a singer but I have nobody to play with etc...\u201d and the people you\u2019re talking with might be interested, and then you can send them your demo records and ask them if they are interested in a collab. \n\nGood luck!",
            "ups": 2,
            "downs": 0,
            "polarity": 0.2916666666666667,
            "subjectivity": 0.6
        },
        {
            "comment_id": "himt7pr",
            "body": "What kind of music ya plan on going for?",
            "ups": 1,
            "downs": 0,
            "polarity": 0.6,
            "subjectivity": 0.9
        },
        {
            "comment_id": "himylj7",
            "body": "Maybe whatsapp and a decent webcam? I have tried to play music with someone this way and it sortof worked.",
            "ups": 1,
            "downs": 0,
            "polarity": 0.16666666666666666,
            "subjectivity": 0.6666666666666666
        }
    ],
    "top_comments_best": [
        {
            "comment_id": "hiqttll",
            "body": "The only online collab I made was a beat where a rapper rapped on it. He found me by Instagram. \n\nTry to involve yourself in a scene. For example do a cappella or covers, and record it. With time you\u2019ll speak with other musicians, and at one point of the conversation you\u2019ll be able to say \u201cI\u2019m a singer but I have nobody to play with etc...\u201d and the people you\u2019re talking with might be interested, and then you can send them your demo records and ask them if they are interested in a collab. \n\nGood luck!",
            "ups": 2,
            "downs": 0,
            "polarity": 0.2916666666666667,
            "subjectivity": 0.6
        },
        {
            "comment_id": "himt7pr",
            "body": "What kind of music ya plan on going for?",
            "ups": 1,
            "downs": 0,
            "polarity": 0.6,
            "subjectivity": 0.9
        },
        {
            "comment_id": "himylj7",
            "body": "Maybe whatsapp and a decent webcam? I have tried to play music with someone this way and it sortof worked.",
            "ups": 1,
            "downs": 0,
            "polarity": 0.16666666666666666,
            "subjectivity": 0.6666666666666666
        }
    ],
    "top_comments_hot": [
        {
            "comment_id": "hiqttll",
            "body": "The only online collab I made was a beat where a rapper rapped on it. He found me by Instagram. \n\nTry to involve yourself in a scene. For example do a cappella or covers, and record it. With time you\u2019ll speak with other musicians, and at one point of the conversation you\u2019ll be able to say \u201cI\u2019m a singer but I have nobody to play with etc...\u201d and the people you\u2019re talking with might be interested, and then you can send them your demo records and ask them if they are interested in a collab. \n\nGood luck!",
            "ups": 2,
            "downs": 0,
            "polarity": 0.2916666666666667,
            "subjectivity": 0.6
        },
        {
            "comment_id": "himt7pr",
            "body": "What kind of music ya plan on going for?",
            "ups": 1,
            "downs": 0,
            "polarity": 0.6,
            "subjectivity": 0.9
        },
        {
            "comment_id": "himylj7",
            "body": "Maybe whatsapp and a decent webcam? I have tried to play music with someone this way and it sortof worked.",
            "ups": 1,
            "downs": 0,
            "polarity": 0.16666666666666666,
            "subjectivity": 0.6666666666666666
        }
    ]
}