{
    "post_url": "https://www.reddit.com/r/LifeProTips/comments/qiocav/lpt_request_pretty_anxious_about_my_appearance/",
    "time_posted": "2021-10-29 18:47:06",
    "time_now": "2021-11-01 01:45:37",
    "ups": 3,
    "downs": 0,
    "comments_since_last_sample": [],
    "top_comments_top": [
        {
            "comment_id": "hikoi57",
            "body": "Hello and welcome to r/LifeProTips!\n\nPlease help us decide if this post is a good fit for the subreddit by up or downvoting this comment. \n\nIf you think that this is great advice to improve your life, please upvote. If you think this doesn't help you in any way, please downvote. If you don't care, leave it for the others to decide.",
            "ups": 1,
            "downs": 0,
            "polarity": 0.7250000000000001,
            "subjectivity": 0.6625
        },
        {
            "comment_id": "hikpx3k",
            "body": "LPT - be yourself to the fullest. Ugly, Hot, Fat, or Skinny. People are attracted to honest presentations of self. Do the things you enjoy doing. If you are still in school practice what you love now. As soon as school is over you can really focus on your loves and people will ultimately find your passions more attractive than anything superficial. Don\u2019t live for other people, repel people that don\u2019t accept you for you.",
            "ups": 6,
            "downs": 0,
            "polarity": 0.23285123966942145,
            "subjectivity": 0.6749999999999999
        },
        {
            "comment_id": "hikrltm",
            "body": "Have you ever heard the phrase, \u201cFake it \u2018till you make it\u201d? Confidence is one of those things you can fake until you have it. When I was in high school I was considered bubbly and very confident, and it was 100% fake. On the inside I was super shy, introverted, and thought all the bad things about myself, and I probably would have stayed that way were it not for the fateful day I ditched school and missed the city bus back home. I ended up talking to some old woman about all sorts of things (I was about 14) and one of the things that stuck with me was the \u201cFake it till you make it\u201d thing. \n\nAt home and in privacy I worked on myself, because like you I was super sensitive. The wrong look and BAM tears. I hated it so much. So at home without anyone looking at me, or making fun at me, I could just work on my self esteem and anything else I wanted to improve. \n\nIn the real world I had to fake it. I didn\u2019t want to be miserable shy mess in public, so I pretended to be so much more put together than I was. \n\nIt worked. \n\nIt took a long time but eventually the faking of confidence showed me things I could only see by putting my shyness and low self esteem aside. Eventually the confidence stayed. It\u2019s about perspective with confidence but again that won\u2019t make sense until it does. \n\nThis is what worked for me in my teenage days, I hope it helps you! And whether you are ugly, pretty, weird, it doesn\u2019t matter, you\u2019re the only you that you\u2019ve got so you may as well enjoy the ride.",
            "ups": 6,
            "downs": 0,
            "polarity": -0.13631313131313127,
            "subjectivity": 0.6327777777777778
        },
        {
            "comment_id": "hikw5gu",
            "body": "No idea how old you are, but this will get better as you get older. Trust me, been there!\n\nThe best advice I can give you is going to sound pretty harsh, but when you think people are looking at you and judging you etc, they probably are, but not for very long. They don\u2019t go home and dwell on it, you are just a side character in the shit show that is there life, same way they are a side character in yours. \n\nYou might think you are ugly or fat or whatever, but I promise you, you\u2019re worst critic is you. \n\nSchool can be vicious, people can be dicks. You be you and screw anyone who tries to tell you otherwise. \n\nAll of this sounds great, but it is going to be hard to implement. Just think about how long you judge others shortcomings and apply that thought process in reverse. \n\nGood luck!",
            "ups": 5,
            "downs": 0,
            "polarity": 0.02925925925925927,
            "subjectivity": 0.5872222222222222
        },
        {
            "comment_id": "hikqn09",
            "body": "Hi, I\u2019m sorry you\u2019re feeling this way. Many times, peoples thoughts of others are reflections of themselves. Even the most conventionally attractive people have those who will find something about them to bash on. The important thing to remember is that they have no bearing on the person you actually are. If you are feeling down on yourself in your own right, there are a few things you can do to help build self esteem. First, find things you like to do and do them! You will meet like minded people this way, and having friends who care about you and support you is a big help when considering your mental well-being. You might also get very good at these things, and having a skill l, or something you\u2019re good at, will allow you a sense of pride in the work that you put in. Do things to improve upon yourself. Exercise is a great place to start. It will give you a sense of purpose, an improved mental state, and you may even improve your looks from doing so (this shouldn\u2019t be your sole focus, but it\u2019s a nice side effect. Who doesn\u2019t like to be in shape?). Also, realize that your school aged years are a temporary part of life, and while it can be a very difficult time, as kids can be pretty brutal to one another, it won\u2019t always be this way. Focus on your strengths. You must have things you consider your strengths, so spend more time thinking about them, and focus less on what you perceive as your shortcomings. If you do feel your thoughts drifting towards a negative place, use that as a source of motivation, rather than allowing it to def you down. I hope this advice helps, even a little bit, and I hope that you realize that you are valuable and loved, and even if you don\u2019t think so at times, that you have a very bright life ahead of you, if you allow yourself to it.",
            "ups": 4,
            "downs": 0,
            "polarity": 0.1759312169312169,
            "subjectivity": 0.573116402116402
        }
    ],
    "top_comments_best": [
        {
            "comment_id": "hikoi57",
            "body": "Hello and welcome to r/LifeProTips!\n\nPlease help us decide if this post is a good fit for the subreddit by up or downvoting this comment. \n\nIf you think that this is great advice to improve your life, please upvote. If you think this doesn't help you in any way, please downvote. If you don't care, leave it for the others to decide.",
            "ups": 1,
            "downs": 0,
            "polarity": 0.7250000000000001,
            "subjectivity": 0.6625
        },
        {
            "comment_id": "hikrltm",
            "body": "Have you ever heard the phrase, \u201cFake it \u2018till you make it\u201d? Confidence is one of those things you can fake until you have it. When I was in high school I was considered bubbly and very confident, and it was 100% fake. On the inside I was super shy, introverted, and thought all the bad things about myself, and I probably would have stayed that way were it not for the fateful day I ditched school and missed the city bus back home. I ended up talking to some old woman about all sorts of things (I was about 14) and one of the things that stuck with me was the \u201cFake it till you make it\u201d thing. \n\nAt home and in privacy I worked on myself, because like you I was super sensitive. The wrong look and BAM tears. I hated it so much. So at home without anyone looking at me, or making fun at me, I could just work on my self esteem and anything else I wanted to improve. \n\nIn the real world I had to fake it. I didn\u2019t want to be miserable shy mess in public, so I pretended to be so much more put together than I was. \n\nIt worked. \n\nIt took a long time but eventually the faking of confidence showed me things I could only see by putting my shyness and low self esteem aside. Eventually the confidence stayed. It\u2019s about perspective with confidence but again that won\u2019t make sense until it does. \n\nThis is what worked for me in my teenage days, I hope it helps you! And whether you are ugly, pretty, weird, it doesn\u2019t matter, you\u2019re the only you that you\u2019ve got so you may as well enjoy the ride.",
            "ups": 6,
            "downs": 0,
            "polarity": -0.13631313131313127,
            "subjectivity": 0.6327777777777778
        },
        {
            "comment_id": "hikqn09",
            "body": "Hi, I\u2019m sorry you\u2019re feeling this way. Many times, peoples thoughts of others are reflections of themselves. Even the most conventionally attractive people have those who will find something about them to bash on. The important thing to remember is that they have no bearing on the person you actually are. If you are feeling down on yourself in your own right, there are a few things you can do to help build self esteem. First, find things you like to do and do them! You will meet like minded people this way, and having friends who care about you and support you is a big help when considering your mental well-being. You might also get very good at these things, and having a skill l, or something you\u2019re good at, will allow you a sense of pride in the work that you put in. Do things to improve upon yourself. Exercise is a great place to start. It will give you a sense of purpose, an improved mental state, and you may even improve your looks from doing so (this shouldn\u2019t be your sole focus, but it\u2019s a nice side effect. Who doesn\u2019t like to be in shape?). Also, realize that your school aged years are a temporary part of life, and while it can be a very difficult time, as kids can be pretty brutal to one another, it won\u2019t always be this way. Focus on your strengths. You must have things you consider your strengths, so spend more time thinking about them, and focus less on what you perceive as your shortcomings. If you do feel your thoughts drifting towards a negative place, use that as a source of motivation, rather than allowing it to def you down. I hope this advice helps, even a little bit, and I hope that you realize that you are valuable and loved, and even if you don\u2019t think so at times, that you have a very bright life ahead of you, if you allow yourself to it.",
            "ups": 5,
            "downs": 0,
            "polarity": 0.1759312169312169,
            "subjectivity": 0.573116402116402
        },
        {
            "comment_id": "hikpx3k",
            "body": "LPT - be yourself to the fullest. Ugly, Hot, Fat, or Skinny. People are attracted to honest presentations of self. Do the things you enjoy doing. If you are still in school practice what you love now. As soon as school is over you can really focus on your loves and people will ultimately find your passions more attractive than anything superficial. Don\u2019t live for other people, repel people that don\u2019t accept you for you.",
            "ups": 7,
            "downs": 0,
            "polarity": 0.23285123966942145,
            "subjectivity": 0.6749999999999999
        },
        {
            "comment_id": "hikw5gu",
            "body": "No idea how old you are, but this will get better as you get older. Trust me, been there!\n\nThe best advice I can give you is going to sound pretty harsh, but when you think people are looking at you and judging you etc, they probably are, but not for very long. They don\u2019t go home and dwell on it, you are just a side character in the shit show that is there life, same way they are a side character in yours. \n\nYou might think you are ugly or fat or whatever, but I promise you, you\u2019re worst critic is you. \n\nSchool can be vicious, people can be dicks. You be you and screw anyone who tries to tell you otherwise. \n\nAll of this sounds great, but it is going to be hard to implement. Just think about how long you judge others shortcomings and apply that thought process in reverse. \n\nGood luck!",
            "ups": 5,
            "downs": 0,
            "polarity": 0.02925925925925927,
            "subjectivity": 0.5872222222222222
        }
    ],
    "top_comments_hot": [
        {
            "comment_id": "hikoi57",
            "body": "Hello and welcome to r/LifeProTips!\n\nPlease help us decide if this post is a good fit for the subreddit by up or downvoting this comment. \n\nIf you think that this is great advice to improve your life, please upvote. If you think this doesn't help you in any way, please downvote. If you don't care, leave it for the others to decide.",
            "ups": 1,
            "downs": 0,
            "polarity": 0.7250000000000001,
            "subjectivity": 0.6625
        },
        {
            "comment_id": "hikrltm",
            "body": "Have you ever heard the phrase, \u201cFake it \u2018till you make it\u201d? Confidence is one of those things you can fake until you have it. When I was in high school I was considered bubbly and very confident, and it was 100% fake. On the inside I was super shy, introverted, and thought all the bad things about myself, and I probably would have stayed that way were it not for the fateful day I ditched school and missed the city bus back home. I ended up talking to some old woman about all sorts of things (I was about 14) and one of the things that stuck with me was the \u201cFake it till you make it\u201d thing. \n\nAt home and in privacy I worked on myself, because like you I was super sensitive. The wrong look and BAM tears. I hated it so much. So at home without anyone looking at me, or making fun at me, I could just work on my self esteem and anything else I wanted to improve. \n\nIn the real world I had to fake it. I didn\u2019t want to be miserable shy mess in public, so I pretended to be so much more put together than I was. \n\nIt worked. \n\nIt took a long time but eventually the faking of confidence showed me things I could only see by putting my shyness and low self esteem aside. Eventually the confidence stayed. It\u2019s about perspective with confidence but again that won\u2019t make sense until it does. \n\nThis is what worked for me in my teenage days, I hope it helps you! And whether you are ugly, pretty, weird, it doesn\u2019t matter, you\u2019re the only you that you\u2019ve got so you may as well enjoy the ride.",
            "ups": 7,
            "downs": 0,
            "polarity": -0.13631313131313127,
            "subjectivity": 0.6327777777777778
        },
        {
            "comment_id": "hikqn09",
            "body": "Hi, I\u2019m sorry you\u2019re feeling this way. Many times, peoples thoughts of others are reflections of themselves. Even the most conventionally attractive people have those who will find something about them to bash on. The important thing to remember is that they have no bearing on the person you actually are. If you are feeling down on yourself in your own right, there are a few things you can do to help build self esteem. First, find things you like to do and do them! You will meet like minded people this way, and having friends who care about you and support you is a big help when considering your mental well-being. You might also get very good at these things, and having a skill l, or something you\u2019re good at, will allow you a sense of pride in the work that you put in. Do things to improve upon yourself. Exercise is a great place to start. It will give you a sense of purpose, an improved mental state, and you may even improve your looks from doing so (this shouldn\u2019t be your sole focus, but it\u2019s a nice side effect. Who doesn\u2019t like to be in shape?). Also, realize that your school aged years are a temporary part of life, and while it can be a very difficult time, as kids can be pretty brutal to one another, it won\u2019t always be this way. Focus on your strengths. You must have things you consider your strengths, so spend more time thinking about them, and focus less on what you perceive as your shortcomings. If you do feel your thoughts drifting towards a negative place, use that as a source of motivation, rather than allowing it to def you down. I hope this advice helps, even a little bit, and I hope that you realize that you are valuable and loved, and even if you don\u2019t think so at times, that you have a very bright life ahead of you, if you allow yourself to it.",
            "ups": 4,
            "downs": 0,
            "polarity": 0.1759312169312169,
            "subjectivity": 0.573116402116402
        },
        {
            "comment_id": "hikpx3k",
            "body": "LPT - be yourself to the fullest. Ugly, Hot, Fat, or Skinny. People are attracted to honest presentations of self. Do the things you enjoy doing. If you are still in school practice what you love now. As soon as school is over you can really focus on your loves and people will ultimately find your passions more attractive than anything superficial. Don\u2019t live for other people, repel people that don\u2019t accept you for you.",
            "ups": 7,
            "downs": 0,
            "polarity": 0.23285123966942145,
            "subjectivity": 0.6749999999999999
        },
        {
            "comment_id": "hikw5gu",
            "body": "No idea how old you are, but this will get better as you get older. Trust me, been there!\n\nThe best advice I can give you is going to sound pretty harsh, but when you think people are looking at you and judging you etc, they probably are, but not for very long. They don\u2019t go home and dwell on it, you are just a side character in the shit show that is there life, same way they are a side character in yours. \n\nYou might think you are ugly or fat or whatever, but I promise you, you\u2019re worst critic is you. \n\nSchool can be vicious, people can be dicks. You be you and screw anyone who tries to tell you otherwise. \n\nAll of this sounds great, but it is going to be hard to implement. Just think about how long you judge others shortcomings and apply that thought process in reverse. \n\nGood luck!",
            "ups": 5,
            "downs": 0,
            "polarity": 0.02925925925925927,
            "subjectivity": 0.5872222222222222
        }
    ]
}