{
    "post_url": "https://www.reddit.com/r/gaming/comments/qj56f0/although_seriously_it_doesnt_matter/",
    "time_posted": "2021-10-30 12:36:37",
    "time_now": "2021-10-30 20:52:47",
    "ups": 15,
    "downs": 0,
    "comments_since_last_sample": [],
    "top_comments_top": [
        {
            "comment_id": "hins0xs",
            "body": "*Laughs in Atari*",
            "ups": 2,
            "downs": 0,
            "polarity": 0.0,
            "subjectivity": 0.0
        },
        {
            "comment_id": "hins8h6",
            "body": "Me who likes switch and PlayStation. But yeah fighting over which console is better is just stupid.",
            "ups": 1,
            "downs": 0,
            "polarity": -0.14999999999999997,
            "subjectivity": 0.75
        },
        {
            "comment_id": "hintx21",
            "body": "Me watching this on my phone: he he monkes",
            "ups": 1,
            "downs": 0,
            "polarity": 0.0,
            "subjectivity": 0.0
        }
    ],
    "top_comments_best": [
        {
            "comment_id": "hins0xs",
            "body": "*Laughs in Atari*",
            "ups": 2,
            "downs": 0,
            "polarity": 0.0,
            "subjectivity": 0.0
        },
        {
            "comment_id": "hins8h6",
            "body": "Me who likes switch and PlayStation. But yeah fighting over which console is better is just stupid.",
            "ups": 1,
            "downs": 0,
            "polarity": -0.14999999999999997,
            "subjectivity": 0.75
        },
        {
            "comment_id": "hintx21",
            "body": "Me watching this on my phone: he he monkes",
            "ups": 1,
            "downs": 0,
            "polarity": 0.0,
            "subjectivity": 0.0
        }
    ],
    "top_comments_hot": [
        {
            "comment_id": "hins0xs",
            "body": "*Laughs in Atari*",
            "ups": 2,
            "downs": 0,
            "polarity": 0.0,
            "subjectivity": 0.0
        },
        {
            "comment_id": "hins8h6",
            "body": "Me who likes switch and PlayStation. But yeah fighting over which console is better is just stupid.",
            "ups": 1,
            "downs": 0,
            "polarity": -0.14999999999999997,
            "subjectivity": 0.75
        },
        {
            "comment_id": "hintx21",
            "body": "Me watching this on my phone: he he monkes",
            "ups": 1,
            "downs": 0,
            "polarity": 0.0,
            "subjectivity": 0.0
        }
    ]
}