{
    "post_url": "https://www.reddit.com/r/LifeProTips/comments/qi7rqk/lpt_need_to_set_an_alarm_but_dont_like_being/",
    "time_posted": "2021-10-29 04:01:36",
    "time_now": "2021-10-30 16:50:56",
    "ups": 0,
    "downs": 0,
    "comments_since_last_sample": [
        {
            "comment_id": "hihkqlp",
            "body": "Hello and welcome to r/LifeProTips!\n\nPlease help us decide if this post is a good fit for the subreddit by up or downvoting this comment. \n\nIf you think that this is great advice to improve your life, please upvote. If you think this doesn't help you in any way, please downvote. If you don't care, leave it for the others to decide.",
            "polarity": 0.7250000000000001,
            "subjectivity": 0.6625
        },
        {
            "comment_id": "hiiqa2u",
            "body": "There's an app for this called Sleep Cycle, just set for what time you want to wake up, and it gently wakes you up.",
            "polarity": 0.2,
            "subjectivity": 0.8
        },
        {
            "comment_id": "hihq172",
            "body": "Your iPhone lets you pick any music on your phone as the alarm noise so you aren\u2019t stuck with just the standard alarm noises built in.",
            "polarity": 0.0,
            "subjectivity": 0.0
        }
    ],
    "top_comments_top": [
        {
            "comment_id": "hihkqlp",
            "body": "Hello and welcome to r/LifeProTips!\n\nPlease help us decide if this post is a good fit for the subreddit by up or downvoting this comment. \n\nIf you think that this is great advice to improve your life, please upvote. If you think this doesn't help you in any way, please downvote. If you don't care, leave it for the others to decide.",
            "ups": 1,
            "downs": 0,
            "polarity": 0.7250000000000001,
            "subjectivity": 0.6625
        },
        {
            "comment_id": "hihq172",
            "body": "Your iPhone lets you pick any music on your phone as the alarm noise so you aren\u2019t stuck with just the standard alarm noises built in.",
            "ups": 1,
            "downs": 0,
            "polarity": 0.0,
            "subjectivity": 0.0
        },
        {
            "comment_id": "hiiqa2u",
            "body": "There's an app for this called Sleep Cycle, just set for what time you want to wake up, and it gently wakes you up.",
            "ups": 1,
            "downs": 0,
            "polarity": 0.2,
            "subjectivity": 0.8
        }
    ],
    "top_comments_best": [
        {
            "comment_id": "hihkqlp",
            "body": "Hello and welcome to r/LifeProTips!\n\nPlease help us decide if this post is a good fit for the subreddit by up or downvoting this comment. \n\nIf you think that this is great advice to improve your life, please upvote. If you think this doesn't help you in any way, please downvote. If you don't care, leave it for the others to decide.",
            "ups": 1,
            "downs": 0,
            "polarity": 0.7250000000000001,
            "subjectivity": 0.6625
        },
        {
            "comment_id": "hihq172",
            "body": "Your iPhone lets you pick any music on your phone as the alarm noise so you aren\u2019t stuck with just the standard alarm noises built in.",
            "ups": 1,
            "downs": 0,
            "polarity": 0.0,
            "subjectivity": 0.0
        },
        {
            "comment_id": "hiiqa2u",
            "body": "There's an app for this called Sleep Cycle, just set for what time you want to wake up, and it gently wakes you up.",
            "ups": 1,
            "downs": 0,
            "polarity": 0.2,
            "subjectivity": 0.8
        }
    ],
    "top_comments_hot": [
        {
            "comment_id": "hihkqlp",
            "body": "Hello and welcome to r/LifeProTips!\n\nPlease help us decide if this post is a good fit for the subreddit by up or downvoting this comment. \n\nIf you think that this is great advice to improve your life, please upvote. If you think this doesn't help you in any way, please downvote. If you don't care, leave it for the others to decide.",
            "ups": 1,
            "downs": 0,
            "polarity": 0.7250000000000001,
            "subjectivity": 0.6625
        },
        {
            "comment_id": "hihq172",
            "body": "Your iPhone lets you pick any music on your phone as the alarm noise so you aren\u2019t stuck with just the standard alarm noises built in.",
            "ups": 1,
            "downs": 0,
            "polarity": 0.0,
            "subjectivity": 0.0
        },
        {
            "comment_id": "hiiqa2u",
            "body": "There's an app for this called Sleep Cycle, just set for what time you want to wake up, and it gently wakes you up.",
            "ups": 1,
            "downs": 0,
            "polarity": 0.2,
            "subjectivity": 0.8
        }
    ]
}