{
    "post_url": "https://www.reddit.com/r/politics/comments/qizt9w/what_it_means_if_glenn_youngkin_wins/",
    "time_posted": "2021-10-30 07:44:30",
    "time_now": "2021-11-06 13:35:30",
    "ups": 0,
    "downs": 0,
    "comments_since_last_sample": [],
    "top_comments_top": [
        {
            "comment_id": "hims4sg",
            "body": "\nAs a reminder, this subreddit [is for civil discussion.](/r/politics/wiki/index#wiki_be_civil)\n\nIn general, be courteous to others. Debate/discuss/argue the merits of ideas, don't attack people. Personal insults, shill or troll accusations, hate speech, any suggestion or support of harm, violence, or death, and other rule violations can result in a permanent ban. \n\nIf you see comments in violation of our rules, please report them.\n\n For those who have questions regarding any media outlets being posted on this subreddit, please click [here](https://www.reddit.com/r/politics/wiki/approveddomainslist) to review our details as to our approved domains list and outlet criteria.\n\n***\n\n\n*I am a bot, and this action was performed automatically. Please [contact the moderators of this subreddit](/message/compose/?to=/r/politics) if you have any questions or concerns.*",
            "ups": 1,
            "downs": 0,
            "polarity": -0.02916666666666667,
            "subjectivity": 0.5291666666666667
        },
        {
            "comment_id": "himu7xc",
            "body": "It means the world sucks and is full of terrible people but I already knew that.",
            "ups": 24,
            "downs": 0,
            "polarity": -0.31666666666666665,
            "subjectivity": 0.6166666666666667
        },
        {
            "comment_id": "himxhik",
            "body": "I am sick of this double standard. Had Hillary Clinton won it wouldn't have meant anything. She was expected to win. Biden wins and it means nothing despite him beating an incumbent. Democrats win the House and it means nothing because they should have won it by more. Democrats win the Senate majority and it means nothing because it just 50/50. No victory for Democrats is ever said to mean anything. When they win the victory is also dismissed as imperfect and underwhelming. \n\nYet just the very thought of a Republican winning is staged as paradigm shifting. If Mcauliffe it won't be said to means shit. If Youngkin wins, OMG, Democrats are in trouble and Republicans are assured midterm victory!! It is ridiculous.",
            "ups": 14,
            "downs": 0,
            "polarity": 0.1780812324929972,
            "subjectivity": 0.4408613445378151
        },
        {
            "comment_id": "himv7hd",
            "body": "Among other things, it means nobody is asking Youngkin supporters why they think literal self-identifying Nazis support him. Seriously. I know everyone is all like \"OMG tiki torch stunt!\" but really this is something that everyone on the right needs to have an honest conversation with themselves about.",
            "ups": 9,
            "downs": 0,
            "polarity": 0.10880952380952383,
            "subjectivity": 0.5354761904761904
        },
        {
            "comment_id": "himu8gb",
            "body": "It doesn\u2019t really mean that much and it doesn\u2019t paint a moderate way forward for the GOP. Trump stayed out of this one race but he will not be able to stay out of every race in order to keep this model working if in fact it does work. Trump will not allow this model to work because it requires that he stay on the sidelines.",
            "ups": 6,
            "downs": 0,
            "polarity": 0.096875,
            "subjectivity": 0.553125
        }
    ],
    "top_comments_best": [
        {
            "comment_id": "hims4sg",
            "body": "\nAs a reminder, this subreddit [is for civil discussion.](/r/politics/wiki/index#wiki_be_civil)\n\nIn general, be courteous to others. Debate/discuss/argue the merits of ideas, don't attack people. Personal insults, shill or troll accusations, hate speech, any suggestion or support of harm, violence, or death, and other rule violations can result in a permanent ban. \n\nIf you see comments in violation of our rules, please report them.\n\n For those who have questions regarding any media outlets being posted on this subreddit, please click [here](https://www.reddit.com/r/politics/wiki/approveddomainslist) to review our details as to our approved domains list and outlet criteria.\n\n***\n\n\n*I am a bot, and this action was performed automatically. Please [contact the moderators of this subreddit](/message/compose/?to=/r/politics) if you have any questions or concerns.*",
            "ups": 1,
            "downs": 0,
            "polarity": -0.02916666666666667,
            "subjectivity": 0.5291666666666667
        },
        {
            "comment_id": "himu7xc",
            "body": "It means the world sucks and is full of terrible people but I already knew that.",
            "ups": 25,
            "downs": 0,
            "polarity": -0.31666666666666665,
            "subjectivity": 0.6166666666666667
        },
        {
            "comment_id": "himxhik",
            "body": "I am sick of this double standard. Had Hillary Clinton won it wouldn't have meant anything. She was expected to win. Biden wins and it means nothing despite him beating an incumbent. Democrats win the House and it means nothing because they should have won it by more. Democrats win the Senate majority and it means nothing because it just 50/50. No victory for Democrats is ever said to mean anything. When they win the victory is also dismissed as imperfect and underwhelming. \n\nYet just the very thought of a Republican winning is staged as paradigm shifting. If Mcauliffe it won't be said to means shit. If Youngkin wins, OMG, Democrats are in trouble and Republicans are assured midterm victory!! It is ridiculous.",
            "ups": 14,
            "downs": 0,
            "polarity": 0.1780812324929972,
            "subjectivity": 0.4408613445378151
        },
        {
            "comment_id": "himv7hd",
            "body": "Among other things, it means nobody is asking Youngkin supporters why they think literal self-identifying Nazis support him. Seriously. I know everyone is all like \"OMG tiki torch stunt!\" but really this is something that everyone on the right needs to have an honest conversation with themselves about.",
            "ups": 9,
            "downs": 0,
            "polarity": 0.10880952380952383,
            "subjectivity": 0.5354761904761904
        },
        {
            "comment_id": "himvomj",
            "body": "It means Glenn Youngkin needs to send a gift basket to the Loudon County School Board.",
            "ups": 5,
            "downs": 0,
            "polarity": 0.0,
            "subjectivity": 0.0
        }
    ],
    "top_comments_hot": [
        {
            "comment_id": "hims4sg",
            "body": "\nAs a reminder, this subreddit [is for civil discussion.](/r/politics/wiki/index#wiki_be_civil)\n\nIn general, be courteous to others. Debate/discuss/argue the merits of ideas, don't attack people. Personal insults, shill or troll accusations, hate speech, any suggestion or support of harm, violence, or death, and other rule violations can result in a permanent ban. \n\nIf you see comments in violation of our rules, please report them.\n\n For those who have questions regarding any media outlets being posted on this subreddit, please click [here](https://www.reddit.com/r/politics/wiki/approveddomainslist) to review our details as to our approved domains list and outlet criteria.\n\n***\n\n\n*I am a bot, and this action was performed automatically. Please [contact the moderators of this subreddit](/message/compose/?to=/r/politics) if you have any questions or concerns.*",
            "ups": 1,
            "downs": 0,
            "polarity": -0.02916666666666667,
            "subjectivity": 0.5291666666666667
        },
        {
            "comment_id": "himu7xc",
            "body": "It means the world sucks and is full of terrible people but I already knew that.",
            "ups": 24,
            "downs": 0,
            "polarity": -0.31666666666666665,
            "subjectivity": 0.6166666666666667
        },
        {
            "comment_id": "himxhik",
            "body": "I am sick of this double standard. Had Hillary Clinton won it wouldn't have meant anything. She was expected to win. Biden wins and it means nothing despite him beating an incumbent. Democrats win the House and it means nothing because they should have won it by more. Democrats win the Senate majority and it means nothing because it just 50/50. No victory for Democrats is ever said to mean anything. When they win the victory is also dismissed as imperfect and underwhelming. \n\nYet just the very thought of a Republican winning is staged as paradigm shifting. If Mcauliffe it won't be said to means shit. If Youngkin wins, OMG, Democrats are in trouble and Republicans are assured midterm victory!! It is ridiculous.",
            "ups": 14,
            "downs": 0,
            "polarity": 0.1780812324929972,
            "subjectivity": 0.4408613445378151
        },
        {
            "comment_id": "himv7hd",
            "body": "Among other things, it means nobody is asking Youngkin supporters why they think literal self-identifying Nazis support him. Seriously. I know everyone is all like \"OMG tiki torch stunt!\" but really this is something that everyone on the right needs to have an honest conversation with themselves about.",
            "ups": 9,
            "downs": 0,
            "polarity": 0.10880952380952383,
            "subjectivity": 0.5354761904761904
        },
        {
            "comment_id": "himvomj",
            "body": "It means Glenn Youngkin needs to send a gift basket to the Loudon County School Board.",
            "ups": 5,
            "downs": 0,
            "polarity": 0.0,
            "subjectivity": 0.0
        }
    ]
}