{
    "post_url": "https://www.reddit.com/r/LifeProTips/comments/qj2ih8/lpt_haveibeenpwnedcom_allows_you_to_enter_in_an/",
    "time_posted": "2021-10-30 10:24:06",
    "time_now": "2021-11-06 01:15:02",
    "ups": 18,
    "downs": 0,
    "comments_since_last_sample": [],
    "top_comments_top": [
        {
            "comment_id": "hiofd5o",
            "body": "Hello [koxko9](/u/koxko9), thank you for your submission! Unfortunately, it has been removed for the following reason:\n\nDo not post tips that are advertisements or recommendations of products or services. Users who purposefully advertise their own product or service will be banned.\n\nIf you would like to appeal this decision [please feel free to contact the moderators here](https://www.reddit.com/message/compose?to=%2Fr%2FLifeProTips&amp;subject=about%20my%20removed%20submission&amp;message=I%27m%20writing%20to%20you%20about%20the%20following%20submission:%20https://www.reddit.com/r/LifeProTips/comments/qj2ih8/lpt_haveibeenpwnedcom_allows_you_to_enter_in_an/.%20%0D%0D). Do not repost without explicit permission from the moderators. Make sure you [read the rules](/r/lifeprotips/about/sidebar)  before submitting. Thank you!",
            "ups": 1,
            "downs": 0,
            "polarity": 0.225,
            "subjectivity": 0.7577777777777779
        },
        {
            "comment_id": "hincr1m",
            "body": "This is a legitimate site and is one of the many feeds used by information security professionals.",
            "ups": 7,
            "downs": 0,
            "polarity": 0.5,
            "subjectivity": 0.5
        },
        {
            "comment_id": "hin9p9b",
            "body": "How can i be sure it won\u2019t leak my email id to spam",
            "ups": 4,
            "downs": 0,
            "polarity": 0.5,
            "subjectivity": 0.8888888888888888
        },
        {
            "comment_id": "hin9jn9",
            "body": "Hello and welcome to r/LifeProTips!\n\nPlease help us decide if this post is a good fit for the subreddit by up or downvoting this comment. \n\nIf you think that this is great advice to improve your life, please upvote. If you think this doesn't help you in any way, please downvote. If you don't care, leave it for the others to decide.",
            "ups": 2,
            "downs": 0,
            "polarity": 0.7250000000000001,
            "subjectivity": 0.6625
        },
        {
            "comment_id": "hinpk1x",
            "body": "Nice try email spammers.",
            "ups": 2,
            "downs": 0,
            "polarity": 0.6,
            "subjectivity": 1.0
        }
    ],
    "top_comments_best": [
        {
            "comment_id": "hiofd5o",
            "body": "Hello [koxko9](/u/koxko9), thank you for your submission! Unfortunately, it has been removed for the following reason:\n\nDo not post tips that are advertisements or recommendations of products or services. Users who purposefully advertise their own product or service will be banned.\n\nIf you would like to appeal this decision [please feel free to contact the moderators here](https://www.reddit.com/message/compose?to=%2Fr%2FLifeProTips&amp;subject=about%20my%20removed%20submission&amp;message=I%27m%20writing%20to%20you%20about%20the%20following%20submission:%20https://www.reddit.com/r/LifeProTips/comments/qj2ih8/lpt_haveibeenpwnedcom_allows_you_to_enter_in_an/.%20%0D%0D). Do not repost without explicit permission from the moderators. Make sure you [read the rules](/r/lifeprotips/about/sidebar)  before submitting. Thank you!",
            "ups": 1,
            "downs": 0,
            "polarity": 0.225,
            "subjectivity": 0.7577777777777779
        },
        {
            "comment_id": "hincr1m",
            "body": "This is a legitimate site and is one of the many feeds used by information security professionals.",
            "ups": 5,
            "downs": 0,
            "polarity": 0.5,
            "subjectivity": 0.5
        },
        {
            "comment_id": "hin9jn9",
            "body": "Hello and welcome to r/LifeProTips!\n\nPlease help us decide if this post is a good fit for the subreddit by up or downvoting this comment. \n\nIf you think that this is great advice to improve your life, please upvote. If you think this doesn't help you in any way, please downvote. If you don't care, leave it for the others to decide.",
            "ups": 2,
            "downs": 0,
            "polarity": 0.7250000000000001,
            "subjectivity": 0.6625
        },
        {
            "comment_id": "hin9p9b",
            "body": "How can i be sure it won\u2019t leak my email id to spam",
            "ups": 4,
            "downs": 0,
            "polarity": 0.5,
            "subjectivity": 0.8888888888888888
        },
        {
            "comment_id": "hinpk1x",
            "body": "Nice try email spammers.",
            "ups": 2,
            "downs": 0,
            "polarity": 0.6,
            "subjectivity": 1.0
        }
    ],
    "top_comments_hot": [
        {
            "comment_id": "hiofd5o",
            "body": "Hello [koxko9](/u/koxko9), thank you for your submission! Unfortunately, it has been removed for the following reason:\n\nDo not post tips that are advertisements or recommendations of products or services. Users who purposefully advertise their own product or service will be banned.\n\nIf you would like to appeal this decision [please feel free to contact the moderators here](https://www.reddit.com/message/compose?to=%2Fr%2FLifeProTips&amp;subject=about%20my%20removed%20submission&amp;message=I%27m%20writing%20to%20you%20about%20the%20following%20submission:%20https://www.reddit.com/r/LifeProTips/comments/qj2ih8/lpt_haveibeenpwnedcom_allows_you_to_enter_in_an/.%20%0D%0D). Do not repost without explicit permission from the moderators. Make sure you [read the rules](/r/lifeprotips/about/sidebar)  before submitting. Thank you!",
            "ups": 1,
            "downs": 0,
            "polarity": 0.225,
            "subjectivity": 0.7577777777777779
        },
        {
            "comment_id": "hincr1m",
            "body": "This is a legitimate site and is one of the many feeds used by information security professionals.",
            "ups": 6,
            "downs": 0,
            "polarity": 0.5,
            "subjectivity": 0.5
        },
        {
            "comment_id": "hin9jn9",
            "body": "Hello and welcome to r/LifeProTips!\n\nPlease help us decide if this post is a good fit for the subreddit by up or downvoting this comment. \n\nIf you think that this is great advice to improve your life, please upvote. If you think this doesn't help you in any way, please downvote. If you don't care, leave it for the others to decide.",
            "ups": 2,
            "downs": 0,
            "polarity": 0.7250000000000001,
            "subjectivity": 0.6625
        },
        {
            "comment_id": "hin9p9b",
            "body": "How can i be sure it won\u2019t leak my email id to spam",
            "ups": 4,
            "downs": 0,
            "polarity": 0.5,
            "subjectivity": 0.8888888888888888
        },
        {
            "comment_id": "hinpk1x",
            "body": "Nice try email spammers.",
            "ups": 2,
            "downs": 0,
            "polarity": 0.6,
            "subjectivity": 1.0
        }
    ]
}