{
    "post_url": "https://www.reddit.com/r/politics/comments/qizdd6/whitmer_vetoes_michigan_election_bills_as_gop/",
    "time_posted": "2021-10-30 07:14:14",
    "time_now": "2021-11-01 05:50:57",
    "ups": 2029,
    "downs": 0,
    "comments_since_last_sample": [],
    "top_comments_top": [
        {
            "comment_id": "himpll3",
            "body": "\nAs a reminder, this subreddit [is for civil discussion.](/r/politics/wiki/index#wiki_be_civil)\n\nIn general, be courteous to others. Debate/discuss/argue the merits of ideas, don't attack people. Personal insults, shill or troll accusations, hate speech, any suggestion or support of harm, violence, or death, and other rule violations can result in a permanent ban. \n\nIf you see comments in violation of our rules, please report them.\n\n For those who have questions regarding any media outlets being posted on this subreddit, please click [here](https://www.reddit.com/r/politics/wiki/approveddomainslist) to review our details as to our approved domains list and outlet criteria.\n\n***\n\n\n*I am a bot, and this action was performed automatically. Please [contact the moderators of this subreddit](/message/compose/?to=/r/politics) if you have any questions or concerns.*",
            "ups": 1,
            "downs": 0,
            "polarity": -0.02916666666666667,
            "subjectivity": 0.5291666666666667
        },
        {
            "comment_id": "himr2cb",
            "body": "\u201cProposal 3 made changes that weakened the integrity of our election system by allowing people to register and vote without ever being seen in-person,\u201d Sen. Ruth Johnson, a Holly Republican\"\n\n\"If you\u2019ve never registered in Michigan before, you must go in person to your city or township clerk's office before 8 pm on Election Day and provide a document showing proof of residency\" https://mvic.sos.state.mi.us/registervoter\n\nThe GOP really needs to stop lying about, well, everything.",
            "ups": 387,
            "downs": 0,
            "polarity": 0.2,
            "subjectivity": 0.2
        },
        {
            "comment_id": "hinbme5",
            "body": "Y'all need to help protect Gretchen Whitmer and Tony Evers at all costs. They are the only thing keeping those two states from falling into extremist right-wing rule.\n\nAnd once those states go all red, say goodbye to future fair elections.",
            "ups": 121,
            "downs": 0,
            "polarity": 0.175,
            "subjectivity": 0.50625
        },
        {
            "comment_id": "himu8yc",
            "body": "I'm really worried about the future of the US as the whole Republican party has drifted to this crazy behavior.",
            "ups": 108,
            "downs": 0,
            "polarity": -0.04999999999999999,
            "subjectivity": 0.40625
        },
        {
            "comment_id": "himua85",
            "body": "If you make voter ID laws more restrictive but provide no other path or funding to help people get valid ID, you're suppressing democracy. Simple as that.",
            "ups": 63,
            "downs": 0,
            "polarity": 0.1875,
            "subjectivity": 0.41071428571428575
        }
    ],
    "top_comments_best": [
        {
            "comment_id": "himpll3",
            "body": "\nAs a reminder, this subreddit [is for civil discussion.](/r/politics/wiki/index#wiki_be_civil)\n\nIn general, be courteous to others. Debate/discuss/argue the merits of ideas, don't attack people. Personal insults, shill or troll accusations, hate speech, any suggestion or support of harm, violence, or death, and other rule violations can result in a permanent ban. \n\nIf you see comments in violation of our rules, please report them.\n\n For those who have questions regarding any media outlets being posted on this subreddit, please click [here](https://www.reddit.com/r/politics/wiki/approveddomainslist) to review our details as to our approved domains list and outlet criteria.\n\n***\n\n\n*I am a bot, and this action was performed automatically. Please [contact the moderators of this subreddit](/message/compose/?to=/r/politics) if you have any questions or concerns.*",
            "ups": 1,
            "downs": 0,
            "polarity": -0.02916666666666667,
            "subjectivity": 0.5291666666666667
        },
        {
            "comment_id": "himr2cb",
            "body": "\u201cProposal 3 made changes that weakened the integrity of our election system by allowing people to register and vote without ever being seen in-person,\u201d Sen. Ruth Johnson, a Holly Republican\"\n\n\"If you\u2019ve never registered in Michigan before, you must go in person to your city or township clerk's office before 8 pm on Election Day and provide a document showing proof of residency\" https://mvic.sos.state.mi.us/registervoter\n\nThe GOP really needs to stop lying about, well, everything.",
            "ups": 387,
            "downs": 0,
            "polarity": 0.2,
            "subjectivity": 0.2
        },
        {
            "comment_id": "hinbme5",
            "body": "Y'all need to help protect Gretchen Whitmer and Tony Evers at all costs. They are the only thing keeping those two states from falling into extremist right-wing rule.\n\nAnd once those states go all red, say goodbye to future fair elections.",
            "ups": 121,
            "downs": 0,
            "polarity": 0.175,
            "subjectivity": 0.50625
        },
        {
            "comment_id": "himrfi5",
            "body": "This is them trying to circumvent a 2 to 1 vote in favor of the law when it was voted on in 2018.",
            "ups": 67,
            "downs": 0,
            "polarity": 0.0,
            "subjectivity": 0.0
        },
        {
            "comment_id": "himu8yc",
            "body": "I'm really worried about the future of the US as the whole Republican party has drifted to this crazy behavior.",
            "ups": 111,
            "downs": 0,
            "polarity": -0.04999999999999999,
            "subjectivity": 0.40625
        }
    ],
    "top_comments_hot": [
        {
            "comment_id": "himpll3",
            "body": "\nAs a reminder, this subreddit [is for civil discussion.](/r/politics/wiki/index#wiki_be_civil)\n\nIn general, be courteous to others. Debate/discuss/argue the merits of ideas, don't attack people. Personal insults, shill or troll accusations, hate speech, any suggestion or support of harm, violence, or death, and other rule violations can result in a permanent ban. \n\nIf you see comments in violation of our rules, please report them.\n\n For those who have questions regarding any media outlets being posted on this subreddit, please click [here](https://www.reddit.com/r/politics/wiki/approveddomainslist) to review our details as to our approved domains list and outlet criteria.\n\n***\n\n\n*I am a bot, and this action was performed automatically. Please [contact the moderators of this subreddit](/message/compose/?to=/r/politics) if you have any questions or concerns.*",
            "ups": 1,
            "downs": 0,
            "polarity": -0.02916666666666667,
            "subjectivity": 0.5291666666666667
        },
        {
            "comment_id": "himr2cb",
            "body": "\u201cProposal 3 made changes that weakened the integrity of our election system by allowing people to register and vote without ever being seen in-person,\u201d Sen. Ruth Johnson, a Holly Republican\"\n\n\"If you\u2019ve never registered in Michigan before, you must go in person to your city or township clerk's office before 8 pm on Election Day and provide a document showing proof of residency\" https://mvic.sos.state.mi.us/registervoter\n\nThe GOP really needs to stop lying about, well, everything.",
            "ups": 384,
            "downs": 0,
            "polarity": 0.2,
            "subjectivity": 0.2
        },
        {
            "comment_id": "hinbme5",
            "body": "Y'all need to help protect Gretchen Whitmer and Tony Evers at all costs. They are the only thing keeping those two states from falling into extremist right-wing rule.\n\nAnd once those states go all red, say goodbye to future fair elections.",
            "ups": 122,
            "downs": 0,
            "polarity": 0.175,
            "subjectivity": 0.50625
        },
        {
            "comment_id": "himrfi5",
            "body": "This is them trying to circumvent a 2 to 1 vote in favor of the law when it was voted on in 2018.",
            "ups": 65,
            "downs": 0,
            "polarity": 0.0,
            "subjectivity": 0.0
        },
        {
            "comment_id": "himu8yc",
            "body": "I'm really worried about the future of the US as the whole Republican party has drifted to this crazy behavior.",
            "ups": 109,
            "downs": 0,
            "polarity": -0.04999999999999999,
            "subjectivity": 0.40625
        }
    ]
}