{
    "post_url": "https://www.reddit.com/r/Music/comments/qj2zmu/emily_kinney_omaha_hotel_singersongwriter/",
    "time_posted": "2021-10-30 10:48:44",
    "time_now": "2021-11-03 11:21:55",
    "ups": 0,
    "downs": 0,
    "comments_since_last_sample": [],
    "top_comments_top": [
        {
            "comment_id": "hincrzu",
            "body": "Emily is, at least to me, better known as an actress (Beth in The Walking Dead before I stopped watching it).  Her singing and songwriting voice, however, won me over even before I connected her two careers.  Omaha Hotel is clean and simple and really beautiful.  Enjoy\n___\nFor the past year I have been listening to a LOT of new music every day at work. At the end of each day I choose my favorite and share it with you. See past tracks of the day and follow at https://allenstrackoftheday.com/",
            "ups": 1,
            "downs": 0,
            "polarity": 0.159366391184573,
            "subjectivity": 0.5283353010625738
        }
    ],
    "top_comments_best": [
        {
            "comment_id": "hincrzu",
            "body": "Emily is, at least to me, better known as an actress (Beth in The Walking Dead before I stopped watching it).  Her singing and songwriting voice, however, won me over even before I connected her two careers.  Omaha Hotel is clean and simple and really beautiful.  Enjoy\n___\nFor the past year I have been listening to a LOT of new music every day at work. At the end of each day I choose my favorite and share it with you. See past tracks of the day and follow at https://allenstrackoftheday.com/",
            "ups": 1,
            "downs": 0,
            "polarity": 0.159366391184573,
            "subjectivity": 0.5283353010625738
        }
    ],
    "top_comments_hot": [
        {
            "comment_id": "hincrzu",
            "body": "Emily is, at least to me, better known as an actress (Beth in The Walking Dead before I stopped watching it).  Her singing and songwriting voice, however, won me over even before I connected her two careers.  Omaha Hotel is clean and simple and really beautiful.  Enjoy\n___\nFor the past year I have been listening to a LOT of new music every day at work. At the end of each day I choose my favorite and share it with you. See past tracks of the day and follow at https://allenstrackoftheday.com/",
            "ups": 1,
            "downs": 0,
            "polarity": 0.159366391184573,
            "subjectivity": 0.5283353010625738
        }
    ]
}