{
    "post_url": "https://www.reddit.com/r/politics/comments/qj3w6b/the_student_debt_crisis_will_be_exacerbated_after/",
    "time_posted": "2021-10-30 11:33:41",
    "time_now": "2021-11-01 14:04:30",
    "ups": 359,
    "downs": 0,
    "comments_since_last_sample": [],
    "top_comments_top": [
        {
            "comment_id": "hiniopt",
            "body": "\nAs a reminder, this subreddit [is for civil discussion.](/r/politics/wiki/index#wiki_be_civil)\n\nIn general, be courteous to others. Debate/discuss/argue the merits of ideas, don't attack people. Personal insults, shill or troll accusations, hate speech, any suggestion or support of harm, violence, or death, and other rule violations can result in a permanent ban. \n\nIf you see comments in violation of our rules, please report them.\n\n For those who have questions regarding any media outlets being posted on this subreddit, please click [here](https://www.reddit.com/r/politics/wiki/approveddomainslist) to review our details as to our approved domains list and outlet criteria.\n\n***\n\n\n*I am a bot, and this action was performed automatically. Please [contact the moderators of this subreddit](/message/compose/?to=/r/politics) if you have any questions or concerns.*",
            "ups": 1,
            "downs": 0,
            "polarity": -0.02916666666666667,
            "subjectivity": 0.5291666666666667
        },
        {
            "comment_id": "hinjp4k",
            "body": "If we really don\u2019t want to have people go to college for free (despite how well that works for developed societies elsewhere), can we at least have some sort universal grant program for on the job training? Incentives for businesses to hire and train NEW workers and eliminate exploitation through unpaid internships?",
            "ups": 28,
            "downs": 0,
            "polarity": 0.10519480519480519,
            "subjectivity": 0.36493506493506495
        },
        {
            "comment_id": "hinvuop",
            "body": "Once all the dust clears, I'm pretty sure the bill will amount to the government paying large corporations dollars on the penny for goods and services that do little to nothing to help the common person.  Just another hand out to special interests as roughly 52 of our Senators want.  Every god damn time.",
            "ups": 25,
            "downs": 0,
            "polarity": 0.10484693877551021,
            "subjectivity": 0.6126984126984126
        },
        {
            "comment_id": "hiofpiy",
            "body": "Every time I look at the number it\u2019s smaller. Fucking ridiculous that we kept taking Manchin on his word.",
            "ups": 21,
            "downs": 0,
            "polarity": -0.16666666666666666,
            "subjectivity": 0.75
        },
        {
            "comment_id": "hint3sf",
            "body": "Why are we blaming Biden for 50 Republican Senators and two traitors?",
            "ups": 23,
            "downs": 0,
            "polarity": 0.0,
            "subjectivity": 0.0
        }
    ],
    "top_comments_best": [
        {
            "comment_id": "hiniopt",
            "body": "\nAs a reminder, this subreddit [is for civil discussion.](/r/politics/wiki/index#wiki_be_civil)\n\nIn general, be courteous to others. Debate/discuss/argue the merits of ideas, don't attack people. Personal insults, shill or troll accusations, hate speech, any suggestion or support of harm, violence, or death, and other rule violations can result in a permanent ban. \n\nIf you see comments in violation of our rules, please report them.\n\n For those who have questions regarding any media outlets being posted on this subreddit, please click [here](https://www.reddit.com/r/politics/wiki/approveddomainslist) to review our details as to our approved domains list and outlet criteria.\n\n***\n\n\n*I am a bot, and this action was performed automatically. Please [contact the moderators of this subreddit](/message/compose/?to=/r/politics) if you have any questions or concerns.*",
            "ups": 1,
            "downs": 0,
            "polarity": -0.02916666666666667,
            "subjectivity": 0.5291666666666667
        },
        {
            "comment_id": "hiofpiy",
            "body": "Every time I look at the number it\u2019s smaller. Fucking ridiculous that we kept taking Manchin on his word.",
            "ups": 21,
            "downs": 0,
            "polarity": -0.16666666666666666,
            "subjectivity": 0.75
        },
        {
            "comment_id": "hinjp4k",
            "body": "If we really don\u2019t want to have people go to college for free (despite how well that works for developed societies elsewhere), can we at least have some sort universal grant program for on the job training? Incentives for businesses to hire and train NEW workers and eliminate exploitation through unpaid internships?",
            "ups": 29,
            "downs": 0,
            "polarity": 0.10519480519480519,
            "subjectivity": 0.36493506493506495
        },
        {
            "comment_id": "hinvuop",
            "body": "Once all the dust clears, I'm pretty sure the bill will amount to the government paying large corporations dollars on the penny for goods and services that do little to nothing to help the common person.  Just another hand out to special interests as roughly 52 of our Senators want.  Every god damn time.",
            "ups": 25,
            "downs": 0,
            "polarity": 0.10484693877551021,
            "subjectivity": 0.6126984126984126
        },
        {
            "comment_id": "hint3sf",
            "body": "Why are we blaming Biden for 50 Republican Senators and two traitors?",
            "ups": 22,
            "downs": 0,
            "polarity": 0.0,
            "subjectivity": 0.0
        }
    ],
    "top_comments_hot": [
        {
            "comment_id": "hiniopt",
            "body": "\nAs a reminder, this subreddit [is for civil discussion.](/r/politics/wiki/index#wiki_be_civil)\n\nIn general, be courteous to others. Debate/discuss/argue the merits of ideas, don't attack people. Personal insults, shill or troll accusations, hate speech, any suggestion or support of harm, violence, or death, and other rule violations can result in a permanent ban. \n\nIf you see comments in violation of our rules, please report them.\n\n For those who have questions regarding any media outlets being posted on this subreddit, please click [here](https://www.reddit.com/r/politics/wiki/approveddomainslist) to review our details as to our approved domains list and outlet criteria.\n\n***\n\n\n*I am a bot, and this action was performed automatically. Please [contact the moderators of this subreddit](/message/compose/?to=/r/politics) if you have any questions or concerns.*",
            "ups": 1,
            "downs": 0,
            "polarity": -0.02916666666666667,
            "subjectivity": 0.5291666666666667
        },
        {
            "comment_id": "hiofpiy",
            "body": "Every time I look at the number it\u2019s smaller. Fucking ridiculous that we kept taking Manchin on his word.",
            "ups": 20,
            "downs": 0,
            "polarity": -0.16666666666666666,
            "subjectivity": 0.75
        },
        {
            "comment_id": "hinjp4k",
            "body": "If we really don\u2019t want to have people go to college for free (despite how well that works for developed societies elsewhere), can we at least have some sort universal grant program for on the job training? Incentives for businesses to hire and train NEW workers and eliminate exploitation through unpaid internships?",
            "ups": 28,
            "downs": 0,
            "polarity": 0.10519480519480519,
            "subjectivity": 0.36493506493506495
        },
        {
            "comment_id": "hinvuop",
            "body": "Once all the dust clears, I'm pretty sure the bill will amount to the government paying large corporations dollars on the penny for goods and services that do little to nothing to help the common person.  Just another hand out to special interests as roughly 52 of our Senators want.  Every god damn time.",
            "ups": 25,
            "downs": 0,
            "polarity": 0.10484693877551021,
            "subjectivity": 0.6126984126984126
        },
        {
            "comment_id": "hint3sf",
            "body": "Why are we blaming Biden for 50 Republican Senators and two traitors?",
            "ups": 20,
            "downs": 0,
            "polarity": 0.0,
            "subjectivity": 0.0
        }
    ]
}