{
    "post_url": "https://www.reddit.com/r/politics/comments/qj3g04/saturday_morning_political_cartoon_thread/",
    "time_posted": "2021-10-30 11:11:00",
    "time_now": "2021-11-05 04:36:16",
    "ups": 94,
    "downs": 0,
    "comments_since_last_sample": [],
    "top_comments_top": [
        {
            "comment_id": "hinhcqs",
            "body": "* [Art of Compromise - Siers Charlotte Observer](https://imgur.com/Dffz0Kj)\n* [Sold Out - Alcaraz Andrews McMeel](https://imgur.com/jjmH1wN)",
            "ups": 73,
            "downs": 0,
            "polarity": 0.0,
            "subjectivity": 0.0
        },
        {
            "comment_id": "hinhxkp",
            "body": "* [Insurrection - Sheneman Star Ledger](https://imgur.com/v4UROlb) \n* [Warn the Congressmen - Gramhall Tribune Content](https://imgur.com/nu8ULCw)\n* [Stay Buried - Granuland Political Cartoons](https://imgur.com/yEQu5fm)",
            "ups": 69,
            "downs": 0,
            "polarity": 0.0,
            "subjectivity": 0.1
        },
        {
            "comment_id": "hinj9w6",
            "body": "Ruben Bolling -[Counter-Earth vaccine mandates are immoral](https://www.dailykos.com/stories/2021/10/28/2060566/-Cartoon-Counter-Earth-vaccine-mandates-are-immoral)",
            "ups": 66,
            "downs": 0,
            "polarity": 0.0,
            "subjectivity": 0.0
        },
        {
            "comment_id": "hinjjg0",
            "body": "Tom Tomorrow - [Fox News house of horror](https://www.dailykos.com/stories/2021/10/25/2059504/-Fox-News-house-of-horror)",
            "ups": 64,
            "downs": 0,
            "polarity": 0.0,
            "subjectivity": 0.0
        },
        {
            "comment_id": "hing6fr",
            "body": "[Pat Bagley, The Salt Lake Tribune](https://www.sltrib.com/opinion/bagley/2021/10/27/bagley-cartoon-oxymoronic/)\n\n* [Oxymoronic](https://i.imgur.com/EYVU1TW.png)\n\n[Pat Bagley, The Salt Lake Tribune](https://www.sltrib.com/opinion/bagley/2021/10/29/bagley-cartoon/)\n\n* [Metamorphosis](https://i.imgur.com/NYOjf1C.png)",
            "ups": 53,
            "downs": 0,
            "polarity": 0.0,
            "subjectivity": 0.0
        }
    ],
    "top_comments_best": [
        {
            "comment_id": "hinhxkp",
            "body": "* [Insurrection - Sheneman Star Ledger](https://imgur.com/v4UROlb) \n* [Warn the Congressmen - Gramhall Tribune Content](https://imgur.com/nu8ULCw)\n* [Stay Buried - Granuland Political Cartoons](https://imgur.com/yEQu5fm)",
            "ups": 65,
            "downs": 0,
            "polarity": 0.0,
            "subjectivity": 0.1
        },
        {
            "comment_id": "hinj9w6",
            "body": "Ruben Bolling -[Counter-Earth vaccine mandates are immoral](https://www.dailykos.com/stories/2021/10/28/2060566/-Cartoon-Counter-Earth-vaccine-mandates-are-immoral)",
            "ups": 67,
            "downs": 0,
            "polarity": 0.0,
            "subjectivity": 0.0
        },
        {
            "comment_id": "hinxa7k",
            "body": "[Kangaroo Court](https://www.reddit.com/r/PoliticalHumor/comments/qh11a3/kangaroo_court/?utm_source=share&amp;utm_medium=ios_app&amp;utm_name=iossmf)",
            "ups": 40,
            "downs": 0,
            "polarity": 0.0,
            "subjectivity": 0.0
        },
        {
            "comment_id": "hinmvye",
            "body": "Clay Jones:\n\n* [Contemptable](https://www.gocomics.com/clayjones/2021/10/30)\n* [Curriculum](https://www.gocomics.com/clayjones/2021/10/24)\n\nMike Luckovich:\n\n* [Caravan](https://www.gocomics.com/mikeluckovich/2021/10/26)",
            "ups": 35,
            "downs": 0,
            "polarity": 0.0,
            "subjectivity": 0.0
        },
        {
            "comment_id": "hing3zf",
            "body": "[Pat Bagley, The Salt Lake Tribune](https://www.sltrib.com/opinion/bagley/2021/10/26/bagley-cartoon-waterless/)\n\n* [Waterless World](https://i.imgur.com/Bk66Edg.png)\n\nNews Item: [Mitt Romney says St. George not the reason for water shortages on the Colorado River](https://www.sltrib.com/news/2021/10/25/st-george-not-blame-water/)\n\nA more comprehensive series on Megadroughts in the West:\n\n* [part 1](https://redd.it/o7ry22)\n* [part 2](https://redd.it/oq8vgc)\n* [part 3](https://radiowest.kuer.org/post/megadroughts-pt-3-future)",
            "ups": 30,
            "downs": 0,
            "polarity": -0.125,
            "subjectivity": 0.75
        }
    ],
    "top_comments_hot": [
        {
            "comment_id": "hinhxkp",
            "body": "* [Insurrection - Sheneman Star Ledger](https://imgur.com/v4UROlb) \n* [Warn the Congressmen - Gramhall Tribune Content](https://imgur.com/nu8ULCw)\n* [Stay Buried - Granuland Political Cartoons](https://imgur.com/yEQu5fm)",
            "ups": 67,
            "downs": 0,
            "polarity": 0.0,
            "subjectivity": 0.1
        },
        {
            "comment_id": "hinj9w6",
            "body": "Ruben Bolling -[Counter-Earth vaccine mandates are immoral](https://www.dailykos.com/stories/2021/10/28/2060566/-Cartoon-Counter-Earth-vaccine-mandates-are-immoral)",
            "ups": 64,
            "downs": 0,
            "polarity": 0.0,
            "subjectivity": 0.0
        },
        {
            "comment_id": "hinxa7k",
            "body": "[Kangaroo Court](https://www.reddit.com/r/PoliticalHumor/comments/qh11a3/kangaroo_court/?utm_source=share&amp;utm_medium=ios_app&amp;utm_name=iossmf)",
            "ups": 42,
            "downs": 0,
            "polarity": 0.0,
            "subjectivity": 0.0
        },
        {
            "comment_id": "hinmvye",
            "body": "Clay Jones:\n\n* [Contemptable](https://www.gocomics.com/clayjones/2021/10/30)\n* [Curriculum](https://www.gocomics.com/clayjones/2021/10/24)\n\nMike Luckovich:\n\n* [Caravan](https://www.gocomics.com/mikeluckovich/2021/10/26)",
            "ups": 37,
            "downs": 0,
            "polarity": 0.0,
            "subjectivity": 0.0
        },
        {
            "comment_id": "hing3zf",
            "body": "[Pat Bagley, The Salt Lake Tribune](https://www.sltrib.com/opinion/bagley/2021/10/26/bagley-cartoon-waterless/)\n\n* [Waterless World](https://i.imgur.com/Bk66Edg.png)\n\nNews Item: [Mitt Romney says St. George not the reason for water shortages on the Colorado River](https://www.sltrib.com/news/2021/10/25/st-george-not-blame-water/)\n\nA more comprehensive series on Megadroughts in the West:\n\n* [part 1](https://redd.it/o7ry22)\n* [part 2](https://redd.it/oq8vgc)\n* [part 3](https://radiowest.kuer.org/post/megadroughts-pt-3-future)",
            "ups": 32,
            "downs": 0,
            "polarity": -0.125,
            "subjectivity": 0.75
        }
    ]
}