{
    "post_url": "https://www.reddit.com/r/LifeProTips/comments/qi1t1p/lpt_you_are_not_responsible_for_other_peoples/",
    "time_posted": "2021-10-28 21:42:31",
    "time_now": "2021-10-31 13:24:47",
    "ups": 1968,
    "downs": 0,
    "comments_since_last_sample": [],
    "top_comments_top": [
        {
            "comment_id": "higjkh0",
            "body": "Hello and welcome to r/LifeProTips!\n\nPlease help us decide if this post is a good fit for the subreddit by up or downvoting this comment. \n\nIf you think that this is great advice to improve your life, please upvote. If you think this doesn't help you in any way, please downvote. If you don't care, leave it for the others to decide.",
            "ups": 1,
            "downs": 0,
            "polarity": 0.7250000000000001,
            "subjectivity": 0.6625
        },
        {
            "comment_id": "higokdx",
            "body": "Confident people this... \n\nConfident people that... \n\nIt's worth noting however that confident does not necessarily equal right. And confident does not necessarily equal loving. \n\nIn a genuine loving relationship among friends, spouses, parents (towards their children), ideas, dreams, values are exchanged and shared. \n\nSomeone constantly berating, belittling a person's dreams can certainly take a toll in a relationship that is supposed to be loving--we're all human. (Most of us at least!)\n\nBest solution in that case: get away from that relationship, or avoid such relationships like the plague!",
            "ups": 354,
            "downs": 0,
            "polarity": 0.30694444444444446,
            "subjectivity": 0.531878306878307
        },
        {
            "comment_id": "higqbx5",
            "body": "Having self-esteem without the encouragement of a peer group is very difficult.",
            "ups": 98,
            "downs": 0,
            "polarity": -0.65,
            "subjectivity": 1.0
        },
        {
            "comment_id": "hih3pp6",
            "body": "My self esteem was completely eradicated by my mother since my childhood. She was 100% responsible for my low self esteem.\n\nNow that I\u2019m a much older adult, my sled esteem is much better because of age and experience. However, it will never reach its potential because even though wounds heal, but scars stay there forever.",
            "ups": 74,
            "downs": 0,
            "polarity": 0.15238095238095237,
            "subjectivity": 0.48333333333333334
        },
        {
            "comment_id": "higmoj3",
            "body": "The first step for me was deleting Facebook.",
            "ups": 51,
            "downs": 0,
            "polarity": 0.25,
            "subjectivity": 0.3333333333333333
        }
    ],
    "top_comments_best": [
        {
            "comment_id": "higjkh0",
            "body": "Hello and welcome to r/LifeProTips!\n\nPlease help us decide if this post is a good fit for the subreddit by up or downvoting this comment. \n\nIf you think that this is great advice to improve your life, please upvote. If you think this doesn't help you in any way, please downvote. If you don't care, leave it for the others to decide.",
            "ups": 1,
            "downs": 0,
            "polarity": 0.7250000000000001,
            "subjectivity": 0.6625
        },
        {
            "comment_id": "higokdx",
            "body": "Confident people this... \n\nConfident people that... \n\nIt's worth noting however that confident does not necessarily equal right. And confident does not necessarily equal loving. \n\nIn a genuine loving relationship among friends, spouses, parents (towards their children), ideas, dreams, values are exchanged and shared. \n\nSomeone constantly berating, belittling a person's dreams can certainly take a toll in a relationship that is supposed to be loving--we're all human. (Most of us at least!)\n\nBest solution in that case: get away from that relationship, or avoid such relationships like the plague!",
            "ups": 349,
            "downs": 0,
            "polarity": 0.30694444444444446,
            "subjectivity": 0.531878306878307
        },
        {
            "comment_id": "higqbx5",
            "body": "Having self-esteem without the encouragement of a peer group is very difficult.",
            "ups": 99,
            "downs": 0,
            "polarity": -0.65,
            "subjectivity": 1.0
        },
        {
            "comment_id": "hih3pp6",
            "body": "My self esteem was completely eradicated by my mother since my childhood. She was 100% responsible for my low self esteem.\n\nNow that I\u2019m a much older adult, my sled esteem is much better because of age and experience. However, it will never reach its potential because even though wounds heal, but scars stay there forever.",
            "ups": 78,
            "downs": 0,
            "polarity": 0.15238095238095237,
            "subjectivity": 0.48333333333333334
        },
        {
            "comment_id": "higmoj3",
            "body": "The first step for me was deleting Facebook.",
            "ups": 55,
            "downs": 0,
            "polarity": 0.25,
            "subjectivity": 0.3333333333333333
        }
    ],
    "top_comments_hot": [
        {
            "comment_id": "higjkh0",
            "body": "Hello and welcome to r/LifeProTips!\n\nPlease help us decide if this post is a good fit for the subreddit by up or downvoting this comment. \n\nIf you think that this is great advice to improve your life, please upvote. If you think this doesn't help you in any way, please downvote. If you don't care, leave it for the others to decide.",
            "ups": 1,
            "downs": 0,
            "polarity": 0.7250000000000001,
            "subjectivity": 0.6625
        },
        {
            "comment_id": "higokdx",
            "body": "Confident people this... \n\nConfident people that... \n\nIt's worth noting however that confident does not necessarily equal right. And confident does not necessarily equal loving. \n\nIn a genuine loving relationship among friends, spouses, parents (towards their children), ideas, dreams, values are exchanged and shared. \n\nSomeone constantly berating, belittling a person's dreams can certainly take a toll in a relationship that is supposed to be loving--we're all human. (Most of us at least!)\n\nBest solution in that case: get away from that relationship, or avoid such relationships like the plague!",
            "ups": 355,
            "downs": 0,
            "polarity": 0.30694444444444446,
            "subjectivity": 0.531878306878307
        },
        {
            "comment_id": "higqbx5",
            "body": "Having self-esteem without the encouragement of a peer group is very difficult.",
            "ups": 99,
            "downs": 0,
            "polarity": -0.65,
            "subjectivity": 1.0
        },
        {
            "comment_id": "hih3pp6",
            "body": "My self esteem was completely eradicated by my mother since my childhood. She was 100% responsible for my low self esteem.\n\nNow that I\u2019m a much older adult, my sled esteem is much better because of age and experience. However, it will never reach its potential because even though wounds heal, but scars stay there forever.",
            "ups": 72,
            "downs": 0,
            "polarity": 0.15238095238095237,
            "subjectivity": 0.48333333333333334
        },
        {
            "comment_id": "higmoj3",
            "body": "The first step for me was deleting Facebook.",
            "ups": 54,
            "downs": 0,
            "polarity": 0.25,
            "subjectivity": 0.3333333333333333
        }
    ]
}