{
    "post_url": "https://www.reddit.com/r/LifeProTips/comments/qil61d/lpt_suspect_somebody_snooping_on_your_phone/",
    "time_posted": "2021-10-29 16:03:56",
    "time_now": "2021-10-31 17:31:15",
    "ups": 0,
    "downs": 0,
    "comments_since_last_sample": [],
    "top_comments_top": [
        {
            "comment_id": "hik0zah",
            "body": "Hello and welcome to r/LifeProTips!\n\nPlease help us decide if this post is a good fit for the subreddit by up or downvoting this comment. \n\nIf you think that this is great advice to improve your life, please upvote. If you think this doesn't help you in any way, please downvote. If you don't care, leave it for the others to decide.",
            "ups": 1,
            "downs": 0,
            "polarity": 0.7250000000000001,
            "subjectivity": 0.6625
        },
        {
            "comment_id": "hik3cvs",
            "body": "No, leave it unwiped, snoopers often wipe off their own prints, a wiped screen will be your evidence.",
            "ups": 7,
            "downs": 0,
            "polarity": 0.6,
            "subjectivity": 1.0
        },
        {
            "comment_id": "hika2pn",
            "body": "Or just not leave your phone for people that would snoop your phone without your password/fingerprint.",
            "ups": 3,
            "downs": 0,
            "polarity": 0.0,
            "subjectivity": 0.0
        },
        {
            "comment_id": "hilom3m",
            "body": "iPhonePT: Don\u2019t use your phone for an hour, leave it unattended, check if there were any \u201cPickups,\u201d which are tracked hourly (via Settings &gt; Screen Time &gt; See All Activity &gt; Day)\n\nEdit: Added *See All Activity*",
            "ups": 1,
            "downs": 0,
            "polarity": 0.0,
            "subjectivity": 0.0
        },
        {
            "comment_id": "hinixq7",
            "body": "What if you have buttons?",
            "ups": 1,
            "downs": 0,
            "polarity": 0.0,
            "subjectivity": 0.0
        }
    ],
    "top_comments_best": [
        {
            "comment_id": "hik0zah",
            "body": "Hello and welcome to r/LifeProTips!\n\nPlease help us decide if this post is a good fit for the subreddit by up or downvoting this comment. \n\nIf you think that this is great advice to improve your life, please upvote. If you think this doesn't help you in any way, please downvote. If you don't care, leave it for the others to decide.",
            "ups": 1,
            "downs": 0,
            "polarity": 0.7250000000000001,
            "subjectivity": 0.6625
        },
        {
            "comment_id": "hik3cvs",
            "body": "No, leave it unwiped, snoopers often wipe off their own prints, a wiped screen will be your evidence.",
            "ups": 6,
            "downs": 0,
            "polarity": 0.6,
            "subjectivity": 1.0
        },
        {
            "comment_id": "hika2pn",
            "body": "Or just not leave your phone for people that would snoop your phone without your password/fingerprint.",
            "ups": 3,
            "downs": 0,
            "polarity": 0.0,
            "subjectivity": 0.0
        },
        {
            "comment_id": "hilom3m",
            "body": "iPhonePT: Don\u2019t use your phone for an hour, leave it unattended, check if there were any \u201cPickups,\u201d which are tracked hourly (via Settings &gt; Screen Time &gt; See All Activity &gt; Day)\n\nEdit: Added *See All Activity*",
            "ups": 1,
            "downs": 0,
            "polarity": 0.0,
            "subjectivity": 0.0
        },
        {
            "comment_id": "hinixq7",
            "body": "What if you have buttons?",
            "ups": 1,
            "downs": 0,
            "polarity": 0.0,
            "subjectivity": 0.0
        }
    ],
    "top_comments_hot": [
        {
            "comment_id": "hik0zah",
            "body": "Hello and welcome to r/LifeProTips!\n\nPlease help us decide if this post is a good fit for the subreddit by up or downvoting this comment. \n\nIf you think that this is great advice to improve your life, please upvote. If you think this doesn't help you in any way, please downvote. If you don't care, leave it for the others to decide.",
            "ups": 1,
            "downs": 0,
            "polarity": 0.7250000000000001,
            "subjectivity": 0.6625
        },
        {
            "comment_id": "hik3cvs",
            "body": "No, leave it unwiped, snoopers often wipe off their own prints, a wiped screen will be your evidence.",
            "ups": 7,
            "downs": 0,
            "polarity": 0.6,
            "subjectivity": 1.0
        },
        {
            "comment_id": "hika2pn",
            "body": "Or just not leave your phone for people that would snoop your phone without your password/fingerprint.",
            "ups": 3,
            "downs": 0,
            "polarity": 0.0,
            "subjectivity": 0.0
        },
        {
            "comment_id": "hilom3m",
            "body": "iPhonePT: Don\u2019t use your phone for an hour, leave it unattended, check if there were any \u201cPickups,\u201d which are tracked hourly (via Settings &gt; Screen Time &gt; See All Activity &gt; Day)\n\nEdit: Added *See All Activity*",
            "ups": 1,
            "downs": 0,
            "polarity": 0.0,
            "subjectivity": 0.0
        },
        {
            "comment_id": "hinixq7",
            "body": "What if you have buttons?",
            "ups": 1,
            "downs": 0,
            "polarity": 0.0,
            "subjectivity": 0.0
        }
    ]
}