{
    "post_url": "https://www.reddit.com/r/gaming/comments/qj3gq6/gamers_what_is_the_worst_betrayal_in_video_game/",
    "time_posted": "2021-10-30 11:12:05",
    "time_now": "2021-11-04 12:06:06",
    "ups": 48,
    "downs": 0,
    "comments_since_last_sample": [],
    "top_comments_top": [
        {
            "comment_id": "hinj688",
            "body": "General Shepherd and it\u2019s not even close",
            "ups": 101,
            "downs": 0,
            "polarity": 0.05000000000000002,
            "subjectivity": 0.5
        },
        {
            "comment_id": "hinhugh",
            "body": "When the new CEO of Konami pushed Kojima out (and canceled P.T.).",
            "ups": 91,
            "downs": 0,
            "polarity": 0.13636363636363635,
            "subjectivity": 0.45454545454545453
        },
        {
            "comment_id": "hinh91p",
            "body": "a way out\u2026 :(",
            "ups": 56,
            "downs": 0,
            "polarity": -0.75,
            "subjectivity": 1.0
        },
        {
            "comment_id": "hinispt",
            "body": "Not being able to just wave a Phoenix Down at Aeris",
            "ups": 54,
            "downs": 0,
            "polarity": 0.17222222222222222,
            "subjectivity": 0.4569444444444445
        },
        {
            "comment_id": "hintj49",
            "body": "Soon as I read this the music from MW2 when Shepard shoots Ghost and Roach started playing in my head.",
            "ups": 44,
            "downs": 0,
            "polarity": 0.0,
            "subjectivity": 0.0
        }
    ],
    "top_comments_best": [
        {
            "comment_id": "hinispt",
            "body": "Not being able to just wave a Phoenix Down at Aeris",
            "ups": 54,
            "downs": 0,
            "polarity": 0.17222222222222222,
            "subjectivity": 0.4569444444444445
        },
        {
            "comment_id": "hinmkb5",
            "body": "Tetris piece that snaps wrongly.",
            "ups": 32,
            "downs": 0,
            "polarity": -0.5,
            "subjectivity": 0.9
        },
        {
            "comment_id": "hinj688",
            "body": "General Shepherd and it\u2019s not even close",
            "ups": 99,
            "downs": 0,
            "polarity": 0.05000000000000002,
            "subjectivity": 0.5
        },
        {
            "comment_id": "hinqqno",
            "body": "When I had to pay for my sense of pride and accomplishment",
            "ups": 15,
            "downs": 0,
            "polarity": 0.0,
            "subjectivity": 0.0
        },
        {
            "comment_id": "hintj49",
            "body": "Soon as I read this the music from MW2 when Shepard shoots Ghost and Roach started playing in my head.",
            "ups": 48,
            "downs": 0,
            "polarity": 0.0,
            "subjectivity": 0.0
        }
    ],
    "top_comments_hot": [
        {
            "comment_id": "hinispt",
            "body": "Not being able to just wave a Phoenix Down at Aeris",
            "ups": 54,
            "downs": 0,
            "polarity": 0.17222222222222222,
            "subjectivity": 0.4569444444444445
        },
        {
            "comment_id": "hinmkb5",
            "body": "Tetris piece that snaps wrongly.",
            "ups": 31,
            "downs": 0,
            "polarity": -0.5,
            "subjectivity": 0.9
        },
        {
            "comment_id": "hinj688",
            "body": "General Shepherd and it\u2019s not even close",
            "ups": 103,
            "downs": 0,
            "polarity": 0.05000000000000002,
            "subjectivity": 0.5
        },
        {
            "comment_id": "hinqqno",
            "body": "When I had to pay for my sense of pride and accomplishment",
            "ups": 16,
            "downs": 0,
            "polarity": 0.0,
            "subjectivity": 0.0
        },
        {
            "comment_id": "hintj49",
            "body": "Soon as I read this the music from MW2 when Shepard shoots Ghost and Roach started playing in my head.",
            "ups": 47,
            "downs": 0,
            "polarity": 0.0,
            "subjectivity": 0.0
        }
    ]
}