{
    "post_url": "https://www.reddit.com/r/Music/comments/qj2akv/sad_songs_suggestions/",
    "time_posted": "2021-10-30 10:12:20",
    "time_now": "2021-10-31 00:58:48",
    "ups": 2,
    "downs": 0,
    "comments_since_last_sample": [
        {
            "comment_id": "hipm3ub",
            "body": "Fiddler on the green by demons and wizards",
            "polarity": -0.2,
            "subjectivity": 0.3
        }
    ],
    "top_comments_top": [
        {
            "comment_id": "hinelzj",
            "body": "Creep by Radiohead, Goner by Twenty one pilots, Tearjerker by Korn, Time by Pink Floyd, You gave away by Mars Argo, and any song by Nicole Dollanganger are super sad and beautiful.",
            "ups": 3,
            "downs": 0,
            "polarity": 0.14583333333333331,
            "subjectivity": 0.7416666666666667
        },
        {
            "comment_id": "hin8d3a",
            "body": "Cavetown has some.",
            "ups": 2,
            "downs": 0,
            "polarity": 0.0,
            "subjectivity": 0.0
        },
        {
            "comment_id": "hin93ay",
            "body": "Gotye\u2019s Bronte is the saddest song I\u2019ve ever heard:\n\nhttps://youtu.be/le34ygtODfI",
            "ups": 2,
            "downs": 0,
            "polarity": 0.0,
            "subjectivity": 0.0
        },
        {
            "comment_id": "hin9fcp",
            "body": "Tecumseh Valley by Townes Van Zandt, been covered by others",
            "ups": 1,
            "downs": 0,
            "polarity": 0.0,
            "subjectivity": 0.0
        },
        {
            "comment_id": "hincw1g",
            "body": "Sad Samhain https://youtu.be/kCvyXNwpulk",
            "ups": 1,
            "downs": 0,
            "polarity": -0.5,
            "subjectivity": 1.0
        }
    ],
    "top_comments_best": [
        {
            "comment_id": "hinelzj",
            "body": "Creep by Radiohead, Goner by Twenty one pilots, Tearjerker by Korn, Time by Pink Floyd, You gave away by Mars Argo, and any song by Nicole Dollanganger are super sad and beautiful.",
            "ups": 3,
            "downs": 0,
            "polarity": 0.14583333333333331,
            "subjectivity": 0.7416666666666667
        },
        {
            "comment_id": "hin8d3a",
            "body": "Cavetown has some.",
            "ups": 2,
            "downs": 0,
            "polarity": 0.0,
            "subjectivity": 0.0
        },
        {
            "comment_id": "hin93ay",
            "body": "Gotye\u2019s Bronte is the saddest song I\u2019ve ever heard:\n\nhttps://youtu.be/le34ygtODfI",
            "ups": 2,
            "downs": 0,
            "polarity": 0.0,
            "subjectivity": 0.0
        },
        {
            "comment_id": "hin9fcp",
            "body": "Tecumseh Valley by Townes Van Zandt, been covered by others",
            "ups": 1,
            "downs": 0,
            "polarity": 0.0,
            "subjectivity": 0.0
        },
        {
            "comment_id": "hincw1g",
            "body": "Sad Samhain https://youtu.be/kCvyXNwpulk",
            "ups": 1,
            "downs": 0,
            "polarity": -0.5,
            "subjectivity": 1.0
        }
    ],
    "top_comments_hot": [
        {
            "comment_id": "hinelzj",
            "body": "Creep by Radiohead, Goner by Twenty one pilots, Tearjerker by Korn, Time by Pink Floyd, You gave away by Mars Argo, and any song by Nicole Dollanganger are super sad and beautiful.",
            "ups": 3,
            "downs": 0,
            "polarity": 0.14583333333333331,
            "subjectivity": 0.7416666666666667
        },
        {
            "comment_id": "hin8d3a",
            "body": "Cavetown has some.",
            "ups": 2,
            "downs": 0,
            "polarity": 0.0,
            "subjectivity": 0.0
        },
        {
            "comment_id": "hin93ay",
            "body": "Gotye\u2019s Bronte is the saddest song I\u2019ve ever heard:\n\nhttps://youtu.be/le34ygtODfI",
            "ups": 2,
            "downs": 0,
            "polarity": 0.0,
            "subjectivity": 0.0
        },
        {
            "comment_id": "hin9fcp",
            "body": "Tecumseh Valley by Townes Van Zandt, been covered by others",
            "ups": 1,
            "downs": 0,
            "polarity": 0.0,
            "subjectivity": 0.0
        },
        {
            "comment_id": "hincw1g",
            "body": "Sad Samhain https://youtu.be/kCvyXNwpulk",
            "ups": 1,
            "downs": 0,
            "polarity": -0.5,
            "subjectivity": 1.0
        }
    ]
}