{
    "post_url": "https://www.reddit.com/r/politics/comments/qiwc4q/gov_inslee_to_let_washington_state_eviction/",
    "time_posted": "2021-10-30 03:23:50",
    "time_now": "2021-11-05 04:37:33",
    "ups": 23,
    "downs": 0,
    "comments_since_last_sample": [],
    "top_comments_top": [
        {
            "comment_id": "him8h6u",
            "body": "\nAs a reminder, this subreddit [is for civil discussion.](/r/politics/wiki/index#wiki_be_civil)\n\nIn general, be courteous to others. Debate/discuss/argue the merits of ideas, don't attack people. Personal insults, shill or troll accusations, hate speech, any suggestion or support of harm, violence, or death, and other rule violations can result in a permanent ban. \n\nIf you see comments in violation of our rules, please report them.\n\n For those who have questions regarding any media outlets being posted on this subreddit, please click [here](https://www.reddit.com/r/politics/wiki/approveddomainslist) to review our details as to our approved domains list and outlet criteria.\n\n***\n\n\n*I am a bot, and this action was performed automatically. Please [contact the moderators of this subreddit](/message/compose/?to=/r/politics) if you have any questions or concerns.*",
            "ups": 1,
            "downs": 0,
            "polarity": -0.02916666666666667,
            "subjectivity": 0.5291666666666667
        },
        {
            "comment_id": "hims1f0",
            "body": "One of the things I hate about the argument to remove the bans is \u201cWell, you have to think about the landlord! They made an investment!\u201d\n\nAnd yeah, they did. Which means they can lose money on it. If I invest in stocks, a 401k, hell - even crypto, the expectation is that I can lose the money I put into it. Landlords should not be guaranteed profit - especially when doing so means kicking people out to the street. \n\nYou own a second, third, etc. property and you lose money in the middle of a global pandemic? That sucks. But not near as much as throwing people to the curb for things they can\u2019t control.",
            "ups": 3,
            "downs": 0,
            "polarity": -0.05500000000000001,
            "subjectivity": 0.38
        },
        {
            "comment_id": "himggkq",
            "body": "Alright back to work people!",
            "ups": 0,
            "downs": 0,
            "polarity": 0.0,
            "subjectivity": 0.0
        }
    ],
    "top_comments_best": [
        {
            "comment_id": "him8h6u",
            "body": "\nAs a reminder, this subreddit [is for civil discussion.](/r/politics/wiki/index#wiki_be_civil)\n\nIn general, be courteous to others. Debate/discuss/argue the merits of ideas, don't attack people. Personal insults, shill or troll accusations, hate speech, any suggestion or support of harm, violence, or death, and other rule violations can result in a permanent ban. \n\nIf you see comments in violation of our rules, please report them.\n\n For those who have questions regarding any media outlets being posted on this subreddit, please click [here](https://www.reddit.com/r/politics/wiki/approveddomainslist) to review our details as to our approved domains list and outlet criteria.\n\n***\n\n\n*I am a bot, and this action was performed automatically. Please [contact the moderators of this subreddit](/message/compose/?to=/r/politics) if you have any questions or concerns.*",
            "ups": 1,
            "downs": 0,
            "polarity": -0.02916666666666667,
            "subjectivity": 0.5291666666666667
        },
        {
            "comment_id": "hims1f0",
            "body": "One of the things I hate about the argument to remove the bans is \u201cWell, you have to think about the landlord! They made an investment!\u201d\n\nAnd yeah, they did. Which means they can lose money on it. If I invest in stocks, a 401k, hell - even crypto, the expectation is that I can lose the money I put into it. Landlords should not be guaranteed profit - especially when doing so means kicking people out to the street. \n\nYou own a second, third, etc. property and you lose money in the middle of a global pandemic? That sucks. But not near as much as throwing people to the curb for things they can\u2019t control.",
            "ups": 3,
            "downs": 0,
            "polarity": -0.05500000000000001,
            "subjectivity": 0.38
        },
        {
            "comment_id": "himggkq",
            "body": "Alright back to work people!",
            "ups": 0,
            "downs": 0,
            "polarity": 0.0,
            "subjectivity": 0.0
        }
    ],
    "top_comments_hot": [
        {
            "comment_id": "him8h6u",
            "body": "\nAs a reminder, this subreddit [is for civil discussion.](/r/politics/wiki/index#wiki_be_civil)\n\nIn general, be courteous to others. Debate/discuss/argue the merits of ideas, don't attack people. Personal insults, shill or troll accusations, hate speech, any suggestion or support of harm, violence, or death, and other rule violations can result in a permanent ban. \n\nIf you see comments in violation of our rules, please report them.\n\n For those who have questions regarding any media outlets being posted on this subreddit, please click [here](https://www.reddit.com/r/politics/wiki/approveddomainslist) to review our details as to our approved domains list and outlet criteria.\n\n***\n\n\n*I am a bot, and this action was performed automatically. Please [contact the moderators of this subreddit](/message/compose/?to=/r/politics) if you have any questions or concerns.*",
            "ups": 1,
            "downs": 0,
            "polarity": -0.02916666666666667,
            "subjectivity": 0.5291666666666667
        },
        {
            "comment_id": "hims1f0",
            "body": "One of the things I hate about the argument to remove the bans is \u201cWell, you have to think about the landlord! They made an investment!\u201d\n\nAnd yeah, they did. Which means they can lose money on it. If I invest in stocks, a 401k, hell - even crypto, the expectation is that I can lose the money I put into it. Landlords should not be guaranteed profit - especially when doing so means kicking people out to the street. \n\nYou own a second, third, etc. property and you lose money in the middle of a global pandemic? That sucks. But not near as much as throwing people to the curb for things they can\u2019t control.",
            "ups": 3,
            "downs": 0,
            "polarity": -0.05500000000000001,
            "subjectivity": 0.38
        },
        {
            "comment_id": "himggkq",
            "body": "Alright back to work people!",
            "ups": 0,
            "downs": 0,
            "polarity": 0.0,
            "subjectivity": 0.0
        }
    ]
}