{
    "time_posted": "2021-10-30 13:10:35",
    "url": "https://www.youtube.com/watch?v=2cE-e4XObPI",
    "time_now": "2021-11-01 18:09:17",
    "ups": "3173",
    "downs": "80",
    "views": "119532",
    "top_comments": [
        {
            "comment": "Every Mother's Battle Scar! I used to  be annoyed when I was a kid seeing my mother's stretch marks all over her tummy. Sorry but no one enlightened me how those scars should be look at. How and why those scars where there. After I had my girl I have this massive battlescars all over my tummy. I used to cry at night looking back how I see myself, how horrible I look and feel. But everytime I look at my child, I understand why I have this, why it shouldn't be ashamed of, why it should be normalised. Let us be the one to educate our children that this won't make her/him less beautiful. In the first place your genetics is a big factor. Even those Super Models have their own stretch marks. \ud83d\udc9a",
            "likes": 93,
            "number_of_replies": 4,
            "polarity": -0.0030303030303030095,
            "subjectivity": 0.6333333333333333
        },
        {
            "comment": "Be very cautious with smokers. Smoke may stay in the clothes and skin for many hours and lingers even in the walls etc. and not good for newborns. Maybe Geloy can consider quitting for the sake of the baby.",
            "likes": 1,
            "number_of_replies": 0,
            "polarity": 0.11666666666666665,
            "subjectivity": 0.46666666666666673
        }
    ],
    "comments_since_last_sample": [
        {
            "body": "Mommy Anna, slow down...Bigyan mo po ng time ang sarili magrecover. Lalo na po at CS ka, wag po muna maxado mag-aalis, I think Geloy can do the errands and work for you. Kaya po mas mahaba ang mat leave ng mga CS moms kasi mahaba talaga ang recovery period lalo na ng katawan. Concern mommy lang po. \ud83e\udd70\ud83e\udd70\ud83e\udd70\ud83e\udd70\n\nPakiss kay Baby X \ud83d\ude18\ud83d\ude18\ud83d\ude1c",
            "polarity": -0.30000000000000004,
            "subjectivity": 0.39999999999999997
        },
        {
            "body": "I feel u sizzy, ganyan dn ako after ko manganak, puyat is real talaga, lalo na dto sa states, walang katulong sa pag aalaga ng bata. Kaya nyo yan sizzy \u2764\ufe0f\u2764\ufe0f\u2764\ufe0f",
            "polarity": 0.2,
            "subjectivity": 0.30000000000000004
        },
        {
            "body": "C ms Ana Lang ang kilala Kong babae na parang hindi bagong anak kung mag kikilos. \ud83d\ude05 Grabeh.",
            "polarity": 0.0,
            "subjectivity": 0.0
        }
    ]
}