{
    "time_posted": "2021-10-30 11:30:01",
    "url": "https://www.youtube.com/watch?v=2PfAWQejpIY",
    "time_now": "2021-11-04 20:18:37",
    "ups": "11876",
    "downs": "76",
    "views": "271702",
    "top_comments": [
        {
            "comment": "\u2764\u2764",
            "likes": 1,
            "number_of_replies": 0,
            "polarity": 0.0,
            "subjectivity": 0.0
        },
        {
            "comment": "\u0d24\u0d41\u0d1f\u0d15\u0d4d\u0d15\u0d24\u0d4d\u0d24\u0d3f\u0d32\u0d41\u0d02 \u0d05\u0d35\u0d38\u0d3e\u0d28\u0d24\u0d4d\u0d24\u0d3f\u0d32\u0d41\u0d2e\u0d41\u0d33\u0d4d\u0d33 violin \u0d35\u0d47\u0d31\u0d46 \u0d32\u0d46\u0d35\u0d7d feeling , \ud83d\udc9e\ud83d\udc9e",
            "likes": 1,
            "number_of_replies": 0,
            "polarity": 0.0,
            "subjectivity": 0.0
        },
        {
            "comment": "SD college \ud83d\ude0d\ud83d\udc96\ud83d\ude0d",
            "likes": 1,
            "number_of_replies": 0,
            "polarity": 0.0,
            "subjectivity": 0.0
        },
        {
            "comment": "\u0d0e\u0d32\u0d4d\u0d32\u0d3e\u0d02 \u0d36\u0d30\u0d3f\u0d2f\u0d3e\u0d35\u0d41\u0d2e\u0d46\u0d28\u0d4d\u0d28  \u0d2a\u0d4d\u0d30\u0d27\u0d40\u0d15\u0d4d\u0d37  \u0d0e\u0d28\u0d4d\u0d28\u0d4b \u0d05\u0d38\u0d4d\u0d24\u0d2e\u0d3f\u0d1a\u0d4d\u0d1a\u0d41 \ud83d\ude2d\ud83d\ude2d\ud83d\ude2d\ud83d\ude4f\ud83d\ude4f\ud83d\ude4f",
            "likes": 1,
            "number_of_replies": 0,
            "polarity": 0.0,
            "subjectivity": 0.0
        },
        {
            "comment": "Ouseppachante pattukal adipoliyan",
            "likes": 1,
            "number_of_replies": 0,
            "polarity": 0.0,
            "subjectivity": 0.0
        }
    ],
    "comments_since_last_sample": [
        {
            "body": "Superb",
            "polarity": 1.0,
            "subjectivity": 1.0
        },
        {
            "body": "sithu\ud83e\udd70\ud83e\udd70",
            "polarity": 0.0,
            "subjectivity": 0.0
        }
    ]
}