{
    "time_posted": "2021-10-30 11:30:01",
    "url": "https://www.youtube.com/watch?v=2PfAWQejpIY",
    "time_now": "2021-11-04 07:57:12",
    "ups": "11117",
    "downs": "69",
    "views": "247569",
    "top_comments": [
        {
            "comment": "\u0d39\u0d43\u0d26\u0d2f\u0d24\u0d4d\u0d24\u0d3f\u0d28\u0d4d\u0d31\u0d46 \u0d06\u0d34\u0d24\u0d4d\u0d24\u0d3f\u0d7d \u0d0e\u0d19\u0d4d\u0d19\u0d4b....\u0d12\u0d30\u0d41 \u0d24\u0d23\u0d41\u0d24\u0d4d\u0d24 \u0d1c\u0d32\u0d15\u0d23\u0d02 \u0d35\u0d40\u0d23\u0d41 \u0d15\u0d41\u0d33\u0d3f\u0d30\u0d41\u0d28\u0d4d\u0d28 \u0d2a\u0d4b\u0d32\u0d46......\ud83d\udc96\ud83d\udc96\ud83d\udc96\ud83d\udc96\ud83d\udc96\ud83d\udc96\ud83d\udc96\ud83d\udc96 \u0d05\u0d24\u0d3f\u0d2e\u0d28\u0d4b\u0d39\u0d30\u0d02...\ud83d\udc96\ud83d\udc96\ud83d\udc96\ud83d\udc96\ud83d\udc96\ud83d\udc96\ud83d\udc96\ud83d\udc96\ud83d\udc96\ud83d\udc96\ud83d\udc96\ud83d\udc96\ud83d\udc96\ud83d\udc96\ud83d\udc96",
            "likes": 2,
            "number_of_replies": 0,
            "polarity": 0.0,
            "subjectivity": 0.0
        },
        {
            "comment": "SD college \ud83d\ude0d\ud83d\udc96\ud83d\ude0d",
            "likes": 1,
            "number_of_replies": 0,
            "polarity": 0.0,
            "subjectivity": 0.0
        }
    ],
    "comments_since_last_sample": [
        {
            "body": "\u0d0e\u0d32\u0d4d\u0d32\u0d3e\u0d02 \u0d36\u0d30\u0d3f\u0d2f\u0d3e\u0d35\u0d41\u0d2e\u0d46\u0d28\u0d4d\u0d28  \u0d2a\u0d4d\u0d30\u0d27\u0d40\u0d15\u0d4d\u0d37  \u0d0e\u0d28\u0d4d\u0d28\u0d4b \u0d05\u0d38\u0d4d\u0d24\u0d2e\u0d3f\u0d1a\u0d4d\u0d1a\u0d41 \ud83d\ude2d\ud83d\ude2d\ud83d\ude2d\ud83d\ude4f\ud83d\ude4f\ud83d\ude4f",
            "polarity": 0.0,
            "subjectivity": 0.0
        }
    ]
}