{
    "post_url": "https://www.reddit.com/r/gaming/comments/qj2f0c/what_is_more_rare_a_game_without_lootbox_or_a/",
    "time_posted": "2021-10-30 10:18:59",
    "time_now": "2021-11-01 18:10:49",
    "ups": 0,
    "downs": 0,
    "comments_since_last_sample": [],
    "top_comments_top": [
        {
            "comment_id": "hin99wv",
            "body": "What do you mean by not needing to aim?\n\nGenuine question",
            "ups": 6,
            "downs": 0,
            "polarity": 0.04375000000000001,
            "subjectivity": 0.59375
        }
    ],
    "top_comments_best": [
        {
            "comment_id": "hin99wv",
            "body": "What do you mean by not needing to aim?\n\nGenuine question",
            "ups": 6,
            "downs": 0,
            "polarity": 0.04375000000000001,
            "subjectivity": 0.59375
        }
    ],
    "top_comments_hot": [
        {
            "comment_id": "hin99wv",
            "body": "What do you mean by not needing to aim?\n\nGenuine question",
            "ups": 7,
            "downs": 0,
            "polarity": 0.04375000000000001,
            "subjectivity": 0.59375
        }
    ]
}