{
    "post_url": "https://www.reddit.com/r/politics/comments/qizb6u/19_states_sue_biden_administration_over_covid/",
    "time_posted": "2021-10-30 07:09:55",
    "time_now": "2021-11-03 19:40:16",
    "ups": 172,
    "downs": 0,
    "comments_since_last_sample": [],
    "top_comments_top": [
        {
            "comment_id": "himp9bz",
            "body": "\nAs a reminder, this subreddit [is for civil discussion.](/r/politics/wiki/index#wiki_be_civil)\n\nIn general, be courteous to others. Debate/discuss/argue the merits of ideas, don't attack people. Personal insults, shill or troll accusations, hate speech, any suggestion or support of harm, violence, or death, and other rule violations can result in a permanent ban. \n\nIf you see comments in violation of our rules, please report them.\n\n For those who have questions regarding any media outlets being posted on this subreddit, please click [here](https://www.reddit.com/r/politics/wiki/approveddomainslist) to review our details as to our approved domains list and outlet criteria.\n\n***\n\n\n*I am a bot, and this action was performed automatically. Please [contact the moderators of this subreddit](/message/compose/?to=/r/politics) if you have any questions or concerns.*",
            "ups": 1,
            "downs": 0,
            "polarity": -0.02916666666666667,
            "subjectivity": 0.5291666666666667
        },
        {
            "comment_id": "himpibb",
            "body": "19 states are about to lose",
            "ups": 85,
            "downs": 0,
            "polarity": 0.0,
            "subjectivity": 0.0
        },
        {
            "comment_id": "himqqqm",
            "body": "My fucking state is on that list. They never have a penny to spend on the poor but they can always find unlimited funding for endless bad-faith lawsuits against any democrat in any office anywhere.",
            "ups": 83,
            "downs": 0,
            "polarity": -0.375,
            "subjectivity": 0.7166666666666667
        },
        {
            "comment_id": "himqz4x",
            "body": "I\u2019ll take 19 states you do not want to live in for $500",
            "ups": 33,
            "downs": 0,
            "polarity": 0.13636363636363635,
            "subjectivity": 0.5
        },
        {
            "comment_id": "himsli4",
            "body": "*19 states want to increase the length of the pandemic and increase pandemic deaths",
            "ups": 18,
            "downs": 0,
            "polarity": 0.0,
            "subjectivity": 0.0
        }
    ],
    "top_comments_best": [
        {
            "comment_id": "himp9bz",
            "body": "\nAs a reminder, this subreddit [is for civil discussion.](/r/politics/wiki/index#wiki_be_civil)\n\nIn general, be courteous to others. Debate/discuss/argue the merits of ideas, don't attack people. Personal insults, shill or troll accusations, hate speech, any suggestion or support of harm, violence, or death, and other rule violations can result in a permanent ban. \n\nIf you see comments in violation of our rules, please report them.\n\n For those who have questions regarding any media outlets being posted on this subreddit, please click [here](https://www.reddit.com/r/politics/wiki/approveddomainslist) to review our details as to our approved domains list and outlet criteria.\n\n***\n\n\n*I am a bot, and this action was performed automatically. Please [contact the moderators of this subreddit](/message/compose/?to=/r/politics) if you have any questions or concerns.*",
            "ups": 1,
            "downs": 0,
            "polarity": -0.02916666666666667,
            "subjectivity": 0.5291666666666667
        },
        {
            "comment_id": "himqqqm",
            "body": "My fucking state is on that list. They never have a penny to spend on the poor but they can always find unlimited funding for endless bad-faith lawsuits against any democrat in any office anywhere.",
            "ups": 86,
            "downs": 0,
            "polarity": -0.375,
            "subjectivity": 0.7166666666666667
        },
        {
            "comment_id": "himpibb",
            "body": "19 states are about to lose",
            "ups": 83,
            "downs": 0,
            "polarity": 0.0,
            "subjectivity": 0.0
        },
        {
            "comment_id": "himqz4x",
            "body": "I\u2019ll take 19 states you do not want to live in for $500",
            "ups": 30,
            "downs": 0,
            "polarity": 0.13636363636363635,
            "subjectivity": 0.5
        },
        {
            "comment_id": "himsli4",
            "body": "*19 states want to increase the length of the pandemic and increase pandemic deaths",
            "ups": 18,
            "downs": 0,
            "polarity": 0.0,
            "subjectivity": 0.0
        }
    ],
    "top_comments_hot": [
        {
            "comment_id": "himp9bz",
            "body": "\nAs a reminder, this subreddit [is for civil discussion.](/r/politics/wiki/index#wiki_be_civil)\n\nIn general, be courteous to others. Debate/discuss/argue the merits of ideas, don't attack people. Personal insults, shill or troll accusations, hate speech, any suggestion or support of harm, violence, or death, and other rule violations can result in a permanent ban. \n\nIf you see comments in violation of our rules, please report them.\n\n For those who have questions regarding any media outlets being posted on this subreddit, please click [here](https://www.reddit.com/r/politics/wiki/approveddomainslist) to review our details as to our approved domains list and outlet criteria.\n\n***\n\n\n*I am a bot, and this action was performed automatically. Please [contact the moderators of this subreddit](/message/compose/?to=/r/politics) if you have any questions or concerns.*",
            "ups": 1,
            "downs": 0,
            "polarity": -0.02916666666666667,
            "subjectivity": 0.5291666666666667
        },
        {
            "comment_id": "himqqqm",
            "body": "My fucking state is on that list. They never have a penny to spend on the poor but they can always find unlimited funding for endless bad-faith lawsuits against any democrat in any office anywhere.",
            "ups": 84,
            "downs": 0,
            "polarity": -0.375,
            "subjectivity": 0.7166666666666667
        },
        {
            "comment_id": "himpibb",
            "body": "19 states are about to lose",
            "ups": 81,
            "downs": 0,
            "polarity": 0.0,
            "subjectivity": 0.0
        },
        {
            "comment_id": "himqz4x",
            "body": "I\u2019ll take 19 states you do not want to live in for $500",
            "ups": 28,
            "downs": 0,
            "polarity": 0.13636363636363635,
            "subjectivity": 0.5
        },
        {
            "comment_id": "himsli4",
            "body": "*19 states want to increase the length of the pandemic and increase pandemic deaths",
            "ups": 17,
            "downs": 0,
            "polarity": 0.0,
            "subjectivity": 0.0
        }
    ]
}