{
    "time_posted": "2021-10-30 13:55:07",
    "url": "https://www.youtube.com/watch?v=31jPW-sPmlE",
    "time_now": "2021-11-01 14:01:38",
    "ups": "7469",
    "downs": "252",
    "views": "374554",
    "top_comments": [],
    "comments_since_last_sample": [
        {
            "body": "Why are these grown men wearing a dress?",
            "polarity": 0.0,
            "subjectivity": 0.0
        },
        {
            "body": "Modi padri ban ne chala.",
            "polarity": 0.0,
            "subjectivity": 0.0
        },
        {
            "body": "Greetings  from Sri  Lanka \ud83c\uddf1\ud83c\uddf0\nTears of Joy  Came to My Eyes,  When I Saw the Two  Leaders  Embraced Each Other.\nThis is the True Brotherhood!\nMay Thousand  Flowers  Bloom in Memory of this Great Occasion!!\nMay God  Bless  You Shree Mody!\nHoly Father Pray \ud83d\ude4f for India,a Great Country,  With over 5,000 Year Old Civilization. !!!\nLONG LIVE THIS FRIENDSHIP, UNTIL THE SUN AND MOON LASTS!!",
            "polarity": 0.4088600852272727,
            "subjectivity": 0.478125
        },
        {
            "body": "Godsewadi desh me isaionpar hamla karte hai waha talwe chatne gye hai",
            "polarity": 0.0,
            "subjectivity": 0.0
        },
        {
            "body": "Two Great Men meeting each other!!! God Bless India & Rome!!!!So let's us all stand United irrespective of any caste, religion, creed, etc etc & fight against our enemies !!!",
            "polarity": 0.16158142089843752,
            "subjectivity": 0.5625
        },
        {
            "body": "2 chwal",
            "polarity": 0.0,
            "subjectivity": 0.0
        },
        {
            "body": "Hahaha \ud83e\udd23\ud83d\ude05\ud83d\ude02",
            "polarity": 0.2,
            "subjectivity": 0.4
        },
        {
            "body": "Ye hi kaam ye India main nahi kar sakta hindu vote bank naaraaz ho jayega.",
            "polarity": 0.16666666666666666,
            "subjectivity": 0.3333333333333333
        },
        {
            "body": "Great. So proud of watching this.  \ud83e\udd73\ud83e\udd73\ud83e\udd73",
            "polarity": 0.8,
            "subjectivity": 0.875
        },
        {
            "body": "modi ko koie bhar hi mrdegw",
            "polarity": 0.0,
            "subjectivity": 0.0
        }
    ]
}