{
    "time_posted": "2021-10-30 13:55:07",
    "url": "https://www.youtube.com/watch?v=31jPW-sPmlE",
    "time_now": "2021-11-04 12:04:37",
    "ups": "8604",
    "downs": "329",
    "views": "500762",
    "top_comments": [
        {
            "comment": "Is this pope is children rape accused and convicted or someone else???",
            "likes": 1,
            "number_of_replies": 0,
            "polarity": 0.0,
            "subjectivity": 0.0
        }
    ],
    "comments_since_last_sample": [
        {
            "body": "\u0906\u092a \u0938\u092d\u0940 \u0915\u094b \u092c\u093f\u0939\u093e\u0930 \u090f\u0935\u0902 \u091d\u093e\u0930\u0916\u0902\u0921 \u0914\u0930 \u0909\u0924\u094d\u0924\u0930 \u092a\u094d\u0930\u0926\u0947\u0936 \u0915\u0947 \u092e\u0939\u093e \u092a\u0930\u094d\u0935 \u091b\u0920 \u0914\u0930 \u0926\u093f\u092a\u093e\u0935\u0932\u0940 \u0915\u0940 \u0939\u093e\u0930\u094d\u0926\u093f\u0915 \u0936\u0941\u092d\u0915\u093e\u092e\u0928\u093e\u090f\u0902 \ud83d\ude4f\ud83d\ude4f\ud83d\ude4f\ud83d\ude4f\ud83d\ude4f",
            "polarity": 0.0,
            "subjectivity": 0.0
        },
        {
            "body": "Prakrita desh neta samadarshi narendra bhai modi.",
            "polarity": 0.0,
            "subjectivity": 0.0
        },
        {
            "body": "He is 1st leader, who went to Vatican & didn't get blessings from Pope.. Pope thought he will bow b4 him & get blessings.. King is always King.. \ud83d\udc4d",
            "polarity": 0.0,
            "subjectivity": 0.0
        },
        {
            "body": "\"Your prayer always given me strength \" heart touching word by our prime minister.",
            "polarity": 0.5,
            "subjectivity": 0.5
        }
    ]
}