{
    "post_url": "https://www.reddit.com/r/politics/comments/qj2jh9/on_jan_6_trumps_attorney_reportedly_told_the/",
    "time_posted": "2021-10-30 10:25:35",
    "time_now": "2021-11-01 01:43:18",
    "ups": 2720,
    "downs": 0,
    "comments_since_last_sample": [],
    "top_comments_top": [
        {
            "comment_id": "hin9qa3",
            "body": "\nAs a reminder, this subreddit [is for civil discussion.](/r/politics/wiki/index#wiki_be_civil)\n\nIn general, be courteous to others. Debate/discuss/argue the merits of ideas, don't attack people. Personal insults, shill or troll accusations, hate speech, any suggestion or support of harm, violence, or death, and other rule violations can result in a permanent ban. \n\nIf you see comments in violation of our rules, please report them.\n\n For those who have questions regarding any media outlets being posted on this subreddit, please click [here](https://www.reddit.com/r/politics/wiki/approveddomainslist) to review our details as to our approved domains list and outlet criteria.\n\n***\n\n\n*I am a bot, and this action was performed automatically. Please [contact the moderators of this subreddit](/message/compose/?to=/r/politics) if you have any questions or concerns.*",
            "ups": 1,
            "downs": 0,
            "polarity": -0.02916666666666667,
            "subjectivity": 0.5291666666666667
        },
        {
            "comment_id": "hinjoew",
            "body": "If Pence had actually done that shit there would have been much more than a riot. Did they think everyone was gonna be fine with them *actually* stealing the election?",
            "ups": 268,
            "downs": 0,
            "polarity": 0.14333333333333334,
            "subjectivity": 0.4
        },
        {
            "comment_id": "hincipg",
            "body": "\u201cMike, your refusal to let a seditious mob lynch you on the House floor caused all the problems.\u201d",
            "ups": 220,
            "downs": 0,
            "polarity": 0.0,
            "subjectivity": 0.0
        },
        {
            "comment_id": "hind073",
            "body": "Insurrection*\n\nThose traitors built a fucking gallows on the steps of the Capitol and tried to kidnap members of Congress.\n\nDo not let them downplay this. Correct them every single time they try to whitewash the Insurrection.",
            "ups": 190,
            "downs": 0,
            "polarity": -0.3357142857142857,
            "subjectivity": 0.5071428571428571
        },
        {
            "comment_id": "hineq91",
            "body": "\"It's your fault - you made me hit you!\"",
            "ups": 105,
            "downs": 0,
            "polarity": 0.0,
            "subjectivity": 0.0
        }
    ],
    "top_comments_best": [
        {
            "comment_id": "hin9qa3",
            "body": "\nAs a reminder, this subreddit [is for civil discussion.](/r/politics/wiki/index#wiki_be_civil)\n\nIn general, be courteous to others. Debate/discuss/argue the merits of ideas, don't attack people. Personal insults, shill or troll accusations, hate speech, any suggestion or support of harm, violence, or death, and other rule violations can result in a permanent ban. \n\nIf you see comments in violation of our rules, please report them.\n\n For those who have questions regarding any media outlets being posted on this subreddit, please click [here](https://www.reddit.com/r/politics/wiki/approveddomainslist) to review our details as to our approved domains list and outlet criteria.\n\n***\n\n\n*I am a bot, and this action was performed automatically. Please [contact the moderators of this subreddit](/message/compose/?to=/r/politics) if you have any questions or concerns.*",
            "ups": 1,
            "downs": 0,
            "polarity": -0.02916666666666667,
            "subjectivity": 0.5291666666666667
        },
        {
            "comment_id": "hinjoew",
            "body": "If Pence had actually done that shit there would have been much more than a riot. Did they think everyone was gonna be fine with them *actually* stealing the election?",
            "ups": 275,
            "downs": 0,
            "polarity": 0.14333333333333334,
            "subjectivity": 0.4
        },
        {
            "comment_id": "hinggek",
            "body": "\"The \u2018siege\u2019 is because YOU and your boss did not do what was necessary,\" John Eastman emailed Pence's aide as rioters barged through the Capitol.",
            "ups": 81,
            "downs": 0,
            "polarity": 0.0,
            "subjectivity": 1.0
        },
        {
            "comment_id": "hind073",
            "body": "Insurrection*\n\nThose traitors built a fucking gallows on the steps of the Capitol and tried to kidnap members of Congress.\n\nDo not let them downplay this. Correct them every single time they try to whitewash the Insurrection.",
            "ups": 194,
            "downs": 0,
            "polarity": -0.3357142857142857,
            "subjectivity": 0.5071428571428571
        },
        {
            "comment_id": "hincipg",
            "body": "\u201cMike, your refusal to let a seditious mob lynch you on the House floor caused all the problems.\u201d",
            "ups": 216,
            "downs": 0,
            "polarity": 0.0,
            "subjectivity": 0.0
        }
    ],
    "top_comments_hot": [
        {
            "comment_id": "hin9qa3",
            "body": "\nAs a reminder, this subreddit [is for civil discussion.](/r/politics/wiki/index#wiki_be_civil)\n\nIn general, be courteous to others. Debate/discuss/argue the merits of ideas, don't attack people. Personal insults, shill or troll accusations, hate speech, any suggestion or support of harm, violence, or death, and other rule violations can result in a permanent ban. \n\nIf you see comments in violation of our rules, please report them.\n\n For those who have questions regarding any media outlets being posted on this subreddit, please click [here](https://www.reddit.com/r/politics/wiki/approveddomainslist) to review our details as to our approved domains list and outlet criteria.\n\n***\n\n\n*I am a bot, and this action was performed automatically. Please [contact the moderators of this subreddit](/message/compose/?to=/r/politics) if you have any questions or concerns.*",
            "ups": 1,
            "downs": 0,
            "polarity": -0.02916666666666667,
            "subjectivity": 0.5291666666666667
        },
        {
            "comment_id": "hinjoew",
            "body": "If Pence had actually done that shit there would have been much more than a riot. Did they think everyone was gonna be fine with them *actually* stealing the election?",
            "ups": 270,
            "downs": 0,
            "polarity": 0.14333333333333334,
            "subjectivity": 0.4
        },
        {
            "comment_id": "hinggek",
            "body": "\"The \u2018siege\u2019 is because YOU and your boss did not do what was necessary,\" John Eastman emailed Pence's aide as rioters barged through the Capitol.",
            "ups": 84,
            "downs": 0,
            "polarity": 0.0,
            "subjectivity": 1.0
        },
        {
            "comment_id": "hind073",
            "body": "Insurrection*\n\nThose traitors built a fucking gallows on the steps of the Capitol and tried to kidnap members of Congress.\n\nDo not let them downplay this. Correct them every single time they try to whitewash the Insurrection.",
            "ups": 193,
            "downs": 0,
            "polarity": -0.3357142857142857,
            "subjectivity": 0.5071428571428571
        },
        {
            "comment_id": "hincipg",
            "body": "\u201cMike, your refusal to let a seditious mob lynch you on the House floor caused all the problems.\u201d",
            "ups": 221,
            "downs": 0,
            "polarity": 0.0,
            "subjectivity": 0.0
        }
    ]
}