{
    "post_url": "https://www.reddit.com/r/gaming/comments/qj4tbe/whats_the_most_fucked_up_thing_youve_ever_done_in/",
    "time_posted": "2021-10-30 12:18:53",
    "time_now": "2021-11-02 02:25:02",
    "ups": 29,
    "downs": 0,
    "comments_since_last_sample": [],
    "top_comments_top": [
        {
            "comment_id": "hinq6bs",
            "body": "I did some unspeakable things in RDR2.",
            "ups": 36,
            "downs": 0,
            "polarity": 0.0,
            "subjectivity": 0.0
        },
        {
            "comment_id": "hio6yq4",
            "body": "About a month ago while playing gta5 I come out of a store while an NPC is walking by. As he's walking past his phone rings and he answers it and says something along the lines of \"hey honey how's the baby?\" Immediately after hearing this I shot him lol",
            "ups": 33,
            "downs": 0,
            "polarity": 0.275,
            "subjectivity": 0.475
        },
        {
            "comment_id": "hinpb43",
            "body": "\u201cRemember, No Russian\u201d",
            "ups": 26,
            "downs": 0,
            "polarity": 0.0,
            "subjectivity": 0.0
        },
        {
            "comment_id": "hinzigk",
            "body": "In Fable 1 there's a door that says it will only open if you do something evil in front of it. I went to the church, got everyone to follow me, the slaughtered them in front of the door. It didn't open. Turns out you have to eat a chicken.",
            "ups": 24,
            "downs": 0,
            "polarity": -0.32,
            "subjectivity": 0.79
        },
        {
            "comment_id": "hinsx4e",
            "body": "Constantly watched quiet's tiddies bounce in MGS5",
            "ups": 15,
            "downs": 0,
            "polarity": 0.0,
            "subjectivity": 0.3333333333333333
        }
    ],
    "top_comments_best": [
        {
            "comment_id": "hinq6bs",
            "body": "I did some unspeakable things in RDR2.",
            "ups": 38,
            "downs": 0,
            "polarity": 0.0,
            "subjectivity": 0.0
        },
        {
            "comment_id": "hio6yq4",
            "body": "About a month ago while playing gta5 I come out of a store while an NPC is walking by. As he's walking past his phone rings and he answers it and says something along the lines of \"hey honey how's the baby?\" Immediately after hearing this I shot him lol",
            "ups": 35,
            "downs": 0,
            "polarity": 0.275,
            "subjectivity": 0.475
        },
        {
            "comment_id": "hinzigk",
            "body": "In Fable 1 there's a door that says it will only open if you do something evil in front of it. I went to the church, got everyone to follow me, the slaughtered them in front of the door. It didn't open. Turns out you have to eat a chicken.",
            "ups": 24,
            "downs": 0,
            "polarity": -0.32,
            "subjectivity": 0.79
        },
        {
            "comment_id": "hinsx4e",
            "body": "Constantly watched quiet's tiddies bounce in MGS5",
            "ups": 16,
            "downs": 0,
            "polarity": 0.0,
            "subjectivity": 0.3333333333333333
        },
        {
            "comment_id": "hinxeyq",
            "body": "Killed a family in Skyrim, stole all their food and belongings, and left the kid an orphan",
            "ups": 10,
            "downs": 0,
            "polarity": -0.1,
            "subjectivity": 0.0
        }
    ],
    "top_comments_hot": [
        {
            "comment_id": "hinq6bs",
            "body": "I did some unspeakable things in RDR2.",
            "ups": 38,
            "downs": 0,
            "polarity": 0.0,
            "subjectivity": 0.0
        },
        {
            "comment_id": "hio6yq4",
            "body": "About a month ago while playing gta5 I come out of a store while an NPC is walking by. As he's walking past his phone rings and he answers it and says something along the lines of \"hey honey how's the baby?\" Immediately after hearing this I shot him lol",
            "ups": 35,
            "downs": 0,
            "polarity": 0.275,
            "subjectivity": 0.475
        },
        {
            "comment_id": "hinzigk",
            "body": "In Fable 1 there's a door that says it will only open if you do something evil in front of it. I went to the church, got everyone to follow me, the slaughtered them in front of the door. It didn't open. Turns out you have to eat a chicken.",
            "ups": 23,
            "downs": 0,
            "polarity": -0.32,
            "subjectivity": 0.79
        },
        {
            "comment_id": "hinsx4e",
            "body": "Constantly watched quiet's tiddies bounce in MGS5",
            "ups": 15,
            "downs": 0,
            "polarity": 0.0,
            "subjectivity": 0.3333333333333333
        },
        {
            "comment_id": "hinxeyq",
            "body": "Killed a family in Skyrim, stole all their food and belongings, and left the kid an orphan",
            "ups": 10,
            "downs": 0,
            "polarity": -0.1,
            "subjectivity": 0.0
        }
    ]
}