{
    "post_url": "https://www.reddit.com/r/Music/comments/qizq3l/want_to_learn_music/",
    "time_posted": "2021-10-30 07:38:24",
    "time_now": "2021-11-04 16:12:38",
    "ups": 1,
    "downs": 0,
    "comments_since_last_sample": [],
    "top_comments_top": [
        {
            "comment_id": "himuxyq",
            "body": "Getting a violin is probably step one. /hj\n\nAs far as I know, practicing holding the bow in the right angle relative to your body and the strings is an important step to practice. Otherwise, when you bow, the instrument won't make a good sound.",
            "ups": 2,
            "downs": 0,
            "polarity": 0.3142857142857143,
            "subjectivity": 0.5892857142857143
        }
    ],
    "top_comments_best": [
        {
            "comment_id": "himuxyq",
            "body": "Getting a violin is probably step one. /hj\n\nAs far as I know, practicing holding the bow in the right angle relative to your body and the strings is an important step to practice. Otherwise, when you bow, the instrument won't make a good sound.",
            "ups": 2,
            "downs": 0,
            "polarity": 0.3142857142857143,
            "subjectivity": 0.5892857142857143
        }
    ],
    "top_comments_hot": [
        {
            "comment_id": "himuxyq",
            "body": "Getting a violin is probably step one. /hj\n\nAs far as I know, practicing holding the bow in the right angle relative to your body and the strings is an important step to practice. Otherwise, when you bow, the instrument won't make a good sound.",
            "ups": 2,
            "downs": 0,
            "polarity": 0.3142857142857143,
            "subjectivity": 0.5892857142857143
        }
    ]
}