{
    "post_url": "https://www.reddit.com/r/gaming/comments/qj3nzz/competitive_gaming_would_be_way_less_toxic_if/",
    "time_posted": "2021-10-30 11:22:24",
    "time_now": "2021-10-31 09:13:03",
    "ups": 3,
    "downs": 0,
    "comments_since_last_sample": [],
    "top_comments_top": [
        {
            "comment_id": "hinhsf7",
            "body": "Hey devs, can you please just turn on the machine learning ranking algorithm? Thanks",
            "ups": 11,
            "downs": 0,
            "polarity": 0.2,
            "subjectivity": 0.2
        },
        {
            "comment_id": "hio2uyw",
            "body": "Nope because people would figure out exactly what they need to do to rank up and completely ignore everything else because winning doesn\u2019t matter. \n\nChildren will be toxic no matter what",
            "ups": 3,
            "downs": 0,
            "polarity": 0.012499999999999983,
            "subjectivity": 0.575
        },
        {
            "comment_id": "hiniqqm",
            "body": "I think toxicity in competitive gaming occurs regardless of players' consciousness of winrate and their rank. We tend to think of it as a phenonmenon isolated to online games, especially MOBAs, but I remember back in high school, the same thing would occur in sports games between kids in P.E. (I, for one, got flamed by my classmates a lot for being terrible at catching and throwing despite being an athletic runner. \ud83d\ude01) But also, flaming of teammates happens frequently in unranked games among players who never rank as well.",
            "ups": 1,
            "downs": 0,
            "polarity": -0.060000000000000005,
            "subjectivity": 0.6294444444444445
        },
        {
            "comment_id": "hio3u83",
            "body": "I agree 100% (well, I guess not) aside from the fact that I don't think you should lose rank if you win. Maybe you don't rank up quite as much (or at all), but I don't think you should be reprimanded for winning. Even if you didn't contribute much, you still accomplished the goal. \n\nEverything else you said I've been saying for a long time. Every game should have a ranking system that is based off your performance, not just time played or games won (like CoD and Apex). It should factor in your kills (or k/d) and your damage, game objectives, accuracy, and wins (or win percentage), plus an assortment of other game dependent things, like maybe placement in BR's or maybe even the amount of movement in something like a TDM (although I'm not 100% sure I'd agree with that last one, for various reasons).",
            "ups": 1,
            "downs": 0,
            "polarity": 0.030882352941176472,
            "subjectivity": 0.4635620915032681
        },
        {
            "comment_id": "hion8r2",
            "body": "i think apex does this pretty well except you get most points by just surviving the longest and therefore you can just camp and hide the whole match",
            "ups": 1,
            "downs": 0,
            "polarity": 0.31666666666666665,
            "subjectivity": 0.6333333333333333
        }
    ],
    "top_comments_best": [
        {
            "comment_id": "hinhsf7",
            "body": "Hey devs, can you please just turn on the machine learning ranking algorithm? Thanks",
            "ups": 9,
            "downs": 0,
            "polarity": 0.2,
            "subjectivity": 0.2
        },
        {
            "comment_id": "hio2uyw",
            "body": "Nope because people would figure out exactly what they need to do to rank up and completely ignore everything else because winning doesn\u2019t matter. \n\nChildren will be toxic no matter what",
            "ups": 4,
            "downs": 0,
            "polarity": 0.012499999999999983,
            "subjectivity": 0.575
        },
        {
            "comment_id": "hiniqqm",
            "body": "I think toxicity in competitive gaming occurs regardless of players' consciousness of winrate and their rank. We tend to think of it as a phenonmenon isolated to online games, especially MOBAs, but I remember back in high school, the same thing would occur in sports games between kids in P.E. (I, for one, got flamed by my classmates a lot for being terrible at catching and throwing despite being an athletic runner. \ud83d\ude01) But also, flaming of teammates happens frequently in unranked games among players who never rank as well.",
            "ups": 1,
            "downs": 0,
            "polarity": -0.060000000000000005,
            "subjectivity": 0.6294444444444445
        },
        {
            "comment_id": "hio3u83",
            "body": "I agree 100% (well, I guess not) aside from the fact that I don't think you should lose rank if you win. Maybe you don't rank up quite as much (or at all), but I don't think you should be reprimanded for winning. Even if you didn't contribute much, you still accomplished the goal. \n\nEverything else you said I've been saying for a long time. Every game should have a ranking system that is based off your performance, not just time played or games won (like CoD and Apex). It should factor in your kills (or k/d) and your damage, game objectives, accuracy, and wins (or win percentage), plus an assortment of other game dependent things, like maybe placement in BR's or maybe even the amount of movement in something like a TDM (although I'm not 100% sure I'd agree with that last one, for various reasons).",
            "ups": 1,
            "downs": 0,
            "polarity": 0.030882352941176472,
            "subjectivity": 0.4635620915032681
        },
        {
            "comment_id": "hion8r2",
            "body": "i think apex does this pretty well except you get most points by just surviving the longest and therefore you can just camp and hide the whole match",
            "ups": 1,
            "downs": 0,
            "polarity": 0.31666666666666665,
            "subjectivity": 0.6333333333333333
        }
    ],
    "top_comments_hot": [
        {
            "comment_id": "hinhsf7",
            "body": "Hey devs, can you please just turn on the machine learning ranking algorithm? Thanks",
            "ups": 10,
            "downs": 0,
            "polarity": 0.2,
            "subjectivity": 0.2
        },
        {
            "comment_id": "hio2uyw",
            "body": "Nope because people would figure out exactly what they need to do to rank up and completely ignore everything else because winning doesn\u2019t matter. \n\nChildren will be toxic no matter what",
            "ups": 5,
            "downs": 0,
            "polarity": 0.012499999999999983,
            "subjectivity": 0.575
        },
        {
            "comment_id": "hiniqqm",
            "body": "I think toxicity in competitive gaming occurs regardless of players' consciousness of winrate and their rank. We tend to think of it as a phenonmenon isolated to online games, especially MOBAs, but I remember back in high school, the same thing would occur in sports games between kids in P.E. (I, for one, got flamed by my classmates a lot for being terrible at catching and throwing despite being an athletic runner. \ud83d\ude01) But also, flaming of teammates happens frequently in unranked games among players who never rank as well.",
            "ups": 1,
            "downs": 0,
            "polarity": -0.060000000000000005,
            "subjectivity": 0.6294444444444445
        },
        {
            "comment_id": "hio3u83",
            "body": "I agree 100% (well, I guess not) aside from the fact that I don't think you should lose rank if you win. Maybe you don't rank up quite as much (or at all), but I don't think you should be reprimanded for winning. Even if you didn't contribute much, you still accomplished the goal. \n\nEverything else you said I've been saying for a long time. Every game should have a ranking system that is based off your performance, not just time played or games won (like CoD and Apex). It should factor in your kills (or k/d) and your damage, game objectives, accuracy, and wins (or win percentage), plus an assortment of other game dependent things, like maybe placement in BR's or maybe even the amount of movement in something like a TDM (although I'm not 100% sure I'd agree with that last one, for various reasons).",
            "ups": 1,
            "downs": 0,
            "polarity": 0.030882352941176472,
            "subjectivity": 0.4635620915032681
        },
        {
            "comment_id": "hion8r2",
            "body": "i think apex does this pretty well except you get most points by just surviving the longest and therefore you can just camp and hide the whole match",
            "ups": 1,
            "downs": 0,
            "polarity": 0.31666666666666665,
            "subjectivity": 0.6333333333333333
        }
    ]
}