{
    "post_url": "https://www.reddit.com/r/gaming/comments/qj2lbx/someone_in_my_apartment_building_didnt_want_this/",
    "time_posted": "2021-10-30 10:28:20",
    "time_now": "2021-11-03 23:45:18",
    "ups": 9940,
    "downs": 0,
    "comments_since_last_sample": [],
    "top_comments_top": [
        {
            "comment_id": "hinakz7",
            "body": "I'm trying to wrap my head around spending so much effort into making something only to potentially throw it away.\n\nThat's an awesome find.",
            "ups": 421,
            "downs": 0,
            "polarity": 0.3,
            "subjectivity": 0.8
        },
        {
            "comment_id": "hindo4b",
            "body": "Curious if someone made it for them and that relationship has ran out of lives.",
            "ups": 373,
            "downs": 0,
            "polarity": -0.1,
            "subjectivity": 1.0
        },
        {
            "comment_id": "hingyg0",
            "body": "Too good to be true, probably haunted.  Please report back if experiencing unexpected ectoplasm or symmetrical book stacking.",
            "ups": 168,
            "downs": 0,
            "polarity": 0.2875,
            "subjectivity": 0.5625
        },
        {
            "comment_id": "hinho7h",
            "body": "Acquire a gerbil and a tiny plumber costume. Earn 5000,- from YouTube.",
            "ups": 84,
            "downs": 0,
            "polarity": 0.0,
            "subjectivity": 0.5
        },
        {
            "comment_id": "hiokmgs",
            "body": "https://www.gamesbite.com/chad-valley-wood-shed-fire-police-station-rrp-29-99-lot-b5336-5422504.html\n\nI thought it looked familiar, my son has it. It's a Police and fire station play set. Awesome conversion!\nr/jackhadkebabs",
            "ups": 44,
            "downs": 0,
            "polarity": 0.6875,
            "subjectivity": 0.75
        }
    ],
    "top_comments_best": [
        {
            "comment_id": "hindo4b",
            "body": "Curious if someone made it for them and that relationship has ran out of lives.",
            "ups": 381,
            "downs": 0,
            "polarity": -0.1,
            "subjectivity": 1.0
        },
        {
            "comment_id": "hingyg0",
            "body": "Too good to be true, probably haunted.  Please report back if experiencing unexpected ectoplasm or symmetrical book stacking.",
            "ups": 167,
            "downs": 0,
            "polarity": 0.2875,
            "subjectivity": 0.5625
        },
        {
            "comment_id": "hinakz7",
            "body": "I'm trying to wrap my head around spending so much effort into making something only to potentially throw it away.\n\nThat's an awesome find.",
            "ups": 421,
            "downs": 0,
            "polarity": 0.3,
            "subjectivity": 0.8
        },
        {
            "comment_id": "hinho7h",
            "body": "Acquire a gerbil and a tiny plumber costume. Earn 5000,- from YouTube.",
            "ups": 81,
            "downs": 0,
            "polarity": 0.0,
            "subjectivity": 0.5
        },
        {
            "comment_id": "hiokmgs",
            "body": "https://www.gamesbite.com/chad-valley-wood-shed-fire-police-station-rrp-29-99-lot-b5336-5422504.html\n\nI thought it looked familiar, my son has it. It's a Police and fire station play set. Awesome conversion!\nr/jackhadkebabs",
            "ups": 43,
            "downs": 0,
            "polarity": 0.6875,
            "subjectivity": 0.75
        }
    ],
    "top_comments_hot": [
        {
            "comment_id": "hindo4b",
            "body": "Curious if someone made it for them and that relationship has ran out of lives.",
            "ups": 375,
            "downs": 0,
            "polarity": -0.1,
            "subjectivity": 1.0
        },
        {
            "comment_id": "hingyg0",
            "body": "Too good to be true, probably haunted.  Please report back if experiencing unexpected ectoplasm or symmetrical book stacking.",
            "ups": 166,
            "downs": 0,
            "polarity": 0.2875,
            "subjectivity": 0.5625
        },
        {
            "comment_id": "hinakz7",
            "body": "I'm trying to wrap my head around spending so much effort into making something only to potentially throw it away.\n\nThat's an awesome find.",
            "ups": 424,
            "downs": 0,
            "polarity": 0.3,
            "subjectivity": 0.8
        },
        {
            "comment_id": "hinho7h",
            "body": "Acquire a gerbil and a tiny plumber costume. Earn 5000,- from YouTube.",
            "ups": 80,
            "downs": 0,
            "polarity": 0.0,
            "subjectivity": 0.5
        },
        {
            "comment_id": "hiokmgs",
            "body": "https://www.gamesbite.com/chad-valley-wood-shed-fire-police-station-rrp-29-99-lot-b5336-5422504.html\n\nI thought it looked familiar, my son has it. It's a Police and fire station play set. Awesome conversion!\nr/jackhadkebabs",
            "ups": 42,
            "downs": 0,
            "polarity": 0.6875,
            "subjectivity": 0.75
        }
    ]
}