{
    "post_url": "https://www.reddit.com/r/politics/comments/qirf1t/bidens_future_and_his_partys_depends_on_whether/",
    "time_posted": "2021-10-29 21:48:18",
    "time_now": "2021-11-01 01:44:33",
    "ups": 38,
    "downs": 0,
    "comments_since_last_sample": [],
    "top_comments_top": [
        {
            "comment_id": "hilb9ze",
            "body": "\nAs a reminder, this subreddit [is for civil discussion.](/r/politics/wiki/index#wiki_be_civil)\n\nIn general, be courteous to others. Debate/discuss/argue the merits of ideas, don't attack people. Personal insults, shill or troll accusations, hate speech, any suggestion or support of harm, violence, or death, and other rule violations can result in a permanent ban. \n\nIf you see comments in violation of our rules, please report them.\n\n For those who have questions regarding any media outlets being posted on this subreddit, please click [here](https://www.reddit.com/r/politics/wiki/approveddomainslist) to review our details as to our approved domains list and outlet criteria.\n\n***\n\n\n*I am a bot, and this action was performed automatically. Please [contact the moderators of this subreddit](/message/compose/?to=/r/politics) if you have any questions or concerns.*",
            "ups": 1,
            "downs": 0,
            "polarity": -0.02916666666666667,
            "subjectivity": 0.5291666666666667
        },
        {
            "comment_id": "hilfwxf",
            "body": "What about the country\u2019s future? I think we should put that front and center. \n\nIf you do that, then you should be asking yourself why they\u2019re bothering with these bills at all when democracy is still at risk. Trump exposed gaping holes in the foundations of our democracy, and not a single one has been patched yet. In my mind none of this stuff matters until republicans are dealt with because they\u2019ve already demonstrate a willingness, even a strong desire, to step outside the bounds of law and tradition to achieve their goals. So, why the fuck are we concerned with bridges and daycare when republicans are literally trying to invade the capitol to stop an election?",
            "ups": 22,
            "downs": 0,
            "polarity": -0.005158730158730168,
            "subjectivity": 0.30376984126984125
        },
        {
            "comment_id": "hilbwqe",
            "body": "So we're fucked then",
            "ups": 11,
            "downs": 0,
            "polarity": -0.6,
            "subjectivity": 0.7
        },
        {
            "comment_id": "hildro9",
            "body": "This dude is a conservative, corporatist \"Democrat\" himself. When he says unify he means unify with Manchin and Sienma.",
            "ups": 9,
            "downs": 0,
            "polarity": 0.0,
            "subjectivity": 0.0
        },
        {
            "comment_id": "hilbi75",
            "body": "Tell that to the two dip-shits in the Senate!",
            "ups": 8,
            "downs": 0,
            "polarity": 0.0,
            "subjectivity": 0.0
        }
    ],
    "top_comments_best": [
        {
            "comment_id": "hilb9ze",
            "body": "\nAs a reminder, this subreddit [is for civil discussion.](/r/politics/wiki/index#wiki_be_civil)\n\nIn general, be courteous to others. Debate/discuss/argue the merits of ideas, don't attack people. Personal insults, shill or troll accusations, hate speech, any suggestion or support of harm, violence, or death, and other rule violations can result in a permanent ban. \n\nIf you see comments in violation of our rules, please report them.\n\n For those who have questions regarding any media outlets being posted on this subreddit, please click [here](https://www.reddit.com/r/politics/wiki/approveddomainslist) to review our details as to our approved domains list and outlet criteria.\n\n***\n\n\n*I am a bot, and this action was performed automatically. Please [contact the moderators of this subreddit](/message/compose/?to=/r/politics) if you have any questions or concerns.*",
            "ups": 1,
            "downs": 0,
            "polarity": -0.02916666666666667,
            "subjectivity": 0.5291666666666667
        },
        {
            "comment_id": "hilfwxf",
            "body": "What about the country\u2019s future? I think we should put that front and center. \n\nIf you do that, then you should be asking yourself why they\u2019re bothering with these bills at all when democracy is still at risk. Trump exposed gaping holes in the foundations of our democracy, and not a single one has been patched yet. In my mind none of this stuff matters until republicans are dealt with because they\u2019ve already demonstrate a willingness, even a strong desire, to step outside the bounds of law and tradition to achieve their goals. So, why the fuck are we concerned with bridges and daycare when republicans are literally trying to invade the capitol to stop an election?",
            "ups": 24,
            "downs": 0,
            "polarity": -0.005158730158730168,
            "subjectivity": 0.30376984126984125
        },
        {
            "comment_id": "hilbi75",
            "body": "Tell that to the two dip-shits in the Senate!",
            "ups": 9,
            "downs": 0,
            "polarity": 0.0,
            "subjectivity": 0.0
        },
        {
            "comment_id": "hilbwqe",
            "body": "So we're fucked then",
            "ups": 11,
            "downs": 0,
            "polarity": -0.6,
            "subjectivity": 0.7
        },
        {
            "comment_id": "hilczum",
            "body": "Too much personal avarice.  Sometimes after a few drinks I think maybe we shouldn\u2019t fucking *pay* politicians; but then I sober up and realize my brilliant ideas aren\u2019t appreciated by the pier elite.",
            "ups": 6,
            "downs": 0,
            "polarity": 0.06666666666666667,
            "subjectivity": 0.41666666666666674
        }
    ],
    "top_comments_hot": [
        {
            "comment_id": "hilb9ze",
            "body": "\nAs a reminder, this subreddit [is for civil discussion.](/r/politics/wiki/index#wiki_be_civil)\n\nIn general, be courteous to others. Debate/discuss/argue the merits of ideas, don't attack people. Personal insults, shill or troll accusations, hate speech, any suggestion or support of harm, violence, or death, and other rule violations can result in a permanent ban. \n\nIf you see comments in violation of our rules, please report them.\n\n For those who have questions regarding any media outlets being posted on this subreddit, please click [here](https://www.reddit.com/r/politics/wiki/approveddomainslist) to review our details as to our approved domains list and outlet criteria.\n\n***\n\n\n*I am a bot, and this action was performed automatically. Please [contact the moderators of this subreddit](/message/compose/?to=/r/politics) if you have any questions or concerns.*",
            "ups": 1,
            "downs": 0,
            "polarity": -0.02916666666666667,
            "subjectivity": 0.5291666666666667
        },
        {
            "comment_id": "hilfwxf",
            "body": "What about the country\u2019s future? I think we should put that front and center. \n\nIf you do that, then you should be asking yourself why they\u2019re bothering with these bills at all when democracy is still at risk. Trump exposed gaping holes in the foundations of our democracy, and not a single one has been patched yet. In my mind none of this stuff matters until republicans are dealt with because they\u2019ve already demonstrate a willingness, even a strong desire, to step outside the bounds of law and tradition to achieve their goals. So, why the fuck are we concerned with bridges and daycare when republicans are literally trying to invade the capitol to stop an election?",
            "ups": 22,
            "downs": 0,
            "polarity": -0.005158730158730168,
            "subjectivity": 0.30376984126984125
        },
        {
            "comment_id": "hilbi75",
            "body": "Tell that to the two dip-shits in the Senate!",
            "ups": 9,
            "downs": 0,
            "polarity": 0.0,
            "subjectivity": 0.0
        },
        {
            "comment_id": "hilbwqe",
            "body": "So we're fucked then",
            "ups": 9,
            "downs": 0,
            "polarity": -0.6,
            "subjectivity": 0.7
        },
        {
            "comment_id": "hilczum",
            "body": "Too much personal avarice.  Sometimes after a few drinks I think maybe we shouldn\u2019t fucking *pay* politicians; but then I sober up and realize my brilliant ideas aren\u2019t appreciated by the pier elite.",
            "ups": 6,
            "downs": 0,
            "polarity": 0.06666666666666667,
            "subjectivity": 0.41666666666666674
        }
    ]
}