{
    "post_url": "https://www.reddit.com/r/politics/comments/qj3cai/no_way_out_taxi_drivers_allies_enter_2nd_week_of/",
    "time_posted": "2021-10-30 11:05:54",
    "time_now": "2021-10-30 16:48:14",
    "ups": 21,
    "downs": 0,
    "comments_since_last_sample": [
        {
            "comment_id": "hineyf9",
            "body": "\nAs a reminder, this subreddit [is for civil discussion.](/r/politics/wiki/index#wiki_be_civil)\n\nIn general, be courteous to others. Debate/discuss/argue the merits of ideas, don't attack people. Personal insults, shill or troll accusations, hate speech, any suggestion or support of harm, violence, or death, and other rule violations can result in a permanent ban. \n\nIf you see comments in violation of our rules, please report them.\n\n For those who have questions regarding any media outlets being posted on this subreddit, please click [here](https://www.reddit.com/r/politics/wiki/approveddomainslist) to review our details as to our approved domains list and outlet criteria.\n\n***\n\n\n*I am a bot, and this action was performed automatically. Please [contact the moderators of this subreddit](/message/compose/?to=/r/politics) if you have any questions or concerns.*",
            "polarity": -0.02916666666666667,
            "subjectivity": 0.5291666666666667
        },
        {
            "comment_id": "hinsupb",
            "body": "Do people still use taxis? I mean I guess if you need to get to the airport in less than 10 minutes and don't care about your safety or hygine it is the fastest way.",
            "polarity": -0.23958333333333331,
            "subjectivity": 0.3770833333333333
        },
        {
            "comment_id": "hingxdx",
            "body": "I'm of two minds about this story.  I understand that these people are suffering financially due to disruptive technology.  The city may have played a role in this situation, however, the medallion owners are the ones that took this risk to achieve financial security.  Sometimes these things don't work out.   I know it isn't a great option, but bankruptcy laws are in place for this reason.",
            "polarity": 0.225,
            "subjectivity": 0.375
        }
    ],
    "top_comments_top": [
        {
            "comment_id": "hineyf9",
            "body": "\nAs a reminder, this subreddit [is for civil discussion.](/r/politics/wiki/index#wiki_be_civil)\n\nIn general, be courteous to others. Debate/discuss/argue the merits of ideas, don't attack people. Personal insults, shill or troll accusations, hate speech, any suggestion or support of harm, violence, or death, and other rule violations can result in a permanent ban. \n\nIf you see comments in violation of our rules, please report them.\n\n For those who have questions regarding any media outlets being posted on this subreddit, please click [here](https://www.reddit.com/r/politics/wiki/approveddomainslist) to review our details as to our approved domains list and outlet criteria.\n\n***\n\n\n*I am a bot, and this action was performed automatically. Please [contact the moderators of this subreddit](/message/compose/?to=/r/politics) if you have any questions or concerns.*",
            "ups": 1,
            "downs": 0,
            "polarity": -0.02916666666666667,
            "subjectivity": 0.5291666666666667
        },
        {
            "comment_id": "hinsupb",
            "body": "Do people still use taxis? I mean I guess if you need to get to the airport in less than 10 minutes and don't care about your safety or hygine it is the fastest way.",
            "ups": 1,
            "downs": 0,
            "polarity": -0.23958333333333331,
            "subjectivity": 0.3770833333333333
        },
        {
            "comment_id": "hingxdx",
            "body": "I'm of two minds about this story.  I understand that these people are suffering financially due to disruptive technology.  The city may have played a role in this situation, however, the medallion owners are the ones that took this risk to achieve financial security.  Sometimes these things don't work out.   I know it isn't a great option, but bankruptcy laws are in place for this reason.",
            "ups": 1,
            "downs": 0,
            "polarity": 0.225,
            "subjectivity": 0.375
        }
    ],
    "top_comments_best": [
        {
            "comment_id": "hineyf9",
            "body": "\nAs a reminder, this subreddit [is for civil discussion.](/r/politics/wiki/index#wiki_be_civil)\n\nIn general, be courteous to others. Debate/discuss/argue the merits of ideas, don't attack people. Personal insults, shill or troll accusations, hate speech, any suggestion or support of harm, violence, or death, and other rule violations can result in a permanent ban. \n\nIf you see comments in violation of our rules, please report them.\n\n For those who have questions regarding any media outlets being posted on this subreddit, please click [here](https://www.reddit.com/r/politics/wiki/approveddomainslist) to review our details as to our approved domains list and outlet criteria.\n\n***\n\n\n*I am a bot, and this action was performed automatically. Please [contact the moderators of this subreddit](/message/compose/?to=/r/politics) if you have any questions or concerns.*",
            "ups": 1,
            "downs": 0,
            "polarity": -0.02916666666666667,
            "subjectivity": 0.5291666666666667
        },
        {
            "comment_id": "hinsupb",
            "body": "Do people still use taxis? I mean I guess if you need to get to the airport in less than 10 minutes and don't care about your safety or hygine it is the fastest way.",
            "ups": 1,
            "downs": 0,
            "polarity": -0.23958333333333331,
            "subjectivity": 0.3770833333333333
        },
        {
            "comment_id": "hingxdx",
            "body": "I'm of two minds about this story.  I understand that these people are suffering financially due to disruptive technology.  The city may have played a role in this situation, however, the medallion owners are the ones that took this risk to achieve financial security.  Sometimes these things don't work out.   I know it isn't a great option, but bankruptcy laws are in place for this reason.",
            "ups": 1,
            "downs": 0,
            "polarity": 0.225,
            "subjectivity": 0.375
        }
    ],
    "top_comments_hot": [
        {
            "comment_id": "hineyf9",
            "body": "\nAs a reminder, this subreddit [is for civil discussion.](/r/politics/wiki/index#wiki_be_civil)\n\nIn general, be courteous to others. Debate/discuss/argue the merits of ideas, don't attack people. Personal insults, shill or troll accusations, hate speech, any suggestion or support of harm, violence, or death, and other rule violations can result in a permanent ban. \n\nIf you see comments in violation of our rules, please report them.\n\n For those who have questions regarding any media outlets being posted on this subreddit, please click [here](https://www.reddit.com/r/politics/wiki/approveddomainslist) to review our details as to our approved domains list and outlet criteria.\n\n***\n\n\n*I am a bot, and this action was performed automatically. Please [contact the moderators of this subreddit](/message/compose/?to=/r/politics) if you have any questions or concerns.*",
            "ups": 1,
            "downs": 0,
            "polarity": -0.02916666666666667,
            "subjectivity": 0.5291666666666667
        },
        {
            "comment_id": "hinsupb",
            "body": "Do people still use taxis? I mean I guess if you need to get to the airport in less than 10 minutes and don't care about your safety or hygine it is the fastest way.",
            "ups": 1,
            "downs": 0,
            "polarity": -0.23958333333333331,
            "subjectivity": 0.3770833333333333
        },
        {
            "comment_id": "hingxdx",
            "body": "I'm of two minds about this story.  I understand that these people are suffering financially due to disruptive technology.  The city may have played a role in this situation, however, the medallion owners are the ones that took this risk to achieve financial security.  Sometimes these things don't work out.   I know it isn't a great option, but bankruptcy laws are in place for this reason.",
            "ups": 1,
            "downs": 0,
            "polarity": 0.225,
            "subjectivity": 0.375
        }
    ]
}