{
    "time_posted": "2021-10-30 13:44:15",
    "url": "https://www.youtube.com/watch?v=46lG1EhQvMc",
    "time_now": "2021-11-05 08:40:24",
    "ups": "70811",
    "downs": "2510",
    "views": "3521997",
    "top_comments": [
        {
            "comment": "WOW",
            "likes": 678,
            "number_of_replies": 175,
            "polarity": 0.1,
            "subjectivity": 1.0
        },
        {
            "comment": "\ud83d\ude01\ud83d\ude01\ud83d\ude01\ud83d\ude01\ud83d\ude0b\ud83d\ude0d\ud83d\ude0e\ud83e\udd17\ud83d\ude42\u263a\u263a\u263a\u263a\u263a\u263a\u263a\u263a\u263a",
            "likes": 1,
            "number_of_replies": 0,
            "polarity": 0.0,
            "subjectivity": 0.0
        },
        {
            "comment": "Now huggy where are 2",
            "likes": 1,
            "number_of_replies": 0,
            "polarity": 0.0,
            "subjectivity": 0.0
        }
    ],
    "comments_since_last_sample": [
        {
            "body": "Wow!!",
            "polarity": 0.15625,
            "subjectivity": 1.0
        },
        {
            "body": "It's not play it's playing on it's own",
            "polarity": 0.6,
            "subjectivity": 1.0
        },
        {
            "body": "I like the music",
            "polarity": 0.0,
            "subjectivity": 0.0
        },
        {
            "body": "Awwwthere cute",
            "polarity": 0.5,
            "subjectivity": 1.0
        },
        {
            "body": "Amazing\ud83d\ude32\ud83d\ude32\ud83d\ude32",
            "polarity": 0.0,
            "subjectivity": 0.0
        }
    ]
}