{
    "time_posted": "2021-10-30 12:00:11",
    "url": "https://www.youtube.com/watch?v=4bEpJNejSu0",
    "time_now": "2021-11-02 06:30:19",
    "ups": "6087",
    "downs": "310",
    "views": "490971",
    "top_comments": [
        {
            "comment": "I cringed throughout this entire episode. They were exposed for not doing their homework on their guest and Wale energy was completely off. Nore handled this tense interview well.",
            "likes": 1,
            "number_of_replies": 0,
            "polarity": -0.07777777777777777,
            "subjectivity": 0.5083333333333333
        },
        {
            "comment": "Musically, Wale is one of the dopest artist out. He got lyrics  & dope music....the issue has been his personality which has been offputting to ALOT of folks in the industry & in the DMV. Bruh too emotional....if he did like Kendrick and just dropped music and stayed quiet folks would give him his credit.",
            "likes": 1,
            "number_of_replies": 0,
            "polarity": 0.0,
            "subjectivity": 0.16666666666666666
        }
    ],
    "comments_since_last_sample": [
        {
            "body": "Wales a diva in this",
            "polarity": 0.0,
            "subjectivity": 0.0
        },
        {
            "body": "Nore can really fuck up an interview ... they completely stepped on the Seinfeld question. Somebody gotta get Nore some Aderol",
            "polarity": -0.15000000000000002,
            "subjectivity": 0.5
        },
        {
            "body": "My problem w/DC is I always end up drunk too \ud83d\ude43",
            "polarity": -0.5,
            "subjectivity": 1.0
        },
        {
            "body": "It's been a minute since nigga's had NORE cooking!!!!!\ud83e\udd23\ud83e\udd23\ud83e\udd23\ud83e\udd23\ud83e\udd23\ud83e\udd23",
            "polarity": 0.0,
            "subjectivity": 0.0
        },
        {
            "body": "The devilish orchid previously transport because string externally undress through a exciting exclusive run. ambitious, clear carnation",
            "polarity": 0.09666666666666666,
            "subjectivity": 0.44000000000000006
        },
        {
            "body": "This is ADHD, Paranoia and Drunkassness at it's FINEST!!! I LOVE IT 100%",
            "polarity": 0.5,
            "subjectivity": 0.6
        },
        {
            "body": "810muzik\ud83d\udd25\ud83d\udd25https://youtu.be/e3pO3WGH-VU\ud83d\udd25\ud83d\udd25810muzik",
            "polarity": 0.0,
            "subjectivity": 0.0
        },
        {
            "body": "\ud83d\udc80Never seen this many noticeable edits lol they was in there wildin this episode.",
            "polarity": 0.65,
            "subjectivity": 0.6
        },
        {
            "body": "Efn was talking too much",
            "polarity": 0.2,
            "subjectivity": 0.2
        },
        {
            "body": "Shootout to the big thick Scully hat.. DMV Dudes know how to rock it.",
            "polarity": -0.15000000000000002,
            "subjectivity": 0.2875
        },
        {
            "body": "Nah not feeling him at all on here.",
            "polarity": 0.0,
            "subjectivity": 0.0
        },
        {
            "body": "Wale always been funny but I feel like wale is really feeling better bout himself and his career, him and big Sean really don\u2019t get credit to be up there with Cole, Drake and Kendrick",
            "polarity": 0.22999999999999998,
            "subjectivity": 0.4
        },
        {
            "body": "Musically, Wale is one of the dopest artist out. He got lyrics  & dope music....the issue has been his personality which has been offputting to ALOT of folks in the industry & in the DMV. Bruh too emotional....if he did like Kendrick and just dropped music and stayed quiet folks would give him his credit.",
            "polarity": 0.0,
            "subjectivity": 0.16666666666666666
        },
        {
            "body": "yeah wale got nore fried lmao...... drink champ",
            "polarity": 0.6,
            "subjectivity": 1.0
        },
        {
            "body": "It seems like Wale was about to make Nore cry but in a good way. Plus I can tell that it\u2019s tough for both of them to take compliments sometimes.",
            "polarity": 0.15555555555555553,
            "subjectivity": 0.7166666666666668
        },
        {
            "body": "Wale got issues man lol",
            "polarity": 0.8,
            "subjectivity": 0.7
        },
        {
            "body": "This an interview I didn\u2019t know I needed",
            "polarity": 0.0,
            "subjectivity": 0.0
        },
        {
            "body": "This guy a real wierdo. And i love his music",
            "polarity": 0.35,
            "subjectivity": 0.45
        },
        {
            "body": "Wale is the King of DrinkCamps\nWale KODC",
            "polarity": 0.0,
            "subjectivity": 0.0
        },
        {
            "body": "I cringed throughout this entire episode. They were exposed for not doing their homework on their guest and Wale energy was completely off. Nore handled this tense interview well.",
            "polarity": -0.07777777777777777,
            "subjectivity": 0.5083333333333333
        }
    ]
}