{
    "post_url": "https://www.reddit.com/r/Music/comments/qixo9e/greta_van_fleet/",
    "time_posted": "2021-10-30 05:08:21",
    "time_now": "2021-11-05 21:03:46",
    "ups": 0,
    "downs": 0,
    "comments_since_last_sample": [],
    "top_comments_top": [
        {
            "comment_id": "himgezv",
            "body": "I think you\u2019re about four years behind lol. Even before they came out, Wolfmother was doing something similar but they didn\u2019t quite hit that level of popularity.",
            "ups": 8,
            "downs": 0,
            "polarity": 0.13333333333333333,
            "subjectivity": 0.6
        },
        {
            "comment_id": "himqz71",
            "body": "I'm a big Led Zeppelin fan, been listening as long as I can remember,  when GVF came out my husband said I HAD to check them out, and now I hear them all the time on the radio... I just don't care. They're not bad,and I don't change the station. I just haven't been able to get into their music. It feels like it's missing something.",
            "ups": 6,
            "downs": 0,
            "polarity": 0.0625,
            "subjectivity": 0.29375
        },
        {
            "comment_id": "himxra6",
            "body": "They get a lot of hate, which I don\u2019t think is all deserved. Their music isn\u2019t terrible for the most part, I\u2019ve just never found it that interesting and as a Zeppelin fan I would rather listen to the real band . I don\u2019t think it\u2019s wrong to have musical influences, but GVF sometimes sound like what Zeppelin would probably sound like of they were to have kept making music as a band and not in a good way. Like in a formulaic and boring kind of way which happens to a lot of rock bands that have passed their prime a long time ago.",
            "ups": 2,
            "downs": 0,
            "polarity": -0.0035714285714285796,
            "subjectivity": 0.5571428571428573
        },
        {
            "comment_id": "himtoqn",
            "body": "Have a listen to Tyler Bryant &amp; the Shakedown - saw them live supporting Airbourne a couple years ago and loved them. A bit similar to Greta Van Fleet I think.",
            "ups": 1,
            "downs": 0,
            "polarity": 0.2715909090909091,
            "subjectivity": 0.48750000000000004
        },
        {
            "comment_id": "himw9w8",
            "body": "I like them and as you say, they are playing rock and roll.",
            "ups": 1,
            "downs": 0,
            "polarity": 0.0,
            "subjectivity": 0.0
        }
    ],
    "top_comments_best": [
        {
            "comment_id": "himqz71",
            "body": "I'm a big Led Zeppelin fan, been listening as long as I can remember,  when GVF came out my husband said I HAD to check them out, and now I hear them all the time on the radio... I just don't care. They're not bad,and I don't change the station. I just haven't been able to get into their music. It feels like it's missing something.",
            "ups": 6,
            "downs": 0,
            "polarity": 0.0625,
            "subjectivity": 0.29375
        },
        {
            "comment_id": "himgezv",
            "body": "I think you\u2019re about four years behind lol. Even before they came out, Wolfmother was doing something similar but they didn\u2019t quite hit that level of popularity.",
            "ups": 9,
            "downs": 0,
            "polarity": 0.13333333333333333,
            "subjectivity": 0.6
        },
        {
            "comment_id": "himxra6",
            "body": "They get a lot of hate, which I don\u2019t think is all deserved. Their music isn\u2019t terrible for the most part, I\u2019ve just never found it that interesting and as a Zeppelin fan I would rather listen to the real band . I don\u2019t think it\u2019s wrong to have musical influences, but GVF sometimes sound like what Zeppelin would probably sound like of they were to have kept making music as a band and not in a good way. Like in a formulaic and boring kind of way which happens to a lot of rock bands that have passed their prime a long time ago.",
            "ups": 2,
            "downs": 0,
            "polarity": -0.0035714285714285796,
            "subjectivity": 0.5571428571428573
        },
        {
            "comment_id": "himjc42",
            "body": "They fucking suck.",
            "ups": -2,
            "downs": 0,
            "polarity": -0.6,
            "subjectivity": 0.8
        },
        {
            "comment_id": "himtoqn",
            "body": "Have a listen to Tyler Bryant &amp; the Shakedown - saw them live supporting Airbourne a couple years ago and loved them. A bit similar to Greta Van Fleet I think.",
            "ups": 1,
            "downs": 0,
            "polarity": 0.2715909090909091,
            "subjectivity": 0.48750000000000004
        }
    ],
    "top_comments_hot": [
        {
            "comment_id": "himqz71",
            "body": "I'm a big Led Zeppelin fan, been listening as long as I can remember,  when GVF came out my husband said I HAD to check them out, and now I hear them all the time on the radio... I just don't care. They're not bad,and I don't change the station. I just haven't been able to get into their music. It feels like it's missing something.",
            "ups": 5,
            "downs": 0,
            "polarity": 0.0625,
            "subjectivity": 0.29375
        },
        {
            "comment_id": "himgezv",
            "body": "I think you\u2019re about four years behind lol. Even before they came out, Wolfmother was doing something similar but they didn\u2019t quite hit that level of popularity.",
            "ups": 8,
            "downs": 0,
            "polarity": 0.13333333333333333,
            "subjectivity": 0.6
        },
        {
            "comment_id": "himxra6",
            "body": "They get a lot of hate, which I don\u2019t think is all deserved. Their music isn\u2019t terrible for the most part, I\u2019ve just never found it that interesting and as a Zeppelin fan I would rather listen to the real band . I don\u2019t think it\u2019s wrong to have musical influences, but GVF sometimes sound like what Zeppelin would probably sound like of they were to have kept making music as a band and not in a good way. Like in a formulaic and boring kind of way which happens to a lot of rock bands that have passed their prime a long time ago.",
            "ups": 2,
            "downs": 0,
            "polarity": -0.0035714285714285796,
            "subjectivity": 0.5571428571428573
        },
        {
            "comment_id": "himjc42",
            "body": "They fucking suck.",
            "ups": -3,
            "downs": 0,
            "polarity": -0.6,
            "subjectivity": 0.8
        },
        {
            "comment_id": "himtoqn",
            "body": "Have a listen to Tyler Bryant &amp; the Shakedown - saw them live supporting Airbourne a couple years ago and loved them. A bit similar to Greta Van Fleet I think.",
            "ups": 1,
            "downs": 0,
            "polarity": 0.2715909090909091,
            "subjectivity": 0.48750000000000004
        }
    ]
}