{
    "post_url": "https://www.reddit.com/r/LifeProTips/comments/qih1wz/lpt_stay_away_from_hustlernosleep_lifestyle_it/",
    "time_posted": "2021-10-29 12:47:12",
    "time_now": "2021-10-31 17:31:30",
    "ups": 2771,
    "downs": 0,
    "comments_since_last_sample": [],
    "top_comments_top": [
        {
            "comment_id": "hij6q2c",
            "body": "Hello and welcome to r/LifeProTips!\n\nPlease help us decide if this post is a good fit for the subreddit by up or downvoting this comment. \n\nIf you think that this is great advice to improve your life, please upvote. If you think this doesn't help you in any way, please downvote. If you don't care, leave it for the others to decide.",
            "ups": 1,
            "downs": 0,
            "polarity": 0.7250000000000001,
            "subjectivity": 0.6625
        },
        {
            "comment_id": "hijaoj7",
            "body": "Easier said than done. Current employment market will extract everything out of you even in a 9to5 job.",
            "ups": 182,
            "downs": 0,
            "polarity": 0.0,
            "subjectivity": 0.4
        },
        {
            "comment_id": "hijkqin",
            "body": "\u201cdon\u2019t let work consume your life.\u201d\n\nmy goodness, what an idea! why didn\u2019t i think of that?",
            "ups": 131,
            "downs": 0,
            "polarity": 0.0,
            "subjectivity": 0.0
        },
        {
            "comment_id": "hikeg1h",
            "body": "This man has never been a broke college student.",
            "ups": 62,
            "downs": 0,
            "polarity": 0.0,
            "subjectivity": 0.0
        },
        {
            "comment_id": "hikfke9",
            "body": "In my neighborhood when people talk about the *hustle* lifestyle they're usually saying \"I steal and/or scam people on the side while working my dead-end job\" if they're not just saying \"yeah I sell drugs.\"",
            "ups": 33,
            "downs": 0,
            "polarity": -0.25,
            "subjectivity": 0.25
        }
    ],
    "top_comments_best": [
        {
            "comment_id": "hij6q2c",
            "body": "Hello and welcome to r/LifeProTips!\n\nPlease help us decide if this post is a good fit for the subreddit by up or downvoting this comment. \n\nIf you think that this is great advice to improve your life, please upvote. If you think this doesn't help you in any way, please downvote. If you don't care, leave it for the others to decide.",
            "ups": 1,
            "downs": 0,
            "polarity": 0.7250000000000001,
            "subjectivity": 0.6625
        },
        {
            "comment_id": "hijkqin",
            "body": "\u201cdon\u2019t let work consume your life.\u201d\n\nmy goodness, what an idea! why didn\u2019t i think of that?",
            "ups": 132,
            "downs": 0,
            "polarity": 0.0,
            "subjectivity": 0.0
        },
        {
            "comment_id": "hijaoj7",
            "body": "Easier said than done. Current employment market will extract everything out of you even in a 9to5 job.",
            "ups": 180,
            "downs": 0,
            "polarity": 0.0,
            "subjectivity": 0.4
        },
        {
            "comment_id": "hikeg1h",
            "body": "This man has never been a broke college student.",
            "ups": 62,
            "downs": 0,
            "polarity": 0.0,
            "subjectivity": 0.0
        },
        {
            "comment_id": "hikfke9",
            "body": "In my neighborhood when people talk about the *hustle* lifestyle they're usually saying \"I steal and/or scam people on the side while working my dead-end job\" if they're not just saying \"yeah I sell drugs.\"",
            "ups": 30,
            "downs": 0,
            "polarity": -0.25,
            "subjectivity": 0.25
        }
    ],
    "top_comments_hot": [
        {
            "comment_id": "hij6q2c",
            "body": "Hello and welcome to r/LifeProTips!\n\nPlease help us decide if this post is a good fit for the subreddit by up or downvoting this comment. \n\nIf you think that this is great advice to improve your life, please upvote. If you think this doesn't help you in any way, please downvote. If you don't care, leave it for the others to decide.",
            "ups": 1,
            "downs": 0,
            "polarity": 0.7250000000000001,
            "subjectivity": 0.6625
        },
        {
            "comment_id": "hijkqin",
            "body": "\u201cdon\u2019t let work consume your life.\u201d\n\nmy goodness, what an idea! why didn\u2019t i think of that?",
            "ups": 138,
            "downs": 0,
            "polarity": 0.0,
            "subjectivity": 0.0
        },
        {
            "comment_id": "hijaoj7",
            "body": "Easier said than done. Current employment market will extract everything out of you even in a 9to5 job.",
            "ups": 182,
            "downs": 0,
            "polarity": 0.0,
            "subjectivity": 0.4
        },
        {
            "comment_id": "hikeg1h",
            "body": "This man has never been a broke college student.",
            "ups": 60,
            "downs": 0,
            "polarity": 0.0,
            "subjectivity": 0.0
        },
        {
            "comment_id": "hikfke9",
            "body": "In my neighborhood when people talk about the *hustle* lifestyle they're usually saying \"I steal and/or scam people on the side while working my dead-end job\" if they're not just saying \"yeah I sell drugs.\"",
            "ups": 33,
            "downs": 0,
            "polarity": -0.25,
            "subjectivity": 0.25
        }
    ]
}