{
    "post_url": "https://www.reddit.com/r/politics/comments/qiq0tg/supreme_court_to_hear_case_on_state_efforts_to/",
    "time_posted": "2021-10-29 20:24:51",
    "time_now": "2021-11-03 15:33:44",
    "ups": 28,
    "downs": 0,
    "comments_since_last_sample": [],
    "top_comments_top": [
        {
            "comment_id": "hil10xj",
            "body": "\nAs a reminder, this subreddit [is for civil discussion.](/r/politics/wiki/index#wiki_be_civil)\n\nIn general, be courteous to others. Debate/discuss/argue the merits of ideas, don't attack people. Personal insults, shill or troll accusations, hate speech, any suggestion or support of harm, violence, or death, and other rule violations can result in a permanent ban. \n\nIf you see comments in violation of our rules, please report them.\n\n For those who have questions regarding any media outlets being posted on this subreddit, please click [here](https://www.reddit.com/r/politics/wiki/approveddomainslist) to review our details as to our approved domains list and outlet criteria.\n\n***\n\n\n*I am a bot, and this action was performed automatically. Please [contact the moderators of this subreddit](/message/compose/?to=/r/politics) if you have any questions or concerns.*",
            "ups": 1,
            "downs": 0,
            "polarity": -0.02916666666666667,
            "subjectivity": 0.5291666666666667
        },
        {
            "comment_id": "hil27t6",
            "body": "What\u2019s their argument here\n\nIt was President (trump) right to change the rule but not president (Biden) right to change it back?",
            "ups": 6,
            "downs": 0,
            "polarity": 0.19047619047619047,
            "subjectivity": 0.35714285714285715
        },
        {
            "comment_id": "hil9331",
            "body": "So only RICH immigrants are allowed. That is not very Christian.",
            "ups": 3,
            "downs": 0,
            "polarity": 0.125,
            "subjectivity": 0.5833333333333334
        },
        {
            "comment_id": "hil174l",
            "body": "This is absolutely madness! Nothing in trumps era should be given the time of day!",
            "ups": 2,
            "downs": 0,
            "polarity": 0.3125,
            "subjectivity": 0.9
        },
        {
            "comment_id": "hila9zp",
            "body": "So republicans still want to go with the whole don't help the poor and in need approach",
            "ups": 2,
            "downs": 0,
            "polarity": -0.1,
            "subjectivity": 0.5
        }
    ],
    "top_comments_best": [
        {
            "comment_id": "hil10xj",
            "body": "\nAs a reminder, this subreddit [is for civil discussion.](/r/politics/wiki/index#wiki_be_civil)\n\nIn general, be courteous to others. Debate/discuss/argue the merits of ideas, don't attack people. Personal insults, shill or troll accusations, hate speech, any suggestion or support of harm, violence, or death, and other rule violations can result in a permanent ban. \n\nIf you see comments in violation of our rules, please report them.\n\n For those who have questions regarding any media outlets being posted on this subreddit, please click [here](https://www.reddit.com/r/politics/wiki/approveddomainslist) to review our details as to our approved domains list and outlet criteria.\n\n***\n\n\n*I am a bot, and this action was performed automatically. Please [contact the moderators of this subreddit](/message/compose/?to=/r/politics) if you have any questions or concerns.*",
            "ups": 1,
            "downs": 0,
            "polarity": -0.02916666666666667,
            "subjectivity": 0.5291666666666667
        },
        {
            "comment_id": "hil27t6",
            "body": "What\u2019s their argument here\n\nIt was President (trump) right to change the rule but not president (Biden) right to change it back?",
            "ups": 6,
            "downs": 0,
            "polarity": 0.19047619047619047,
            "subjectivity": 0.35714285714285715
        },
        {
            "comment_id": "hil174l",
            "body": "This is absolutely madness! Nothing in trumps era should be given the time of day!",
            "ups": 2,
            "downs": 0,
            "polarity": 0.3125,
            "subjectivity": 0.9
        },
        {
            "comment_id": "hila9zp",
            "body": "So republicans still want to go with the whole don't help the poor and in need approach",
            "ups": 2,
            "downs": 0,
            "polarity": -0.1,
            "subjectivity": 0.5
        },
        {
            "comment_id": "hil9331",
            "body": "So only RICH immigrants are allowed. That is not very Christian.",
            "ups": 2,
            "downs": 0,
            "polarity": 0.125,
            "subjectivity": 0.5833333333333334
        }
    ],
    "top_comments_hot": [
        {
            "comment_id": "hil10xj",
            "body": "\nAs a reminder, this subreddit [is for civil discussion.](/r/politics/wiki/index#wiki_be_civil)\n\nIn general, be courteous to others. Debate/discuss/argue the merits of ideas, don't attack people. Personal insults, shill or troll accusations, hate speech, any suggestion or support of harm, violence, or death, and other rule violations can result in a permanent ban. \n\nIf you see comments in violation of our rules, please report them.\n\n For those who have questions regarding any media outlets being posted on this subreddit, please click [here](https://www.reddit.com/r/politics/wiki/approveddomainslist) to review our details as to our approved domains list and outlet criteria.\n\n***\n\n\n*I am a bot, and this action was performed automatically. Please [contact the moderators of this subreddit](/message/compose/?to=/r/politics) if you have any questions or concerns.*",
            "ups": 1,
            "downs": 0,
            "polarity": -0.02916666666666667,
            "subjectivity": 0.5291666666666667
        },
        {
            "comment_id": "hil27t6",
            "body": "What\u2019s their argument here\n\nIt was President (trump) right to change the rule but not president (Biden) right to change it back?",
            "ups": 6,
            "downs": 0,
            "polarity": 0.19047619047619047,
            "subjectivity": 0.35714285714285715
        },
        {
            "comment_id": "hil174l",
            "body": "This is absolutely madness! Nothing in trumps era should be given the time of day!",
            "ups": 2,
            "downs": 0,
            "polarity": 0.3125,
            "subjectivity": 0.9
        },
        {
            "comment_id": "hila9zp",
            "body": "So republicans still want to go with the whole don't help the poor and in need approach",
            "ups": 2,
            "downs": 0,
            "polarity": -0.1,
            "subjectivity": 0.5
        },
        {
            "comment_id": "hil9331",
            "body": "So only RICH immigrants are allowed. That is not very Christian.",
            "ups": 3,
            "downs": 0,
            "polarity": 0.125,
            "subjectivity": 0.5833333333333334
        }
    ]
}