{
    "time_posted": "2021-10-30 14:00:13",
    "url": "https://www.youtube.com/watch?v=5E97BY6E--k",
    "time_now": "2021-10-31 17:25:43",
    "ups": "8634",
    "downs": "215",
    "views": "101919",
    "top_comments": [
        {
            "comment": "Thank god I have 7 out of his 17 pic \ud83d\ude00\u2764\ufe0f",
            "likes": 1,
            "number_of_replies": 0,
            "polarity": 0.0,
            "subjectivity": 0.0
        }
    ],
    "comments_since_last_sample": [
        {
            "body": "Should I start sip in these stocks in equal amount wise or equal in  number of stocks??",
            "polarity": 0.2333333333333333,
            "subjectivity": 0.4666666666666666
        },
        {
            "body": "Anyone please tell me how to create stock sip  portfolio when one share of around value of 500 for example Tata motors and another share of value around 6000 for example baj finance??",
            "polarity": 0.0,
            "subjectivity": 0.0
        },
        {
            "body": "\ud83d\udca5",
            "polarity": 0.0,
            "subjectivity": 0.0
        },
        {
            "body": "Happiest mind is not there why?",
            "polarity": 0.0,
            "subjectivity": 0.0
        },
        {
            "body": "Laxmi org. Ko leke paresan tha aapne add krke mood thik kr diya",
            "polarity": 0.0,
            "subjectivity": 0.0
        },
        {
            "body": "Sir what about DIXON & AMI ORGANICS  ????",
            "polarity": 0.0,
            "subjectivity": 0.0
        },
        {
            "body": "very smart list    happy dipawali sir",
            "polarity": 0.5392857142857144,
            "subjectivity": 0.9178571428571429
        },
        {
            "body": "I have all these stocks in my portfolio except ITC . Instead of ITC have SBI, and instead of HDFC I have ICICI .",
            "polarity": 0.0,
            "subjectivity": 0.0
        },
        {
            "body": "Buying Dmart and irctc at these valuations are like doing suicide.....should not buy more than 1% of portfolio...\n\nOnly highly aggressive investors should buy.....high risk high returns categories",
            "polarity": 0.20500000000000002,
            "subjectivity": 0.645
        },
        {
            "body": "sir the anup engineering",
            "polarity": 0.0,
            "subjectivity": 0.0
        },
        {
            "body": "superb",
            "polarity": 1.0,
            "subjectivity": 1.0
        },
        {
            "body": "Dixon",
            "polarity": 0.0,
            "subjectivity": 0.0
        },
        {
            "body": "Muthoot fin,icici bnk, sbi, lti, navin flourine, bajaj finserv, wipro,",
            "polarity": 0.0,
            "subjectivity": 0.0
        },
        {
            "body": "Sir.....wht about asian  paint?",
            "polarity": 0.0,
            "subjectivity": 0.0
        },
        {
            "body": "My investment in\nAffle \nAsian paint\nAstral pipe\nBajaj finance\nCams \nCdsl\nDeepak nitrate\nDivis lab\nDixon\nDmart\nHappiest mind\nHdfc bank\nInfosys\nIndia Mart\nIrctc\nMtar tech\nPidilite\nPolycab\nRelaxo \nReliance\nRoute mobile\nSona comstar\nTitan \nTata elexi\nLarge cap 70%\nMidcap 20%\nSmall cap 10%",
            "polarity": -0.01190476190476191,
            "subjectivity": 0.27619047619047615
        },
        {
            "body": "Sir Chambal fertilizer \nKmc speciality kaisa rhega add krne me",
            "polarity": 0.0,
            "subjectivity": 0.0
        },
        {
            "body": "Sir I totally agree with ur view",
            "polarity": 0.0,
            "subjectivity": 0.75
        },
        {
            "body": "Actual topic start From 5:48",
            "polarity": 0.0,
            "subjectivity": 0.1
        },
        {
            "body": "Nahi dekhenge to irctc jaisa haal hoga jo 6300 to pahuchta hai aur hum profit bhi book nhi kar pate\u2639\ufe0f\u2639\ufe0f\u2639\ufe0f",
            "polarity": 0.0,
            "subjectivity": 0.0
        },
        {
            "body": "Thank god I have 7 out of his 17 pic \ud83d\ude00\u2764\ufe0f",
            "polarity": 0.0,
            "subjectivity": 0.0
        }
    ]
}