{
    "time_posted": "2021-10-30 10:58:46",
    "url": "https://www.youtube.com/watch?v=5kE9PacqtUw",
    "time_now": "2021-11-05 12:47:43",
    "ups": "1817",
    "downs": "366",
    "views": "143592",
    "top_comments": [
        {
            "comment": "JEFFREY LIM FACEBOOK",
            "likes": 1,
            "number_of_replies": 0,
            "polarity": 0.0,
            "subjectivity": 0.0
        },
        {
            "comment": "JEFFREY LIM FACEBOOK",
            "likes": 1,
            "number_of_replies": 0,
            "polarity": 0.0,
            "subjectivity": 0.0
        },
        {
            "comment": "I am Robin Roverdam",
            "likes": 1,
            "number_of_replies": 0,
            "polarity": 0.0,
            "subjectivity": 0.0
        }
    ],
    "comments_since_last_sample": []
}