{
    "time_posted": "2021-10-30 10:58:46",
    "url": "https://www.youtube.com/watch?v=5kE9PacqtUw",
    "time_now": "2021-11-03 15:28:47",
    "ups": "1761",
    "downs": "360",
    "views": "138124",
    "top_comments": [
        {
            "comment": "3 days ago video of G20 summit held in Rome. Complete video report of media in English language is here for viewers.",
            "likes": 1,
            "number_of_replies": 0,
            "polarity": 0.05,
            "subjectivity": 0.2
        },
        {
            "comment": "Joe snoozing during G20-\n\"It was all a dream. I used to read\"\n\"Word Up Magazine\"",
            "likes": 1,
            "number_of_replies": 0,
            "polarity": 0.0,
            "subjectivity": 0.0
        }
    ],
    "comments_since_last_sample": [
        {
            "body": "They r discussing what their next mission will be 2 distroy as. Please all be ready the raprure is the next event 2be happen  and it could happen any time.dont miss it. believe me u don't wanna left behind Jesus is coming.",
            "polarity": -0.04,
            "subjectivity": 0.24
        }
    ]
}