{
    "post_url": "https://www.reddit.com/r/gaming/comments/qj1jey/what_are_the_best_fps_games_out_now/",
    "time_posted": "2021-10-30 09:30:46",
    "time_now": "2021-11-01 22:18:22",
    "ups": 9,
    "downs": 0,
    "comments_since_last_sample": [],
    "top_comments_top": [
        {
            "comment_id": "hin389t",
            "body": "Doom eternal, doom 2, quake 1, ultra kill",
            "ups": 3,
            "downs": 0,
            "polarity": 0.0,
            "subjectivity": 0.0
        },
        {
            "comment_id": "hin4dta",
            "body": "[deleted]",
            "ups": 2,
            "downs": 0,
            "polarity": 0.0,
            "subjectivity": 0.0
        },
        {
            "comment_id": "hin70xu",
            "body": "Doom eternal\n\nDoom 2016\n\nTitanfall 2\n\nHalo Infinite is shaping up to be at least for the MP portion\n\nCall of duty black ops 3 imo is the best cod of last gen and really good.\n\nRainbow six siege has seen better days but its still good.",
            "ups": 1,
            "downs": 0,
            "polarity": 0.34761904761904766,
            "subjectivity": 0.41428571428571426
        },
        {
            "comment_id": "hinbsu5",
            "body": "Escape from tarkov",
            "ups": 1,
            "downs": 0,
            "polarity": 0.0,
            "subjectivity": 0.0
        },
        {
            "comment_id": "hindv2h",
            "body": "Ever tried Splitgate? heard it was like a combination of both Halo &amp; Portal.",
            "ups": 1,
            "downs": 0,
            "polarity": 0.0,
            "subjectivity": 0.0
        }
    ],
    "top_comments_best": [
        {
            "comment_id": "hin4dta",
            "body": "[deleted]",
            "ups": 2,
            "downs": 0,
            "polarity": 0.0,
            "subjectivity": 0.0
        },
        {
            "comment_id": "hin389t",
            "body": "Doom eternal, doom 2, quake 1, ultra kill",
            "ups": 2,
            "downs": 0,
            "polarity": 0.0,
            "subjectivity": 0.0
        },
        {
            "comment_id": "hinbsu5",
            "body": "Escape from tarkov",
            "ups": 1,
            "downs": 0,
            "polarity": 0.0,
            "subjectivity": 0.0
        },
        {
            "comment_id": "hin70xu",
            "body": "Doom eternal\n\nDoom 2016\n\nTitanfall 2\n\nHalo Infinite is shaping up to be at least for the MP portion\n\nCall of duty black ops 3 imo is the best cod of last gen and really good.\n\nRainbow six siege has seen better days but its still good.",
            "ups": 1,
            "downs": 0,
            "polarity": 0.34761904761904766,
            "subjectivity": 0.41428571428571426
        },
        {
            "comment_id": "hindv2h",
            "body": "Ever tried Splitgate? heard it was like a combination of both Halo &amp; Portal.",
            "ups": 1,
            "downs": 0,
            "polarity": 0.0,
            "subjectivity": 0.0
        }
    ],
    "top_comments_hot": [
        {
            "comment_id": "hin4dta",
            "body": "[deleted]",
            "ups": 2,
            "downs": 0,
            "polarity": 0.0,
            "subjectivity": 0.0
        },
        {
            "comment_id": "hin389t",
            "body": "Doom eternal, doom 2, quake 1, ultra kill",
            "ups": 3,
            "downs": 0,
            "polarity": 0.0,
            "subjectivity": 0.0
        },
        {
            "comment_id": "hinbsu5",
            "body": "Escape from tarkov",
            "ups": 1,
            "downs": 0,
            "polarity": 0.0,
            "subjectivity": 0.0
        },
        {
            "comment_id": "hin70xu",
            "body": "Doom eternal\n\nDoom 2016\n\nTitanfall 2\n\nHalo Infinite is shaping up to be at least for the MP portion\n\nCall of duty black ops 3 imo is the best cod of last gen and really good.\n\nRainbow six siege has seen better days but its still good.",
            "ups": 1,
            "downs": 0,
            "polarity": 0.34761904761904766,
            "subjectivity": 0.41428571428571426
        },
        {
            "comment_id": "hindv2h",
            "body": "Ever tried Splitgate? heard it was like a combination of both Halo &amp; Portal.",
            "ups": 1,
            "downs": 0,
            "polarity": 0.0,
            "subjectivity": 0.0
        }
    ]
}