{
    "time_posted": "2021-10-30 14:00:02",
    "url": "https://www.youtube.com/watch?v=6C2NSRtvkm8",
    "time_now": "2021-11-01 22:16:04",
    "ups": "14478",
    "downs": "145",
    "views": "311193",
    "top_comments": [
        {
            "comment": "Dear god, what is wrong with those reloads... \n\nEWwwwwwwwwwww.",
            "likes": 1,
            "number_of_replies": 0,
            "polarity": -0.5,
            "subjectivity": 0.9
        }
    ],
    "comments_since_last_sample": [
        {
            "body": "Idea for gun reaction: Payday 2",
            "polarity": 0.0,
            "subjectivity": 0.0
        },
        {
            "body": "Please react to guns from The Order 1886",
            "polarity": 0.0,
            "subjectivity": 0.0
        },
        {
            "body": "disappointed you didn't cover the m134 :(",
            "polarity": -0.75,
            "subjectivity": 0.875
        },
        {
            "body": "Pleease do Vanguard I wanna see the pain xD",
            "polarity": 0.0,
            "subjectivity": 0.0
        },
        {
            "body": "FULLY MODELLED",
            "polarity": 0.0,
            "subjectivity": 0.0
        },
        {
            "body": "not sure if its implemented anywhere else, nor if its even true, but ive heard police officers say that they sometimes slant their gun in CQC to have more leverage were the target to attempt to grab it, which would make sense in a game like Back 4 Blood anyway.",
            "polarity": 0.039999999999999994,
            "subjectivity": 0.48777777777777775
        },
        {
            "body": "So quick thing about the M1A sight rail. I\u2019ve had one in the past with a rail like that. It\u2019s not attached to the top of the handguard.  The handguard actually has a cutout in it and the rail attaches directly to the barrel so you won\u2019t lose zero.",
            "polarity": 0.13666666666666666,
            "subjectivity": 0.35
        },
        {
            "body": "Let acknowlegde the fact that Jonathan had a m16 in the back the whole time, but still went out of his way to get us something you dont see alot, with the m16 + SUSAT scope",
            "polarity": 0.1,
            "subjectivity": 0.2
        },
        {
            "body": "i want him to do a half life one",
            "polarity": -0.16666666666666666,
            "subjectivity": 0.16666666666666666
        },
        {
            "body": "6:45 And remember: don't hip fire two of those...\n\n\n\nUnless you're a Professional Russian.",
            "polarity": 0.05,
            "subjectivity": 0.05
        },
        {
            "body": "please do about DayZ\n\nthe wepons shud be so fucking real",
            "polarity": 0.2,
            "subjectivity": 0.30000000000000004
        },
        {
            "body": "Fantastic video, as always\nPlease do Payday 2 next!",
            "polarity": 0.2,
            "subjectivity": 0.45
        },
        {
            "body": "2 things, 1 is there are 2 version of the baretta in this game one is single fire the other is burst, cant remember if theres a diff in model of the top of my head, and second the reason both the shotgun and sniper have high zoom scopes is just a game reason of weak/crit point damage. kinda sad the tac wasnt reviewed though",
            "polarity": -0.10455357142857143,
            "subjectivity": 0.4286607142857143
        },
        {
            "body": "I think Hunt Showdown's guns deserve more love. They're very interesting",
            "polarity": 0.5499999999999999,
            "subjectivity": 0.5833333333333334
        },
        {
            "body": "Day 1 i noticed the gun animations and was like \"huh.... they really didn't have enough budget for a consultant did they?\". \ud83e\udd23",
            "polarity": 0.1,
            "subjectivity": 0.35
        },
        {
            "body": "Dear god, what is wrong with those reloads... \n\nEWwwwwwwwwwww.",
            "polarity": -0.5,
            "subjectivity": 0.9
        },
        {
            "body": "when i saw the shotgun shells in the model for the shottie i instantly thought \"i hope Jonathan notices this\" AND HE DID LETS GOOO",
            "polarity": 0.0,
            "subjectivity": 0.6666666666666666
        },
        {
            "body": "What game is that at 0:27? Thanks.",
            "polarity": -0.1,
            "subjectivity": 0.30000000000000004
        },
        {
            "body": "All the reloads are empty ones. Makes no sense.",
            "polarity": -0.1,
            "subjectivity": 0.5
        },
        {
            "body": "Has Jonathan been watching old carry on movies ?",
            "polarity": 0.1,
            "subjectivity": 0.2
        }
    ]
}