{
    "post_url": "https://www.reddit.com/r/gaming/comments/qj2n6y/lady_dimitrescu_would_be_the_queen_of_halloween/",
    "time_posted": "2021-10-30 10:30:53",
    "time_now": "2021-10-31 09:13:17",
    "ups": 3209,
    "downs": 0,
    "comments_since_last_sample": [],
    "top_comments_top": [
        {
            "comment_id": "hink3vc",
            "body": "Now that's a post history \ud83e\udd75",
            "ups": 121,
            "downs": 0,
            "polarity": 0.0,
            "subjectivity": 0.0
        },
        {
            "comment_id": "hiomxmx",
            "body": "Mommy? Sorry. Mommy?. Sorry. Mommy? Sorry.",
            "ups": 15,
            "downs": 0,
            "polarity": -0.5,
            "subjectivity": 1.0
        },
        {
            "comment_id": "hinblel",
            "body": "I thought it was Lust.",
            "ups": 16,
            "downs": 0,
            "polarity": 0.0,
            "subjectivity": 0.0
        },
        {
            "comment_id": "hincnld",
            "body": "The costume that finally takes down the army of Harleys?",
            "ups": 10,
            "downs": 0,
            "polarity": -0.07777777777777779,
            "subjectivity": 0.6444444444444445
        },
        {
            "comment_id": "hip4o1k",
            "body": "Oh nooo shes here...\n\n*locks the doors from inside*",
            "ups": 11,
            "downs": 0,
            "polarity": 0.0,
            "subjectivity": 0.0
        }
    ],
    "top_comments_best": [
        {
            "comment_id": "hink3vc",
            "body": "Now that's a post history \ud83e\udd75",
            "ups": 115,
            "downs": 0,
            "polarity": 0.0,
            "subjectivity": 0.0
        },
        {
            "comment_id": "hinblel",
            "body": "I thought it was Lust.",
            "ups": 15,
            "downs": 0,
            "polarity": 0.0,
            "subjectivity": 0.0
        },
        {
            "comment_id": "hip4o1k",
            "body": "Oh nooo shes here...\n\n*locks the doors from inside*",
            "ups": 11,
            "downs": 0,
            "polarity": 0.0,
            "subjectivity": 0.0
        },
        {
            "comment_id": "hiomxmx",
            "body": "Mommy? Sorry. Mommy?. Sorry. Mommy? Sorry.",
            "ups": 18,
            "downs": 0,
            "polarity": -0.5,
            "subjectivity": 1.0
        },
        {
            "comment_id": "hinagud",
            "body": "That would be Sally.",
            "ups": 3,
            "downs": 0,
            "polarity": 0.0,
            "subjectivity": 0.0
        }
    ],
    "top_comments_hot": [
        {
            "comment_id": "hink3vc",
            "body": "Now that's a post history \ud83e\udd75",
            "ups": 115,
            "downs": 0,
            "polarity": 0.0,
            "subjectivity": 0.0
        },
        {
            "comment_id": "hinblel",
            "body": "I thought it was Lust.",
            "ups": 16,
            "downs": 0,
            "polarity": 0.0,
            "subjectivity": 0.0
        },
        {
            "comment_id": "hip4o1k",
            "body": "Oh nooo shes here...\n\n*locks the doors from inside*",
            "ups": 9,
            "downs": 0,
            "polarity": 0.0,
            "subjectivity": 0.0
        },
        {
            "comment_id": "hiomxmx",
            "body": "Mommy? Sorry. Mommy?. Sorry. Mommy? Sorry.",
            "ups": 15,
            "downs": 0,
            "polarity": -0.5,
            "subjectivity": 1.0
        },
        {
            "comment_id": "hinagud",
            "body": "That would be Sally.",
            "ups": 4,
            "downs": 0,
            "polarity": 0.0,
            "subjectivity": 0.0
        }
    ]
}