{
    "time_posted": "2021-10-30 16:00:13",
    "url": "https://www.youtube.com/watch?v=75DEffOWhT8",
    "time_now": "2021-10-30 20:51:19",
    "ups": "12060",
    "downs": "49",
    "views": "71941",
    "top_comments": [
        {
            "comment": "What a pro gamer move, leaving before he was /forced/ to use his Streamer vocabulary. Truly a legend.",
            "likes": 1,
            "number_of_replies": 0,
            "polarity": 0.0,
            "subjectivity": 0.0
        }
    ],
    "comments_since_last_sample": [
        {
            "body": "Lmao",
            "polarity": 0.6,
            "subjectivity": 1.0
        },
        {
            "body": "with how efficent a sprite artist you are im shocked you werent part of toby's team, you seem to have a perfect understanding of deltarune's style",
            "polarity": 0.15000000000000002,
            "subjectivity": 0.9
        },
        {
            "body": "This is super well done",
            "polarity": 0.3333333333333333,
            "subjectivity": 0.6666666666666666
        },
        {
            "body": "This really feels like a leak of chapter 3",
            "polarity": 0.2,
            "subjectivity": 0.2
        },
        {
            "body": "Looks like Kris got the runback on -Berdly- Falco after all.",
            "polarity": 0.0,
            "subjectivity": 0.0
        },
        {
            "body": "It's so good, omg. Very nice job!",
            "polarity": 0.8375,
            "subjectivity": 0.8
        },
        {
            "body": "make this actually happen in chapter 3 if berdly somehow manages to un die himself",
            "polarity": 0.0,
            "subjectivity": 0.1
        },
        {
            "body": "I see Kris has taken the Hungry Box approach of learning to counter the most abused mechanics in the game.",
            "polarity": 0.04999999999999999,
            "subjectivity": 0.45
        },
        {
            "body": "GoodOne",
            "polarity": 0.0,
            "subjectivity": 0.0
        },
        {
            "body": "RALSEI NOOOOOOOOOO!!!!!! \ud83d\ude02",
            "polarity": 0.0,
            "subjectivity": 0.0
        },
        {
            "body": "These chapter 3 leaks are getting out of hand. Toby needs to put this smack on lock down.",
            "polarity": -0.15555555555555559,
            "subjectivity": 0.2888888888888889
        },
        {
            "body": "0:45 rage quiter XD",
            "polarity": 0.0,
            "subjectivity": 0.0
        },
        {
            "body": "A true gamer...",
            "polarity": 0.35,
            "subjectivity": 0.65
        },
        {
            "body": "What a pro gamer move, leaving before he was /forced/ to use his Streamer vocabulary. Truly a legend.",
            "polarity": 0.0,
            "subjectivity": 0.0
        },
        {
            "body": "Toby. . . You need to hire someone. . . Someone special",
            "polarity": 0.35714285714285715,
            "subjectivity": 0.5714285714285714
        },
        {
            "body": "alt title: Berdly has a gamer moment",
            "polarity": 0.0,
            "subjectivity": 0.0
        },
        {
            "body": "Berdly: \"A\" _proceeds to phase out of existence_",
            "polarity": 0.0,
            "subjectivity": 0.0
        },
        {
            "body": "I could imagine Toby including this kind of stuff in the actual game, that\u2019s why we all love him",
            "polarity": 0.175,
            "subjectivity": 0.5
        },
        {
            "body": "Berdly go to brazil",
            "polarity": 0.0,
            "subjectivity": 0.0
        },
        {
            "body": "THIS SHIT HITS HARD\n\nFEEL FREE TO REPOST",
            "polarity": -0.030555555555555558,
            "subjectivity": 0.7138888888888889
        }
    ]
}