{
    "post_url": "https://www.reddit.com/r/gaming/comments/qj0jns/conversation_with_gory_gaming_developer_of_days/",
    "time_posted": "2021-10-30 08:32:35",
    "time_now": "2021-11-02 02:25:50",
    "ups": 3,
    "downs": 0,
    "comments_since_last_sample": [],
    "top_comments_top": [
        {
            "comment_id": "hink8om",
            "body": "Awesome! Very interesting",
            "ups": 1,
            "downs": 0,
            "polarity": 0.825,
            "subjectivity": 0.825
        }
    ],
    "top_comments_best": [
        {
            "comment_id": "hink8om",
            "body": "Awesome! Very interesting",
            "ups": 1,
            "downs": 0,
            "polarity": 0.825,
            "subjectivity": 0.825
        }
    ],
    "top_comments_hot": [
        {
            "comment_id": "hink8om",
            "body": "Awesome! Very interesting",
            "ups": 1,
            "downs": 0,
            "polarity": 0.825,
            "subjectivity": 0.825
        }
    ]
}