{
    "post_url": "https://www.reddit.com/r/gaming/comments/qiyrwt/i_want_to_get_into_onlinefps_genre_what_do_you/",
    "time_posted": "2021-10-30 06:30:33",
    "time_now": "2021-11-01 22:18:53",
    "ups": 1,
    "downs": 0,
    "comments_since_last_sample": [],
    "top_comments_top": [
        {
            "comment_id": "himml68",
            "body": "Depends. What system you on? If pc there\u2019s valorant csgo both F2P there\u2019s squad hell let loose I\u2019ve been enjoying bf4 and bf5. I\u2019d stay away from CoD",
            "ups": 1,
            "downs": 0,
            "polarity": 0.21153846153846154,
            "subjectivity": 0.4346153846153846
        },
        {
            "comment_id": "himnz2n",
            "body": "Battlefield is probably the most casual one.\n\nCan't hurt to give one of those a try. Any of the ones that didn't release this year will probably be pretty cheap as well.",
            "ups": 1,
            "downs": 0,
            "polarity": 0.16249999999999998,
            "subjectivity": 0.7666666666666666
        },
        {
            "comment_id": "himmmrk",
            "body": "What is best, depends a bit on what you like. There are FPS games who are played as massive blobs of players trying to kill each other (Like COD Warzone), as smaller more tactically minded teamplayer games (like Rainbow 6 Siege), more casual fun games with fulfilling objectives being the primary goal  (Overwatch), some are realistic military simulations and extremely deadly etc. \n\nPerhaps you could describe a bit more the style and gameplay you like, what you enjoyed so far in the past etc, because there could be a good dozen or so recommendations for all tastes. \n\nOtherwise it is a bit like *\"I like this thing called \"food\", what do you recommend?\"*. ;-)\n\nSYL",
            "ups": 0,
            "downs": 0,
            "polarity": 0.20787037037037034,
            "subjectivity": 0.5347222222222221
        },
        {
            "comment_id": "himmn3e",
            "body": "Depends what you're into really. Overwatch, Counter Strike, and the latest Call of Duty are three good places to start. I'd recommend watching a couple streams and then get the one that looks most interesting. \n\nPersonally I'm not a huge fan of FPS PvP but out of those I did enjoy Overwatch.",
            "ups": 0,
            "downs": 0,
            "polarity": 0.3714285714285714,
            "subjectivity": 0.5857142857142856
        },
        {
            "comment_id": "himoxx6",
            "body": "For starters i would recomend Battelfield or Cod , both games are the most Basic af , with decades of the same funktions and the player Basees both think the other game sucks ass , but you cant compare them because Battelfield is a FPS with big maps many Player up to 32 poeple on each site and CoD is a more fast game with smaler maps and up zo 8 player per map , so both games are good on there terretory but be ware to talk to them about the other game they will cry like Babys and insult you and your famalie. But these to are good for starters and my favorite game is Battelfield .",
            "ups": 0,
            "downs": 0,
            "polarity": 0.08529411764705881,
            "subjectivity": 0.4294117647058824
        }
    ],
    "top_comments_best": [
        {
            "comment_id": "himml68",
            "body": "Depends. What system you on? If pc there\u2019s valorant csgo both F2P there\u2019s squad hell let loose I\u2019ve been enjoying bf4 and bf5. I\u2019d stay away from CoD",
            "ups": 1,
            "downs": 0,
            "polarity": 0.21153846153846154,
            "subjectivity": 0.4346153846153846
        },
        {
            "comment_id": "himnz2n",
            "body": "Battlefield is probably the most casual one.\n\nCan't hurt to give one of those a try. Any of the ones that didn't release this year will probably be pretty cheap as well.",
            "ups": 1,
            "downs": 0,
            "polarity": 0.16249999999999998,
            "subjectivity": 0.7666666666666666
        },
        {
            "comment_id": "himmmrk",
            "body": "What is best, depends a bit on what you like. There are FPS games who are played as massive blobs of players trying to kill each other (Like COD Warzone), as smaller more tactically minded teamplayer games (like Rainbow 6 Siege), more casual fun games with fulfilling objectives being the primary goal  (Overwatch), some are realistic military simulations and extremely deadly etc. \n\nPerhaps you could describe a bit more the style and gameplay you like, what you enjoyed so far in the past etc, because there could be a good dozen or so recommendations for all tastes. \n\nOtherwise it is a bit like *\"I like this thing called \"food\", what do you recommend?\"*. ;-)\n\nSYL",
            "ups": 0,
            "downs": 0,
            "polarity": 0.20787037037037034,
            "subjectivity": 0.5347222222222221
        },
        {
            "comment_id": "himmn3e",
            "body": "Depends what you're into really. Overwatch, Counter Strike, and the latest Call of Duty are three good places to start. I'd recommend watching a couple streams and then get the one that looks most interesting. \n\nPersonally I'm not a huge fan of FPS PvP but out of those I did enjoy Overwatch.",
            "ups": 0,
            "downs": 0,
            "polarity": 0.3714285714285714,
            "subjectivity": 0.5857142857142856
        },
        {
            "comment_id": "himoxx6",
            "body": "For starters i would recomend Battelfield or Cod , both games are the most Basic af , with decades of the same funktions and the player Basees both think the other game sucks ass , but you cant compare them because Battelfield is a FPS with big maps many Player up to 32 poeple on each site and CoD is a more fast game with smaler maps and up zo 8 player per map , so both games are good on there terretory but be ware to talk to them about the other game they will cry like Babys and insult you and your famalie. But these to are good for starters and my favorite game is Battelfield .",
            "ups": 0,
            "downs": 0,
            "polarity": 0.08529411764705881,
            "subjectivity": 0.4294117647058824
        }
    ],
    "top_comments_hot": [
        {
            "comment_id": "himml68",
            "body": "Depends. What system you on? If pc there\u2019s valorant csgo both F2P there\u2019s squad hell let loose I\u2019ve been enjoying bf4 and bf5. I\u2019d stay away from CoD",
            "ups": 1,
            "downs": 0,
            "polarity": 0.21153846153846154,
            "subjectivity": 0.4346153846153846
        },
        {
            "comment_id": "himnz2n",
            "body": "Battlefield is probably the most casual one.\n\nCan't hurt to give one of those a try. Any of the ones that didn't release this year will probably be pretty cheap as well.",
            "ups": 1,
            "downs": 0,
            "polarity": 0.16249999999999998,
            "subjectivity": 0.7666666666666666
        },
        {
            "comment_id": "himmmrk",
            "body": "What is best, depends a bit on what you like. There are FPS games who are played as massive blobs of players trying to kill each other (Like COD Warzone), as smaller more tactically minded teamplayer games (like Rainbow 6 Siege), more casual fun games with fulfilling objectives being the primary goal  (Overwatch), some are realistic military simulations and extremely deadly etc. \n\nPerhaps you could describe a bit more the style and gameplay you like, what you enjoyed so far in the past etc, because there could be a good dozen or so recommendations for all tastes. \n\nOtherwise it is a bit like *\"I like this thing called \"food\", what do you recommend?\"*. ;-)\n\nSYL",
            "ups": 0,
            "downs": 0,
            "polarity": 0.20787037037037034,
            "subjectivity": 0.5347222222222221
        },
        {
            "comment_id": "himmn3e",
            "body": "Depends what you're into really. Overwatch, Counter Strike, and the latest Call of Duty are three good places to start. I'd recommend watching a couple streams and then get the one that looks most interesting. \n\nPersonally I'm not a huge fan of FPS PvP but out of those I did enjoy Overwatch.",
            "ups": 0,
            "downs": 0,
            "polarity": 0.3714285714285714,
            "subjectivity": 0.5857142857142856
        },
        {
            "comment_id": "himoxx6",
            "body": "For starters i would recomend Battelfield or Cod , both games are the most Basic af , with decades of the same funktions and the player Basees both think the other game sucks ass , but you cant compare them because Battelfield is a FPS with big maps many Player up to 32 poeple on each site and CoD is a more fast game with smaler maps and up zo 8 player per map , so both games are good on there terretory but be ware to talk to them about the other game they will cry like Babys and insult you and your famalie. But these to are good for starters and my favorite game is Battelfield .",
            "ups": 0,
            "downs": 0,
            "polarity": 0.08529411764705881,
            "subjectivity": 0.4294117647058824
        }
    ]
}