{
    "post_url": "https://www.reddit.com/r/politics/comments/qj40x0/governor_calls_special_session_success_far_from/",
    "time_posted": "2021-10-30 11:40:05",
    "time_now": "2021-11-01 09:56:59",
    "ups": 29,
    "downs": 0,
    "comments_since_last_sample": [],
    "top_comments_top": [
        {
            "comment_id": "hinjl0j",
            "body": "\nAs a reminder, this subreddit [is for civil discussion.](/r/politics/wiki/index#wiki_be_civil)\n\nIn general, be courteous to others. Debate/discuss/argue the merits of ideas, don't attack people. Personal insults, shill or troll accusations, hate speech, any suggestion or support of harm, violence, or death, and other rule violations can result in a permanent ban. \n\nIf you see comments in violation of our rules, please report them.\n\n For those who have questions regarding any media outlets being posted on this subreddit, please click [here](https://www.reddit.com/r/politics/wiki/approveddomainslist) to review our details as to our approved domains list and outlet criteria.\n\n***\n\n\n*I am a bot, and this action was performed automatically. Please [contact the moderators of this subreddit](/message/compose/?to=/r/politics) if you have any questions or concerns.*",
            "ups": 1,
            "downs": 0,
            "polarity": -0.02916666666666667,
            "subjectivity": 0.5291666666666667
        },
        {
            "comment_id": "hink6m3",
            "body": "Basically the Florida Governor is calling the session to pass legislation to prevent people from being fired because they won't get vaccinated. \n\n&amp;#x200B;\n\nHuh. Looks like you are trying to force private businesses to do something against they're wishes? Whatever happened to business first and let businesses do whatever they want?",
            "ups": 19,
            "downs": 0,
            "polarity": 0.125,
            "subjectivity": 0.35416666666666663
        },
        {
            "comment_id": "hinkapl",
            "body": "Smart people acting dumb for votes is such a weird tradition in the GOP.",
            "ups": 9,
            "downs": 0,
            "polarity": -0.13214285714285715,
            "subjectivity": 0.5285714285714286
        },
        {
            "comment_id": "hinpfy1",
            "body": "Given that it's him in the picture, I hope he fails hard, but realize that he's playing with loaded dice",
            "ups": 2,
            "downs": 0,
            "polarity": -0.39583333333333337,
            "subjectivity": 0.4208333333333333
        }
    ],
    "top_comments_best": [
        {
            "comment_id": "hinjl0j",
            "body": "\nAs a reminder, this subreddit [is for civil discussion.](/r/politics/wiki/index#wiki_be_civil)\n\nIn general, be courteous to others. Debate/discuss/argue the merits of ideas, don't attack people. Personal insults, shill or troll accusations, hate speech, any suggestion or support of harm, violence, or death, and other rule violations can result in a permanent ban. \n\nIf you see comments in violation of our rules, please report them.\n\n For those who have questions regarding any media outlets being posted on this subreddit, please click [here](https://www.reddit.com/r/politics/wiki/approveddomainslist) to review our details as to our approved domains list and outlet criteria.\n\n***\n\n\n*I am a bot, and this action was performed automatically. Please [contact the moderators of this subreddit](/message/compose/?to=/r/politics) if you have any questions or concerns.*",
            "ups": 1,
            "downs": 0,
            "polarity": -0.02916666666666667,
            "subjectivity": 0.5291666666666667
        },
        {
            "comment_id": "hink6m3",
            "body": "Basically the Florida Governor is calling the session to pass legislation to prevent people from being fired because they won't get vaccinated. \n\n&amp;#x200B;\n\nHuh. Looks like you are trying to force private businesses to do something against they're wishes? Whatever happened to business first and let businesses do whatever they want?",
            "ups": 17,
            "downs": 0,
            "polarity": 0.125,
            "subjectivity": 0.35416666666666663
        },
        {
            "comment_id": "hinkapl",
            "body": "Smart people acting dumb for votes is such a weird tradition in the GOP.",
            "ups": 9,
            "downs": 0,
            "polarity": -0.13214285714285715,
            "subjectivity": 0.5285714285714286
        },
        {
            "comment_id": "hinpfy1",
            "body": "Given that it's him in the picture, I hope he fails hard, but realize that he's playing with loaded dice",
            "ups": 2,
            "downs": 0,
            "polarity": -0.39583333333333337,
            "subjectivity": 0.4208333333333333
        }
    ],
    "top_comments_hot": [
        {
            "comment_id": "hinjl0j",
            "body": "\nAs a reminder, this subreddit [is for civil discussion.](/r/politics/wiki/index#wiki_be_civil)\n\nIn general, be courteous to others. Debate/discuss/argue the merits of ideas, don't attack people. Personal insults, shill or troll accusations, hate speech, any suggestion or support of harm, violence, or death, and other rule violations can result in a permanent ban. \n\nIf you see comments in violation of our rules, please report them.\n\n For those who have questions regarding any media outlets being posted on this subreddit, please click [here](https://www.reddit.com/r/politics/wiki/approveddomainslist) to review our details as to our approved domains list and outlet criteria.\n\n***\n\n\n*I am a bot, and this action was performed automatically. Please [contact the moderators of this subreddit](/message/compose/?to=/r/politics) if you have any questions or concerns.*",
            "ups": 1,
            "downs": 0,
            "polarity": -0.02916666666666667,
            "subjectivity": 0.5291666666666667
        },
        {
            "comment_id": "hink6m3",
            "body": "Basically the Florida Governor is calling the session to pass legislation to prevent people from being fired because they won't get vaccinated. \n\n&amp;#x200B;\n\nHuh. Looks like you are trying to force private businesses to do something against they're wishes? Whatever happened to business first and let businesses do whatever they want?",
            "ups": 17,
            "downs": 0,
            "polarity": 0.125,
            "subjectivity": 0.35416666666666663
        },
        {
            "comment_id": "hinkapl",
            "body": "Smart people acting dumb for votes is such a weird tradition in the GOP.",
            "ups": 10,
            "downs": 0,
            "polarity": -0.13214285714285715,
            "subjectivity": 0.5285714285714286
        },
        {
            "comment_id": "hinpfy1",
            "body": "Given that it's him in the picture, I hope he fails hard, but realize that he's playing with loaded dice",
            "ups": 2,
            "downs": 0,
            "polarity": -0.39583333333333337,
            "subjectivity": 0.4208333333333333
        }
    ]
}