{
    "post_url": "https://www.reddit.com/r/LifeProTips/comments/qimph8/lpt_if_you_ever_have_to_hitchhike_or_take_a_ride/",
    "time_posted": "2021-10-29 17:21:28",
    "time_now": "2021-10-31 09:16:53",
    "ups": 86,
    "downs": 0,
    "comments_since_last_sample": [],
    "top_comments_top": [
        {
            "comment_id": "hikciva",
            "body": "Hello and welcome to r/LifeProTips!\n\nPlease help us decide if this post is a good fit for the subreddit by up or downvoting this comment. \n\nIf you think that this is great advice to improve your life, please upvote. If you think this doesn't help you in any way, please downvote. If you don't care, leave it for the others to decide.",
            "ups": 1,
            "downs": 0,
            "polarity": 0.7250000000000001,
            "subjectivity": 0.6625
        },
        {
            "comment_id": "hikfqbb",
            "body": "Lpt If you ever plan on murdering a hitchhiker, put a fake license plate on first.",
            "ups": 52,
            "downs": 0,
            "polarity": -0.125,
            "subjectivity": 0.6666666666666666
        },
        {
            "comment_id": "hikdmoy",
            "body": "If i was kind enough to give a ride to a stranger and they whip out their phone and start taking pics of my car and license plate I would drive away lol. That would seem super sketchy to me. The pro tip would be to never use a stranger as a ride. Friends, family, cabs, uber. No reason to ask a stranger, nevermind asking one abd start taking pics of their belongings",
            "ups": 25,
            "downs": 0,
            "polarity": 0.4333333333333333,
            "subjectivity": 0.6916666666666665
        },
        {
            "comment_id": "hikgr9z",
            "body": "When I was 16 (a long time ago!) I used to hitchhike. One guy that gave me a lift started going the opposite way and I freaked out. He was actually just taking a shortcut but at that moment I realized how incredibly fucking stupid I was for getting in a strangers car. Never did it again.",
            "ups": 26,
            "downs": 0,
            "polarity": -0.21562499999999998,
            "subjectivity": 0.375
        },
        {
            "comment_id": "hikzrjd",
            "body": "First, by giving a ride I'm already taking a risk of being robbed by the hitchhiker. Then the person starts taking pictures of my vehicle? Nope. Get out and walk, your suspiciously acting stranger.",
            "ups": 21,
            "downs": 0,
            "polarity": 0.125,
            "subjectivity": 0.16666666666666666
        }
    ],
    "top_comments_best": [
        {
            "comment_id": "hikciva",
            "body": "Hello and welcome to r/LifeProTips!\n\nPlease help us decide if this post is a good fit for the subreddit by up or downvoting this comment. \n\nIf you think that this is great advice to improve your life, please upvote. If you think this doesn't help you in any way, please downvote. If you don't care, leave it for the others to decide.",
            "ups": 1,
            "downs": 0,
            "polarity": 0.7250000000000001,
            "subjectivity": 0.6625
        },
        {
            "comment_id": "hikfqbb",
            "body": "Lpt If you ever plan on murdering a hitchhiker, put a fake license plate on first.",
            "ups": 55,
            "downs": 0,
            "polarity": -0.125,
            "subjectivity": 0.6666666666666666
        },
        {
            "comment_id": "hikgr9z",
            "body": "When I was 16 (a long time ago!) I used to hitchhike. One guy that gave me a lift started going the opposite way and I freaked out. He was actually just taking a shortcut but at that moment I realized how incredibly fucking stupid I was for getting in a strangers car. Never did it again.",
            "ups": 23,
            "downs": 0,
            "polarity": -0.21562499999999998,
            "subjectivity": 0.375
        },
        {
            "comment_id": "hikzrjd",
            "body": "First, by giving a ride I'm already taking a risk of being robbed by the hitchhiker. Then the person starts taking pictures of my vehicle? Nope. Get out and walk, your suspiciously acting stranger.",
            "ups": 22,
            "downs": 0,
            "polarity": 0.125,
            "subjectivity": 0.16666666666666666
        },
        {
            "comment_id": "hikdmoy",
            "body": "If i was kind enough to give a ride to a stranger and they whip out their phone and start taking pics of my car and license plate I would drive away lol. That would seem super sketchy to me. The pro tip would be to never use a stranger as a ride. Friends, family, cabs, uber. No reason to ask a stranger, nevermind asking one abd start taking pics of their belongings",
            "ups": 25,
            "downs": 0,
            "polarity": 0.4333333333333333,
            "subjectivity": 0.6916666666666665
        }
    ],
    "top_comments_hot": [
        {
            "comment_id": "hikciva",
            "body": "Hello and welcome to r/LifeProTips!\n\nPlease help us decide if this post is a good fit for the subreddit by up or downvoting this comment. \n\nIf you think that this is great advice to improve your life, please upvote. If you think this doesn't help you in any way, please downvote. If you don't care, leave it for the others to decide.",
            "ups": 1,
            "downs": 0,
            "polarity": 0.7250000000000001,
            "subjectivity": 0.6625
        },
        {
            "comment_id": "hikfqbb",
            "body": "Lpt If you ever plan on murdering a hitchhiker, put a fake license plate on first.",
            "ups": 57,
            "downs": 0,
            "polarity": -0.125,
            "subjectivity": 0.6666666666666666
        },
        {
            "comment_id": "hikgr9z",
            "body": "When I was 16 (a long time ago!) I used to hitchhike. One guy that gave me a lift started going the opposite way and I freaked out. He was actually just taking a shortcut but at that moment I realized how incredibly fucking stupid I was for getting in a strangers car. Never did it again.",
            "ups": 26,
            "downs": 0,
            "polarity": -0.21562499999999998,
            "subjectivity": 0.375
        },
        {
            "comment_id": "hikzrjd",
            "body": "First, by giving a ride I'm already taking a risk of being robbed by the hitchhiker. Then the person starts taking pictures of my vehicle? Nope. Get out and walk, your suspiciously acting stranger.",
            "ups": 22,
            "downs": 0,
            "polarity": 0.125,
            "subjectivity": 0.16666666666666666
        },
        {
            "comment_id": "hikdmoy",
            "body": "If i was kind enough to give a ride to a stranger and they whip out their phone and start taking pics of my car and license plate I would drive away lol. That would seem super sketchy to me. The pro tip would be to never use a stranger as a ride. Friends, family, cabs, uber. No reason to ask a stranger, nevermind asking one abd start taking pics of their belongings",
            "ups": 24,
            "downs": 0,
            "polarity": 0.4333333333333333,
            "subjectivity": 0.6916666666666665
        }
    ]
}