{
    "post_url": "https://www.reddit.com/r/Music/comments/qj10ni/anybody_else_like_the_band_toto_and_think_theyre/",
    "time_posted": "2021-10-30 09:01:02",
    "time_now": "2021-11-01 14:02:26",
    "ups": 5,
    "downs": 0,
    "comments_since_last_sample": [],
    "top_comments_top": [
        {
            "comment_id": "hin2c5b",
            "body": "\"pretty underrated\" = 12 million monthly listeners on spotify\n\n???????????",
            "ups": 9,
            "downs": 0,
            "polarity": 0.25,
            "subjectivity": 1.0
        },
        {
            "comment_id": "himzx6q",
            "body": "You can't mention Toto and not Africa. It is the first song i remember in my life back in 1984 or something, exept my mothers lullabies. Been trying to listen to their stuff, but it doesn't catch my attention, Africa is a song i love though.",
            "ups": 6,
            "downs": 0,
            "polarity": 0.25,
            "subjectivity": 0.3111111111111111
        },
        {
            "comment_id": "hin10xg",
            "body": "Love 'em! They also did the soundtrack for the original 1984 movie, Dune",
            "ups": 6,
            "downs": 0,
            "polarity": 0.5,
            "subjectivity": 0.675
        },
        {
            "comment_id": "hin15z4",
            "body": "The Boz Scaggs album - Silk degrees has most of Toto playing, also.",
            "ups": 6,
            "downs": 0,
            "polarity": 0.5,
            "subjectivity": 0.5
        },
        {
            "comment_id": "hin651q",
            "body": "Like Steely Dan, they are definitely a musicians band that became a commercial success as well. Steve Lukather is by far the most underrated guitarist of all time!!!",
            "ups": 4,
            "downs": 0,
            "polarity": 0.27531249999999996,
            "subjectivity": 0.4
        }
    ],
    "top_comments_best": [
        {
            "comment_id": "hin2c5b",
            "body": "\"pretty underrated\" = 12 million monthly listeners on spotify\n\n???????????",
            "ups": 9,
            "downs": 0,
            "polarity": 0.25,
            "subjectivity": 1.0
        },
        {
            "comment_id": "himzx6q",
            "body": "You can't mention Toto and not Africa. It is the first song i remember in my life back in 1984 or something, exept my mothers lullabies. Been trying to listen to their stuff, but it doesn't catch my attention, Africa is a song i love though.",
            "ups": 5,
            "downs": 0,
            "polarity": 0.25,
            "subjectivity": 0.3111111111111111
        },
        {
            "comment_id": "hin10xg",
            "body": "Love 'em! They also did the soundtrack for the original 1984 movie, Dune",
            "ups": 6,
            "downs": 0,
            "polarity": 0.5,
            "subjectivity": 0.675
        },
        {
            "comment_id": "hin15z4",
            "body": "The Boz Scaggs album - Silk degrees has most of Toto playing, also.",
            "ups": 6,
            "downs": 0,
            "polarity": 0.5,
            "subjectivity": 0.5
        },
        {
            "comment_id": "hin651q",
            "body": "Like Steely Dan, they are definitely a musicians band that became a commercial success as well. Steve Lukather is by far the most underrated guitarist of all time!!!",
            "ups": 4,
            "downs": 0,
            "polarity": 0.27531249999999996,
            "subjectivity": 0.4
        }
    ],
    "top_comments_hot": [
        {
            "comment_id": "hin2c5b",
            "body": "\"pretty underrated\" = 12 million monthly listeners on spotify\n\n???????????",
            "ups": 8,
            "downs": 0,
            "polarity": 0.25,
            "subjectivity": 1.0
        },
        {
            "comment_id": "himzx6q",
            "body": "You can't mention Toto and not Africa. It is the first song i remember in my life back in 1984 or something, exept my mothers lullabies. Been trying to listen to their stuff, but it doesn't catch my attention, Africa is a song i love though.",
            "ups": 7,
            "downs": 0,
            "polarity": 0.25,
            "subjectivity": 0.3111111111111111
        },
        {
            "comment_id": "hin10xg",
            "body": "Love 'em! They also did the soundtrack for the original 1984 movie, Dune",
            "ups": 6,
            "downs": 0,
            "polarity": 0.5,
            "subjectivity": 0.675
        },
        {
            "comment_id": "hin15z4",
            "body": "The Boz Scaggs album - Silk degrees has most of Toto playing, also.",
            "ups": 7,
            "downs": 0,
            "polarity": 0.5,
            "subjectivity": 0.5
        },
        {
            "comment_id": "hin651q",
            "body": "Like Steely Dan, they are definitely a musicians band that became a commercial success as well. Steve Lukather is by far the most underrated guitarist of all time!!!",
            "ups": 5,
            "downs": 0,
            "polarity": 0.27531249999999996,
            "subjectivity": 0.4
        }
    ]
}