{
    "post_url": "https://www.reddit.com/r/Music/comments/qiuki2/should_i_get_rid_of_a_guitar_that_sounds_nice_but/",
    "time_posted": "2021-10-30 01:13:00",
    "time_now": "2021-10-30 20:52:39",
    "ups": 1,
    "downs": 0,
    "comments_since_last_sample": [],
    "top_comments_top": [
        {
            "comment_id": "hily1ag",
            "body": "Keep the Comfortable to play. \n\nGet rid of uncomfortable. If it\u2019s uncomfortable, you\u2019ll rarely play it, and your skills will decline\u2026 and then you\u2019ll sound ever worse.",
            "ups": 6,
            "downs": 0,
            "polarity": -0.049999999999999996,
            "subjectivity": 0.7833333333333332
        },
        {
            "comment_id": "hilzy2g",
            "body": "I think you should sell both and get one that is both good sounding and comfortable.",
            "ups": 5,
            "downs": 0,
            "polarity": 0.55,
            "subjectivity": 0.7000000000000001
        },
        {
            "comment_id": "hily33y",
            "body": "Think you just answered your own question there bud",
            "ups": 3,
            "downs": 0,
            "polarity": 0.6,
            "subjectivity": 1.0
        },
        {
            "comment_id": "hily4p8",
            "body": "If sweet riffs can be played on a hello kitty guitar, definitely go for comfort. With the right hands something terrible can sound great.",
            "ups": 2,
            "downs": 0,
            "polarity": 0.1392857142857143,
            "subjectivity": 0.6392857142857142
        },
        {
            "comment_id": "hily8z6",
            "body": "Why is it uncomfortable?",
            "ups": 2,
            "downs": 0,
            "polarity": -0.5,
            "subjectivity": 1.0
        }
    ],
    "top_comments_best": [
        {
            "comment_id": "hily1ag",
            "body": "Keep the Comfortable to play. \n\nGet rid of uncomfortable. If it\u2019s uncomfortable, you\u2019ll rarely play it, and your skills will decline\u2026 and then you\u2019ll sound ever worse.",
            "ups": 5,
            "downs": 0,
            "polarity": -0.049999999999999996,
            "subjectivity": 0.7833333333333332
        },
        {
            "comment_id": "hilzy2g",
            "body": "I think you should sell both and get one that is both good sounding and comfortable.",
            "ups": 4,
            "downs": 0,
            "polarity": 0.55,
            "subjectivity": 0.7000000000000001
        },
        {
            "comment_id": "hily33y",
            "body": "Think you just answered your own question there bud",
            "ups": 3,
            "downs": 0,
            "polarity": 0.6,
            "subjectivity": 1.0
        },
        {
            "comment_id": "hily4p8",
            "body": "If sweet riffs can be played on a hello kitty guitar, definitely go for comfort. With the right hands something terrible can sound great.",
            "ups": 2,
            "downs": 0,
            "polarity": 0.1392857142857143,
            "subjectivity": 0.6392857142857142
        },
        {
            "comment_id": "hily8z6",
            "body": "Why is it uncomfortable?",
            "ups": 2,
            "downs": 0,
            "polarity": -0.5,
            "subjectivity": 1.0
        }
    ],
    "top_comments_hot": [
        {
            "comment_id": "hily1ag",
            "body": "Keep the Comfortable to play. \n\nGet rid of uncomfortable. If it\u2019s uncomfortable, you\u2019ll rarely play it, and your skills will decline\u2026 and then you\u2019ll sound ever worse.",
            "ups": 7,
            "downs": 0,
            "polarity": -0.049999999999999996,
            "subjectivity": 0.7833333333333332
        },
        {
            "comment_id": "hilzy2g",
            "body": "I think you should sell both and get one that is both good sounding and comfortable.",
            "ups": 4,
            "downs": 0,
            "polarity": 0.55,
            "subjectivity": 0.7000000000000001
        },
        {
            "comment_id": "hily33y",
            "body": "Think you just answered your own question there bud",
            "ups": 3,
            "downs": 0,
            "polarity": 0.6,
            "subjectivity": 1.0
        },
        {
            "comment_id": "hily4p8",
            "body": "If sweet riffs can be played on a hello kitty guitar, definitely go for comfort. With the right hands something terrible can sound great.",
            "ups": 2,
            "downs": 0,
            "polarity": 0.1392857142857143,
            "subjectivity": 0.6392857142857142
        },
        {
            "comment_id": "hily8z6",
            "body": "Why is it uncomfortable?",
            "ups": 2,
            "downs": 0,
            "polarity": -0.5,
            "subjectivity": 1.0
        }
    ]
}