{
    "post_url": "https://www.reddit.com/r/politics/comments/qj1nxi/trump_wants_call_logs_aides_notes_hidden_from_jan/",
    "time_posted": "2021-10-30 09:38:01",
    "time_now": "2021-11-05 21:06:33",
    "ups": 6025,
    "downs": 0,
    "comments_since_last_sample": [],
    "top_comments_top": [
        {
            "comment_id": "hin3v3k",
            "body": "\nAs a reminder, this subreddit [is for civil discussion.](/r/politics/wiki/index#wiki_be_civil)\n\nIn general, be courteous to others. Debate/discuss/argue the merits of ideas, don't attack people. Personal insults, shill or troll accusations, hate speech, any suggestion or support of harm, violence, or death, and other rule violations can result in a permanent ban. \n\nIf you see comments in violation of our rules, please report them.\n\n For those who have questions regarding any media outlets being posted on this subreddit, please click [here](https://www.reddit.com/r/politics/wiki/approveddomainslist) to review our details as to our approved domains list and outlet criteria.\n\n***\n\n\n*I am a bot, and this action was performed automatically. Please [contact the moderators of this subreddit](/message/compose/?to=/r/politics) if you have any questions or concerns.*",
            "ups": 1,
            "downs": 0,
            "polarity": -0.02916666666666667,
            "subjectivity": 0.5291666666666667
        },
        {
            "comment_id": "hin4oey",
            "body": "It's like he's telling them where to look. Lol.",
            "ups": 1028,
            "downs": 0,
            "polarity": 0.8,
            "subjectivity": 0.7
        },
        {
            "comment_id": "hin409u",
            "body": "He can want that as much as he likes, he has no say in the matter.  Good way to avoid getting caught is to never do any misdeeds in the first place.  Such a dumb, dumb little boy.",
            "ups": 742,
            "downs": 0,
            "polarity": 0.030357142857142843,
            "subjectivity": 0.44761904761904764
        },
        {
            "comment_id": "hin4jrk",
            "body": "Spoken like an innocent man\u2026",
            "ups": 258,
            "downs": 0,
            "polarity": 0.5,
            "subjectivity": 0.7
        },
        {
            "comment_id": "hing2rb",
            "body": "This is public property.  Those phones and computers belong to the taxpayers.\n\nDespite what Republicans want you to believe, Donald Trump doesn't own the presidency.",
            "ups": 249,
            "downs": 0,
            "polarity": 0.3,
            "subjectivity": 0.5333333333333333
        }
    ],
    "top_comments_best": [
        {
            "comment_id": "hin3v3k",
            "body": "\nAs a reminder, this subreddit [is for civil discussion.](/r/politics/wiki/index#wiki_be_civil)\n\nIn general, be courteous to others. Debate/discuss/argue the merits of ideas, don't attack people. Personal insults, shill or troll accusations, hate speech, any suggestion or support of harm, violence, or death, and other rule violations can result in a permanent ban. \n\nIf you see comments in violation of our rules, please report them.\n\n For those who have questions regarding any media outlets being posted on this subreddit, please click [here](https://www.reddit.com/r/politics/wiki/approveddomainslist) to review our details as to our approved domains list and outlet criteria.\n\n***\n\n\n*I am a bot, and this action was performed automatically. Please [contact the moderators of this subreddit](/message/compose/?to=/r/politics) if you have any questions or concerns.*",
            "ups": 1,
            "downs": 0,
            "polarity": -0.02916666666666667,
            "subjectivity": 0.5291666666666667
        },
        {
            "comment_id": "hin4oey",
            "body": "It's like he's telling them where to look. Lol.",
            "ups": 1028,
            "downs": 0,
            "polarity": 0.8,
            "subjectivity": 0.7
        },
        {
            "comment_id": "hin4jrk",
            "body": "Spoken like an innocent man\u2026",
            "ups": 261,
            "downs": 0,
            "polarity": 0.5,
            "subjectivity": 0.7
        },
        {
            "comment_id": "hin409u",
            "body": "He can want that as much as he likes, he has no say in the matter.  Good way to avoid getting caught is to never do any misdeeds in the first place.  Such a dumb, dumb little boy.",
            "ups": 741,
            "downs": 0,
            "polarity": 0.030357142857142843,
            "subjectivity": 0.44761904761904764
        },
        {
            "comment_id": "hin527r",
            "body": "Nixon: \"You can't have the tapes\".",
            "ups": 143,
            "downs": 0,
            "polarity": 0.0,
            "subjectivity": 0.0
        }
    ],
    "top_comments_hot": [
        {
            "comment_id": "hin3v3k",
            "body": "\nAs a reminder, this subreddit [is for civil discussion.](/r/politics/wiki/index#wiki_be_civil)\n\nIn general, be courteous to others. Debate/discuss/argue the merits of ideas, don't attack people. Personal insults, shill or troll accusations, hate speech, any suggestion or support of harm, violence, or death, and other rule violations can result in a permanent ban. \n\nIf you see comments in violation of our rules, please report them.\n\n For those who have questions regarding any media outlets being posted on this subreddit, please click [here](https://www.reddit.com/r/politics/wiki/approveddomainslist) to review our details as to our approved domains list and outlet criteria.\n\n***\n\n\n*I am a bot, and this action was performed automatically. Please [contact the moderators of this subreddit](/message/compose/?to=/r/politics) if you have any questions or concerns.*",
            "ups": 1,
            "downs": 0,
            "polarity": -0.02916666666666667,
            "subjectivity": 0.5291666666666667
        },
        {
            "comment_id": "hin4oey",
            "body": "It's like he's telling them where to look. Lol.",
            "ups": 1029,
            "downs": 0,
            "polarity": 0.8,
            "subjectivity": 0.7
        },
        {
            "comment_id": "hin4jrk",
            "body": "Spoken like an innocent man\u2026",
            "ups": 264,
            "downs": 0,
            "polarity": 0.5,
            "subjectivity": 0.7
        },
        {
            "comment_id": "hin409u",
            "body": "He can want that as much as he likes, he has no say in the matter.  Good way to avoid getting caught is to never do any misdeeds in the first place.  Such a dumb, dumb little boy.",
            "ups": 740,
            "downs": 0,
            "polarity": 0.030357142857142843,
            "subjectivity": 0.44761904761904764
        },
        {
            "comment_id": "hin527r",
            "body": "Nixon: \"You can't have the tapes\".",
            "ups": 147,
            "downs": 0,
            "polarity": 0.0,
            "subjectivity": 0.0
        }
    ]
}