{
    "post_url": "https://www.reddit.com/r/LifeProTips/comments/qj5btz/lpt_keep_a_written_record_of_your_family_history/",
    "time_posted": "2021-10-30 12:44:04",
    "time_now": "2021-11-06 05:22:05",
    "ups": 1046,
    "downs": 0,
    "comments_since_last_sample": [],
    "top_comments_top": [
        {
            "comment_id": "hinsquj",
            "body": "Hello and welcome to r/LifeProTips!\n\nPlease help us decide if this post is a good fit for the subreddit by up or downvoting this comment. \n\nIf you think that this is great advice to improve your life, please upvote. If you think this doesn't help you in any way, please downvote. If you don't care, leave it for the others to decide.",
            "ups": 1,
            "downs": 0,
            "polarity": 0.7250000000000001,
            "subjectivity": 0.6625
        },
        {
            "comment_id": "hio6w52",
            "body": "Sometimes at my job I have to sit with patients with dementia. It\u2019s crushing to see them try to tell a story and be unable to. Record their stories while you can. Talk to them while you can.",
            "ups": 46,
            "downs": 0,
            "polarity": -0.04999999999999999,
            "subjectivity": 0.7
        },
        {
            "comment_id": "hio48tu",
            "body": "I gave my grandma one of these memory albums where you fill in questions about your life. The last year or so she was talking more and more about old memories, telling stories of her life going in farther and farther back. So I thought its a good idea. She has an outlet for her memories and we have some piece of her later on.\n\nIt totally backfired.  The kind of generic questions \"How was this part of your life, what did you do then and then...\" totally brought out some memories from times she rather not remember and she felt like she has to fill it all in and write down all the bad stuff too. \n\nIt was kind of heartbreaking.",
            "ups": 26,
            "downs": 0,
            "polarity": 0.1531746031746032,
            "subjectivity": 0.43730158730158736
        },
        {
            "comment_id": "hiodsl7",
            "body": "I record my grandma telling me stories. My kids love hearing her tell them, and I imagine that when she dies they will be all the more special.",
            "ups": 17,
            "downs": 0,
            "polarity": 0.4523809523809524,
            "subjectivity": 0.5571428571428572
        },
        {
            "comment_id": "hiof707",
            "body": "Saw this a week too late.",
            "ups": 13,
            "downs": 0,
            "polarity": -0.3,
            "subjectivity": 0.6
        }
    ],
    "top_comments_best": [
        {
            "comment_id": "hinsquj",
            "body": "Hello and welcome to r/LifeProTips!\n\nPlease help us decide if this post is a good fit for the subreddit by up or downvoting this comment. \n\nIf you think that this is great advice to improve your life, please upvote. If you think this doesn't help you in any way, please downvote. If you don't care, leave it for the others to decide.",
            "ups": 1,
            "downs": 0,
            "polarity": 0.7250000000000001,
            "subjectivity": 0.6625
        },
        {
            "comment_id": "hiodsl7",
            "body": "I record my grandma telling me stories. My kids love hearing her tell them, and I imagine that when she dies they will be all the more special.",
            "ups": 17,
            "downs": 0,
            "polarity": 0.4523809523809524,
            "subjectivity": 0.5571428571428572
        },
        {
            "comment_id": "hio6w52",
            "body": "Sometimes at my job I have to sit with patients with dementia. It\u2019s crushing to see them try to tell a story and be unable to. Record their stories while you can. Talk to them while you can.",
            "ups": 44,
            "downs": 0,
            "polarity": -0.04999999999999999,
            "subjectivity": 0.7
        },
        {
            "comment_id": "hiopj46",
            "body": "Put little notes in with sentimental trinkets. I love that my mum got around to labelling some bits of jewelry she inherited before she died so i know who they belonged to. I also love that in her recipe book she noted who she got the recipe from and when. It's a nice little glimpse into her life! \n\nOn the other hand, we have some old baby photos of my maternal grandmother with her mother and another kid. No one has any idea who the other kid is! It's a tantalising bit of mystery. So maybe leaving the odd weird thing behind for people to puzzle over is fun too! (I did find out some very cool stuff when trying to figure out the identity of the girl with my son for a school history project)",
            "ups": 9,
            "downs": 0,
            "polarity": 0.03644345238095238,
            "subjectivity": 0.5817857142857144
        },
        {
            "comment_id": "hio48tu",
            "body": "I gave my grandma one of these memory albums where you fill in questions about your life. The last year or so she was talking more and more about old memories, telling stories of her life going in farther and farther back. So I thought its a good idea. She has an outlet for her memories and we have some piece of her later on.\n\nIt totally backfired.  The kind of generic questions \"How was this part of your life, what did you do then and then...\" totally brought out some memories from times she rather not remember and she felt like she has to fill it all in and write down all the bad stuff too. \n\nIt was kind of heartbreaking.",
            "ups": 26,
            "downs": 0,
            "polarity": 0.1531746031746032,
            "subjectivity": 0.43730158730158736
        }
    ],
    "top_comments_hot": [
        {
            "comment_id": "hinsquj",
            "body": "Hello and welcome to r/LifeProTips!\n\nPlease help us decide if this post is a good fit for the subreddit by up or downvoting this comment. \n\nIf you think that this is great advice to improve your life, please upvote. If you think this doesn't help you in any way, please downvote. If you don't care, leave it for the others to decide.",
            "ups": 1,
            "downs": 0,
            "polarity": 0.7250000000000001,
            "subjectivity": 0.6625
        },
        {
            "comment_id": "hiodsl7",
            "body": "I record my grandma telling me stories. My kids love hearing her tell them, and I imagine that when she dies they will be all the more special.",
            "ups": 17,
            "downs": 0,
            "polarity": 0.4523809523809524,
            "subjectivity": 0.5571428571428572
        },
        {
            "comment_id": "hio6w52",
            "body": "Sometimes at my job I have to sit with patients with dementia. It\u2019s crushing to see them try to tell a story and be unable to. Record their stories while you can. Talk to them while you can.",
            "ups": 44,
            "downs": 0,
            "polarity": -0.04999999999999999,
            "subjectivity": 0.7
        },
        {
            "comment_id": "hiopj46",
            "body": "Put little notes in with sentimental trinkets. I love that my mum got around to labelling some bits of jewelry she inherited before she died so i know who they belonged to. I also love that in her recipe book she noted who she got the recipe from and when. It's a nice little glimpse into her life! \n\nOn the other hand, we have some old baby photos of my maternal grandmother with her mother and another kid. No one has any idea who the other kid is! It's a tantalising bit of mystery. So maybe leaving the odd weird thing behind for people to puzzle over is fun too! (I did find out some very cool stuff when trying to figure out the identity of the girl with my son for a school history project)",
            "ups": 9,
            "downs": 0,
            "polarity": 0.03644345238095238,
            "subjectivity": 0.5817857142857144
        },
        {
            "comment_id": "hio48tu",
            "body": "I gave my grandma one of these memory albums where you fill in questions about your life. The last year or so she was talking more and more about old memories, telling stories of her life going in farther and farther back. So I thought its a good idea. She has an outlet for her memories and we have some piece of her later on.\n\nIt totally backfired.  The kind of generic questions \"How was this part of your life, what did you do then and then...\" totally brought out some memories from times she rather not remember and she felt like she has to fill it all in and write down all the bad stuff too. \n\nIt was kind of heartbreaking.",
            "ups": 24,
            "downs": 0,
            "polarity": 0.1531746031746032,
            "subjectivity": 0.43730158730158736
        }
    ]
}