{
    "post_url": "https://www.reddit.com/r/politics/comments/qiymoy/gop_senators_hammer_merrick_garland_over_schools/",
    "time_posted": "2021-10-30 06:19:42",
    "time_now": "2021-11-04 12:08:40",
    "ups": 60,
    "downs": 0,
    "comments_since_last_sample": [],
    "top_comments_top": [
        {
            "comment_id": "himlbpf",
            "body": "\nAs a reminder, this subreddit [is for civil discussion.](/r/politics/wiki/index#wiki_be_civil)\n\nIn general, be courteous to others. Debate/discuss/argue the merits of ideas, don't attack people. Personal insults, shill or troll accusations, hate speech, any suggestion or support of harm, violence, or death, and other rule violations can result in a permanent ban. \n\nIf you see comments in violation of our rules, please report them.\n\n For those who have questions regarding any media outlets being posted on this subreddit, please click [here](https://www.reddit.com/r/politics/wiki/approveddomainslist) to review our details as to our approved domains list and outlet criteria.\n\n***\n\n\n*I am a bot, and this action was performed automatically. Please [contact the moderators of this subreddit](/message/compose/?to=/r/politics) if you have any questions or concerns.*",
            "ups": 1,
            "downs": 0,
            "polarity": -0.02916666666666667,
            "subjectivity": 0.5291666666666667
        },
        {
            "comment_id": "himq3s0",
            "body": "&gt; But Republicans have consistently hammered Garland on the memo, accusing him of attempting to treat concerned parents as domestic terrorists.\n\nTheiy are. Those GQP parents are threatening the lives and livelihoods of local school board and election officials. I'm many cases they are acting violently at meetings and have to be removed by force. They are at the very least nascent domestic terrorists.",
            "ups": 15,
            "downs": 0,
            "polarity": -0.05500000000000001,
            "subjectivity": 0.30875
        },
        {
            "comment_id": "himmtar",
            "body": "Which is exactly what Garland has in the memo. It's almost as if people don't know how to read.",
            "ups": 15,
            "downs": 0,
            "polarity": 0.25,
            "subjectivity": 0.25
        },
        {
            "comment_id": "himmitc",
            "body": "He\u2019s right, it doesn\u2019t. But it also doesn\u2019t give parents the freedom to harass school board members because they disagree with policy. They can easily take their kids out of the public education system if they have an issue with how schools mandate safety for everyone.",
            "ups": 12,
            "downs": 0,
            "polarity": 0.2396825396825397,
            "subjectivity": 0.4785714285714286
        },
        {
            "comment_id": "himnvdd",
            "body": "Did anyone see the fox news' video where they had Garland's picture and then drew a target on people's forehead?  They are ramping the crazy up to a level 10\nhttps://twitter.com/KevinMKruse/status/1453718092211638283?t=hc4TLtoXUGbPU4sSaRxIIQ&amp;s=19",
            "ups": 11,
            "downs": 0,
            "polarity": -0.6,
            "subjectivity": 0.9
        }
    ],
    "top_comments_best": [
        {
            "comment_id": "himlbpf",
            "body": "\nAs a reminder, this subreddit [is for civil discussion.](/r/politics/wiki/index#wiki_be_civil)\n\nIn general, be courteous to others. Debate/discuss/argue the merits of ideas, don't attack people. Personal insults, shill or troll accusations, hate speech, any suggestion or support of harm, violence, or death, and other rule violations can result in a permanent ban. \n\nIf you see comments in violation of our rules, please report them.\n\n For those who have questions regarding any media outlets being posted on this subreddit, please click [here](https://www.reddit.com/r/politics/wiki/approveddomainslist) to review our details as to our approved domains list and outlet criteria.\n\n***\n\n\n*I am a bot, and this action was performed automatically. Please [contact the moderators of this subreddit](/message/compose/?to=/r/politics) if you have any questions or concerns.*",
            "ups": 1,
            "downs": 0,
            "polarity": -0.02916666666666667,
            "subjectivity": 0.5291666666666667
        },
        {
            "comment_id": "himnvdd",
            "body": "Did anyone see the fox news' video where they had Garland's picture and then drew a target on people's forehead?  They are ramping the crazy up to a level 10\nhttps://twitter.com/KevinMKruse/status/1453718092211638283?t=hc4TLtoXUGbPU4sSaRxIIQ&amp;s=19",
            "ups": 11,
            "downs": 0,
            "polarity": -0.6,
            "subjectivity": 0.9
        },
        {
            "comment_id": "himq3s0",
            "body": "&gt; But Republicans have consistently hammered Garland on the memo, accusing him of attempting to treat concerned parents as domestic terrorists.\n\nTheiy are. Those GQP parents are threatening the lives and livelihoods of local school board and election officials. I'm many cases they are acting violently at meetings and have to be removed by force. They are at the very least nascent domestic terrorists.",
            "ups": 18,
            "downs": 0,
            "polarity": -0.05500000000000001,
            "subjectivity": 0.30875
        },
        {
            "comment_id": "himyl90",
            "body": "Good for him. Also, Newsweek's latest cover is antivax fear mongering. They deserve no clicks.",
            "ups": 5,
            "downs": 0,
            "polarity": 0.6,
            "subjectivity": 0.75
        },
        {
            "comment_id": "himp4qu",
            "body": "That hearing was so divided between productive democrat questions and the total circus from the republicans. Seems all hearings go this way",
            "ups": 8,
            "downs": 0,
            "polarity": 0.0,
            "subjectivity": 0.75
        }
    ],
    "top_comments_hot": [
        {
            "comment_id": "himlbpf",
            "body": "\nAs a reminder, this subreddit [is for civil discussion.](/r/politics/wiki/index#wiki_be_civil)\n\nIn general, be courteous to others. Debate/discuss/argue the merits of ideas, don't attack people. Personal insults, shill or troll accusations, hate speech, any suggestion or support of harm, violence, or death, and other rule violations can result in a permanent ban. \n\nIf you see comments in violation of our rules, please report them.\n\n For those who have questions regarding any media outlets being posted on this subreddit, please click [here](https://www.reddit.com/r/politics/wiki/approveddomainslist) to review our details as to our approved domains list and outlet criteria.\n\n***\n\n\n*I am a bot, and this action was performed automatically. Please [contact the moderators of this subreddit](/message/compose/?to=/r/politics) if you have any questions or concerns.*",
            "ups": 1,
            "downs": 0,
            "polarity": -0.02916666666666667,
            "subjectivity": 0.5291666666666667
        },
        {
            "comment_id": "himnvdd",
            "body": "Did anyone see the fox news' video where they had Garland's picture and then drew a target on people's forehead?  They are ramping the crazy up to a level 10\nhttps://twitter.com/KevinMKruse/status/1453718092211638283?t=hc4TLtoXUGbPU4sSaRxIIQ&amp;s=19",
            "ups": 10,
            "downs": 0,
            "polarity": -0.6,
            "subjectivity": 0.9
        },
        {
            "comment_id": "himq3s0",
            "body": "&gt; But Republicans have consistently hammered Garland on the memo, accusing him of attempting to treat concerned parents as domestic terrorists.\n\nTheiy are. Those GQP parents are threatening the lives and livelihoods of local school board and election officials. I'm many cases they are acting violently at meetings and have to be removed by force. They are at the very least nascent domestic terrorists.",
            "ups": 16,
            "downs": 0,
            "polarity": -0.05500000000000001,
            "subjectivity": 0.30875
        },
        {
            "comment_id": "himyl90",
            "body": "Good for him. Also, Newsweek's latest cover is antivax fear mongering. They deserve no clicks.",
            "ups": 5,
            "downs": 0,
            "polarity": 0.6,
            "subjectivity": 0.75
        },
        {
            "comment_id": "himp4qu",
            "body": "That hearing was so divided between productive democrat questions and the total circus from the republicans. Seems all hearings go this way",
            "ups": 9,
            "downs": 0,
            "polarity": 0.0,
            "subjectivity": 0.75
        }
    ]
}