{
    "post_url": "https://www.reddit.com/r/LifeProTips/comments/qijlo6/lpt_leaving_the_house_at_least_once_a_day_does/",
    "time_posted": "2021-10-29 14:48:57",
    "time_now": "2021-11-02 23:05:24",
    "ups": 5669,
    "downs": 0,
    "comments_since_last_sample": [],
    "top_comments_top": [
        {
            "comment_id": "hijpimb",
            "body": "Hello and welcome to r/LifeProTips!\n\nPlease help us decide if this post is a good fit for the subreddit by up or downvoting this comment. \n\nIf you think that this is great advice to improve your life, please upvote. If you think this doesn't help you in any way, please downvote. If you don't care, leave it for the others to decide.",
            "ups": 1,
            "downs": 0,
            "polarity": 0.7250000000000001,
            "subjectivity": 0.6625
        },
        {
            "comment_id": "hijx8xx",
            "body": "It\u2019s hard to go out when you are feeling depressed. But it\u2019s good advice if you can force yourself. A good therapist told me I can do anything for 5 minutes and then reassess if I still feel bad about doing said thing- like going outside. Most of the time 5 turns into 10 turns into 20 and so on.",
            "ups": 494,
            "downs": 0,
            "polarity": 0.15138888888888888,
            "subjectivity": 0.4930555555555555
        },
        {
            "comment_id": "hik0zro",
            "body": "Bro I just walked in the rain. Best feeling is just looking up into the rain and enjoying life.",
            "ups": 109,
            "downs": 0,
            "polarity": 0.75,
            "subjectivity": 0.44999999999999996
        },
        {
            "comment_id": "hiksmxs",
            "body": "Plants indoors too, I have a wall of plants behind the TV monitor I am using. A literal life saver for me at least. It is hard to get depressed when you see happy plants all around you.\n\nTIP: I *swear* by using [these](https://www.amazon.ca/ZAOS-Watering-Probes-Stakes-Roses/dp/B074YSW7HB/ref=sr_1_18?crid=7CT22Q1UCY53&amp;dchild=1&amp;keywords=plant+watering+spikes&amp;qid=1635549400&amp;sprefix=plant+watering+spike%2Caps%2C138&amp;sr=8-18) specific plant watering spikes that are anti gravity through capillary action, not like other 'spikes'. It is a life changer. If you manually watering plants, you are doing it on hard mode (and overwatering is leading cause of death for indoor plants).",
            "ups": 84,
            "downs": 0,
            "polarity": -0.06354166666666666,
            "subjectivity": 0.47291666666666665
        },
        {
            "comment_id": "hijqabk",
            "body": "This is totally true for me!! When I venture out into the world, it instantly makes me feel better.",
            "ups": 76,
            "downs": 0,
            "polarity": 0.3489583333333333,
            "subjectivity": 0.6055555555555555
        }
    ],
    "top_comments_best": [
        {
            "comment_id": "hijpimb",
            "body": "Hello and welcome to r/LifeProTips!\n\nPlease help us decide if this post is a good fit for the subreddit by up or downvoting this comment. \n\nIf you think that this is great advice to improve your life, please upvote. If you think this doesn't help you in any way, please downvote. If you don't care, leave it for the others to decide.",
            "ups": 1,
            "downs": 0,
            "polarity": 0.7250000000000001,
            "subjectivity": 0.6625
        },
        {
            "comment_id": "hijx8xx",
            "body": "It\u2019s hard to go out when you are feeling depressed. But it\u2019s good advice if you can force yourself. A good therapist told me I can do anything for 5 minutes and then reassess if I still feel bad about doing said thing- like going outside. Most of the time 5 turns into 10 turns into 20 and so on.",
            "ups": 495,
            "downs": 0,
            "polarity": 0.15138888888888888,
            "subjectivity": 0.4930555555555555
        },
        {
            "comment_id": "hijqabk",
            "body": "This is totally true for me!! When I venture out into the world, it instantly makes me feel better.",
            "ups": 77,
            "downs": 0,
            "polarity": 0.3489583333333333,
            "subjectivity": 0.6055555555555555
        },
        {
            "comment_id": "hik0zro",
            "body": "Bro I just walked in the rain. Best feeling is just looking up into the rain and enjoying life.",
            "ups": 111,
            "downs": 0,
            "polarity": 0.75,
            "subjectivity": 0.44999999999999996
        },
        {
            "comment_id": "hil50mr",
            "body": "As someone who was full time WFH prior to COVID, the 3$ daily Star Bucks was worth it to see daylight, people, and the hustle and bustle, not to mention the refills.",
            "ups": 39,
            "downs": 0,
            "polarity": 0.16249999999999998,
            "subjectivity": 0.1625
        }
    ],
    "top_comments_hot": [
        {
            "comment_id": "hijpimb",
            "body": "Hello and welcome to r/LifeProTips!\n\nPlease help us decide if this post is a good fit for the subreddit by up or downvoting this comment. \n\nIf you think that this is great advice to improve your life, please upvote. If you think this doesn't help you in any way, please downvote. If you don't care, leave it for the others to decide.",
            "ups": 1,
            "downs": 0,
            "polarity": 0.7250000000000001,
            "subjectivity": 0.6625
        },
        {
            "comment_id": "hijx8xx",
            "body": "It\u2019s hard to go out when you are feeling depressed. But it\u2019s good advice if you can force yourself. A good therapist told me I can do anything for 5 minutes and then reassess if I still feel bad about doing said thing- like going outside. Most of the time 5 turns into 10 turns into 20 and so on.",
            "ups": 496,
            "downs": 0,
            "polarity": 0.15138888888888888,
            "subjectivity": 0.4930555555555555
        },
        {
            "comment_id": "hijqabk",
            "body": "This is totally true for me!! When I venture out into the world, it instantly makes me feel better.",
            "ups": 75,
            "downs": 0,
            "polarity": 0.3489583333333333,
            "subjectivity": 0.6055555555555555
        },
        {
            "comment_id": "hik0zro",
            "body": "Bro I just walked in the rain. Best feeling is just looking up into the rain and enjoying life.",
            "ups": 111,
            "downs": 0,
            "polarity": 0.75,
            "subjectivity": 0.44999999999999996
        },
        {
            "comment_id": "hil50mr",
            "body": "As someone who was full time WFH prior to COVID, the 3$ daily Star Bucks was worth it to see daylight, people, and the hustle and bustle, not to mention the refills.",
            "ups": 40,
            "downs": 0,
            "polarity": 0.16249999999999998,
            "subjectivity": 0.1625
        }
    ]
}