{
    "post_url": "https://www.reddit.com/r/Music/comments/qixwdt/walters_i_love_you_so/",
    "time_posted": "2021-10-30 05:25:51",
    "time_now": "2021-11-03 15:29:38",
    "ups": 0,
    "downs": 0,
    "comments_since_last_sample": [],
    "top_comments_top": [
        {
            "comment_id": "himhugs",
            "body": "Tldr: I agree with you \n\nAt the start of the song i get the vibe that the significant other finds help for problems in their relationship with others. \n\nFrom the perspective of the main singer he seems to still have love / feelings (whatever you want to call it) for the person he\u2019s singing about and its \u201cshattered his soul\u201d So could the significant other have done something which is unforgivable? \n\nHe still loves them but knows that he cant be with them and cant bring himself to end the relationship, so he\u2019s asking for the significant other to do this for him as due to his feelings he cant. \n\nLet me know what you think \u263a\ufe0f",
            "ups": 1,
            "downs": 0,
            "polarity": 0.1435185185185185,
            "subjectivity": 0.5620370370370371
        }
    ],
    "top_comments_best": [
        {
            "comment_id": "himhugs",
            "body": "Tldr: I agree with you \n\nAt the start of the song i get the vibe that the significant other finds help for problems in their relationship with others. \n\nFrom the perspective of the main singer he seems to still have love / feelings (whatever you want to call it) for the person he\u2019s singing about and its \u201cshattered his soul\u201d So could the significant other have done something which is unforgivable? \n\nHe still loves them but knows that he cant be with them and cant bring himself to end the relationship, so he\u2019s asking for the significant other to do this for him as due to his feelings he cant. \n\nLet me know what you think \u263a\ufe0f",
            "ups": 1,
            "downs": 0,
            "polarity": 0.1435185185185185,
            "subjectivity": 0.5620370370370371
        }
    ],
    "top_comments_hot": [
        {
            "comment_id": "himhugs",
            "body": "Tldr: I agree with you \n\nAt the start of the song i get the vibe that the significant other finds help for problems in their relationship with others. \n\nFrom the perspective of the main singer he seems to still have love / feelings (whatever you want to call it) for the person he\u2019s singing about and its \u201cshattered his soul\u201d So could the significant other have done something which is unforgivable? \n\nHe still loves them but knows that he cant be with them and cant bring himself to end the relationship, so he\u2019s asking for the significant other to do this for him as due to his feelings he cant. \n\nLet me know what you think \u263a\ufe0f",
            "ups": 1,
            "downs": 0,
            "polarity": 0.1435185185185185,
            "subjectivity": 0.5620370370370371
        }
    ]
}