{
    "post_url": "https://www.reddit.com/r/LifeProTips/comments/qimqu8/lpt_hygeine_and_clothing_are_key_to_finding_any/",
    "time_posted": "2021-10-29 17:23:20",
    "time_now": "2021-11-02 23:05:12",
    "ups": 30,
    "downs": 0,
    "comments_since_last_sample": [],
    "top_comments_top": [
        {
            "comment_id": "hikcste",
            "body": "Hello and welcome to r/LifeProTips!\n\nPlease help us decide if this post is a good fit for the subreddit by up or downvoting this comment. \n\nIf you think that this is great advice to improve your life, please upvote. If you think this doesn't help you in any way, please downvote. If you don't care, leave it for the others to decide.",
            "ups": 1,
            "downs": 0,
            "polarity": 0.7250000000000001,
            "subjectivity": 0.6625
        },
        {
            "comment_id": "hikd0lv",
            "body": "People treat you better when you take proper care of yourself",
            "ups": 4,
            "downs": 0,
            "polarity": 0.25,
            "subjectivity": 0.3
        },
        {
            "comment_id": "hiked8m",
            "body": "I'll always tell my niece that good hygiene, manners, and a strong work ethic will get you far in life",
            "ups": 3,
            "downs": 0,
            "polarity": 0.41111111111111115,
            "subjectivity": 0.7777777777777778
        },
        {
            "comment_id": "himf6re",
            "body": "What's thirfting?",
            "ups": 1,
            "downs": 0,
            "polarity": 0.0,
            "subjectivity": 0.0
        }
    ],
    "top_comments_best": [
        {
            "comment_id": "hikcste",
            "body": "Hello and welcome to r/LifeProTips!\n\nPlease help us decide if this post is a good fit for the subreddit by up or downvoting this comment. \n\nIf you think that this is great advice to improve your life, please upvote. If you think this doesn't help you in any way, please downvote. If you don't care, leave it for the others to decide.",
            "ups": 1,
            "downs": 0,
            "polarity": 0.7250000000000001,
            "subjectivity": 0.6625
        },
        {
            "comment_id": "hikd0lv",
            "body": "People treat you better when you take proper care of yourself",
            "ups": 3,
            "downs": 0,
            "polarity": 0.25,
            "subjectivity": 0.3
        },
        {
            "comment_id": "hiked8m",
            "body": "I'll always tell my niece that good hygiene, manners, and a strong work ethic will get you far in life",
            "ups": 3,
            "downs": 0,
            "polarity": 0.41111111111111115,
            "subjectivity": 0.7777777777777778
        },
        {
            "comment_id": "himf6re",
            "body": "What's thirfting?",
            "ups": 1,
            "downs": 0,
            "polarity": 0.0,
            "subjectivity": 0.0
        }
    ],
    "top_comments_hot": [
        {
            "comment_id": "hikcste",
            "body": "Hello and welcome to r/LifeProTips!\n\nPlease help us decide if this post is a good fit for the subreddit by up or downvoting this comment. \n\nIf you think that this is great advice to improve your life, please upvote. If you think this doesn't help you in any way, please downvote. If you don't care, leave it for the others to decide.",
            "ups": 1,
            "downs": 0,
            "polarity": 0.7250000000000001,
            "subjectivity": 0.6625
        },
        {
            "comment_id": "hikd0lv",
            "body": "People treat you better when you take proper care of yourself",
            "ups": 5,
            "downs": 0,
            "polarity": 0.25,
            "subjectivity": 0.3
        },
        {
            "comment_id": "hiked8m",
            "body": "I'll always tell my niece that good hygiene, manners, and a strong work ethic will get you far in life",
            "ups": 3,
            "downs": 0,
            "polarity": 0.41111111111111115,
            "subjectivity": 0.7777777777777778
        },
        {
            "comment_id": "himf6re",
            "body": "What's thirfting?",
            "ups": 1,
            "downs": 0,
            "polarity": 0.0,
            "subjectivity": 0.0
        }
    ]
}