{
    "time_posted": "2021-10-30 14:30:11",
    "url": "https://www.youtube.com/watch?v=8Fo7CMZsEdM",
    "time_now": "2021-11-01 14:01:21",
    "ups": "2744",
    "downs": "107",
    "views": "57762",
    "top_comments": [
        {
            "comment": "Next animation swamp gene origin pls",
            "likes": 2,
            "number_of_replies": 0,
            "polarity": 0.0,
            "subjectivity": 0.0
        },
        {
            "comment": "the jackal leon uses the power of invisibility to save himself \ud83d\ude05\ud83d\ude02",
            "likes": 2,
            "number_of_replies": 0,
            "polarity": 0.0,
            "subjectivity": 0.0
        },
        {
            "comment": "\u0627\u06cc\u0646 \u06a9\u0627\u0645\u0646\u062a \u0628\u0631\u0627\u06cc \u0627\u06cc\u0631\u0627\u0646\u06cc\u0627\u0646 \u0627\u0633\u062a",
            "likes": 2,
            "number_of_replies": 0,
            "polarity": 0.0,
            "subjectivity": 0.0
        },
        {
            "comment": "Que cool la mejor compilacion \ud83d\ude0e\ud83d\ude0d\u2764",
            "likes": 1,
            "number_of_replies": 1,
            "polarity": 0.35,
            "subjectivity": 0.65
        },
        {
            "comment": "Happy Helloween\ud83d\udc7b\ud83d\udc7d\ud83d\udc80\ud83d\ude08\ud83c\udf83\ud83c\udf89",
            "likes": 1,
            "number_of_replies": 0,
            "polarity": 0.8,
            "subjectivity": 1.0
        }
    ],
    "comments_since_last_sample": [
        {
            "body": "#Sgweed game",
            "polarity": -0.4,
            "subjectivity": 0.4
        },
        {
            "body": "lunar piper is my favorite skin",
            "polarity": 0.5,
            "subjectivity": 1.0
        },
        {
            "body": "squid game is my favorite movie",
            "polarity": 0.04999999999999999,
            "subjectivity": 0.7
        }
    ]
}