{
    "time_posted": "2021-10-30 14:30:11",
    "url": "https://www.youtube.com/watch?v=8Fo7CMZsEdM",
    "time_now": "2021-11-04 12:04:20",
    "ups": "3423",
    "downs": "167",
    "views": "87989",
    "top_comments": [
        {
            "comment": "Brawl Stars \u00d7 Squid Game animation = COOOOOOOOOOOOOOOL",
            "likes": 2,
            "number_of_replies": 0,
            "polarity": -0.4,
            "subjectivity": 0.4
        },
        {
            "comment": "I like you gammyanimation",
            "likes": 1,
            "number_of_replies": 0,
            "polarity": 0.0,
            "subjectivity": 0.0
        },
        {
            "comment": "\ud83d\udc4d",
            "likes": 1,
            "number_of_replies": 0,
            "polarity": 0.0,
            "subjectivity": 0.0
        },
        {
            "comment": "?",
            "likes": 1,
            "number_of_replies": 0,
            "polarity": 0.0,
            "subjectivity": 0.0
        },
        {
            "comment": "DEEPEST SLEEP",
            "likes": 1,
            "number_of_replies": 0,
            "polarity": 0.0,
            "subjectivity": 0.0
        }
    ],
    "comments_since_last_sample": [
        {
            "body": "These content is not for kids,I denunciate",
            "polarity": 0.0,
            "subjectivity": 0.0
        }
    ]
}