{
    "time_posted": "2021-10-30 13:30:05",
    "url": "https://www.youtube.com/watch?v=8ipr06H6RiI",
    "time_now": "2021-11-01 14:02:01",
    "ups": "739",
    "downs": "47",
    "views": "52247",
    "top_comments": [
        {
            "comment": "Believe in God Jesus Christ\u2764\ufe0f\u2764\ufe0f\ud83d\ude07\ud83d\ude07 he is the only saviour praise the Lord amen\u271d\ufe0f God bless us all his grace is upon us all amen \ud83d\ude0a\ud83d\ude0a\u2764\ufe0f\u2764\ufe0f",
            "likes": 4,
            "number_of_replies": 1,
            "polarity": 0.0,
            "subjectivity": 1.0
        },
        {
            "comment": "\ud83d\udc4d\ud83d\udc4d\ud83d\udc4d\ud83d\udc4c\ud83d\udc4f\ud83d\udc4f\ud83d\udc4f\ud83d\ude0d\ud83d\ude0d\ud83d\ude0d\ud83d\udc95\ud83d\udc95\ud83d\udc95\ud83e\udd17",
            "likes": 4,
            "number_of_replies": 0,
            "polarity": 0.0,
            "subjectivity": 0.0
        },
        {
            "comment": "Fisrt",
            "likes": 3,
            "number_of_replies": 0,
            "polarity": 0.0,
            "subjectivity": 0.0
        },
        {
            "comment": "1 like",
            "likes": 3,
            "number_of_replies": 0,
            "polarity": 0.0,
            "subjectivity": 0.0
        },
        {
            "comment": "\u0916\u0942\u092c\u0938\u0942\u0930\u0924  \u0906\u0902\u0916\u0947 \u2764\ufe0f \u091c\u094b \u0907\u0938 \u0935\u0915\u094d\u0924 \u092f\u0947 \"POST\" \ud83e\udd29 \u092a\u0922\u093c \u0930\u0939\u0947 \u0939\u0948\u0902 \ud83d\ude4f \u092d\u0917\u0935\u093e\u0928 \u0915\u0930\u0947 \u0909\u0928 \u0906\u0902\u0916\u094b \u0915\u0947 \u0939\u0930 \u0938\u092a\u0928\u0947 \u092a\u0942\u0930\u0947 \u0939\u094b, \ud83d\udccc....\ud83d\udc4d",
            "likes": 2,
            "number_of_replies": 0,
            "polarity": 0.0,
            "subjectivity": 0.0
        }
    ],
    "comments_since_last_sample": []
}