{
    "post_url": "https://www.reddit.com/r/gaming/comments/qizsmk/just_let_me_play_peacefully/",
    "time_posted": "2021-10-30 07:43:14",
    "time_now": "2021-10-31 09:13:50",
    "ups": 0,
    "downs": 0,
    "comments_since_last_sample": [],
    "top_comments_top": [
        {
            "comment_id": "himsr2q",
            "body": "Why do people say it has sexualized children? Never heard of the game before",
            "ups": 18,
            "downs": 0,
            "polarity": -0.4,
            "subjectivity": 0.4
        },
        {
            "comment_id": "himswae",
            "body": "imagine playing it lmao",
            "ups": 7,
            "downs": 0,
            "polarity": 0.6,
            "subjectivity": 1.0
        },
        {
            "comment_id": "himu6le",
            "body": "I've been playing this game for about a year, have spent $10 and it got me no where lol\n\nWith that said, I have no issues progressing through the game as a F2P player on 2 accounts and only struggle with Abyss and some of the really challenging events that pop up. Content releases, new characters, and events are more than enough to keep the casual player busy (I have time to play 1-2 hours a few days a week).\n\nI truly love this game and think it's really special. I've tried to convince some of my hardcore gamer friends to play and they all call it a slot machine and a grind.... These are some of the same people that have been playing WOW for like 10 years, didn't mind paying for the games and expansions, monthly fees, etc. It blowsy mind.",
            "ups": 6,
            "downs": 0,
            "polarity": 0.05844155844155843,
            "subjectivity": 0.5304494525082761
        },
        {
            "comment_id": "hims8i0",
            "body": "some people man.",
            "ups": 4,
            "downs": 0,
            "polarity": 0.0,
            "subjectivity": 0.0
        },
        {
            "comment_id": "himsz8z",
            "body": "Lol geinshin impact",
            "ups": 5,
            "downs": 0,
            "polarity": 0.8,
            "subjectivity": 0.7
        }
    ],
    "top_comments_best": [
        {
            "comment_id": "himsr2q",
            "body": "Why do people say it has sexualized children? Never heard of the game before",
            "ups": 19,
            "downs": 0,
            "polarity": -0.4,
            "subjectivity": 0.4
        },
        {
            "comment_id": "himu6le",
            "body": "I've been playing this game for about a year, have spent $10 and it got me no where lol\n\nWith that said, I have no issues progressing through the game as a F2P player on 2 accounts and only struggle with Abyss and some of the really challenging events that pop up. Content releases, new characters, and events are more than enough to keep the casual player busy (I have time to play 1-2 hours a few days a week).\n\nI truly love this game and think it's really special. I've tried to convince some of my hardcore gamer friends to play and they all call it a slot machine and a grind.... These are some of the same people that have been playing WOW for like 10 years, didn't mind paying for the games and expansions, monthly fees, etc. It blowsy mind.",
            "ups": 5,
            "downs": 0,
            "polarity": 0.05844155844155843,
            "subjectivity": 0.5304494525082761
        },
        {
            "comment_id": "hims8i0",
            "body": "some people man.",
            "ups": 4,
            "downs": 0,
            "polarity": 0.0,
            "subjectivity": 0.0
        },
        {
            "comment_id": "himswae",
            "body": "imagine playing it lmao",
            "ups": 7,
            "downs": 0,
            "polarity": 0.6,
            "subjectivity": 1.0
        },
        {
            "comment_id": "hin61nr",
            "body": "How about just play your games instead of posting stupid shit to Reddit?",
            "ups": 5,
            "downs": 0,
            "polarity": -0.5,
            "subjectivity": 0.9
        }
    ],
    "top_comments_hot": [
        {
            "comment_id": "himsr2q",
            "body": "Why do people say it has sexualized children? Never heard of the game before",
            "ups": 17,
            "downs": 0,
            "polarity": -0.4,
            "subjectivity": 0.4
        },
        {
            "comment_id": "himu6le",
            "body": "I've been playing this game for about a year, have spent $10 and it got me no where lol\n\nWith that said, I have no issues progressing through the game as a F2P player on 2 accounts and only struggle with Abyss and some of the really challenging events that pop up. Content releases, new characters, and events are more than enough to keep the casual player busy (I have time to play 1-2 hours a few days a week).\n\nI truly love this game and think it's really special. I've tried to convince some of my hardcore gamer friends to play and they all call it a slot machine and a grind.... These are some of the same people that have been playing WOW for like 10 years, didn't mind paying for the games and expansions, monthly fees, etc. It blowsy mind.",
            "ups": 6,
            "downs": 0,
            "polarity": 0.05844155844155843,
            "subjectivity": 0.5304494525082761
        },
        {
            "comment_id": "hims8i0",
            "body": "some people man.",
            "ups": 4,
            "downs": 0,
            "polarity": 0.0,
            "subjectivity": 0.0
        },
        {
            "comment_id": "himswae",
            "body": "imagine playing it lmao",
            "ups": 7,
            "downs": 0,
            "polarity": 0.6,
            "subjectivity": 1.0
        },
        {
            "comment_id": "hin61nr",
            "body": "How about just play your games instead of posting stupid shit to Reddit?",
            "ups": 4,
            "downs": 0,
            "polarity": -0.5,
            "subjectivity": 0.9
        }
    ]
}