{
    "time_posted": "2021-10-30 14:55:44",
    "url": "https://www.youtube.com/watch?v=_NX_RAC6sLE",
    "time_now": "2021-11-01 09:53:36",
    "ups": "13737",
    "downs": "44",
    "views": "131024",
    "top_comments": [
        {
            "comment": "ur kitten is army now",
            "likes": 1813,
            "number_of_replies": 12,
            "polarity": 0.0,
            "subjectivity": 0.0
        },
        {
            "comment": "young jungkook is great at everything not only because of his amazing visuals, but jungkook also has many impressive talents. jungkook is great at singing everyone knows that, great at dancing, rapping, composing songs, editing videos, great at various sports making gcf and a myriad of other talents he has. so proud of you jungkook . i love you jungkook",
            "likes": 1,
            "number_of_replies": 0,
            "polarity": 0.5057692307692307,
            "subjectivity": 0.7134615384615385
        },
        {
            "comment": "Could we get a reaction to LP1 or Liam's EP now? Including the bonus tracks. My favourites are Heart Meet Break, Both Ways and Trouble. \ud83d\ude2d\ud83d\ude2d",
            "likes": 1,
            "number_of_replies": 0,
            "polarity": -0.2,
            "subjectivity": 0.2
        },
        {
            "comment": "Please React to these songs by jungkook  still with you and my time",
            "likes": 1,
            "number_of_replies": 0,
            "polarity": 0.0,
            "subjectivity": 0.0
        },
        {
            "comment": "I really loved your reaction. Especially loved when you said that's why music is incredible. Jungkook 's soul does morph into this song and the song tells us his story. Yes Jungkook is such a master of what he is doing. Thanks for helping understanding music better. Subscribed!",
            "likes": 1,
            "number_of_replies": 0,
            "polarity": 0.5708333333333334,
            "subjectivity": 0.65
        }
    ],
    "comments_since_last_sample": [
        {
            "body": "Kitten has so beautiful eye colour !^^\nI was waiting for your reaction about precious jungkook's cover song \ud83c\udfb5",
            "polarity": 0.75,
            "subjectivity": 1.0
        },
        {
            "body": "JungKook sings beautiful \ud83d\udc9c",
            "polarity": 0.85,
            "subjectivity": 1.0
        },
        {
            "body": "Could you react to Medicine by Harry Styles? Its an unreleased song so its only live but its amazing!! Please react!",
            "polarity": 0.37878787878787873,
            "subjectivity": 0.7999999999999999
        },
        {
            "body": "Your kitten is adorable \ud83d\ude2d\ud83d\ude2d",
            "polarity": 0.5,
            "subjectivity": 1.0
        },
        {
            "body": "im not suprise but im suprise...\n\ni mean, that's me too. jk always suprised us so much eventho we all know how good he is esp in singing",
            "polarity": 0.1958333333333333,
            "subjectivity": 0.49583333333333335
        },
        {
            "body": "Please react to\nBenee- same effect",
            "polarity": 0.0,
            "subjectivity": 0.125
        }
    ]
}