{
    "time_posted": "2021-10-30 08:05:14",
    "url": "https://www.youtube.com/watch?v=abePylCLJb0",
    "time_now": "2021-11-06 01:09:44",
    "ups": "1631",
    "downs": "127",
    "views": "235383",
    "top_comments": [
        {
            "comment": "Monster Mash: 0:00 \nAddam's Family: 3:10 \nI put a spell on you 3:52 \nGhost busters: 5:56 \nThis is Halloween: 9:03\nTime Warp: 11:52\nSpooky scary skeletons: 15:08\nWerewolves of London: 18:12\nThriller: 21:30\nRunnin' With the devil: 25:17\nPet Sematary: 29:02\nWitch doctor: 31:58\nOogie Boogie's song: 35:05\nDisturbia: 38:26\n(my fav) Killer klowns: 42:40\nFeed my Frankenstein: 44:55\nSomebody's watching me: 48:26\nEdit: I hope i get likes bc this took me awhile tbh.",
            "likes": 61,
            "number_of_replies": 7,
            "polarity": -0.5,
            "subjectivity": 1.0
        },
        {
            "comment": "What's your favorite Halloween song? Let me know below! \ud83d\udc47\nSubscribe for the best playlists for EVERY Holiday! - http://www.youtube.com/c/HolidayMusic?sub_confirmation=1",
            "likes": 15,
            "number_of_replies": 7,
            "polarity": 0.8125,
            "subjectivity": 0.65
        },
        {
            "comment": "They are all remixes, i want the real deal songs. I will put a spell on this, and until another video similar to this has the real og songs, then EVERYONE SHALL KNOW THIS!!!",
            "likes": 6,
            "number_of_replies": 0,
            "polarity": 0.196875,
            "subjectivity": 0.3333333333333333
        }
    ],
    "comments_since_last_sample": []
}