{
    "time_posted": "2021-10-30 15:00:00",
    "url": "https://www.youtube.com/watch?v=alrdCmo2i20",
    "time_now": "2021-11-01 22:15:56",
    "ups": "4632",
    "downs": "49",
    "views": "56788",
    "top_comments": [],
    "comments_since_last_sample": [
        {
            "body": "9:17 Is that a Turok reference?",
            "polarity": 0.0,
            "subjectivity": 0.0
        },
        {
            "body": "\"Nintendo Switch Online + Expansion Pack membership\"\nMost likely\n\"The revenge of the N64DD\" \n:v",
            "polarity": 0.25,
            "subjectivity": 0.75
        },
        {
            "body": "I would freakin' LOVE a sequel to this Punching Weight",
            "polarity": 0.5,
            "subjectivity": 0.6
        },
        {
            "body": "Seeing this video come out in 2021 makes it funnier, emphasizing just how hidden that feature was.",
            "polarity": -0.16666666666666666,
            "subjectivity": 0.3333333333333333
        },
        {
            "body": "Pikmin Bloom review when?",
            "polarity": 0.0,
            "subjectivity": 0.0
        },
        {
            "body": "why did you include the Gameboys when you didn't even use them?",
            "polarity": 0.0,
            "subjectivity": 0.0
        },
        {
            "body": "Literally made this video just to flex his hori gamecube controller",
            "polarity": 0.0,
            "subjectivity": 0.0
        },
        {
            "body": "\"Who is this for, who would even try this?\" You are really underestimating what the Japanese audience will do to experience something that totally appeals to them lol.",
            "polarity": 0.25,
            "subjectivity": 0.4125
        },
        {
            "body": "Man having a first world income must be great.",
            "polarity": 0.525,
            "subjectivity": 0.5416666666666666
        }
    ]
}