{
    "time_posted": "2021-10-30 15:05:08",
    "url": "https://www.youtube.com/watch?v=ASUbjTHL2u8",
    "time_now": "2021-11-02 10:37:33",
    "ups": "2195",
    "downs": "39",
    "views": "53065",
    "top_comments": [
        {
            "comment": "\u201cDon\u2019t worry you won\u2019t be able to farm abuse wildlife to upgrade your evo armor\u201d\n1:25 - 4:00",
            "likes": 1,
            "number_of_replies": 0,
            "polarity": 0.5,
            "subjectivity": 0.625
        },
        {
            "comment": "What was in Mirage's hand at 15:43?",
            "likes": 1,
            "number_of_replies": 0,
            "polarity": 0.0,
            "subjectivity": 0.0
        }
    ],
    "comments_since_last_sample": []
}