{
    "time_posted": "2021-10-30 15:07:05",
    "url": "https://www.youtube.com/watch?v=b-zDz3eN_t8",
    "time_now": "2021-11-04 20:18:44",
    "ups": "6782",
    "downs": "301",
    "views": "743802",
    "top_comments": [
        {
            "comment": "The editing in this video is insane",
            "likes": 1,
            "number_of_replies": 0,
            "polarity": -1.0,
            "subjectivity": 1.0
        },
        {
            "comment": "Gg",
            "likes": 1,
            "number_of_replies": 0,
            "polarity": 0.0,
            "subjectivity": 0.0
        }
    ],
    "comments_since_last_sample": [
        {
            "body": "Oo: I love this UTS ginna be epic and I love the blue suits",
            "polarity": 0.275,
            "subjectivity": 0.42500000000000004
        }
    ]
}