{
    "time_posted": "2021-10-30 15:46:40",
    "url": "https://www.youtube.com/watch?v=bDJ6v-KMzC4",
    "time_now": "2021-11-01 22:15:53",
    "ups": "2001",
    "downs": "33",
    "views": "43475",
    "top_comments": [
        {
            "comment": "I love it when horizon revives ash she says get up you unhearted toaster",
            "likes": 1,
            "number_of_replies": 0,
            "polarity": 0.5,
            "subjectivity": 0.6
        }
    ],
    "comments_since_last_sample": [
        {
            "body": "I\u2019m so hyped but bummed about the potential server crash",
            "polarity": 0.0,
            "subjectivity": 1.0
        },
        {
            "body": "giveaway ckmment",
            "polarity": 0.0,
            "subjectivity": 0.0
        }
    ]
}