{
    "time_posted": "2021-10-30 13:56:42",
    "url": "https://www.youtube.com/watch?v=BHFzRjpUh9g",
    "time_now": "2021-11-03 07:13:41",
    "ups": "194248",
    "downs": "3312",
    "views": "6951770",
    "top_comments": [
        {
            "comment": "*\"O O O O NO ONE SAID IT COULD BE EASY O O O\".... IM ON LOVE WITH THIS SONG!!!!*",
            "likes": 3,
            "number_of_replies": 0,
            "polarity": 0.7166666666666667,
            "subjectivity": 0.7166666666666667
        },
        {
            "comment": "GENTE QUANDO DESTRAVAR AS VISUALIZA\u00c7\u00d5ES V\u00c3O AUMENTAR?",
            "likes": 3,
            "number_of_replies": 4,
            "polarity": 0.0,
            "subjectivity": 0.0
        },
        {
            "comment": "Volteii, ainda tem gnt??",
            "likes": 3,
            "number_of_replies": 0,
            "polarity": 0.0,
            "subjectivity": 0.0
        },
        {
            "comment": "\u0643\u0644 \u0634\u064a \u064a\u062c\u0646\u0646 \u0641\u062e\u0648\u0631\u0629 \u0627\u0646\u064a \u064a\u0648\u0646\u0627\u064a\u062a\u0631\u0632 \u062f\u0627\u064a\u0645\u0627 \u062a\u0642\u062f\u0645\u0648\u0646 \u0627\u0634\u064a\u0627\u0621 \u062a\u062c\u0646\u0646\u2764\u2764",
            "likes": 3,
            "number_of_replies": 0,
            "polarity": 0.0,
            "subjectivity": 0.0
        },
        {
            "comment": "Tem gente ai",
            "likes": 3,
            "number_of_replies": 1,
            "polarity": 0.0,
            "subjectivity": 0.0
        }
    ],
    "comments_since_last_sample": [
        {
            "body": "vemmmmm 10M \ud83d\udc97\ud83d\udc97\ud83d\udc97",
            "polarity": 0.0,
            "subjectivity": 0.0
        },
        {
            "body": "Eite",
            "polarity": 0.0,
            "subjectivity": 0.0
        },
        {
            "body": "Voltei",
            "polarity": 0.0,
            "subjectivity": 0.0
        },
        {
            "body": "Brrr ovo",
            "polarity": 0.0,
            "subjectivity": 0.0
        },
        {
            "body": "Vamoss",
            "polarity": 0.0,
            "subjectivity": 0.0
        },
        {
            "body": "\u0623\u064a\u0646 \u0627\u0644\u0639\u0631\u0628 \u062e\u0644\u0648\u0646\u0627 \u0646\u062b\u0628\u062a \u0648\u062c\u0648\u062f\u0646\u0627 \u0648\u0646\u062f\u0639\u0645 \u0627\u0644\u0627\u063a\u0646\u064a\u0629\ud83e\udda6\ud83e\udda6\u061f\u061f",
            "polarity": 0.0,
            "subjectivity": 0.0
        },
        {
            "body": "Tem gente ai",
            "polarity": 0.0,
            "subjectivity": 0.0
        },
        {
            "body": "\u0643\u0644 \u0634\u064a \u064a\u062c\u0646\u0646 \u0641\u062e\u0648\u0631\u0629 \u0627\u0646\u064a \u064a\u0648\u0646\u0627\u064a\u062a\u0631\u0632 \u062f\u0627\u064a\u0645\u0627 \u062a\u0642\u062f\u0645\u0648\u0646 \u0627\u0634\u064a\u0627\u0621 \u062a\u062c\u0646\u0646\u2764\u2764",
            "polarity": 0.0,
            "subjectivity": 0.0
        },
        {
            "body": "\u062c\u0645\u0627\u0644 \u0627\u0644\u0627\u0639\u0636\u0627\u0621 \u0648\u0627\u0635\u0648\u0627\u062a\u0647\u0645 \u0648\u062c\u0645\u0627\u0644 \u0633\u0627\u0641 \u0648\u0635\u0648\u062a\u0647\u0627 \u064a\u0644\u064a \u064a\u062c\u0646\u0646 \u0627\u0645\u0648\u0648\u062a \u0639\u0644\u064a\u0647\u0627\u0627 \u062a\u062c\u0646\u0646\ud83d\ude29\ud83d\ude29\u2764",
            "polarity": 0.0,
            "subjectivity": 0.0
        },
        {
            "body": "\u0627\u0644\u0627\u063a\u0646\u064a\u0629 \u062a\u062c\u0646\u0646\u0646 \u0648\u0627\u0644\u0635\u0648\u062a \u0648\u0643\u0644 \u0634\u064a \u0648\u0627\u0644\u0627\u0639\u0636\u0627\u0621 \u0648\u0627\u0644\u0645\u0644\u0627\u0628\u0633 \u0648\u062c\u0645\u0627\u0644\u0647\u0645 \u0627\u062e\u062e\u062e\ud83d\ude29\ud83d\ude29\ud83d\ude29\u2764\u2764",
            "polarity": 0.0,
            "subjectivity": 0.0
        },
        {
            "body": "My God! It's amazing.",
            "polarity": 0.6000000000000001,
            "subjectivity": 0.9
        },
        {
            "body": "Volteii, ainda tem gnt??",
            "polarity": 0.0,
            "subjectivity": 0.0
        },
        {
            "body": "GENTE QUANDO DESTRAVAR AS VISUALIZA\u00c7\u00d5ES V\u00c3O AUMENTAR?",
            "polarity": 0.0,
            "subjectivity": 0.0
        },
        {
            "body": "GALAXY YEAH YEAH",
            "polarity": 0.0,
            "subjectivity": 0.0
        },
        {
            "body": "DON'T SLEEP",
            "polarity": 0.0,
            "subjectivity": 0.0
        },
        {
            "body": "*\"O O O O NO ONE SAID IT COULD BE EASY O O O\".... IM ON LOVE WITH THIS SONG!!!!*",
            "polarity": 0.7166666666666667,
            "subjectivity": 0.7166666666666667
        },
        {
            "body": "NO OH OH YEAH",
            "polarity": 0.0,
            "subjectivity": 0.0
        },
        {
            "body": "LET'S SHINEE",
            "polarity": 0.0,
            "subjectivity": 0.0
        },
        {
            "body": "ON FUTURE YOU AND FUTURE ME",
            "polarity": 0.0,
            "subjectivity": 0.125
        },
        {
            "body": "Lindoosssss",
            "polarity": 0.0,
            "subjectivity": 0.0
        }
    ]
}