{
    "time_posted": "2021-10-30 13:56:42",
    "url": "https://www.youtube.com/watch?v=BHFzRjpUh9g",
    "time_now": "2021-11-05 21:02:02",
    "ups": "213555",
    "downs": "3655",
    "views": "8511438",
    "top_comments": [
        {
            "comment": "Meu Deus, ela era t\u00e3o nova, juro, n\u00e3o t\u00f4 acreditando s\u00e9rio",
            "likes": 1,
            "number_of_replies": 0,
            "polarity": 0.0,
            "subjectivity": 0.0
        },
        {
            "comment": "Gente infelizmente Mar\u00edlia Mendon\u00e7a acabou de morrer \ud83d\ude22\ud83d\ude22 est\u00e1 passando na Globo.",
            "likes": 1,
            "number_of_replies": 0,
            "polarity": 0.0,
            "subjectivity": 0.0
        },
        {
            "comment": "A equipe dela n\u00e3o falou antes pq n\u00e3o queriam alarmar,muito triste meu dia acabou",
            "likes": 1,
            "number_of_replies": 0,
            "polarity": 0.0,
            "subjectivity": 0.0
        },
        {
            "comment": "Mar\u00edlia Mendon\u00e7a morreu em um acidente de avi\u00e3o\ud83e\udd27\ud83d\ude2d\ud83d\ude2d",
            "likes": 1,
            "number_of_replies": 0,
            "polarity": 0.0,
            "subjectivity": 0.0
        }
    ],
    "comments_since_last_sample": [
        {
            "body": "KD O PESSOAL??",
            "polarity": 0.0,
            "subjectivity": 0.0
        },
        {
            "body": "MANO, N\u00c3O T\u00d4 ACREDITANDO\ud83e\udd7a\ud83d\udda4",
            "polarity": 0.0,
            "subjectivity": 0.0
        },
        {
            "body": "COMO ASSIM?? \u00c9 S\u00c9RIO?",
            "polarity": 0.0,
            "subjectivity": 0.0
        },
        {
            "body": "S\u00f3 lembrei do Gabriel Diniz..",
            "polarity": 0.0,
            "subjectivity": 0.0
        },
        {
            "body": "Gente a Mar\u00edlia Mendon\u00e7a morreu no avi\u00e3o nem era f\u00e3 dela mas segue a vida todo mundo tem q morrer um dia",
            "polarity": 0.0,
            "subjectivity": 0.0
        },
        {
            "body": "Lindos",
            "polarity": 0.0,
            "subjectivity": 0.0
        },
        {
            "body": "nunca gostei de avi\u00e3o",
            "polarity": 0.0,
            "subjectivity": 0.0
        },
        {
            "body": "Ela tava t\u00e3o animada, t\u00e3o feliz...",
            "polarity": 0.0,
            "subjectivity": 0.0
        },
        {
            "body": "Meu cora\u00e7\u00e3o...",
            "polarity": 0.0,
            "subjectivity": 0.0
        },
        {
            "body": "Gente, ela passou um dia desse em um programa... meu Deus, a vida \u00e9 s\u00f3 um sopro mesmo.",
            "polarity": 0.0,
            "subjectivity": 0.0
        },
        {
            "body": "T\u00e1 Na Hora Gente!!",
            "polarity": 0.0,
            "subjectivity": 0.0
        },
        {
            "body": "Vamos l\u00e1 \nFalta pouco para bater 10M ent\u00e3o n\u00e3o parem de ouvir por favor \nS\u00f3 temos o final desse dia e a madrugada para bater essa meta, pois de manh\u00e3 perto do meio dia j\u00e1 vai ser considerado 7dias ent\u00e3o vamos nos esfor\u00e7ar agora para depois n\u00e3o ficarmos desesperados kkkkkkk",
            "polarity": 0.0,
            "subjectivity": 1.0
        },
        {
            "body": "JURO, N\u00c3O T\u00d4 CONSEGUINDO ACREDITAR",
            "polarity": 0.0,
            "subjectivity": 0.0
        },
        {
            "body": "Oiee",
            "polarity": 0.0,
            "subjectivity": 0.0
        },
        {
            "body": "Mar\u00edlia Mendon\u00e7a morreu em um acidente de avi\u00e3o\ud83e\udd27\ud83d\ude2d\ud83d\ude2d",
            "polarity": 0.0,
            "subjectivity": 0.0
        },
        {
            "body": "N\u00e3o consigo acreditar... Mar\u00edlia Mendon\u00e7a rainha da sofr\u00eancia,n\u00e3o escutava as m\u00fasicas dela,mas ela era muito amada e sempre vai ser, meu estado (Go)  est\u00e1 em luto agora..",
            "polarity": 0.0,
            "subjectivity": 0.0
        },
        {
            "body": "A equipe dela n\u00e3o falou antes pq n\u00e3o queriam alarmar,muito triste meu dia acabou",
            "polarity": 0.0,
            "subjectivity": 0.0
        },
        {
            "body": "Gente infelizmente Mar\u00edlia Mendon\u00e7a acabou de morrer \ud83d\ude22\ud83d\ude22 est\u00e1 passando na Globo.",
            "polarity": 0.0,
            "subjectivity": 0.0
        },
        {
            "body": "Pior not\u00edcia q eu tive hoje, n tenho nem mais anima\u00e7\u00e3o pra dar viw",
            "polarity": 0.0,
            "subjectivity": 0.0
        },
        {
            "body": "Meu Deus, ela era t\u00e3o nova, juro, n\u00e3o t\u00f4 acreditando s\u00e9rio",
            "polarity": 0.0,
            "subjectivity": 0.0
        }
    ]
}