{
    "time_posted": "2021-10-30 12:24:22",
    "url": "https://www.youtube.com/watch?v=BkhWThHGTMk",
    "time_now": "2021-11-01 14:01:41",
    "ups": "7837",
    "downs": "438",
    "views": "664503",
    "top_comments": [
        {
            "comment": "Nai nai yeah to ho \ud83d\ude02 \ud83d\ude02 \ud83d\ude02 \ud83d\ude02",
            "likes": 1,
            "number_of_replies": 0,
            "polarity": 0.0,
            "subjectivity": 0.0
        },
        {
            "comment": "Indian commentators fity muh",
            "likes": 1,
            "number_of_replies": 0,
            "polarity": 0.0,
            "subjectivity": 0.0
        }
    ],
    "comments_since_last_sample": [
        {
            "body": "\ud83c\uddf5\ud83c\uddf0 \u067e\u0627\u06a9\u0633\u062a\u0627\u0646 \u0632\u0646\u062f\u06c1 \u0628\u0627\u062f \ud83c\uddf5\ud83c\uddf0",
            "polarity": 0.0,
            "subjectivity": 0.0
        },
        {
            "body": "\u200f\u0646\u06cc\u0648\u0632\u06cc \u0644\u06cc\u0646\u0688 \u0646\u06d2 \u0631\u0627\u062a \u06a9\u0648 \u0627\u0646\u0688\u06cc\u0627 \u0633\u06d2 \u0627\u0633\n \"\u0641\u06cc\u06a9 \u0627\u06cc \u0645\u06cc\u0644\" \n\u06a9\u0627 \u0628\u062f\u0644\u06c1 \u0644\u06cc\u0627 \u06c1\u06d2 \u062c\u0633 \u06a9\u06cc \u0648\u062c\u06c1 \u0633\u06d2 \u0627\u0646\u06c1\u06cc\u06ba \u067e\u0627\u06a9\u0633\u062a\u0627\u0646 \u06a9\u0627 \u062f\u0648\u0631\u06c1 \u06a9\u06cc\u0646\u0633\u0644 \u06a9\u0631\u0646\u0627 \u067e\u0691\u0627 \u062a\u06be\u0627 \ud83d\udc47\ud83d\udc47\n\u0627\u0648\u0631 \u067e\u06be\u0631 \u0646\u06cc\u0648\u0632\u06cc \u0644\u06cc\u0646\u0688 \u06a9\u0648 \u067e\u0627\u06a9\u0633\u062a\u0627\u0646 \u0633\u06d2 \u067e\u06be\u06cc\u0646\u0679\u0627 \u0644\u06af\u0627\ud83d\ude01",
            "polarity": 0.0,
            "subjectivity": 0.0
        },
        {
            "body": "Mirchen jab pichware m saran krti hen to mu se awwaz nikalti h  nahi. Nahi.   Nahi.  Nahi",
            "polarity": 0.0,
            "subjectivity": 0.0
        },
        {
            "body": "Ab ni ni teri pen nu yahwen khote \ud83d\ude02",
            "polarity": 0.0,
            "subjectivity": 0.0
        },
        {
            "body": "\u0627\u0635\u0641 \u0628\u06be\u0627\u06cc \u0627\u062c \u062a\u0648 \u0627\u067e \u0646\u06d2 \u0644\u0627\u0644\u0627 \u06a9\u06cc \u06cc\u0627\u062f \u062f\u0627\u0644\u0627 \u062f\u06cc \u06cc\u0627\u0631 \u0627\u0644\u0644\u0644\u06c1 \u0627\u067e \u06a9\u0648 \u06a9\u0627\u0645\u06cc\u0627\u0628 \u06a9\u0631\u06d2",
            "polarity": 0.0,
            "subjectivity": 0.0
        },
        {
            "body": "Name Bata do kaun sa channal ha ye",
            "polarity": 0.0,
            "subjectivity": 0.0
        },
        {
            "body": "sixes hawa may nhi ,lgta tha commentator ki gand may lg rahay haen .jo kah raha hay nhi,nhi,nhi......",
            "polarity": 0.0,
            "subjectivity": 0.0
        }
    ]
}