{
    "time_posted": "2021-10-30 15:00:18",
    "url": "https://www.youtube.com/watch?v=bm10lJQFxMs",
    "time_now": "2021-11-03 07:14:08",
    "ups": "9129",
    "downs": "112",
    "views": "236333",
    "top_comments": [
        {
            "comment": "I'm from the south and I know not to get between a mamma bear and her cubs! Evidently some city democrats have never been taught this! Mamma bear 101 is in session America! Let's go Brandon!!!",
            "likes": 1,
            "number_of_replies": 0,
            "polarity": 0.762939453125,
            "subjectivity": 0.25
        },
        {
            "comment": "Let's go Brandon! FJB \ud83d\udc4c\ud83d\udc4c\ud83d\udc4c\ud83d\udc4c",
            "likes": 1,
            "number_of_replies": 0,
            "polarity": 0.0,
            "subjectivity": 0.0
        }
    ],
    "comments_since_last_sample": []
}