{
    "time_posted": "2021-10-30 15:00:18",
    "url": "https://www.youtube.com/watch?v=bm10lJQFxMs",
    "time_now": "2021-11-02 18:52:16",
    "ups": "9022",
    "downs": "112",
    "views": "233170",
    "top_comments": [],
    "comments_since_last_sample": [
        {
            "body": "Can I get Keisha's number?",
            "polarity": 0.0,
            "subjectivity": 0.0
        },
        {
            "body": "Uuuuuuuuuummmmm.....let's go Brandon?",
            "polarity": 0.0,
            "subjectivity": 0.0
        },
        {
            "body": "Democrats don't care about their constituents.... Empty promises is all they offer....",
            "polarity": -0.1,
            "subjectivity": 0.5
        },
        {
            "body": "Fulchi is like Biden . A trader to the U.S. and it's people. They from the look's of the evidence are getting payouts from the Chinese. I would bet my house they both have offshore Accounts, with deposits from the Chinese, and Biden also has gotten a payouts in the Ukrain for several years.",
            "polarity": 0.0,
            "subjectivity": 0.0
        },
        {
            "body": "First woman up was on fox news last night. She read from some books she brought. She read from a book that she said called children EVIL. It did not for she showed the page and fox closed in. It did not say children nor did it say evil. it said racism is BAD!!!",
            "polarity": -0.47500000000000003,
            "subjectivity": 0.5277777777777778
        },
        {
            "body": "Thanks to Fox News for always being on the side of truth! If it wasn't for Fox News we wouldn't know these craziness existed! Youngkin for Governor! Let's go Brandon!",
            "polarity": 0.48828125,
            "subjectivity": 0.2
        },
        {
            "body": "And wait, it was the PARENTS who voted them in. Who's to blame again?",
            "polarity": 0.0,
            "subjectivity": 0.0
        }
    ]
}