{
    "time_posted": "2021-10-30 13:00:07",
    "url": "https://www.youtube.com/watch?v=BpNerJUg81Q",
    "time_now": "2021-11-03 15:28:40",
    "ups": "2278",
    "downs": "53",
    "views": "71845",
    "top_comments": [
        {
            "comment": "Cost of this spending bill should include the massive increase in inflation.  No question Democrats will profit from this bill.  How much money will go straight to Democrats??  Don\u2019t forget,  F J B.",
            "likes": 1,
            "number_of_replies": 0,
            "polarity": 0.13333333333333333,
            "subjectivity": 0.5333333333333333
        },
        {
            "comment": "Biden=destruction of America",
            "likes": 1,
            "number_of_replies": 0,
            "polarity": 0.0,
            "subjectivity": 0.0
        },
        {
            "comment": "Democrats are the enemy of the TAX paying American Citizen, just send those criminals packing in 2022...",
            "likes": 1,
            "number_of_replies": 0,
            "polarity": 0.0,
            "subjectivity": 0.0
        }
    ],
    "comments_since_last_sample": []
}