{
    "time_posted": "2021-10-30 08:30:09",
    "url": "https://www.youtube.com/watch?v=c8sD8q3h--0",
    "time_now": "2021-11-05 16:54:27",
    "ups": "12634",
    "downs": "1462",
    "views": "403268",
    "top_comments": [
        {
            "comment": "Cheap Editing. \nSasti Model. \nGareebo ka Tony kakkar.",
            "likes": 5,
            "number_of_replies": 1,
            "polarity": 0.4,
            "subjectivity": 0.7
        },
        {
            "comment": "Kisi ne dekha Gana to 1 min ke baad chalu hua jab tak to bas comment hi pade \ud83e\udd27\ud83e\udd27\ud83e\udd23\ud83e\udd23",
            "likes": 4,
            "number_of_replies": 0,
            "polarity": 0.0,
            "subjectivity": 0.0
        },
        {
            "comment": "Sab ko singer banna hai \ud83d\ude02\ud83d\ude02",
            "likes": 3,
            "number_of_replies": 0,
            "polarity": 0.0,
            "subjectivity": 0.0
        },
        {
            "comment": "Gr8 job jiju.....\ud83d\ude0d\ud83d\ude0d\ud83d\ude0d",
            "likes": 3,
            "number_of_replies": 0,
            "polarity": 0.0,
            "subjectivity": 0.0
        },
        {
            "comment": "Mast video song hai",
            "likes": 2,
            "number_of_replies": 0,
            "polarity": 0.0,
            "subjectivity": 0.0
        }
    ],
    "comments_since_last_sample": []
}