{
    "time_posted": "2021-10-30 14:00:14",
    "url": "https://www.youtube.com/watch?v=eLOKR9SqTpo",
    "time_now": "2021-10-31 09:11:54",
    "ups": "6584",
    "downs": "769",
    "views": "541782",
    "top_comments": [
        {
            "comment": "The first one is so funny because an adult is a child \ud83e\udd23 and the mom seeing him like that yeap like dude \ud83d\ude02- the child is in the bath \ud83d\udec1",
            "likes": 3,
            "number_of_replies": 0,
            "polarity": 0.19999999999999998,
            "subjectivity": 0.5444444444444444
        },
        {
            "comment": "Are you gonna poison a adult a.k.a. \"kid\" because you put glue on m and m or skittles",
            "likes": 1,
            "number_of_replies": 0,
            "polarity": 0.1,
            "subjectivity": 0.3
        },
        {
            "comment": "I  love   your   vidoes",
            "likes": 1,
            "number_of_replies": 0,
            "polarity": 0.5,
            "subjectivity": 0.6
        }
    ],
    "comments_since_last_sample": [
        {
            "body": "Cool guys but Mum needs a better changer my style is Saturn keep her long beautiful locks make those the same colour as her forehead and also give her a really pretty pink dress with some heels with sparkles on them also give them a ute Desmond Dekker amount thank",
            "polarity": 0.2571428571428571,
            "subjectivity": 0.5678571428571428
        },
        {
            "body": "\ud83d\ude1e\ud83d\ude1e",
            "polarity": 0.0,
            "subjectivity": 0.0
        },
        {
            "body": "adults are child hahaha",
            "polarity": 0.2,
            "subjectivity": 0.4
        },
        {
            "body": "Happy Halloween",
            "polarity": 0.8,
            "subjectivity": 1.0
        },
        {
            "body": "\u041c\u043d\u043e\u0433\u043e  \u0431\u043b\u0430\u0433\u043e\u0434\u0430\u0440\u044f \ud83d\ude18\ud83d\ude18\ud83d\ude18\u2764",
            "polarity": 0.0,
            "subjectivity": 0.0
        },
        {
            "body": "This is so funny",
            "polarity": 0.25,
            "subjectivity": 1.0
        },
        {
            "body": "This is stupid",
            "polarity": -0.7999999999999999,
            "subjectivity": 1.0
        },
        {
            "body": "I  love   your   vidoes",
            "polarity": 0.5,
            "subjectivity": 0.6
        },
        {
            "body": "Spoon fish is not worked",
            "polarity": 0.0,
            "subjectivity": 0.0
        },
        {
            "body": "Are you gonna poison a adult a.k.a. \"kid\" because you put glue on m and m or skittles",
            "polarity": 0.1,
            "subjectivity": 0.3
        },
        {
            "body": "Gkjgftthnnfref",
            "polarity": 0.0,
            "subjectivity": 0.0
        },
        {
            "body": "My lil sister watching this  family:why people watch",
            "polarity": 0.0,
            "subjectivity": 0.0
        },
        {
            "body": "Bruh you embarrassed your daughter you can get your kid some earrings its only like   3 dollars",
            "polarity": 0.0,
            "subjectivity": 1.0
        },
        {
            "body": "The first one is so funny because an adult is a child \ud83e\udd23 and the mom seeing him like that yeap like dude \ud83d\ude02- the child is in the bath \ud83d\udec1",
            "polarity": 0.19999999999999998,
            "subjectivity": 0.5444444444444444
        },
        {
            "body": "Sobra galing",
            "polarity": 0.0,
            "subjectivity": 0.0
        },
        {
            "body": "last week no u should bath every day right",
            "polarity": 0.14285714285714285,
            "subjectivity": 0.3011904761904762
        },
        {
            "body": "a",
            "polarity": 0.0,
            "subjectivity": 0.0
        },
        {
            "body": "hello",
            "polarity": 0.0,
            "subjectivity": 0.0
        },
        {
            "body": "Happy Halloween \ud83c\udf83\ud83c\udf89",
            "polarity": 0.8,
            "subjectivity": 1.0
        }
    ]
}