{
    "time_posted": "2021-10-30 19:46:19",
    "url": "https://www.youtube.com/watch?v=F7AiLtUiPfc",
    "time_now": "2021-11-06 13:31:07",
    "ups": "11967",
    "downs": "58",
    "views": "124317",
    "top_comments": [
        {
            "comment": "Intro and outro song:- https://youtu.be/9CvwbW9UhJcg\r\n10:05 flus 1 min haters to bolenge remote se kiya \r\n19:43 flus 1 min target nhi + ae sala cup naamde haha \r\n22:46 flus 30 sec haha \r\n44:38 raka ko target nhi \r\n46:11 flus 2 min JNL vamfire +  bhagwaan of yudh \r\n55:47 flus 45 sec agents mein variety streamer \r\n1:16:09 -50 \r\n1:21:48 flus 30 sec english chodder \r\n1:32:48 flus 1 min thank you for your service \r\n1:40:22 flus 1 min touch up touch up and bend over \r\n1:49:22 +20 sec haha\r\n1:51:31 volume 1 by tbone \r\n2:04:05 flus 30 sec yeh fas gaya + jodd ult \r\n2:13:55 flus 30 sec haga + ankkita ne kaata raka ko \r\n2:21:55 raman faaji haha\r\n2:27:48 haha  \r\n2:43:18 flus 30 sec lol dewd  ++ joxing \r\n2:49:45 raman paaji always \r\n2:53:02 oo tenu jodd 3k \r\n2:55:20 haha \r\n3:00:17 haha \r\n3:22:40 nice 2k + wapis raman faaji \r\n3:28:23 chii be \r\n3:48:37 flus 2 min haffy birthday uncle + time hi time hai haha \r\n3:58:47 chii tbone \r\n4:01:28 yoru flays part 1 \r\n4:02:14 yoru flays part 2\r\n4:05:50 flus 30 sec yoru flays part 3\r\n4:10:44 flus 40 sec yoru part 4 \r\n4:14:05 yoru flays part 5\r\n4:22:55 flus 30 sec yoru flays part 6 \r\n4:29:22 haha \r\nTake This Care <3..",
            "likes": 56,
            "number_of_replies": 0,
            "polarity": 0.12916666666666668,
            "subjectivity": 0.48333333333333334
        },
        {
            "comment": "@Tbone for people who cry about saturation you can do one thing, if you increase 50 saturation in PC then in OBS apply filter and do -50 saturation, it should look normal to us and you still have high saturation, hope you understood",
            "likes": 10,
            "number_of_replies": 0,
            "polarity": 0.155,
            "subjectivity": 0.595
        },
        {
            "comment": "3:00:18 tbone says hrdra flick mujhe maro. dead \ud83d\ude01\ud83d\ude02\ud83d\ude03\ud83d\ude04\ud83d\ude04\ud83d\ude05",
            "likes": 7,
            "number_of_replies": 0,
            "polarity": -0.2,
            "subjectivity": 0.4
        },
        {
            "comment": "Newest first for the timestamps..",
            "likes": 6,
            "number_of_replies": 0,
            "polarity": 0.25,
            "subjectivity": 0.3333333333333333
        },
        {
            "comment": "16:08 @Ashwin Sagar 10 rupee ki membership",
            "likes": 4,
            "number_of_replies": 0,
            "polarity": 0.0,
            "subjectivity": 0.0
        }
    ],
    "comments_since_last_sample": []
}