{
    "time_posted": "2021-10-30 15:00:00",
    "url": "https://www.youtube.com/watch?v=FMbWG7wlaMs",
    "time_now": "2021-10-31 05:05:01",
    "ups": "14891",
    "downs": "167",
    "views": "226495",
    "top_comments": [
        {
            "comment": "A HUGE thanks to Drew and Linda Scott for helping design the interior of my new home! Go follow them on YouTube! https://www.youtube.com/athome. \n\nWould you like to see any other videos of the house? I can show whats in my fridge, pantry, Mike's Office, and more! Let me know ",
            "likes": 545,
            "number_of_replies": 66,
            "polarity": 0.2626136363636363,
            "subjectivity": 0.48590909090909096
        },
        {
            "comment": "18:39\nRo, and Scott\u2019s height difference just got me \ud83e\udd23",
            "likes": 1,
            "number_of_replies": 0,
            "polarity": 0.0,
            "subjectivity": 0.0
        },
        {
            "comment": "It\u2019s so fantastic to see this. Ro, you\u2019ve worked so hard, and I\u2019m so happy for you. I always get really excited when you post, keep up the epic work! <33",
            "likes": 1,
            "number_of_replies": 0,
            "polarity": 0.2816666666666667,
            "subjectivity": 0.7183333333333333
        },
        {
            "comment": "Yes we want fdrige tour pls pls pls love you",
            "likes": 1,
            "number_of_replies": 0,
            "polarity": 0.5,
            "subjectivity": 0.6
        }
    ],
    "comments_since_last_sample": [
        {
            "body": "is that white sage??? white sage is endangered so pls be careful with the kind u purchase ro!!",
            "polarity": 0.209375,
            "subjectivity": 0.475
        },
        {
            "body": "House is beautiful and well organized",
            "polarity": 0.85,
            "subjectivity": 1.0
        },
        {
            "body": "I live in toxic mold & I have several kids depending on me/ it\u2019s causing me to be severely ill / doctors want us to get out/ I don\u2019t have enough money/ go fund me page/ get out of mold infested mobile home Ann R",
            "polarity": -0.09090909090909091,
            "subjectivity": 0.5
        },
        {
            "body": "I don't like what ameeica did to me",
            "polarity": 0.0,
            "subjectivity": 0.0
        },
        {
            "body": "I love your house where is cookie your dog",
            "polarity": 0.5,
            "subjectivity": 0.6
        },
        {
            "body": "Name idea for coffee maker: Barista-chan.",
            "polarity": 0.0,
            "subjectivity": 0.0
        },
        {
            "body": "I really love your new house RO. My favorite part is the kitchen. I really love the coffee maker that\u2019s in the wall.",
            "polarity": 0.40909090909090906,
            "subjectivity": 0.6636363636363637
        },
        {
            "body": "18:39\nRo, and Scott\u2019s height difference just got me \ud83e\udd23",
            "polarity": 0.0,
            "subjectivity": 0.0
        },
        {
            "body": "Parista pansino/barista",
            "polarity": 0.0,
            "subjectivity": 0.0
        },
        {
            "body": "We need fridge tour sis",
            "polarity": 0.0,
            "subjectivity": 0.0
        },
        {
            "body": "Where is Mike's closet",
            "polarity": 0.0,
            "subjectivity": 0.0
        },
        {
            "body": "Yes we want fdrige tour pls pls pls love you",
            "polarity": 0.5,
            "subjectivity": 0.6
        },
        {
            "body": "So beautiful\ud83d\ude0d",
            "polarity": 0.0,
            "subjectivity": 0.0
        },
        {
            "body": "I\u2019ve been with you since the very beginning Ro. Seeing your growth is just incredible and this home is just absolutely WOW!!!\ud83d\ude0d\ud83d\ude0d It\u2019s definitely a forever home indeed to me. Oh and yes I would like to see a new Fridge Tour! Love you lots!\ud83d\udc9c",
            "polarity": 0.32840909090909093,
            "subjectivity": 0.6090909090909091
        },
        {
            "body": "U should name it chloe",
            "polarity": 0.0,
            "subjectivity": 0.0
        },
        {
            "body": "You can tell how humble she is regardless of having a huge beautiful house \ud83e\udd70",
            "polarity": 0.35000000000000003,
            "subjectivity": 0.7666666666666666
        },
        {
            "body": "It\u2019s so fantastic to see this. Ro, you\u2019ve worked so hard, and I\u2019m so happy for you. I always get really excited when you post, keep up the epic work! <33",
            "polarity": 0.2816666666666667,
            "subjectivity": 0.7183333333333333
        },
        {
            "body": "WOW! Love your new house! It looks very cool!",
            "polarity": 0.3410511363636364,
            "subjectivity": 0.7248863636363637
        },
        {
            "body": "Closet tour!!!!!!",
            "polarity": 0.0,
            "subjectivity": 0.0
        }
    ]
}