{
    "time_posted": "2021-10-30 09:30:12",
    "url": "https://www.youtube.com/watch?v=j7B5Fo4T6kk",
    "time_now": "2021-10-31 05:04:29",
    "ups": "5605",
    "downs": "167",
    "views": "122533",
    "top_comments": [
        {
            "comment": "Odisha's No.1 Music Platform \ud83c\udfb6\"Taranga Music\"\ud83c\udfb6 Love You Tarang Music\u2764\ufe0f\u2764\ufe0f\u2764\ufe0f",
            "likes": 20,
            "number_of_replies": 0,
            "polarity": 0.5,
            "subjectivity": 0.6
        },
        {
            "comment": "Jasmine all videos full hd 1080 download in my phone.. love \ud83d\udc95 you",
            "likes": 3,
            "number_of_replies": 0,
            "polarity": 0.425,
            "subjectivity": 0.575
        },
        {
            "comment": "Rishi and Jasmin Jodi nice",
            "likes": 3,
            "number_of_replies": 0,
            "polarity": 0.6,
            "subjectivity": 1.0
        },
        {
            "comment": "Rishi \u2665\ufe0f",
            "likes": 3,
            "number_of_replies": 0,
            "polarity": 0.0,
            "subjectivity": 0.0
        },
        {
            "comment": "It's Awesome.. Class chemistry\nI remember my childhood.. this song like two songs available..buby/Jina and sabya/chinky ... but it's Class..",
            "likes": 2,
            "number_of_replies": 0,
            "polarity": 1.0,
            "subjectivity": 1.0
        }
    ],
    "comments_since_last_sample": [
        {
            "body": "Beautiful song \ud83d\udc4c\ud83d\udc4c\ud83d\udc4c",
            "polarity": 0.85,
            "subjectivity": 1.0
        },
        {
            "body": "Jasmine didi so beautiful actress \ud83d\ude0a\ud83d\ude0a\u2764\ufe0f\ud83d\ude48",
            "polarity": 0.85,
            "subjectivity": 1.0
        },
        {
            "body": "Beautiful song",
            "polarity": 0.85,
            "subjectivity": 1.0
        },
        {
            "body": "Like the video",
            "polarity": 0.0,
            "subjectivity": 0.0
        },
        {
            "body": "Beautiful \ud83d\udc4c",
            "polarity": 0.85,
            "subjectivity": 1.0
        },
        {
            "body": "Rishi and Jasmin Jodi nice",
            "polarity": 0.6,
            "subjectivity": 1.0
        },
        {
            "body": "So beautiful song by guest Hello friends",
            "polarity": 0.85,
            "subjectivity": 1.0
        },
        {
            "body": "\u2764\ufe0f\u2764\ufe0f",
            "polarity": 0.0,
            "subjectivity": 0.0
        },
        {
            "body": "I like the jodi \ud83d\udc4d\u2764\ufe0f\u2764\ufe0f rishi is such a very good actor and the combination of Jasmine and rishi is fabulous \ud83d\ude18\ud83d\ude18",
            "polarity": 0.4366666666666667,
            "subjectivity": 0.7600000000000001
        }
    ]
}