{
    "time_posted": "2021-10-30 15:35:23",
    "url": "https://www.youtube.com/watch?v=JgXMUPW6T8o",
    "time_now": "2021-11-05 08:40:45",
    "ups": "2893",
    "downs": "32",
    "views": "45887",
    "top_comments": [
        {
            "comment": "Also I'm a total liar, my friend Mark just reminded me that I played in a Guildball tournament a couple years ago. That was likely my first tournament, but I forgot. Sorry!",
            "likes": 188,
            "number_of_replies": 4,
            "polarity": -0.09375,
            "subjectivity": 0.7708333333333334
        },
        {
            "comment": "Woop woop! Conquest at the 8th minute!",
            "likes": 1,
            "number_of_replies": 0,
            "polarity": 0.0,
            "subjectivity": 0.0
        }
    ],
    "comments_since_last_sample": []
}