{
    "time_posted": "2021-10-30 14:20:29",
    "url": "https://www.youtube.com/watch?v=KE8zYIoR0nI",
    "time_now": "2021-10-31 17:25:12",
    "ups": "156902",
    "downs": "1479",
    "views": "2441682",
    "top_comments": [
        {
            "comment": "Subscribe for 136,500,000 skittles :)",
            "likes": 10650,
            "number_of_replies": 490,
            "polarity": 0.5,
            "subjectivity": 1.0
        },
        {
            "comment": "*Terrorists Win*",
            "likes": 1,
            "number_of_replies": 0,
            "polarity": 0.8,
            "subjectivity": 0.4
        },
        {
            "comment": "Bro I got amogus costume",
            "likes": 1,
            "number_of_replies": 0,
            "polarity": 0.0,
            "subjectivity": 0.0
        },
        {
            "comment": "There\u2019s gonna be a lot of michaels, ghostfaces and squid game costumes",
            "likes": 1,
            "number_of_replies": 0,
            "polarity": -0.4,
            "subjectivity": 0.4
        },
        {
            "comment": "HECKER IS THUG LIFE \ud83d\ude02\ud83d\ude02",
            "likes": 1,
            "number_of_replies": 0,
            "polarity": 0.0,
            "subjectivity": 0.0
        }
    ],
    "comments_since_last_sample": [
        {
            "body": "When is you\u2019re discord server full all the time\ud83d\ude2b",
            "polarity": 0.35,
            "subjectivity": 0.55
        },
        {
            "body": "Boo",
            "polarity": 0.0,
            "subjectivity": 0.0
        },
        {
            "body": "So skittle also technically blew up",
            "polarity": 0.0,
            "subjectivity": 0.1
        },
        {
            "body": "I like trains",
            "polarity": 0.0,
            "subjectivity": 0.0
        },
        {
            "body": "I knew what she was gonna say lol",
            "polarity": 0.8,
            "subjectivity": 0.7
        },
        {
            "body": "Bro I got amogus costume",
            "polarity": 0.0,
            "subjectivity": 0.0
        },
        {
            "body": "There\u2019s gonna be a lot of michaels, ghostfaces and squid game costumes",
            "polarity": -0.4,
            "subjectivity": 0.4
        },
        {
            "body": "happy Halloween",
            "polarity": 0.8,
            "subjectivity": 1.0
        },
        {
            "body": "HECKER IS THUG LIFE \ud83d\ude02\ud83d\ude02",
            "polarity": 0.0,
            "subjectivity": 0.0
        },
        {
            "body": "*Terrorists Win*",
            "polarity": 0.8,
            "subjectivity": 0.4
        },
        {
            "body": "You always make the funnyest vids!\ud83d\ude02\ud83e\udd23\ud83d\ude06",
            "polarity": 0.0,
            "subjectivity": 0.0
        },
        {
            "body": "im going to name my kid baluga, wen he ask why i named him BALUGA imma sya he legend:P",
            "polarity": 0.0,
            "subjectivity": 0.0
        },
        {
            "body": "I can join the discord server it\u2019s full",
            "polarity": 0.35,
            "subjectivity": 0.55
        },
        {
            "body": "Ralph is sus \ud83e\udd14",
            "polarity": 0.0,
            "subjectivity": 0.0
        },
        {
            "body": "uwu",
            "polarity": 0.0,
            "subjectivity": 0.0
        },
        {
            "body": "L main w second",
            "polarity": 0.08333333333333333,
            "subjectivity": 0.16666666666666666
        },
        {
            "body": "This man is speed running youtube",
            "polarity": 0.0,
            "subjectivity": 0.0
        },
        {
            "body": "1st time i got clickbaited by your video.\ni meanvideo is good but thumbnail is fake.",
            "polarity": 0.09999999999999998,
            "subjectivity": 0.8
        },
        {
            "body": "yoo you at kreek craft",
            "polarity": 0.0,
            "subjectivity": 0.0
        }
    ]
}