{
    "time_posted": "2021-10-30 14:20:29",
    "url": "https://www.youtube.com/watch?v=KE8zYIoR0nI",
    "time_now": "2021-11-02 22:59:21",
    "ups": "208776",
    "downs": "2186",
    "views": "3777319",
    "top_comments": [
        {
            "comment": "Subscribe for 136,500,000 skittles :)",
            "likes": 13485,
            "number_of_replies": 490,
            "polarity": 0.5,
            "subjectivity": 1.0
        },
        {
            "comment": "I Love Beluga\u2019s Vids Soooo Much So I Make Videos Like his now!",
            "likes": 1,
            "number_of_replies": 0,
            "polarity": 0.375,
            "subjectivity": 0.4
        }
    ],
    "comments_since_last_sample": [
        {
            "body": "I freaking love this so much!",
            "polarity": 0.375,
            "subjectivity": 0.4
        },
        {
            "body": "Ralph: 99%\nHecker: 999999999999999%",
            "polarity": 0.0,
            "subjectivity": 0.0
        },
        {
            "body": "\u1566\ud83d\ude05\u1564",
            "polarity": 0.0,
            "subjectivity": 0.0
        },
        {
            "body": "Surprisingly I only saw 3 squid game costumes during Halloween...",
            "polarity": -0.2,
            "subjectivity": 0.7
        },
        {
            "body": "Ngl my sister and her friends did this.",
            "polarity": 0.0,
            "subjectivity": 0.0
        },
        {
            "body": "No one is dressing as among us, but 100000000 people are dressing as squid game",
            "polarity": -0.4,
            "subjectivity": 0.4
        },
        {
            "body": "Trick or treat smell my feet gimme smth good to feed",
            "polarity": 0.7,
            "subjectivity": 0.6000000000000001
        },
        {
            "body": "Is already was Halloween why in Russia we don't calibrating Halloween is my favourite!",
            "polarity": 0.0,
            "subjectivity": 0.0
        },
        {
            "body": "real",
            "polarity": 0.2,
            "subjectivity": 0.30000000000000004
        },
        {
            "body": "I Love Beluga\u2019s Vids Soooo Much So I Make Videos Like his now!",
            "polarity": 0.375,
            "subjectivity": 0.4
        },
        {
            "body": "Bussy saka",
            "polarity": 0.0,
            "subjectivity": 0.0
        },
        {
            "body": "When he said prove it i thought...... but she said uwu XD",
            "polarity": 0.0,
            "subjectivity": 0.0
        },
        {
            "body": "Hacker is aproching this video is hacked skittles not appearing subscribing",
            "polarity": 0.0,
            "subjectivity": 0.0
        },
        {
            "body": "Omg I am so happy for uuuuuu\ud83c\udf89\ud83c\udf89\ud83c\udf89\ud83c\udf89\ud83c\udf89\ud83c\udf89\ud83c\udf89\ud83c\udf89\ud83c\udf89",
            "polarity": 0.8,
            "subjectivity": 1.0
        },
        {
            "body": "A, BRO WHY SO SCARY.",
            "polarity": -0.5,
            "subjectivity": 1.0
        },
        {
            "body": "Keep up the good work! These videos are so entertaining!!!!!!!!!!!!!!!!!!!!!!!!!!!!!!!!!!!!!!!!!!!!!!!!!!!!!!!!!!!!!!!!!!!!!!!!!!!!!!!!!!!!!!!!!!!!!!!!!!!!!!!!!!!!!!!!!!!!!!!!!!!!!!!!!!!!!!!!!!!!!!!!!!!!!!!!!!!!!!!!!!!!!!!!!!!!!!!!!!!!!!!!!!!!!!!!!!!!!!!!!!!!!!!!!!!!!!!!!!!!!!!!!!!!!!!!!!!!!!!!!!!!!!!!!!!!!!!!!!!!!!!!!!!!!!!!!!!!!!!!!!!!!!!!!!!!!!!!!!!!!!!!!!!!!!!!!!!!!!!!!!!!!!!!!!!!!!!!!!!!!!!!!!!!!!!!!!!!!!!!!!!!!!!!!!!!!!!!!!!!!!!!!!!!!!!!!!!!!!!!!!!!!!!!!!!!!!!!!!!!!!!!!!!!!!!!!!!!!!!!!!!!!!!!!!!!!!!!!!!!!!!!!!!!!!!!!!!!!!!!!!!!!!!!!!!!!!!!!!!!!!!!!!!!!!!!!!!!!!!!!!!!!!!!!!!!!!!!!!!!!!!!!!!!!!!!!!!!!!!!!!!!!!!!!!!!!!!!!!!!!!!!!!!!!!!!!!!!!!!!!!!!!!!!!!!!!!!!!!!!!!!!!!!!!!!!!!!!!!!!!!!!!!!!!!!!!!!!!!!!!!!!!!!!!!!!!!!!!!!!!!!!!!!!!!!!!!!!!!!!!!!!!!!!!!!!!!!!!!!!!!!!!!!!!!!!!!!!!!!!!!!!!!!!!!!!!!!!!!!!!!!!!!!!!!!!!!!!!!!!!!!!!!!!!!!!!!!!!!!!!!!!!!!!!!!!!!!!!!!!!!!!!!!!!!!!!!!!!!!!!!!!!!!!!!!!!!!!!!!!!!!!!!!!!!!!!!!!!!!!!!!!!!!!!!!!!!!!!!!!!!!!!!!!!!!!!!!!!!!!!!!!!!!!!!!!!!!!!!!!!!!!!!!!!!!!!!!!!!!!!!!!!!!!!!!!!!!!!!!!!!!!!!!!!!!!!!!!!!!!!!!!!!!!!!!!!!!!!!!!!!!!!!!!!!!!!!!!!!!!!!!!!!!!!!!!!!!!!!!!!!!!!!!!!!!!!!!!!!!!!!!!!!!!!!!!!!!!!!!!!!!!!!!!!!!!!!!!!!!!!!!!!!!!!!!!!!!!!!!!!!!!!!!!!!!!!!!!!!!!!!!!!!!!!!!!!!!!!!!!!!!!!!!!!!!!!!!!!!!!!!!!!!!!!!!!!!!!!!!!!!!!!!!!!!!!!!!!!!!!!!!!!!!!!!!!!!!!!!!!!!!!!!!!!!!!!!!!!!!!!!!!!!!!!!!!!!!!!!!!!!!!!!!!!!!!!!!!!!!!!!!!!!!!!!!!!!!!!!!!!!!!!!!!!!!!!!!!!!!!!!!!!!!!!!!!!!!!!!!!!!!!!!!!!!!!!!!!!!!!!!!!!!!!!!!!!!!!!!!!!!!!!!!!!!!!!!!!!!!!!!!!!!!!!!!!!!!!!!!!!!!!!!!!!!!!!!!!!!!!!!!!!!!!!!!!!!!!!!!!!!!!!!!!!!!!!!!!!!!!!!!!!!!!!!!!!!!!!!!!!!!!!!!!!!!!!!!!!!!!!!!!!!!!!!!!!!!!!!!!!!!!!!!!!!!!!!!!!!!!!!!!!!!!!!!!!!!!!!!!!!!!!!!!!!!!!!!!!!!!!!!!!!!!!!!!!!!!!!!!!!!!!!!!!!!!!!!!!!!!!!!!!!!!!!!!!!!!!!!!!!!!!!!!!!!!!!!!!!!!!!!!!!!!!!!!!!!!!!!!!!!!!!!!!!!!!!!!!!!!!!!!!!!!!!!!!!!!!!!!!!!!!!!!!!!!!!!!!!!!!!!!!!!!!!!!!!!!!!!!!!!!!!!!!!!!!!!!!!!!!!!!!!!!!!!!!!!!!!!!!!!!!!!!!!!!!!!!!!!!!!!!!!!!!!!!!!!!!!!!!!!!!!!!!!!!!!!!!!!!!!!!!!!!!!!!!!!!!!!!!!!!!!!!!!!!!!!!!!!!!!!!!!!!!!!!!!!!!!!!!!!!!!!!!!!!!!!!!!!!!!!!!!!!!!!!!!!!!!!!!!!!!!!!!!!!!!!!!!!!!!!!!!!!!!!!!!!!!!!!!!!!!!!!!!!!!!!!!!!!!!!!!!!!!!!!!!!!!!!!!!!!!!!!!!!!!!!!!!!!!!!!!!!!!!!!!!!!!!!!!!!!!!!!!!!!!!!!!!!!!!!",
            "polarity": 0.9375,
            "subjectivity": 0.65
        },
        {
            "body": "The memes lied to us I swear everyone said ppl would be dressed up as Squid game and I was out all day I did not see a single squid game costume lol",
            "polarity": -0.01785714285714285,
            "subjectivity": 0.42857142857142855
        },
        {
            "body": "Like imposter but not sus damn this one got me xD",
            "polarity": 0.0,
            "subjectivity": 0.0
        },
        {
            "body": "No iam hecker do not lie",
            "polarity": 0.0,
            "subjectivity": 0.0
        }
    ]
}