{
    "time_posted": "2021-10-30 12:00:08",
    "url": "https://www.youtube.com/watch?v=KIfxeyeuv7Y",
    "time_now": "2021-11-04 12:04:09",
    "ups": "876",
    "downs": "12",
    "views": "58971",
    "top_comments": [
        {
            "comment": "\u0397\u03c3\u03bf\u03c5\u03bd, \u03b5\u03af\u03c3\u03b1\u03b9 \u03ba\u03b1\u03b9 \u03b8\u03b1 \u03b5\u03af\u03c3\u03b1\u03b9 \u03bc\u03bf\u03bd\u03b1\u03b4\u03b9\u03ba\u03cc\u03c2!\n \u0392\u03c1\u03af\u03c3\u03ba\u03c9 \u03b5\u03c3\u03ad\u03bd\u03b1, \u03c7\u03ac\u03bd\u03c9 \u03b5\u03bc\u03ad\u03bd\u03b1... \u0388\u03c4\u03c3\u03b9 \u03b1\u03b3\u03b1\u03c0\u03ac\u03bd\u03b5...\n\u039c\u03bf\u03bd\u03cc \u03b5\u03c3\u03cd....",
            "likes": 4,
            "number_of_replies": 0,
            "polarity": 0.0,
            "subjectivity": 0.0
        },
        {
            "comment": "\u0397 \u03b1\u03bb\u03b7\u03b8\u03b5\u03b9\u03b1 \u03ba\u03b1\u03b9 \u03c4\u03bf \u03c8\u03b5\u03bc\u03b1 \u03b1\u03c0'\u03c4\u03bf\u03bd \u03b9\u03b4\u03b9\u03bf \u03b4\u03c1\u03cc\u03bc\u03bf \u03c0\u03ac\u03bd\u03b5 .",
            "likes": 2,
            "number_of_replies": 0,
            "polarity": 0.0,
            "subjectivity": 0.0
        },
        {
            "comment": "\u0388\u03bb\u03b5\u03bf\u03c2 \u03c1\u03b5 \u0392\u03b1\u03c3\u03af\u03bb\u03b7,\u03cc\u03bb\u03b1 \u03ba\u03b1\u03bb\u03ac \u03ba\u03b9 \u03c9\u03c1\u03b1\u03af\u03b1 \u03b1\u03bb\u03bb\u03ac \u03c0\u03b1\u03af\u03be\u03b5 \u03ba\u03b1\u03b9 \u03bb\u03af\u03b3\u03bf \u03c3\u03c4\u03bf \u03c0\u03b1\u03bb\u03b9\u03cc \u03c4\u03bf \u03c3\u03c4\u03c5\u03bb...\u03bc\u03b1\u03c2 \u03ad\u03c7\u03b5\u03b9 \u03c0\u03ae\u03be\u03b5\u03b9 \u03c3\u03c4\u03b7\u03bd <<\u03b1\u03c6\u03ae\u03b3\u03b7\u03c3\u03b7>>  \u03bf \u03c3\u03c5\u03b3\u03ba\u03b5\u03ba\u03c1\u03b9\u03bc\u03ad\u03bd\u03bf\u03c2 \u03b4\u03af\u03c3\u03ba\u03bf\u03c2...",
            "likes": 2,
            "number_of_replies": 0,
            "polarity": 0.0,
            "subjectivity": 0.0
        },
        {
            "comment": "\u039c\u03c0\u03c1\u03ac\u03b2\u03bf \u0392\u03b1\u03c3\u03af\u03bb\u03b7 \u03b1\u03ba\u03cc\u03bc\u03b7 \u03ba\u03b1\u03b9 \u03c3\u03b5 \u03b4\u03cd\u03c3\u03ba\u03bf\u03bb\u03bf\u03c5\u03c2 \u03ba\u03b1\u03b9\u03c1\u03bf\u03cd\u03c2 \u03b5\u03af\u03c3\u03b1\u03b9 \u03b5\u03c0\u03b9\u03ba\u03b1\u03b9\u03c1\u03bf\u03c2",
            "likes": 2,
            "number_of_replies": 0,
            "polarity": 0.0,
            "subjectivity": 0.0
        },
        {
            "comment": "\u03a4\u03c1\u03bf\u03bc\u03b5\u03c1\u03bf\u03c2 \u03c3\u03c4\u03b9\u03c7\u03bf\u03c2, \u03bc\u03c0\u03c1\u03b1\u03b2\u03bf \u03a3\u03bc\u03b1\u03c1\u03c9, \u03b1\u03bb\u03bb\u03b7 \u03bc\u03b9\u03b1 \u03c5\u03c0\u03b5\u03c1\u03bf\u03c7\u03b7 \u03b4\u03bf\u03c5\u03bb\u03b5\u03b9\u03b1./////// \u03ba\u03b1\u03b9 \u03bc\u03bf\u03bd\u03b1\u03b4\u03b9\u03ba\u03b7 \u03b5\u03c1\u03bc\u03b7\u03bd\u03b5\u03b9\u03b1!!!",
            "likes": 2,
            "number_of_replies": 0,
            "polarity": 0.0,
            "subjectivity": 0.0
        }
    ],
    "comments_since_last_sample": []
}