{
    "time_posted": "2021-10-30 16:55:34",
    "url": "https://www.youtube.com/watch?v=kYVkOZuR2Gw",
    "time_now": "2021-10-31 09:11:30",
    "ups": "2444",
    "downs": "9",
    "views": "39483",
    "top_comments": [
        {
            "comment": "22:25 \u6bba\u610f\u9ad8\u3081\u3061\u3047",
            "likes": 3,
            "number_of_replies": 0,
            "polarity": 0.0,
            "subjectivity": 0.0
        },
        {
            "comment": "\u306f\u304b\u3061\u3083\u306e\u60b2\u9cf4\u306f\u4e16\u754c\u3092\u6551\u3048\u308b",
            "likes": 3,
            "number_of_replies": 0,
            "polarity": 0.0,
            "subjectivity": 0.0
        },
        {
            "comment": "Nice engrish 13:14",
            "likes": 3,
            "number_of_replies": 0,
            "polarity": 0.6,
            "subjectivity": 1.0
        },
        {
            "comment": "\u3068\u3066\u3082\u7f8e\u3057\u3044 \u3042\u308a\u304c\u3068\u3046 \u611b\u3057\u3066\u308b Hakase Fuyuki\u2764\u2764\u2764\u2764\u2764",
            "likes": 2,
            "number_of_replies": 0,
            "polarity": 0.0,
            "subjectivity": 0.0
        },
        {
            "comment": "\u306f\u304b\u3061\u3047\u304c\u9811\u5f35\u3063\u3066\u305f\u304b\u3089\u306a\u3093\u3068\u304b\u3064\u3044\u3066\u3044\u3051\u307e\u3057\u305f\n\u968f\u6240\u306e\u60b2\u9cf4\u3068\u7b2c\u4e00\u90e8\u5b8c\u304c\u308f\u304b\u3063\u305f\u3068\u304d\u306e\u7d76\u671b\u304c\u3044\u3064\u3082\u306e\u914d\u4fe1\u3068\u306f\u307e\u305f\u9055\u3046\u9762\u767d\u3055\u3067\u3057\u305f",
            "likes": 2,
            "number_of_replies": 0,
            "polarity": 0.0,
            "subjectivity": 0.0
        }
    ],
    "comments_since_last_sample": [
        {
            "body": "\u30a2\u30fc\u30ab\u30a4\u30d6\u898b\u3066\u308b\u3068\u304d\u306e\u5e83\u544a\u304b\u4e00\u756a\u6016\u3044",
            "polarity": 0.0,
            "subjectivity": 0.0
        }
    ]
}