{
    "time_posted": "2021-10-30 12:02:50",
    "url": "https://www.youtube.com/watch?v=L6s_nIq9td0",
    "time_now": "2021-11-04 03:50:46",
    "ups": "1589",
    "downs": "108",
    "views": "68401",
    "top_comments": [
        {
            "comment": "Savannah is holding her own. Sunny looks great. That Cardi B costume is a fab idea.",
            "likes": 5,
            "number_of_replies": 0,
            "polarity": 0.7,
            "subjectivity": 0.875
        },
        {
            "comment": "In America, Halloween is more like carnival actually.",
            "likes": 4,
            "number_of_replies": 1,
            "polarity": 0.25,
            "subjectivity": 0.3
        },
        {
            "comment": "all good 2021  Halloween costumes lol",
            "likes": 1,
            "number_of_replies": 0,
            "polarity": 0.75,
            "subjectivity": 0.65
        },
        {
            "comment": "Al Roker wins best costume hands down lol \ud83d\ude4c",
            "likes": 1,
            "number_of_replies": 0,
            "polarity": 0.4861111111111111,
            "subjectivity": 0.37222222222222223
        },
        {
            "comment": "nice costumes",
            "likes": 1,
            "number_of_replies": 0,
            "polarity": 0.6,
            "subjectivity": 1.0
        }
    ],
    "comments_since_last_sample": []
}