{
    "time_posted": "2021-10-30 13:30:05",
    "url": "https://www.youtube.com/watch?v=LkoBOAzkrgE",
    "time_now": "2021-11-04 12:04:29",
    "ups": "12540",
    "downs": "149",
    "views": "78922",
    "top_comments": [
        {
            "comment": "song name- xenogenesis \nsong maker- thefatrat",
            "likes": 193,
            "number_of_replies": 11,
            "polarity": 0.0,
            "subjectivity": 0.0
        },
        {
            "comment": "500k soon",
            "likes": 1,
            "number_of_replies": 1,
            "polarity": 0.0,
            "subjectivity": 0.0
        },
        {
            "comment": "Bro I got that bundle for 9 diamond",
            "likes": 1,
            "number_of_replies": 0,
            "polarity": 0.0,
            "subjectivity": 0.0
        },
        {
            "comment": "U might be the next diamond King lol\ud83d\ude02\ud83d\ude02\ud83d\ude02",
            "likes": 1,
            "number_of_replies": 0,
            "polarity": 0.0,
            "subjectivity": 0.0
        },
        {
            "comment": "My friend got this fist in 19 diamnds\ud83e\udd23\ud83e\udd23",
            "likes": 1,
            "number_of_replies": 0,
            "polarity": 0.0,
            "subjectivity": 0.0
        }
    ],
    "comments_since_last_sample": []
}