{
    "time_posted": "2021-10-30 15:06:57",
    "url": "https://www.youtube.com/watch?v=LP5XXi5TGF8",
    "time_now": "2021-11-05 12:47:02",
    "ups": "206361",
    "downs": "272",
    "views": "1575545",
    "top_comments": [
        {
            "comment": "\uc774\ucee8\uc149 \uc81c\ubc1c \ucf54\ub514\ub2d8 \uc6b0\ub824\uba39\uc5b4\uc8fc\uc138\uc694 \uc9c4\uc9dc \ub1cc\uc808 \uc309\uac00\ub2a5\uc785\ub2c8\ub2e4..",
            "likes": 1,
            "number_of_replies": 0,
            "polarity": 0.0,
            "subjectivity": 0.0
        },
        {
            "comment": "svt \ud83e\udd1d suits\nname a better duo, i'll wait.",
            "likes": 1,
            "number_of_replies": 0,
            "polarity": 0.5,
            "subjectivity": 0.5
        },
        {
            "comment": "I so love this song huhuu and I'm not even a carat! what a SOTY material !",
            "likes": 1,
            "number_of_replies": 0,
            "polarity": 0.78125,
            "subjectivity": 0.6
        }
    ],
    "comments_since_last_sample": [
        {
            "body": "\u30bb\u30d6\u30c1\u3001\u3001\u9854\u9762\u504f\u5dee\u5024\u306e\u30ec\u30d9\u30eb\u2728\u9ad8\u3059\u304e\u3063\u3059\u3001\u3001\u3001\u3001\ud83d\udca6",
            "polarity": 0.0,
            "subjectivity": 0.0
        },
        {
            "body": "\uac20\uc801\uc73c\ub85c \uc774\ubc88\ub178\ub798\uc5d4 \ubaa8\ub4e0 \ub9f4\ubc84\uac00 \ub178\ub798\ud558\ub294\ub370 \uc9c4\uc9dc \ub118 \uc88b\ub2e4. \ub7a9\ub77c\ub4e4 \ubcf4\uceec\ub3c4 \ub108\ubb34 \uc88b\uc74c. \uac1c\uc778\uc801\uc73c\ub85c \ucff1\uc2a4 \ub178\ub798 \ub118 \uc88b\uad6c \uc900\uc774\ub791 \uc5d0\uc787\uc774 \ubb34\ub300\ub294 \ubabb\ub6f0\uc9c0\ub9cc \uc774\ub807\uac8c \ubba4\ube44\ub098 \uc601\uc0c1\uc73c\ub85c \ud568\uaed8\ud558\uace0 \ud30c\ud2b8\ub3c4 \ub9ce\uc544\uc11c \uc88b\ub2e4\u2026",
            "polarity": 0.0,
            "subjectivity": 0.0
        },
        {
            "body": "seungkwan is becoming hot more and more",
            "polarity": 0.425,
            "subjectivity": 0.675
        },
        {
            "body": "svt \ud83e\udd1d suits\nname a better duo, i'll wait.",
            "polarity": 0.5,
            "subjectivity": 0.5
        },
        {
            "body": "Their ties flying around was the highlight of this performance",
            "polarity": 0.0,
            "subjectivity": 0.0
        },
        {
            "body": "I so love this song huhuu and I'm not even a carat! what a SOTY material !",
            "polarity": 0.78125,
            "subjectivity": 0.6
        },
        {
            "body": "If you're Carat your life will be amazing",
            "polarity": 0.6000000000000001,
            "subjectivity": 0.9
        },
        {
            "body": "At this point idk if i want hoshi or i want to be like hoshi bc that man is a walking wattpad character",
            "polarity": 0.0,
            "subjectivity": 0.0
        },
        {
            "body": "Guys... you cant do this to my heart....",
            "polarity": 0.0,
            "subjectivity": 0.0
        },
        {
            "body": "Mingyu shine \u2728",
            "polarity": 0.0,
            "subjectivity": 0.0
        },
        {
            "body": "Kok bisa ya, pake suits gini cocok. Pake thema pastel cute style kaya hitorijanai juga cocok. Bingung",
            "polarity": 0.5,
            "subjectivity": 1.0
        },
        {
            "body": "Seventeen best boys",
            "polarity": 1.0,
            "subjectivity": 0.3
        },
        {
            "body": "\ucc29\uc7a5 \ubbf8\uce5c",
            "polarity": 0.0,
            "subjectivity": 0.0
        },
        {
            "body": "Seventeen!!!! Tama na! Di na gid ko sure sang BIAS KO!!!!! JUSKO!!!! Couppieeeee I am sorry! CHUR!",
            "polarity": 0.109375,
            "subjectivity": 0.9444444444444444
        },
        {
            "body": "Swim RWU & RTL for MAMA",
            "polarity": 0.0,
            "subjectivity": 0.0
        }
    ]
}