{
    "time_posted": "2021-10-30 15:06:57",
    "url": "https://www.youtube.com/watch?v=LP5XXi5TGF8",
    "time_now": "2021-11-03 15:28:02",
    "ups": "196006",
    "downs": "223",
    "views": "1358911",
    "top_comments": [
        {
            "comment": "I NEED OXYGEN SOMEBODY HELP ME COZ I CAN'T BREATHE",
            "likes": 3,
            "number_of_replies": 0,
            "polarity": 0.0,
            "subjectivity": 0.0
        },
        {
            "comment": "\ub3cc\uc558\ub098 \uc9c4\uc9dc \ubbf8\ucce4\ub2e4 \uc544\ub2c8 \ud83e\udd26\u200d\u2640\ufe0f",
            "likes": 1,
            "number_of_replies": 0,
            "polarity": 0.0,
            "subjectivity": 0.0
        },
        {
            "comment": "\ucf54\ub514 \uc874\ub098 \uc88b\ub2e4\u2026",
            "likes": 1,
            "number_of_replies": 1,
            "polarity": 0.0,
            "subjectivity": 0.0
        },
        {
            "comment": "jeonghan the heartthrob that you are <3",
            "likes": 1,
            "number_of_replies": 0,
            "polarity": 1.0,
            "subjectivity": 1.0
        },
        {
            "comment": "Seventeen Boy Band Like BTS TXT ENHYPEN",
            "likes": 1,
            "number_of_replies": 1,
            "polarity": 0.0,
            "subjectivity": 0.0
        }
    ],
    "comments_since_last_sample": [
        {
            "body": "Choreography is brilliant and they look fantastc love the song too \u2764\u2764\u2764\u2764\ud83d\udc96\ud83d\udc96\ud83d\udc96\ud83d\udc96",
            "polarity": 0.7,
            "subjectivity": 0.8
        },
        {
            "body": "Tutti bravissimi e bellissimi stupenda canzone",
            "polarity": 0.0,
            "subjectivity": 0.0
        },
        {
            "body": "\u0e1b\u0e4a\u0e32\u0e14\u0e14\u0e14\u0e14\u0e14\u0e14 \u0e2b\u0e25\u0e48\u0e2d\u0e04\u0e31\u0e01\u0e1e\u0e35\u0e48\u0e0a\u0e32\u0e22",
            "polarity": 0.0,
            "subjectivity": 0.0
        },
        {
            "body": "\ub3cc\uc558\ub098 \uc9c4\uc9dc \ubbf8\ucce4\ub2e4 \uc544\ub2c8 \ud83e\udd26\u200d\u2640\ufe0f",
            "polarity": 0.0,
            "subjectivity": 0.0
        },
        {
            "body": "just keep stealing my heart!",
            "polarity": 0.0,
            "subjectivity": 0.0
        },
        {
            "body": "\u0e2b\u0e25\u0e48\u0e2d\u0e44\u0e1b\u0e21\u0e31\u0e49\u0e22 \u0e2b\u0e25\u0e48\u0e2d\u0e08\u0e19\u0e43\u0e08\u0e40\u0e08\u0e47\u0e1a",
            "polarity": 0.0,
            "subjectivity": 0.0
        },
        {
            "body": "\uc18c\ub9ac\uac00 \uc791\uc558\ub2e4\uac00 \ucef8\ub2e4\uac00 \ud558\ub294\ub370 \uc774\uc720\uac00 \uc788\ub098\uc6a9...",
            "polarity": 0.0,
            "subjectivity": 0.0
        },
        {
            "body": "1:30 the way jun placed his arms away from dino and vernon is very satisfying",
            "polarity": 0.65,
            "subjectivity": 1.0
        },
        {
            "body": "High quality music, group, choreo, outfits, contents, visuals and everything. I just want to love you <3",
            "polarity": 0.5533333333333333,
            "subjectivity": 0.7133333333333333
        },
        {
            "body": "\ub098\uc911\uc5d0 \ud574\ub9ac\ud3ec\ud130 \ud638\uadf8\uc640\ud2b8 \uae30\uc219\uc0ac\ub098  \uacbd\ucc30 \ucee8\uc149\uc73c\ub85c \ub610 \ucc0d\uc5b4\uc92c\uc73c\uba74 \uc88b\uaca0\ub2e4  \uc800\ubc88 \uce74\ub808\uc774\uc11c\ub098 007\ucc98\ub7fc",
            "polarity": 0.0,
            "subjectivity": 0.0
        },
        {
            "body": "Seventeen Boy Band Like BTS TXT ENHYPEN",
            "polarity": 0.0,
            "subjectivity": 0.0
        },
        {
            "body": "jeonghan the heartthrob that you are <3",
            "polarity": 1.0,
            "subjectivity": 1.0
        },
        {
            "body": "Favorite song",
            "polarity": 0.5,
            "subjectivity": 1.0
        },
        {
            "body": "\ucf54\ub514 \uc874\ub098 \uc88b\ub2e4\u2026",
            "polarity": 0.0,
            "subjectivity": 0.0
        },
        {
            "body": "They are good at singing dancing and funny \ni think i need to be a fan... but i dont know all of them yet :((\nand that boy hoshi got my attention",
            "polarity": 0.06666666666666665,
            "subjectivity": 0.8666666666666667
        },
        {
            "body": "Wooooow.....AKU SUKA BANGET SAMA LAGU INI...\ud83d\ude2d\ud83d\ude2d\ud83d\ude2d\ud83d\ude2d\ud83d\ude2d\ud83d\ude2d\ud83d\ude2d\u2764\u2764\u2764\u2764",
            "polarity": 0.0,
            "subjectivity": 0.0
        },
        {
            "body": "Others: 13 is unlucky number\nMe: show them SEVENTEEN",
            "polarity": 0.0,
            "subjectivity": 0.0
        },
        {
            "body": "SEVENTEEN\ud83d\udc96\ud83d\ude2d",
            "polarity": 0.0,
            "subjectivity": 0.0
        }
    ]
}