{
    "time_posted": "2021-10-30 14:06:44",
    "url": "https://www.youtube.com/watch?v=lt__tsWNOXk",
    "time_now": "2021-10-31 21:32:54",
    "ups": "5481",
    "downs": "274",
    "views": "75858",
    "top_comments": [
        {
            "comment": "LET'S GO BRANDON",
            "likes": 1,
            "number_of_replies": 0,
            "polarity": 0.0,
            "subjectivity": 0.0
        }
    ],
    "comments_since_last_sample": [
        {
            "body": "I love ur vids but man, those baggy jeans style...\ud83e\udd22 They only work with skater style for me",
            "polarity": 0.25,
            "subjectivity": 0.8
        },
        {
            "body": "Where I'm from I hardly see guys wear turtleneck sweaters or Chelsea boots, lots of guys wearing ripped jeans with socks and slides. Jose's selection of outfits in this vid is great as an alternative no doubt but the others are still good (I'm not too fond of ripped jeans though). But as you said Jose we shouldn't get rid of the older stuff,  these are a nice update to one's wardrobe. Keep up the good work man \ud83d\udc4d",
            "polarity": 0.4458333333333333,
            "subjectivity": 0.6375000000000001
        },
        {
            "body": "The quality of his vids went down. He acts like a crack head trying to sell candy on the subway to feed his habit but lying and telling people it's to pay for childrens sports uniforms lol.",
            "polarity": 0.32222222222222224,
            "subjectivity": 0.49444444444444446
        },
        {
            "body": "Strongly agree with everything said in this video :)",
            "polarity": 0.4666666666666667,
            "subjectivity": 0.8666666666666667
        },
        {
            "body": "My dad stole my bomber",
            "polarity": 0.0,
            "subjectivity": 0.0
        },
        {
            "body": "great video bro. showing better alternatives \ud83d\udc4c",
            "polarity": 0.65,
            "subjectivity": 0.625
        },
        {
            "body": "I started wearing lace up boots and shirt jackets 4 years ago. Guess I was ahead of the curve.",
            "polarity": 0.0,
            "subjectivity": 0.0
        },
        {
            "body": "wtf",
            "polarity": -0.5,
            "subjectivity": 1.0
        }
    ]
}