{
    "time_posted": "2021-10-30 12:00:21",
    "url": "https://www.youtube.com/watch?v=MbtWtxePYDU",
    "time_now": "2021-10-30 20:51:14",
    "ups": "2562",
    "downs": "9",
    "views": "28322",
    "top_comments": [
        {
            "comment": "Watched Episode 3 Lost.damn.kala ng babae nagmove on na agad c lalake and to court someone else with the flowers but it was really for her.ends up breaking up with him and being happy with her decision.On the other hand this Episode 5 naman as a guys perspective.they had an bad arguement,the guy thinks everything over thats why di sya nagrerespond sa message ni gf nya.then thinks of apologizing with flowers.ends up infront of his gfs house and see the flowers she bought for herself to feel loved because she thinks nobody will buy her flowers but her.the guy thinking someone new is courting her.he's left in pain,breaks up and as she walks away from him making her decision final.damn,poor dude.",
            "likes": 1,
            "number_of_replies": 0,
            "polarity": 0.1444805194805195,
            "subjectivity": 0.4994588744588745
        },
        {
            "comment": "I feel like every Zack Tabudlo song will break your heart and then make you feel a little better in the end. \ud83d\ude02\ud83d\udd25",
            "likes": 1,
            "number_of_replies": 0,
            "polarity": 0.15625,
            "subjectivity": 0.5
        }
    ],
    "comments_since_last_sample": [
        {
            "body": "Nice music video Boss Tabudlo,\nWatching u from Saudi Arabia \ud83c\uddf8\ud83c\udde6",
            "polarity": 0.6,
            "subjectivity": 1.0
        },
        {
            "body": "Oh so this is the boy's POV in Lost MV. Nice!!!",
            "polarity": 1.0,
            "subjectivity": 1.0
        },
        {
            "body": "Zack will have a awards for this year, thats for sure, loveu zack \u2764\ufe0f",
            "polarity": 0.5,
            "subjectivity": 0.8888888888888888
        },
        {
            "body": "\"don't give up on me coz I'm like this\"",
            "polarity": 0.0,
            "subjectivity": 0.0
        },
        {
            "body": "Yow Yow Yow. Kinda interesting. Keep this up.",
            "polarity": 0.5,
            "subjectivity": 0.5
        },
        {
            "body": "Eyy",
            "polarity": 0.0,
            "subjectivity": 0.0
        },
        {
            "body": "Sino po ung girl sa music video",
            "polarity": 0.0,
            "subjectivity": 0.0
        },
        {
            "body": "parang may ka tono dun sa chorus part. yung kanta ng maroon 5. nakalimutan ko ang title. hmmm",
            "polarity": 0.0,
            "subjectivity": 0.0
        },
        {
            "body": "finally nagka mv din :(",
            "polarity": -0.375,
            "subjectivity": 1.0
        }
    ]
}