{
    "time_posted": "2021-10-30 17:35:27",
    "url": "https://www.youtube.com/watch?v=mmrEn8tavTk",
    "time_now": "2021-10-30 20:51:20",
    "ups": "1532",
    "downs": "55",
    "views": "35648",
    "top_comments": [
        {
            "comment": "im like slowly dying its sunfay for me thank godness i will have work",
            "likes": 1,
            "number_of_replies": 0,
            "polarity": -0.30000000000000004,
            "subjectivity": 0.39999999999999997
        }
    ],
    "comments_since_last_sample": [
        {
            "body": "im like slowly dying its sunfay for me thank godness i will have work",
            "polarity": -0.30000000000000004,
            "subjectivity": 0.39999999999999997
        },
        {
            "body": "We miss the Bloxburg visiting streak?",
            "polarity": 0.0,
            "subjectivity": 0.0
        },
        {
            "body": "uHuHuHuH this is so anoyying \ud83d\ude2d",
            "polarity": 0.0,
            "subjectivity": 0.0
        },
        {
            "body": "Noooo",
            "polarity": 0.0,
            "subjectivity": 0.0
        },
        {
            "body": "):",
            "polarity": 0.0,
            "subjectivity": 0.0
        },
        {
            "body": "\ud83d\ude2a\ud83d\ude30\ud83d\ude30",
            "polarity": 0.0,
            "subjectivity": 0.0
        },
        {
            "body": "Hey Ashley i\u2019m a big fan and Some people say that roblox will be fixed tonight at 2 pm hopefully it is but i wanted to let you know bye\ud83d\udc97\ud83d\udc95",
            "polarity": 0.05,
            "subjectivity": 0.15000000000000002
        },
        {
            "body": "I actually went on a hike today because I was bored \ud83e\udd2a",
            "polarity": -0.25,
            "subjectivity": 0.55
        },
        {
            "body": "My roblox has bend down Wednesday",
            "polarity": -0.15555555555555559,
            "subjectivity": 0.2888888888888889
        },
        {
            "body": "Tomorrow is Halloween night for me.",
            "polarity": 0.0,
            "subjectivity": 0.0
        },
        {
            "body": "I have been crocheting.....like a baka",
            "polarity": 0.0,
            "subjectivity": 0.0
        },
        {
            "body": "I didn\u2019t stock up on Halloween decorations \ud83d\ude2d",
            "polarity": 0.0,
            "subjectivity": 0.0
        },
        {
            "body": "Nice video",
            "polarity": 0.6,
            "subjectivity": 1.0
        },
        {
            "body": "THIS HAS NOTHING TO DO WITH HACKERS OR EVENTS! THEY WERE DOING THE LAYERED CLOTHING UPDATE AND DOING PROGRESS WHILE PEOPLE WERE PLAYING THE GAME. BUT IT CRASHED.PLEASE SPREAD THE WORD. \ud83c\udf80THIS HAS NOTHING TO DO WITH HACKERS OR EVENTS! THEY WERE DOING THE LAYERED CLOTHING UPDATE AND DOING PROGRESS WHILE PEOPLE WERE PLAYING THE GAME. BUT IT CRASHED.PLEASE SPREAD THE WORD. \ud83c\udf80",
            "polarity": -0.45,
            "subjectivity": 0.4
        },
        {
            "body": "Wont everyone loose their login streaks on games? \ud83d\ude15",
            "polarity": -0.07692307692307693,
            "subjectivity": 0.2692307692307692
        },
        {
            "body": "im so STINKING SCARED BC I HAVE A H.U.G.E Hillside mansion which  Im so scared to lose and also i got my FIRST frost dragon LIKE- bruh why this time!? in the whole WORLD-",
            "polarity": 0.25625,
            "subjectivity": 0.3666666666666667
        },
        {
            "body": "I\u2019m so sad I don\u2019t kn9w what to do anymore cause I need roblox! My bloxburg streak will break and I spent so long on it",
            "polarity": -0.25833333333333336,
            "subjectivity": 0.5
        },
        {
            "body": "Its my first halloween on roblox and it\u2019s RUINED\ud83d\ude2d",
            "polarity": 0.25,
            "subjectivity": 0.3333333333333333
        },
        {
            "body": "Roblox: We\u2019re shutting down for a couple days! Be back soon!\n\nTwitter: ROBLOX IS SHUTTING DOWN OMG NOOOO\n\nMe: Roblox is a million dollar business, every kid on earth plays it, why would they sit it down, think about it, if you were making millions you wouldn\u2019t shut your business down would you?? Like bro, it\u2019s not forever, they\u2019re cleaning servers, not forever. Think.",
            "polarity": -0.13222222222222224,
            "subjectivity": 0.23111111111111113
        }
    ]
}