{
    "time_posted": "2021-10-30 12:27:30",
    "url": "https://www.youtube.com/watch?v=MRr7Dxo1zy8",
    "time_now": "2021-11-03 07:14:34",
    "ups": "1018",
    "downs": "51",
    "views": "52709",
    "top_comments": [
        {
            "comment": "Home made butter \ud83e\uddc8 banana chai tha \ud83d\ude23",
            "likes": 1,
            "number_of_replies": 0,
            "polarity": 0.0,
            "subjectivity": 0.0
        },
        {
            "comment": "\u0645\u0627\u0634\u0627\u0621\u0627\u0644\u0644\u06c1 \u0645\u0627\u0634\u0627\u0621\u0627\u0644\u0644\u06c1 \u0645\u0627\u0634\u0627\u0621\u0627\u0644\u0644\u06c1 \u2764\ufe0f\n\u0631\u0636\u06cc\u062a \u0628\u0627\u0644\u0644\u06c1 \u0631\u0628\u0627 \u0648\u0628\u0627\u0644\u0627\u0633\u0644\u0627\u0645 \u062f\u06cc\u0646\u0627 \u0648\u0628\u0645\u062d\u0645\u062f \u0646\u0628\u06cc\u0627 \u0635\u0644\u06cc \u0627\u0644\u0644\u0651\u0670\u06c1 \u0639\u0644\u06cc\u06c1 \u0648\u0633\u0644\u0645 \ud83d\udc96\ud83d\udc4d\u2764\ufe0f\u2764\ufe0f",
            "likes": 1,
            "number_of_replies": 0,
            "polarity": 0.0,
            "subjectivity": 0.0
        },
        {
            "comment": "Waiting for a kind hearted person who actually wants to support me from his heart \ud83d\ude4f\ud83d\ude12 your 1 click change my whole life.",
            "likes": 1,
            "number_of_replies": 1,
            "polarity": 0.3333333333333333,
            "subjectivity": 0.4666666666666666
        },
        {
            "comment": "This looks so yummy \ud83d\ude0d",
            "likes": 1,
            "number_of_replies": 1,
            "polarity": 0.0,
            "subjectivity": 0.0
        },
        {
            "comment": "Speechless,  this is absolutely amazing",
            "likes": 1,
            "number_of_replies": 0,
            "polarity": 0.6000000000000001,
            "subjectivity": 0.9
        }
    ],
    "comments_since_last_sample": []
}