{
    "time_posted": "2021-10-30 14:15:00",
    "url": "https://www.youtube.com/watch?v=MSPdvM4eQ5A",
    "time_now": "2021-10-31 05:04:38",
    "ups": "9065",
    "downs": "82",
    "views": "144744",
    "top_comments": [
        {
            "comment": "Once again, thanks to #AceDefender for sponsoring this video :)\nUse the link below to try it out and support the channel:\nhttps://mtchm.de/vcomd",
            "likes": 216,
            "number_of_replies": 34,
            "polarity": 0.35,
            "subjectivity": 0.6
        },
        {
            "comment": "5:04 \n*please I mistook the potato for pork chop \ud83d\ude2d*",
            "likes": 1,
            "number_of_replies": 0,
            "polarity": 0.0,
            "subjectivity": 0.0
        },
        {
            "comment": "Did anyone see the pink sheep at 2:53?",
            "likes": 1,
            "number_of_replies": 0,
            "polarity": -0.1,
            "subjectivity": 0.3
        },
        {
            "comment": "The mob grinder does not work because where the mob are supposed to spawn they are slabs mobs can't spawn on slabs",
            "likes": 1,
            "number_of_replies": 0,
            "polarity": 0.0,
            "subjectivity": 0.0
        },
        {
            "comment": "Finally, a fellow polished diorite enjoyer!",
            "likes": 1,
            "number_of_replies": 0,
            "polarity": 0.0,
            "subjectivity": 1.0
        }
    ],
    "comments_since_last_sample": [
        {
            "body": "what is the texture pack that shows dark spots",
            "polarity": -0.15,
            "subjectivity": 0.4
        },
        {
            "body": "you have to do this again this was awesome",
            "polarity": 1.0,
            "subjectivity": 1.0
        },
        {
            "body": "yeah jaron",
            "polarity": 0.0,
            "subjectivity": 0.0
        },
        {
            "body": "The mob grinder does not work because where the mob are supposed to spawn they are slabs mobs can't spawn on slabs",
            "polarity": 0.0,
            "subjectivity": 0.0
        },
        {
            "body": "it keeps happening passive mobs despawn if you don\u2019t feed or name them",
            "polarity": 0.0,
            "subjectivity": 0.0
        },
        {
            "body": "Finally, a fellow polished diorite enjoyer!",
            "polarity": 0.0,
            "subjectivity": 1.0
        },
        {
            "body": "Theres a glitch in minecraft where you can put Fire aspect and Protection 4 on a Netherite pickaxe XD",
            "polarity": 0.0,
            "subjectivity": 0.0
        },
        {
            "body": "SIXTY NINE!!!!!!",
            "polarity": 0.0,
            "subjectivity": 0.0
        },
        {
            "body": "Hey i saw you on lifesteal smp on spokes vid so when is lifesteals smp vidoe coming out",
            "polarity": 0.0,
            "subjectivity": 0.0
        },
        {
            "body": "you cant use slabs in a mob farm, mobs cant spawn on slabs even if its upside down",
            "polarity": -0.15555555555555559,
            "subjectivity": 0.2888888888888889
        },
        {
            "body": "Play 9:52 over and over again",
            "polarity": 0.0,
            "subjectivity": 0.0
        },
        {
            "body": "Wow u build with birch wood me too",
            "polarity": 0.1,
            "subjectivity": 1.0
        },
        {
            "body": "If ur new or didn\u2019t know this mobs can de spawn if u don\u2019t name them",
            "polarity": 0.13636363636363635,
            "subjectivity": 0.45454545454545453
        },
        {
            "body": "Did anyone see the pink sheep at 2:53?",
            "polarity": -0.1,
            "subjectivity": 0.3
        },
        {
            "body": "Ho love diorite",
            "polarity": 0.5,
            "subjectivity": 0.6
        },
        {
            "body": "Where were you???",
            "polarity": 0.0,
            "subjectivity": 0.0
        },
        {
            "body": "5:04 \n*please I mistook the potato for pork chop \ud83d\ude2d*",
            "polarity": 0.0,
            "subjectivity": 0.0
        },
        {
            "body": "funny thing he went outside the border mutiple times",
            "polarity": 0.125,
            "subjectivity": 0.525
        },
        {
            "body": "Where did you get that mob lighting texture pack???",
            "polarity": 0.0,
            "subjectivity": 0.0
        }
    ]
}