{
    "time_posted": "2021-10-30 14:15:00",
    "url": "https://www.youtube.com/watch?v=MSPdvM4eQ5A",
    "time_now": "2021-11-06 13:31:09",
    "ups": "49394",
    "downs": "835",
    "views": "1346646",
    "top_comments": [
        {
            "comment": "Once again, thanks to #AceDefender for sponsoring this video :)\nUse the link below to try it out and support the channel:\nhttps://mtchm.de/vcomd",
            "likes": 911,
            "number_of_replies": 92,
            "polarity": 0.35,
            "subjectivity": 0.6
        },
        {
            "comment": "I like Polished diorite",
            "likes": 1,
            "number_of_replies": 0,
            "polarity": 0.0,
            "subjectivity": 0.0
        },
        {
            "comment": "this is the most un-british guy ever and he still pronounces lever with /i/",
            "likes": 1,
            "number_of_replies": 0,
            "polarity": 0.5,
            "subjectivity": 0.5
        }
    ],
    "comments_since_last_sample": [
        {
            "body": "You need a mod or its a command?",
            "polarity": 0.2,
            "subjectivity": 0.4
        },
        {
            "body": "20:06 sad comparator noices",
            "polarity": -0.5,
            "subjectivity": 1.0
        },
        {
            "body": "You should\u2019ve played pigstep on pig island for the pigs",
            "polarity": 0.0,
            "subjectivity": 0.0
        },
        {
            "body": "I like why him say go back at days 23",
            "polarity": 0.0,
            "subjectivity": 0.0
        },
        {
            "body": "\"oh my gosh i love dragons\" command we got a suspected scaly over",
            "polarity": 0.5,
            "subjectivity": 0.6
        },
        {
            "body": "I like Polished diorite",
            "polarity": 0.0,
            "subjectivity": 0.0
        },
        {
            "body": "Monsters can\u2019t spawn on slabs an u used slabs",
            "polarity": 0.0,
            "subjectivity": 0.0
        },
        {
            "body": "\u201cCough cough\u201d play clash of clans and clash royale \u201ccough cough\u201d",
            "polarity": 0.0,
            "subjectivity": 0.0
        },
        {
            "body": "5:09 imagine placing cobble stone slabs with a pickaxe \ud83d\ude02",
            "polarity": 0.0,
            "subjectivity": 0.0
        },
        {
            "body": "Rip chicken or not",
            "polarity": -0.6,
            "subjectivity": 0.95
        },
        {
            "body": "Do 200 days pls",
            "polarity": 0.0,
            "subjectivity": 0.0
        },
        {
            "body": "200 days?",
            "polarity": 0.0,
            "subjectivity": 0.0
        },
        {
            "body": "Reason why nothing was spawning in your mob trap is that you had so many cows, the world has limit for mobs spawned around 50.",
            "polarity": 0.5,
            "subjectivity": 0.5
        },
        {
            "body": "Can you show how you did this for people like me who want to try out this challenge as well?",
            "polarity": 0.0,
            "subjectivity": 0.0
        },
        {
            "body": "How did u one punch a creeper u one punch man",
            "polarity": 0.0,
            "subjectivity": 0.0
        },
        {
            "body": "Ya'll here finding diamonds and ignoring iron ores while i'm over here struggling to find iron ores-",
            "polarity": 0.0,
            "subjectivity": 0.0
        },
        {
            "body": "Ya'll here finding diamonds while i'm over here struggling to find iron-",
            "polarity": 0.0,
            "subjectivity": 0.0
        },
        {
            "body": "One hit creaper kill?",
            "polarity": 0.0,
            "subjectivity": 0.0
        },
        {
            "body": "this is the most un-british guy ever and he still pronounces lever with /i/",
            "polarity": 0.5,
            "subjectivity": 0.5
        }
    ]
}