{
    "time_posted": "2021-10-30 07:52:22",
    "url": "https://www.youtube.com/watch?v=n7Q5KyPXGGU",
    "time_now": "2021-11-02 18:51:58",
    "ups": "77774",
    "downs": "129",
    "views": "476032",
    "top_comments": [
        {
            "comment": "\u3139\u3147\uc9c0\uae08\uae4c\uc9c0 \uc598\ub124 \ubb34\ub300 \ubcf8 \uac83 \uc911\uc5d0 \ucee8\uc149\uc774\ub791 \ub178\ub798\ub791 \uc774\ubc88\uc774 \uc81c\uc77c \uc798 \uc5b4\uc6b8\ub9bc....\ubbf8\ucce4\uc74c....\uc774\ub7f0 \ub178\ub798 \uc790\uc8fc \ub0b4\uc92c\uc74c \uc88b\uaca0\ub2e4 \uac1c\uc88b\uc73c\ub2c8\uae50 \uc81c\ubc1c...",
            "likes": 3,
            "number_of_replies": 0,
            "polarity": 0.0,
            "subjectivity": 0.0
        },
        {
            "comment": "ya Allah bubu gue , kapan jelek sih apa ngga cape ganteng terus :)",
            "likes": 1,
            "number_of_replies": 0,
            "polarity": 0.5,
            "subjectivity": 1.0
        },
        {
            "comment": "OMO OMO OMO PLEASEEE I CANT WITH TAEIL'S VOICES THO\ud83d\ude2d\ud83d\ude2d\ud83d\ude2d\ud83d\ude2d",
            "likes": 1,
            "number_of_replies": 0,
            "polarity": 0.0,
            "subjectivity": 0.0
        }
    ],
    "comments_since_last_sample": [
        {
            "body": "Help \ud83d\udc46",
            "polarity": 0.0,
            "subjectivity": 0.0
        },
        {
            "body": "Seus lindos, sempre no caminho de  vit\u00f3rias!!!\u2764\u2764\u2764\u2764\u2764NCT 127",
            "polarity": 0.0,
            "subjectivity": 0.0
        },
        {
            "body": "since  lemonade  song...i found my newbiaswrecker.......MR  JUNG U CANT DO THIS TO ME...MY HEART SO WEAK..   .:\")",
            "polarity": -0.375,
            "subjectivity": 0.625
        },
        {
            "body": "Lee Donghyuck\ud83d\ude33\ud83d\ude33\ud83d\ude33",
            "polarity": 0.0,
            "subjectivity": 0.0
        },
        {
            "body": "Are u human, jaehyun?",
            "polarity": 0.0,
            "subjectivity": 0.1
        },
        {
            "body": "fav era's jinjja fav",
            "polarity": 0.0,
            "subjectivity": 0.0
        },
        {
            "body": "\uc0ac\ub791\ud574\ub610\uc0ac\ub791\ud574... \ub354\uc9c0\ub3c5\ud558\uac8c \uc544\ud504\uace0\uc2f6\uc5b4..",
            "polarity": 0.0,
            "subjectivity": 0.0
        },
        {
            "body": "\ucf04\uc9c0\uc640 \uc2a4\uc5e0\uc758 \uc790\ubcf8\ub825\uc774 \ud569\uccd0\uc9c4 \uc9d1\ud569\uccb4\ub2e4... \uc5f0\ub9d0\ubb34\ub300 \ubcf4\ub294\ub290\ub08c...",
            "polarity": 0.0,
            "subjectivity": 0.0
        },
        {
            "body": "\ucf04\uc9c0\uc5b8\ub0d0....?\u3160\u3160\ub291\ub300\uc640\ubbf8\ub140 \uc544 \uc0ac\ub791\ud574\uc694 \uc774\ud6c4\ub85c\u3160 \uc0ac\ub791\ud574\ub2e8\uc5b4 \uc6ec\uc77c\uc774\uc57c\u3160\u3160\u3160\u3160\u3160\u3160",
            "polarity": 0.0,
            "subjectivity": 0.0
        },
        {
            "body": "OMO OMO OMO PLEASEEE I CANT WITH TAEIL'S VOICES THO\ud83d\ude2d\ud83d\ude2d\ud83d\ude2d\ud83d\ude2d",
            "polarity": 0.0,
            "subjectivity": 0.0
        },
        {
            "body": "This is by far my favorite stage of Favorite",
            "polarity": 0.3666666666666667,
            "subjectivity": 1.0
        },
        {
            "body": "\ubbf8\ucce4\ub098\ubc14\uc9c4\uc9dc",
            "polarity": 0.0,
            "subjectivity": 0.0
        }
    ]
}