{
    "time_posted": "2021-10-30 19:25:32",
    "url": "https://www.youtube.com/watch?v=NKPoDOCoSL4",
    "time_now": "2021-11-05 12:47:27",
    "ups": "8853",
    "downs": "41",
    "views": "72619",
    "top_comments": [
        {
            "comment": "Please \ud83d\ude4f don't ever leave streaming at any cost \ud83d\ude18binkyaaa saaare problems saath mai ladhege hum..Keep Growing mere jaaan ke tote , May God bless you , Thanks for always making us laugh u dumb F",
            "likes": 18,
            "number_of_replies": 0,
            "polarity": -0.09375,
            "subjectivity": 0.32499999999999996
        },
        {
            "comment": "3:05:56 thank you for gilli chummi ",
            "likes": 10,
            "number_of_replies": 0,
            "polarity": 0.0,
            "subjectivity": 0.0
        },
        {
            "comment": "Timestamp daal diye vaiii",
            "likes": 8,
            "number_of_replies": 3,
            "polarity": 0.0,
            "subjectivity": 0.0
        },
        {
            "comment": "Bhai agle act mei radiant chahiye hamlog ko please binks bhai and thanks for the stream.",
            "likes": 7,
            "number_of_replies": 0,
            "polarity": 0.2,
            "subjectivity": 0.2
        },
        {
            "comment": "GOOD MORNING \ud83c\udf1e \nTimestamps de do pliiiijjjjj \ud83d\ude01\ud83d\ude01",
            "likes": 5,
            "number_of_replies": 3,
            "polarity": 0.7,
            "subjectivity": 0.6000000000000001
        }
    ],
    "comments_since_last_sample": []
}