{
    "time_posted": "2021-10-30 13:17:59",
    "url": "https://www.youtube.com/watch?v=nS2QkPbR17U",
    "time_now": "2021-11-05 08:40:54",
    "ups": "4623",
    "downs": "78",
    "views": "68261",
    "top_comments": [
        {
            "comment": "Public Rec Limited Time Discount Code 'ALPHAFALL' use special links:\nWeekend Jogger: https://bit.ly/3uYeDYH Weekend Crew: https://bit.ly/3AoS7tc \nWeekend Half Zip: https://bit.ly/3BoIWdG Weekend Full Zip: https://bit.ly/2WUQHZP",
            "likes": 24,
            "number_of_replies": 5,
            "polarity": 0.09380952380952381,
            "subjectivity": 0.2995238095238095
        },
        {
            "comment": "I don\u2019t agree with the last one.\nBlack shoes look better. It is like a rule of cool here in London.",
            "likes": 2,
            "number_of_replies": 0,
            "polarity": 0.17083333333333334,
            "subjectivity": 0.4125
        },
        {
            "comment": "Hi Alpha, have you tried Mack Weldon Ace sweats/joggers and how do you think they compare to public rec?",
            "likes": 1,
            "number_of_replies": 0,
            "polarity": 0.0,
            "subjectivity": 0.06666666666666667
        },
        {
            "comment": "I just bought the crewneck you\u2019re wearing with your code. What do you think about that sweatshirt paired with khakis and black air force ones?",
            "likes": 1,
            "number_of_replies": 0,
            "polarity": -0.16666666666666666,
            "subjectivity": 0.43333333333333335
        }
    ],
    "comments_since_last_sample": []
}