{
    "time_posted": "2021-10-30 14:00:25",
    "url": "https://www.youtube.com/watch?v=NZ8YKpyTGaY",
    "time_now": "2021-11-04 03:50:59",
    "ups": "10696",
    "downs": "864",
    "views": "603704",
    "top_comments": [
        {
            "comment": "Irish you where in India I'm in india",
            "likes": 1,
            "number_of_replies": 0,
            "polarity": 0.0,
            "subjectivity": 0.0
        },
        {
            "comment": "Cool make up for Halloween.",
            "likes": 1,
            "number_of_replies": 0,
            "polarity": 0.35,
            "subjectivity": 0.65
        },
        {
            "comment": "ha ha ha",
            "likes": 1,
            "number_of_replies": 0,
            "polarity": 0.0,
            "subjectivity": 0.0
        },
        {
            "comment": "I wish you where in India I'm in india",
            "likes": 1,
            "number_of_replies": 0,
            "polarity": 0.0,
            "subjectivity": 0.0
        }
    ],
    "comments_since_last_sample": [
        {
            "body": "2.5",
            "polarity": 0.0,
            "subjectivity": 0.0
        },
        {
            "body": "15",
            "polarity": 0.0,
            "subjectivity": 0.0
        },
        {
            "body": "15 cookies",
            "polarity": 0.0,
            "subjectivity": 0.0
        }
    ]
}