{
    "time_posted": "2021-10-30 14:00:01",
    "url": "https://www.youtube.com/watch?v=Oa9q8UU5NpU",
    "time_now": "2021-11-05 16:54:40",
    "ups": "3882",
    "downs": "107",
    "views": "91593",
    "top_comments": [
        {
            "comment": "\"super secret Easter Eggs\"\n\n\"..you can find these obvious, blatant The Shining references peppered throughout Layers of Fear 2 by playing normally\"",
            "likes": 6,
            "number_of_replies": 1,
            "polarity": -0.08333333333333333,
            "subjectivity": 0.6033333333333333
        },
        {
            "comment": "Chipsturs! Long time no chat! Your old buddy Aaron from RetroLiberty sending you love! <3",
            "likes": 1,
            "number_of_replies": 0,
            "polarity": 0.415625,
            "subjectivity": 0.55
        }
    ],
    "comments_since_last_sample": []
}