{
    "time_posted": "2021-10-30 15:00:11",
    "url": "https://www.youtube.com/watch?v=PdbWgT2Q7tQ",
    "time_now": "2021-10-30 16:45:22",
    "ups": "2999",
    "downs": "22",
    "views": "14433",
    "top_comments": [
        {
            "comment": "You're Worth It",
            "likes": 1,
            "number_of_replies": 0,
            "polarity": 0.3,
            "subjectivity": 0.1
        },
        {
            "comment": "Personally I think the first part of the song should\u2019ve been a little lower but the second part absolutely amazing",
            "likes": 1,
            "number_of_replies": 0,
            "polarity": 0.1325,
            "subjectivity": 0.4066666666666666
        },
        {
            "comment": "I knew I choose the right group",
            "likes": 1,
            "number_of_replies": 0,
            "polarity": 0.2857142857142857,
            "subjectivity": 0.5357142857142857
        }
    ],
    "comments_since_last_sample": [
        {
            "body": "I love girls\ud83d\ude2d",
            "polarity": 0.5,
            "subjectivity": 0.6
        },
        {
            "body": "omg!",
            "polarity": 0.0,
            "subjectivity": 0.0
        },
        {
            "body": "Honestly don\u2019t understand how a full family can be good a music and all look so stunning \ud83e\udd70\ud83e\udd70",
            "polarity": 0.5375,
            "subjectivity": 0.7625000000000001
        },
        {
            "body": "This is definitely one of my favorites from you guys \u2764\u2764",
            "polarity": 0.0,
            "subjectivity": 0.5
        },
        {
            "body": "THIS WAS SOOOOOOOOO GOOD OMG. I never like a song until cimorelli covers it. AMAZING\u2764\ufe0f\u2764\ufe0f\u2764\ufe0f\u2764\ufe0f",
            "polarity": 0.7,
            "subjectivity": 0.6000000000000001
        },
        {
            "body": "Wow! What an orchestra in the middle of nature\ud83d\ude0d Also I missed Lisa's voice\u2764\ufe0f\u2764\ufe0f\u2764\ufe0f",
            "polarity": 0.0625,
            "subjectivity": 0.5
        },
        {
            "body": "\ud83d\udd25\ud83d\udd25\ud83d\udd25\ud83d\udd25",
            "polarity": 0.0,
            "subjectivity": 0.0
        },
        {
            "body": "\ud83d\ude0d\ud83d\ude0d",
            "polarity": 0.0,
            "subjectivity": 0.0
        },
        {
            "body": "How much i missed lisa is indescribable \ud83d\ude2d",
            "polarity": 0.2,
            "subjectivity": 0.2
        },
        {
            "body": "I\u2019m just so proud of how far you guys have come, been a fan since 2011 \ud83d\udc95you\u2019re an inspiration, thank you! This cover was amazing \u2728\u2728\u2728",
            "polarity": 0.5083333333333334,
            "subjectivity": 0.9666666666666667
        },
        {
            "body": "I knew I choose the right group",
            "polarity": 0.2857142857142857,
            "subjectivity": 0.5357142857142857
        },
        {
            "body": "Loved this\u2026. Violins \ud83c\udfbb sounded so good with this. Great job \ud83d\udc4f\ud83c\udffc",
            "polarity": 0.7333333333333334,
            "subjectivity": 0.7166666666666668
        },
        {
            "body": "Amy killed this \u2764",
            "polarity": -0.2,
            "subjectivity": 0.0
        },
        {
            "body": "was that a ring on lauren's finger \ud83d\udc41\ud83d\udc44\ud83d\udc41 (I'm so sorry for assuming things I hate doing that but JUST THE PLACEMENT WAS LIKE- IDK LIKE)",
            "polarity": -0.65,
            "subjectivity": 0.95
        },
        {
            "body": "Personally I think the first part of the song should\u2019ve been a little lower but the second part absolutely amazing",
            "polarity": 0.1325,
            "subjectivity": 0.4066666666666666
        },
        {
            "body": "OMGGG",
            "polarity": 0.0,
            "subjectivity": 0.0
        },
        {
            "body": "3:16 missed her so much.\ud83d\ude2d",
            "polarity": 0.0,
            "subjectivity": 0.0
        },
        {
            "body": "You're Worth It",
            "polarity": 0.3,
            "subjectivity": 0.1
        },
        {
            "body": "This is a masterpiece my ears have been blessed\ud83d\ude0c",
            "polarity": 0.0,
            "subjectivity": 0.0
        },
        {
            "body": "Wowwwwwwwwwwwww",
            "polarity": 0.0,
            "subjectivity": 0.0
        }
    ]
}