{
    "time_posted": "2021-10-30 12:30:41",
    "url": "https://www.youtube.com/watch?v=PV6zc5ljhiE",
    "time_now": "2021-11-06 13:30:55",
    "ups": "697",
    "downs": "86",
    "views": "107249",
    "top_comments": [
        {
            "comment": "\u0b8e\u0baa\u0bcd\u0baa\u0bc1\u0b9f\u0bbf \u0b9f\u0bbe \u0bae\u0ba9\u0b9a\u0bbe\u0b9f\u0bcd\u0b9a\u0bbf \u0b87\u0bb2\u0bcd\u0bb2\u0bbe\u0bae \u0bb5\u0b9e\u0bcd\u0b9a\u0b95\u0bae\u0bcd \u0b87\u0bb2\u0bcd\u0bb2\u0bbe\u0ba4 \u0b8a\u0bb0\u0bc1 \u0ba9\u0bc1 \u0baa\u0bbe\u0b9f\u0bc1\u0bb1\u0bc0\u0b99\u0bcd\u0b95 \ud83e\udd23\ud83e\udd23 \u0ba8\u0bc0 \u0baa\u0bbe\u0b9f\u0bcd\u0b9f\u0bc1 \u0baa\u0bbe\u0b9f\u0bc1\u0bb1\u0ba4\u0bc7 \u0bb5\u0b9e\u0bcd\u0b9a\u0b95\u0bae\u0bcd \u0ba4\u0bbe\u0ba9\u0bcd",
            "likes": 1,
            "number_of_replies": 0,
            "polarity": 0.0,
            "subjectivity": 0.0
        },
        {
            "comment": "Direction Superb master \ud83d\ude0d\nAll term \ud83d\udc4c\ud83c\udffb\ud83d\udc4c\ud83c\udffb\ud83d\udc4c\ud83c\udffb\ud83d\ude0d\ud83d\ude0d",
            "likes": 1,
            "number_of_replies": 0,
            "polarity": 1.0,
            "subjectivity": 1.0
        },
        {
            "comment": "\u0bb5\u0ba9\u0bcd\u0b9c\u0b95\u0bae\u0bcd \u0b87\u0bb2\u0bcd\u0bb2\u0baa\u0bcd\u0baa\u0bbe \u201c\u0bb5\u0b9e\u0bcd\u0b9a\u0b95\u0bae\u0bcd\u201d. \u0b9c \u0bb5\u0b9f\u0bae\u0bca\u0bb4\u0bbf \u0b9a\u0bca\u0bb2\u0bcd",
            "likes": 1,
            "number_of_replies": 0,
            "polarity": 0.0,
            "subjectivity": 0.0
        }
    ],
    "comments_since_last_sample": []
}