{
    "time_posted": "2021-10-30 16:00:12",
    "url": "https://www.youtube.com/watch?v=R3SYo4LdHXI",
    "time_now": "2021-11-01 01:39:35",
    "ups": "4867",
    "downs": "47",
    "views": "94970",
    "top_comments": [],
    "comments_since_last_sample": [
        {
            "body": "Love You Syk\ud83c\udfaf\ud83e\ude78",
            "polarity": 0.5,
            "subjectivity": 0.6
        },
        {
            "body": "Broward Babies - Bucks in Blues (official video) out now https://youtu.be/HwWTw65G2zI Go watch & listen now \ud83d\udd25\ud83d\udd25\ud83d\udd25",
            "polarity": 0.0,
            "subjectivity": 0.0
        },
        {
            "body": "This beat hard \ud83d\udcaf they talking dey shit",
            "polarity": -0.24583333333333335,
            "subjectivity": 0.6708333333333334
        },
        {
            "body": "If Its Up Then Its Stuck, Lets Step Bout It \ud83d\udc79\u2694\ud83e\ude78",
            "polarity": 0.0,
            "subjectivity": 0.0
        },
        {
            "body": "\ud83d\udd25\ud83d\udd25\ud83d\udd25\ud83d\udd25\ud83d\udd25\ud83d\udd25\ud83d\udd25\ud83d\udd25\ud83d\udd25\ud83d\udd25",
            "polarity": 0.0,
            "subjectivity": 0.0
        }
    ]
}