{
    "time_posted": "2021-10-30 12:29:34",
    "url": "https://www.youtube.com/watch?v=RG0MncK8kcw",
    "time_now": "2021-10-31 09:11:42",
    "ups": "349",
    "downs": "48",
    "views": "21068",
    "top_comments": [
        {
            "comment": "Aaj  subah   France  ne  world  expensive  sharab  ki  30000  bottles aur  1  ton cheese  pia  k  flight   Se  islamabbad  bheja  hai  .  Pro  france  supporter k liye",
            "likes": 6,
            "number_of_replies": 1,
            "polarity": -0.5,
            "subjectivity": 0.7
        },
        {
            "comment": "Hamara(TLP) baat suno imran nhi to hum  pakistan Ko jala denge",
            "likes": 2,
            "number_of_replies": 0,
            "polarity": 0.0,
            "subjectivity": 0.0
        },
        {
            "comment": "aik cheez ki samjh ni aai ye noor ul haq qadri muslman ha ya ni.....?",
            "likes": 1,
            "number_of_replies": 0,
            "polarity": 0.0,
            "subjectivity": 0.0
        },
        {
            "comment": "Tlp support koo Jannat milegii",
            "likes": 1,
            "number_of_replies": 0,
            "polarity": 0.0,
            "subjectivity": 0.0
        },
        {
            "comment": "\u067e\u0627\u06a9\u0633\u062a\u0627\u0646 \u0632\u0646\u062f\u06c1 \u0628\u0627\u062f \u0648\u0632\u06cc\u0631\u0627\u0639\u0638\u0645 \u0639\u0645\u0631\u0627\u0646 \u062e\u0627\u0646 \u0632\u0646\u062f\u06c1 \u0628\u0627\u062f \u062c\u0646\u0631\u0644 \u0642\u0645\u0631 \u062c\u0627\u0648\u06cc\u062f \u0628\u0627\u062c\u0648\u06c1 \u0632\u0646\u062f\u06c1 \u0628\u0627\u062f \u06c1\u0645\u0627\u0631\u06cc \u067e\u0627\u06a9 \u0641\u0648\u062c \u0632\u0646\u062f\u06c1 \u0628\u0627\u062f \u0622\u0626\u06cc \u0627\u06cc\u0633 \u0622\u0626\u06cc \u06a9\u06d2 \u06af\u0645\u0646\u0627\u0645 \u06c1\u06cc\u0631\u0648 \u0632\u0646\u062f\u06c1 \u0628\u0627\u062f \ud83c\udf39\ud83c\udf39\ud83c\udf39\ud83c\udf39\ud83c\udf39\ud83c\udf39\ud83c\udf39\ud83c\udf39\ud83c\udf39\ud83c\udf39\ud83c\udf39\ud83c\udf39\ud83c\udf39\ud83c\udf39\u2698\u2698\u2698\u2698\u2698\u2698\u2698\ud83c\udf34\ud83c\udf34\ud83c\udf34\ud83c\udf34\ud83c\udf34\ud83c\udf34\ud83c\udf34\ud83c\udf34\ud83c\udf34\ud83c\udf34\ud83c\udf34\ud83c\udf34\ud83c\udf33\ud83c\udf33\ud83c\udf33\ud83c\udf33\ud83c\udf32\ud83c\udf32\ud83c\udf32\ud83c\udf32\u0632\u0646\u062f\u06c1 \u0628\u0627\u062f \u067e\u0627\u06a9\u0633\u062a\u0627\u0646 \u0632\u0646\u062f\u06c1 \u0628\u0627\u062f",
            "likes": 1,
            "number_of_replies": 0,
            "polarity": 0.0,
            "subjectivity": 0.0
        }
    ],
    "comments_since_last_sample": [
        {
            "body": "TLP zindabad",
            "polarity": 0.0,
            "subjectivity": 0.0
        },
        {
            "body": "Tlp support koo Jannat milegii",
            "polarity": 0.0,
            "subjectivity": 0.0
        },
        {
            "body": "Pakistan government itni halki h... \nPakistan government hamesha let jati h goro k samne.. \n\n\nFrance k wazir ko mafi mangni chahiye... \n\nPakistan government ko tareke se pressure banana chahiye.. \n\nFrance ka flag burn day. Declare karo jis din nabi ko gali. Di thi.. \n\nOr bolo jab tak france official mafi nahi mangega... Tab tak har saal france k flag Jalyaenge...",
            "polarity": 0.0,
            "subjectivity": 0.0
        }
    ]
}