{
    "time_posted": "2021-10-30 16:00:09",
    "url": "https://www.youtube.com/watch?v=T0X3tsRuCmk",
    "time_now": "2021-11-02 14:44:51",
    "ups": "2306",
    "downs": "121",
    "views": "119646",
    "top_comments": [
        {
            "comment": "Subscribe to our channel so you never miss any news updates http://bit.ly/3e0SwKP",
            "likes": 8,
            "number_of_replies": 1,
            "polarity": 0.0,
            "subjectivity": 0.0
        },
        {
            "comment": "Very great show \ud83d\udc4f \ud83d\udc4d\ud83c\udffc \ud83d\udc4c",
            "likes": 1,
            "number_of_replies": 0,
            "polarity": 1.0,
            "subjectivity": 0.9750000000000001
        },
        {
            "comment": "Awesome show love you all team members and friends",
            "likes": 1,
            "number_of_replies": 0,
            "polarity": 0.75,
            "subjectivity": 0.8
        },
        {
            "comment": "Aftab Iqbal ki Copy",
            "likes": 1,
            "number_of_replies": 0,
            "polarity": 0.0,
            "subjectivity": 0.0
        },
        {
            "comment": "Copy of Aftab iqbal show Khabardar.. \ud83e\udd23",
            "likes": 1,
            "number_of_replies": 0,
            "polarity": 0.0,
            "subjectivity": 0.0
        }
    ],
    "comments_since_last_sample": [
        {
            "body": "Awesome show love you all team members and friends",
            "polarity": 0.75,
            "subjectivity": 0.8
        },
        {
            "body": "Nice",
            "polarity": 0.6,
            "subjectivity": 1.0
        }
    ]
}