{
    "time_posted": "2021-10-30 16:00:09",
    "url": "https://www.youtube.com/watch?v=T0X3tsRuCmk",
    "time_now": "2021-11-06 09:24:19",
    "ups": "2747",
    "downs": "160",
    "views": "156951",
    "top_comments": [
        {
            "comment": "Subscribe to our channel so you never miss any news updates http://bit.ly/3e0SwKP",
            "likes": 9,
            "number_of_replies": 1,
            "polarity": 0.0,
            "subjectivity": 0.0
        },
        {
            "comment": "Copy of Aftab iqbal show Khabardar.. \ud83e\udd23",
            "likes": 1,
            "number_of_replies": 0,
            "polarity": 0.0,
            "subjectivity": 0.0
        },
        {
            "comment": "Aftab Iqbal ki Copy",
            "likes": 1,
            "number_of_replies": 0,
            "polarity": 0.0,
            "subjectivity": 0.0
        },
        {
            "comment": "Awesome show love you all team members and friends",
            "likes": 1,
            "number_of_replies": 0,
            "polarity": 0.75,
            "subjectivity": 0.8
        }
    ],
    "comments_since_last_sample": []
}