{
    "time_posted": "2021-10-30 16:00:09",
    "url": "https://www.youtube.com/watch?v=T0X3tsRuCmk",
    "time_now": "2021-10-31 13:18:18",
    "ups": "1713",
    "downs": "86",
    "views": "69221",
    "top_comments": [
        {
            "comment": "Subscribe to our channel so you never miss any news updates http://bit.ly/3e0SwKP",
            "likes": 6,
            "number_of_replies": 1,
            "polarity": 0.0,
            "subjectivity": 0.0
        },
        {
            "comment": "Mobeen gobol ko add Karo \ud83d\ude4f love from India Punjab",
            "likes": 2,
            "number_of_replies": 0,
            "polarity": 0.5,
            "subjectivity": 0.6
        },
        {
            "comment": "Haroon tum nay bhe dosray sahafion ki tarha fazool or jhoot bakwas shoro kardi hai, show kay shoro main jo tum nay batain ki hain kya wo tum ary k against bol sakty ho ? Pori dunya main ary ki zalalat hoi hai lakin Tum bas sabqa govt k against he kuttay ki tarha bhonko gay but such nahi bakwas karo gay.",
            "likes": 1,
            "number_of_replies": 0,
            "polarity": 0.23333333333333334,
            "subjectivity": 0.4666666666666667
        },
        {
            "comment": "Where is Goga pasroori",
            "likes": 1,
            "number_of_replies": 0,
            "polarity": 0.0,
            "subjectivity": 0.0
        }
    ],
    "comments_since_last_sample": [
        {
            "body": "\ud83c\uddf5\ud83c\uddf0\ud83c\udde6\ud83c\uddea\ud83c\udde6\ud83c\uddea\ud83c\uddf5\ud83c\uddf0\ud83c\udde6\ud83c\uddea",
            "polarity": 0.0,
            "subjectivity": 0.0
        },
        {
            "body": "cycle wheeling kerain tu pta chalay",
            "polarity": 0.0,
            "subjectivity": 0.0
        }
    ]
}