{
    "time_posted": "2021-10-30 13:00:33",
    "url": "https://www.youtube.com/watch?v=t3hbVyF9VyE",
    "time_now": "2021-11-02 18:52:22",
    "ups": "13128",
    "downs": "131",
    "views": "135871",
    "top_comments": [
        {
            "comment": "Thanks Grimoire Weiss for your support on Patreon! We couldn\u2019t do this show without your support and the support of our other viewers. If you like the show and want to see it continue, head over  https://www.patreon.com/ChinaUncensored\nhttps://chinauncensored.locals.com",
            "likes": 177,
            "number_of_replies": 90,
            "polarity": 0.0625,
            "subjectivity": 0.2875
        },
        {
            "comment": "You should watch Flashgitz\u2019s North Korean Squid Game Video lol",
            "likes": 1,
            "number_of_replies": 0,
            "polarity": 0.2,
            "subjectivity": 0.55
        },
        {
            "comment": "Chinese version of the squid game - If you select O for Xi Jinping, you pass. Select X to eliminate.",
            "likes": 1,
            "number_of_replies": 0,
            "polarity": -0.2,
            "subjectivity": 0.2
        }
    ],
    "comments_since_last_sample": [
        {
            "body": "did this video get demonized as well? I got no ads",
            "polarity": 0.0,
            "subjectivity": 0.0
        },
        {
            "body": "You should watch Flashgitz\u2019s North Korean Squid Game Video lol",
            "polarity": 0.2,
            "subjectivity": 0.55
        },
        {
            "body": "I bet the Frog is getting organ transplants to live that long....",
            "polarity": 0.043181818181818175,
            "subjectivity": 0.45
        }
    ]
}