{
    "time_posted": "2021-10-30 13:00:33",
    "url": "https://www.youtube.com/watch?v=t3hbVyF9VyE",
    "time_now": "2021-11-05 21:02:38",
    "ups": "13880",
    "downs": "146",
    "views": "147130",
    "top_comments": [
        {
            "comment": "Thanks Grimoire Weiss for your support on Patreon! We couldn\u2019t do this show without your support and the support of our other viewers. If you like the show and want to see it continue, head over  https://www.patreon.com/ChinaUncensored\nhttps://chinauncensored.locals.com",
            "likes": 189,
            "number_of_replies": 90,
            "polarity": 0.0625,
            "subjectivity": 0.2875
        },
        {
            "comment": "Squid game is original it was based around the Japanese comic/anime call Kaiji which has a lot of the similar plots and themes and storyline...",
            "likes": 2,
            "number_of_replies": 0,
            "polarity": -0.0062500000000000056,
            "subjectivity": 0.38749999999999996
        },
        {
            "comment": "it reminds me of that x files episode ''Hell money''.",
            "likes": 1,
            "number_of_replies": 0,
            "polarity": 0.0,
            "subjectivity": 0.0
        }
    ],
    "comments_since_last_sample": []
}