{
    "time_posted": "2021-10-30 14:03:18",
    "url": "https://www.youtube.com/watch?v=t639QJQ3Kw0",
    "time_now": "2021-10-30 16:45:53",
    "ups": "499",
    "downs": "63",
    "views": "25076",
    "top_comments": [
        {
            "comment": "\u0db1\u0ddc\u0daf\u0d9a\u0dd2\u0db1\u0dca\u0db6\u0dbd\u0dda\u0daf\u0dd3\u0db4\u0dbd\u0dca\u0dbd\u0dcf\u0dc3\u0da2\u0dd3\u0dad\u0dca\u0da7 \u0d85\u0db1\u0dd4\u0dbb\u0da7\u0d9a\u0db1\u0dca\u0da9\u0db4\u0dd4\u0dbd\u0dd4\u0dc0\u0db1\u0dca\u0db5\u0dad\u0d9a\u0ddc",
            "likes": 4,
            "number_of_replies": 0,
            "polarity": 0.0,
            "subjectivity": 0.0
        },
        {
            "comment": "\u0da2\u0dd3\u0dc0 \u0d85\u0dad\u0dca\u0db6\u0ddd\u0db8\u0dca\u0db6\u0dba\u0d9a\u0dca \u0dc4\u0ddc\u0dba\u0dcf \u0d9c\u0dad\u0dca\u0dad\u0dcf \u0d9a\u0dd2\u0dba\u0db1 \u0d91\u0d9a\u0db1\u0db8\u0dca \u0db4\u0da7\u0dca\u0da7 \u0db4\u0dbd\u0dca \u0db6\u0ddc\u0dbb\u0dd4.\u0db4\u0ddc\u0dbd\u0dd2\u0dc3\u0dd2\u0dba\u0dd9\u0db1\u0dca\u0db8 \u0daf\u0dcf\u0db4\u0dd4  \u0db6\u0ddc\u0db8\u0dca\u0db6\u0dba\u0d9a\u0dca.\u0d85\u0db4\u0dd2  \u0db1\u0ddc\u0daf\u0db1\u0dca\u0db1 \u0db4\u0ddc\u0dbd\u0dd3\u0dc3\u0dd2\u0dba\u0dd9 \u0d9a\u0dd9\u0dbb\u0dd4\u0dc0\u0dcf\u0dc0\ud83d\ude02\ud83d\ude02\ud83d\ude02\ud83d\ude02\ud83d\ude02\ud83d\ude02\ud83d\ude02\ud83d\ude02",
            "likes": 3,
            "number_of_replies": 1,
            "polarity": 0.0,
            "subjectivity": 0.0
        },
        {
            "comment": "\u0dc3\u0dd2\u0dbb\u0dc3\u0dca\u0dad\u0dbd \u0dc0\u0dbd\u0da7 \u0db4\u0dd9\u0db1\u0dca\u0db1\u0db4\u0dd4 \u0db4\u0dca\u200d\u0dbb\u0dc0\u0dd8\u0dad\u0dca\u0dad\u0dd2 \u0dc0\u0dd2\u0d9a\u0dcf\u0dc1\u0db1\u0dba \u0dc0\u0dd4\u0db1\u0dd9 \u0db1\u0dd0\u0dc4\u0dd0\n\u0db6\u0ddc\u0dbb\u0dd4\u0dc0\u0da7 HEADLINE \u0db1\u0db8\u0dca \u0daf\u0dcf\u0db1\u0dc0\u0dcf",
            "likes": 2,
            "number_of_replies": 1,
            "polarity": 0.0,
            "subjectivity": 0.0
        },
        {
            "comment": "Koi dematagoda  ruwange news eka",
            "likes": 1,
            "number_of_replies": 0,
            "polarity": 0.0,
            "subjectivity": 0.0
        },
        {
            "comment": "\u0db8\u0dd4\u0da7 \u0daf\u0dc5\u0daf\u0dcf \u0dc4\u0dcf\u0db8\u0dd4\u0daf\u0dd4\u0dbb\u0dd4\u0dc0\u0db1\u0dca\u0d9c\u0dda \u0d86\u0dc1\u0dd3\u0dbb\u0dca\u0dc0\u0dcf\u0daf\u0dda \u0dad\u0dd2\u0dba\u0dd9\u0db1\u0dc0\u0daf",
            "likes": 1,
            "number_of_replies": 0,
            "polarity": 0.0,
            "subjectivity": 0.0
        }
    ],
    "comments_since_last_sample": [
        {
            "body": "\u0d86\u0db1\u0dca\u0da9\u0dd4\u0dc0 \u0d9a\u0dd9\u0dbd\u0dd2\u0db1\u0dca\u0db1\u0dd9\u0dad\u0dca \u0d85\u0dc4\u0dd2\u0d82\u0dc3\u0d9a \u0db8\u0dd2\u0db1\u0dd2\u0dc3\u0dca\u0dc3\u0dd4\u0db1\u0dca\u0da7 , \u0dc3\u0ddc\u0db6\u0dcf\u0daf\u0dc4\u0db8 \u0d9a\u0dd9\u0dbd\u0dd2\u0db1\u0dca\u0db1\u0dd9\u0dad\u0dca \u0d85\u0dc4\u0dd2\u0d82\u0dc3\u0d9a \u0db8\u0dd2\u0db1\u0dd2\u0dc3\u0dca\u0dc3\u0dd4\u0db1\u0dca\u0da7",
            "polarity": 0.0,
            "subjectivity": 0.0
        },
        {
            "body": "Koi dematagoda  ruwange news eka",
            "polarity": 0.0,
            "subjectivity": 0.0
        },
        {
            "body": "Upadiya kohenda \u0d9c\u0dad\u0dca\u0dad\u0dda kahawalata fertilizer onemada",
            "polarity": 0.0,
            "subjectivity": 0.0
        },
        {
            "body": "Bobmba hoyaganna deyak ne policiyen genath dala unma kiyanawa hoyagattha kiyala sakkili hettha kalakanni police",
            "polarity": 0.0,
            "subjectivity": 0.0
        },
        {
            "body": "Nohope????unhappysafety,home\ud83d\ude37\ud83d\ude48\ud83d\ude49\ud83d\ude4a\ud83d\ude4b\ud83c\udf0d\ud83c\udf0e\ud83c\udf0f\ud83c\udf0b\ud83c\udf0b\ud83c\udfde\ud83c\udf0b\ud83c\udf0b",
            "polarity": 0.0,
            "subjectivity": 0.0
        },
        {
            "body": "\u0d95\u0db1\u0dca \u0dc3\u0dca\u0d9a\u0ddd\u0dbd\u0dd9\u0dad\u0dca \u0db4\u0da7\u0db1\u0dca \u0d9c\u0db1\u0dca\u0db1\u0ddd\ud83d\ude02\ud83d\ude02\ud83d\ude02\ud83d\ude02",
            "polarity": 0.0,
            "subjectivity": 0.0
        },
        {
            "body": "\u0db8\u0ddc\u0dbb\u0da7\u0dd4\u0dc0\u0dda \u0d9a\u0da7\u0dca\u0da7\u0dd2\u0dba \u0dc0\u0dd2\u0db1\u0ddd\u0daf \u0da0\u0dcf\u0dbb\u0dd2\u0d9a\u0dcf\u0dc0\u0d9a\u0dca \u0d91\u0d9a\u0dca\u0d9a\u0db1\u0dca \u0d9c\u0dd2\u0dba\u0dd9 \u0db1\u0dda\u0daf",
            "polarity": 0.0,
            "subjectivity": 0.0
        },
        {
            "body": "Pau davyana ana jevtha araksa kara gannala dapala hoya ganna puluwannna siyaluma danaga jevtha rekadawa uda hamudawa enna mura dawathawo jevtha rakinna hemoma parata annala janathawata karadara wanna apa budu saranai dukai",
            "polarity": 0.0,
            "subjectivity": 0.0
        },
        {
            "body": "\u0dc3\u0ddc\u0db6\u0dcf\u0daf\u0dc4\u0db8 \u0d9a\u0dd9\u0dbd\u0dd2\u0db1\u0dca\u0db1\u0dd9\u0dad\u0dca \u0daf\u0dd4\u0db4\u0dca\u0db4\u0dad\u0dca \u0db8\u0dd2\u0db1\u0dd2\u0dc3\u0dca\u0dc3\u0dd4\u0db1\u0dca\u0da7\u0db8\u0dba\u0dd2",
            "polarity": 0.0,
            "subjectivity": 0.0
        },
        {
            "body": "\u0da2\u0dd3\u0dc0 \u0d85\u0dad\u0dca\u0db6\u0ddd\u0db8\u0dca\u0db6\u0dba\u0d9a\u0dca \u0dc4\u0ddc\u0dba\u0dcf \u0d9c\u0dad\u0dca\u0dad\u0dcf \u0d9a\u0dd2\u0dba\u0db1 \u0d91\u0d9a\u0db1\u0db8\u0dca \u0db4\u0da7\u0dca\u0da7 \u0db4\u0dbd\u0dca \u0db6\u0ddc\u0dbb\u0dd4.\u0db4\u0ddc\u0dbd\u0dd2\u0dc3\u0dd2\u0dba\u0dd9\u0db1\u0dca\u0db8 \u0daf\u0dcf\u0db4\u0dd4  \u0db6\u0ddc\u0db8\u0dca\u0db6\u0dba\u0d9a\u0dca.\u0d85\u0db4\u0dd2  \u0db1\u0ddc\u0daf\u0db1\u0dca\u0db1 \u0db4\u0ddc\u0dbd\u0dd3\u0dc3\u0dd2\u0dba\u0dd9 \u0d9a\u0dd9\u0dbb\u0dd4\u0dc0\u0dcf\u0dc0\ud83d\ude02\ud83d\ude02\ud83d\ude02\ud83d\ude02\ud83d\ude02\ud83d\ude02\ud83d\ude02\ud83d\ude02",
            "polarity": 0.0,
            "subjectivity": 0.0
        },
        {
            "body": "Hiru ne apata",
            "polarity": 0.0,
            "subjectivity": 0.0
        },
        {
            "body": "\u0db8\u0dd4\u0da7 \u0daf\u0dc5\u0daf\u0dcf \u0dc4\u0dcf\u0db8\u0dd4\u0daf\u0dd4\u0dbb\u0dd4\u0dc0\u0db1\u0dca\u0d9c\u0dda \u0d86\u0dc1\u0dd3\u0dbb\u0dca\u0dc0\u0dcf\u0daf\u0dda \u0dad\u0dd2\u0dba\u0dd9\u0db1\u0dc0\u0daf",
            "polarity": 0.0,
            "subjectivity": 0.0
        },
        {
            "body": "\u0dc3\u0dd2\u0dbb\u0dc3\u0dca\u0dad\u0dbd \u0dc0\u0dbd\u0da7 \u0db4\u0dd9\u0db1\u0dca\u0db1\u0db4\u0dd4 \u0db4\u0dca\u200d\u0dbb\u0dc0\u0dd8\u0dad\u0dca\u0dad\u0dd2 \u0dc0\u0dd2\u0d9a\u0dcf\u0dc1\u0db1\u0dba \u0dc0\u0dd4\u0db1\u0dd9 \u0db1\u0dd0\u0dc4\u0dd0\n\u0db6\u0ddc\u0dbb\u0dd4\u0dc0\u0da7 HEADLINE \u0db1\u0db8\u0dca \u0daf\u0dcf\u0db1\u0dc0\u0dcf",
            "polarity": 0.0,
            "subjectivity": 0.0
        },
        {
            "body": "\u0d89\u0db1\u0dca\u0daf\u0dd2\u0dba\u0dcf\u0dc0\u0dda \u0dc3\u0dd2\u0da7\u00a0\u0dc4\u0ddc\u0dbb\u0dd9\u0db1\u0dca \u0dba\u0dcf\u0db4\u0db1\u0dba\u0da7 \u0d9a\u0dd8\u0db8\u0dca \u0db1\u0dcf\u0dc1\u0d9a \u0d9c\u0dd9\u0db1\u0dbd\u0dca\u0dbd\u0dcf \u0d9c\u0ddc\u0dc0\u0dd2\u0dba\u0db1\u0dca\u0da7 \u0db6\u0dd9\u0daf\u0db1\u0dc0\u0dbd\u0dd4",
            "polarity": 0.0,
            "subjectivity": 0.0
        },
        {
            "body": "hoda vade lankaavata kela vena va niyameta lol",
            "polarity": 0.8,
            "subjectivity": 0.7
        },
        {
            "body": "Oya sagaynta maha loku thanathuru denne un bihikarana dushitha malaperethayo ganana anuwada???? \ud83e\udd14\ud83e\udd14",
            "polarity": 0.0,
            "subjectivity": 0.0
        },
        {
            "body": "\u0d85\u0db4\u0ddc\u0dba\u0dd2  \u0db8\u0dd4\u0db1\u0dca  \u0d9c\u0dd0\u0dab\u0dd4\u0daf  \u0dbd\u0dd0\u0da2\u0dca\u0da2\u0dba\u0dd2",
            "polarity": 0.0,
            "subjectivity": 0.0
        },
        {
            "body": "\u0dc3\u0da2\u0dd2\u0dad\u0dca  \u0db6\u0dbd\u0dba \u0d9c\u0db1\u0dca\u0db1   \u0dc4\u0dd0\u0db8\u0daf\u0dda\u0db8 \u0d9a\u0dbb\u0dbd\u0dcf  \u0db6\u0dd0\u0dbd\u0dd4\u0dc0\u0dcf  \u0db6\u0dd0\u0dbb\u0dd2  \u0dc0\u0dd4\u0db1  \u0db1\u0dd2\u0dc3\u0dcf \u0daf\u0dd0\u0db1\u0dca \u0d9c\u0ddc\u0dc0\u0dd2\u0dba\u0ddd  \u0d9a\u0dd4\u0dbd\u0db4\u0dca\u0db4\u0dd4 \u0d9a\u0dbb\u0dbd\u0dcf  \u0db6\u0dbd\u0db1\u0dc0\u0dcf  \u0d9c\u0ddc\u0db1\u0dca  \u0dc3\u0da2\u0dd2\u0dad\u0dca  \u0dad\u0db8\u0dd4\u0dc3\u0dda \u0d9c\u0dd0\u0db1  \u0dbd\u0dd0\u0da2\u0dca\u0da2\u0dba\u0dd2",
            "polarity": 0.0,
            "subjectivity": 0.0
        },
        {
            "body": "\u0db1\u0ddc\u0daf\u0d9a\u0dd2\u0db1\u0dca\u0db6\u0dbd\u0dda\u0daf\u0dd3\u0db4\u0dbd\u0dca\u0dbd\u0dcf\u0dc3\u0da2\u0dd3\u0dad\u0dca\u0da7 \u0d85\u0db1\u0dd4\u0dbb\u0da7\u0d9a\u0db1\u0dca\u0da9\u0db4\u0dd4\u0dbd\u0dd4\u0dc0\u0db1\u0dca\u0db5\u0dad\u0d9a\u0ddc",
            "polarity": 0.0,
            "subjectivity": 0.0
        },
        {
            "body": "\u0d9c\u0ddc\u0db1\u0dca  \u0dc3\u0da2\u0dd2\u0dad\u0dca  \u0db1\u0dd2\u0d9a\u0db8\u0dca  \u0d9c\u0ddd\u0dbb\u0dd2\u0dbd\u0dca\u0dbd\u0dd9\u0d9a\u0dca\u200c \u0dc0\u0dcf\u0d9c\u0dda  \u0db8\u0dd4\u0d8c   \u0dc4\u0dd2\u0d9c\u0db1\u0dca\u0db1\u0dd9\u0d9a\u0dca  \u0d85\u0db1\u0dda  \u0dc3\u0da2\u0dd2\u0dad\u0dca \u0dad\u0ddc\u0db4\u0dd2\u0da7 \u0db6\u0dd0\u0dbb\u0dd2 \u0db1\u0dd2\u0dc3\u0dcf \u0dad\u0db8\u0dba\u0dd2   \u0d94\u0db6\u0dbd\u0dcf\u0dc0   \u0daf\u0dd9\u0dc0\u0dd9\u0db1\u0dd2\u0dba\u0dcf\u0da7  \u0daf\u0dd0\u0db8\u0dca\u0db8\u0dda  \u0db1\u0dd2\u0d9a\u0db8\u0dca \u0dc4\u0dd2\u0da7\u0db4\u0db1\u0dca  \u0daf\u0dd0\u0db1\u0dca\u0dc0\u0dad\u0dca \u0da2\u0db1\u0dad\u0dcf\u0dc0 \u0d9a\u0dd4\u0dbd\u0db4\u0dca\u0db4\u0dd4 \u0db1\u0ddc\u0d9a\u0dbb",
            "polarity": 0.0,
            "subjectivity": 0.0
        }
    ]
}