{
    "time_posted": "2021-10-30 15:00:12",
    "url": "https://www.youtube.com/watch?v=TasfVPZAPUQ",
    "time_now": "2021-11-06 05:16:43",
    "ups": "45682",
    "downs": "86",
    "views": "255807",
    "top_comments": [
        {
            "comment": "Still so awesome, stand high purple kiss. You will blow up just like Mamamoo did!",
            "likes": 5,
            "number_of_replies": 0,
            "polarity": 0.6,
            "subjectivity": 0.77
        },
        {
            "comment": "I screaming here too!! because it's so good & deserves the hype! road 1M leggo!",
            "likes": 3,
            "number_of_replies": 0,
            "polarity": 1.0,
            "subjectivity": 0.6000000000000001
        },
        {
            "comment": "Ini mah gak kalah keren dari yang asli :') \n\nMantep banget Purple Kiss!!! Thank you RBW!!",
            "likes": 3,
            "number_of_replies": 0,
            "polarity": 0.0,
            "subjectivity": 0.0
        },
        {
            "comment": "i was expecting the same song lmao, but they gave us a remaster damn admirable move pk",
            "likes": 3,
            "number_of_replies": 0,
            "polarity": 0.3,
            "subjectivity": 0.5625
        },
        {
            "comment": "Rbw really is trash but this is such a good production \ud83d\ude29",
            "likes": 2,
            "number_of_replies": 0,
            "polarity": 0.3,
            "subjectivity": 0.43333333333333335
        }
    ],
    "comments_since_last_sample": [
        {
            "body": "This is one of the best Halloween ver.s Ive ever seen. Creepy cute\ud83d\ude29\ud83d\ude29",
            "polarity": 0.25,
            "subjectivity": 0.65
        },
        {
            "body": "\u2764\ufe0f\u2764\ufe0f\u2764\ufe0f",
            "polarity": 0.0,
            "subjectivity": 0.0
        }
    ]
}