{
    "time_posted": "2021-10-30 11:12:29",
    "url": "https://www.youtube.com/watch?v=uIMfV3jqUKo",
    "time_now": "2021-10-31 09:11:45",
    "ups": "17979",
    "downs": "704",
    "views": "331499",
    "top_comments": [
        {
            "comment": "I love it when the notification shows up \"SOMEONE LIKED YOUR COMMENT\" and \"YOU HAVE A NEW SUBSCRIBER \" . \u263a\ufe0f",
            "likes": 1,
            "number_of_replies": 0,
            "polarity": 0.4121212121212121,
            "subjectivity": 0.6181818181818182
        },
        {
            "comment": "Isko bolna chaiye... Convert karne wala mafia ko rokne... Bahut gandaii macha rakkha hai...",
            "likes": 1,
            "number_of_replies": 0,
            "polarity": 0.0,
            "subjectivity": 0.0
        },
        {
            "comment": "\"\"\"\"\ud83d\ude4f\ud83d\ude2d\ud83d\ude2d waiting for that kind of brother and sister who support me ,,,",
            "likes": 1,
            "number_of_replies": 0,
            "polarity": 0.6,
            "subjectivity": 0.9
        },
        {
            "comment": "All should be together like sisters and brothers.dont allow religious discrimination \ud83d\ude4fwe all are humans \u2764\ufe0f",
            "likes": 1,
            "number_of_replies": 0,
            "polarity": 0.0,
            "subjectivity": 0.25
        }
    ],
    "comments_since_last_sample": [
        {
            "body": "I love it when the notification shows up \"SOMEONE LIKED YOUR COMMENT\" and \"YOU HAVE A NEW SUBSCRIBER \" . \u263a\ufe0f",
            "polarity": 0.4121212121212121,
            "subjectivity": 0.6181818181818182
        },
        {
            "body": "Sir at last you made Indian Catholics happy for you.",
            "polarity": 0.4,
            "subjectivity": 0.5333333333333333
        },
        {
            "body": "\"\"\"\"\ud83d\ude4f\ud83d\ude2d\ud83d\ude2d waiting for that kind of brother and sister who support me ,,,",
            "polarity": 0.6,
            "subjectivity": 0.9
        },
        {
            "body": "Oh man, modi do know  to speak properly sometimes",
            "polarity": 0.0,
            "subjectivity": 0.1
        },
        {
            "body": "Wah modiji Wah \u2764\ufe0f\u2764\ufe0f\u2764\ufe0fdon't be a religious racist be kind to everyone we all are humans",
            "polarity": 0.3,
            "subjectivity": 0.575
        },
        {
            "body": "\u2764\ufe0f\u2764\ufe0f",
            "polarity": 0.0,
            "subjectivity": 0.0
        },
        {
            "body": "Who wanna see pope getting tombstone.",
            "polarity": 0.0,
            "subjectivity": 0.0
        },
        {
            "body": "All should be together like sisters and brothers.dont allow religious discrimination \ud83d\ude4fwe all are humans \u2764\ufe0f",
            "polarity": 0.0,
            "subjectivity": 0.25
        },
        {
            "body": "\ud83d\udc4d\ud83d\udea9\ud83d\udea9\ud83d\udea9\ud83d\udea9\ud83d\udea9",
            "polarity": 0.0,
            "subjectivity": 0.0
        },
        {
            "body": "Hinduo ke bare me bhi soch lo modi jeee",
            "polarity": 0.05,
            "subjectivity": 0.1
        },
        {
            "body": "It's so nice to see them together",
            "polarity": 0.6,
            "subjectivity": 1.0
        },
        {
            "body": "A successful meeting",
            "polarity": 0.75,
            "subjectivity": 0.95
        },
        {
            "body": "Modi Chor AAA .. acting morw",
            "polarity": 0.0,
            "subjectivity": 0.0
        },
        {
            "body": "It's highly desirable to meet world's top leaders , inorder to upgrade relations with common goal of peace , unity , harmony with respect to humanity . Very good gesture .",
            "polarity": 0.3175,
            "subjectivity": 0.5800000000000001
        },
        {
            "body": "Plz stay there ....",
            "polarity": 0.0,
            "subjectivity": 0.0
        },
        {
            "body": "Isko bolna chaiye... Convert karne wala mafia ko rokne... Bahut gandaii macha rakkha hai...",
            "polarity": 0.0,
            "subjectivity": 0.0
        },
        {
            "body": "Omg why did he meet pope, I will never vote for modi from now!",
            "polarity": 0.0,
            "subjectivity": 0.0
        },
        {
            "body": "The Vatican holds the world's secrets in books dating past 2000 years even knowledge of extraterrestrials Modi should keep the pope very close",
            "polarity": -0.024999999999999994,
            "subjectivity": 0.275
        },
        {
            "body": "\u092a\u0949\u092a \u0915\u094b \u092d\u0940 \u0939\u093f\u0902\u0926\u0940 \u0938\u0940\u0916\u093e \u0926\u0940 \u270c\ufe0f\u270c\ufe0f\ud83c\udf89",
            "polarity": 0.0,
            "subjectivity": 0.0
        }
    ]
}