{
    "time_posted": "2021-10-30 11:30:13",
    "url": "https://www.youtube.com/watch?v=WqxxC2nMdGU",
    "time_now": "2021-11-03 19:35:42",
    "ups": "4717",
    "downs": "144",
    "views": "143579",
    "top_comments": [
        {
            "comment": "Heart melting Melody \ud83e\udd70\ud83e\udd70\ud83e\udd70\ud83e\udd70",
            "likes": 1,
            "number_of_replies": 0,
            "polarity": 0.0,
            "subjectivity": 0.0
        },
        {
            "comment": "\u0bae\u0bbf\u0bb0\u0bcd\u0ba8\u0bbe\u0bb3\u0bbf\u0ba9\u0bbf \u0bb0\u0bb5\u0bbf \u0b9a\u0bc6\u0bae figure \ud83d\ude1c\ud83d\ude0d\ud83e\udd70\ud83d\ude18",
            "likes": 1,
            "number_of_replies": 0,
            "polarity": 0.0,
            "subjectivity": 0.0
        }
    ],
    "comments_since_last_sample": []
}