{
    "time_posted": "2021-10-30 11:30:13",
    "url": "https://www.youtube.com/watch?v=WqxxC2nMdGU",
    "time_now": "2021-11-05 08:40:06",
    "ups": "4917",
    "downs": "151",
    "views": "156707",
    "top_comments": [
        {
            "comment": "Heart melting Melody \ud83e\udd70\ud83e\udd70\ud83e\udd70\ud83e\udd70",
            "likes": 3,
            "number_of_replies": 0,
            "polarity": 0.0,
            "subjectivity": 0.0
        },
        {
            "comment": "nice song",
            "likes": 1,
            "number_of_replies": 0,
            "polarity": 0.6,
            "subjectivity": 1.0
        },
        {
            "comment": "\u0bae\u0bbf\u0bb0\u0bcd\u0ba8\u0bbe\u0bb3\u0bbf\u0ba9\u0bbf \u0bb0\u0bb5\u0bbf \u0b9a\u0bc6\u0bae figure \ud83d\ude1c\ud83d\ude0d\ud83e\udd70\ud83d\ude18",
            "likes": 1,
            "number_of_replies": 0,
            "polarity": 0.0,
            "subjectivity": 0.0
        },
        {
            "comment": "\u0bae\u0bc1\u0bb0\u0bc1\u0b95\u0ba9\u0bcd \u0bae\u0ba8\u0bcd\u0ba4\u0bbf\u0bb0\u0bae\u0bcd \u0bb5\u0bb3\u0bb0\u0bcd\u0b9a\u0bcd\u0b9a\u0bbf \u0baa\u0b9f\u0bbf \u0baa\u0b9f\u0bbf\u0baf\u0bbe \u0bae\u0bc1\u0ba9\u0bcd\u0ba9\u0bc7\u0bb1\u0bbf \u0b92\u0bb0\u0bc1 \u0ba8\u0bb2\u0bcd\u0bb2 \u0b87\u0b9f\u0ba4\u0bcd\u0ba4\u0bc1\u0b95\u0bcd\u0b95\u0bc1 \u0bb5\u0ba8\u0bcd\u0ba4\u0bbf\u0bb0\u0bc1\u0b9a\u0bcd\u0b9a\u0bc1..\ud83d\ude0d",
            "likes": 1,
            "number_of_replies": 0,
            "polarity": 0.0,
            "subjectivity": 0.0
        }
    ],
    "comments_since_last_sample": []
}