{
    "time_posted": "2021-10-30 12:29:47",
    "url": "https://www.youtube.com/watch?v=wSuXis9ynmM",
    "time_now": "2021-11-01 14:01:41",
    "ups": "53579",
    "downs": "2712",
    "views": "1935985",
    "top_comments": [
        {
            "comment": "modi poor",
            "likes": 1,
            "number_of_replies": 0,
            "polarity": -0.4,
            "subjectivity": 0.6
        }
    ],
    "comments_since_last_sample": [
        {
            "body": "Dekh Kar bahut Achcha Laga Dhanya Ho Bharat ka Dhanya Ho Modi ji Pahle Kabhi Bharat ko koi puchta nahin tha Bharat Ek Taraf side mein rahata tha Bharat aur Modi ne Chin ki Hawa tight Karke Sab Ko Bata diya hai ki Jo world problem hai uska naam China hai aur sirf ham hi rok sakte hain usko best pm in the world Modi ji salute",
            "polarity": 0.4107142857142857,
            "subjectivity": 0.2928571428571428
        },
        {
            "body": "Modi.. modi",
            "polarity": 0.0,
            "subjectivity": 0.0
        },
        {
            "body": "Our fuel \u26fd\ufe0f price hiker",
            "polarity": 0.0,
            "subjectivity": 0.0
        },
        {
            "body": "Thak chuka hu mehnat se need immediate shadi n rest n honey after that again work till not no",
            "polarity": 0.0,
            "subjectivity": 0.0
        },
        {
            "body": "Proud moment",
            "polarity": 0.8,
            "subjectivity": 1.0
        },
        {
            "body": "Great\ud83d\udc4f",
            "polarity": 0.0,
            "subjectivity": 0.0
        },
        {
            "body": "\ud83c\uddee\ud83c\uddf3",
            "polarity": 0.0,
            "subjectivity": 0.0
        },
        {
            "body": "modi poor",
            "polarity": -0.4,
            "subjectivity": 0.6
        },
        {
            "body": "Patel",
            "polarity": 0.0,
            "subjectivity": 0.0
        },
        {
            "body": "my man knows how to talk\nthe previous one did not talk",
            "polarity": -0.16666666666666666,
            "subjectivity": 0.16666666666666666
        },
        {
            "body": "\u092e\u0948\u092f\u093e",
            "polarity": 0.0,
            "subjectivity": 0.0
        },
        {
            "body": "\u092e\u093e\u0924\u093e",
            "polarity": 0.0,
            "subjectivity": 0.0
        },
        {
            "body": "\u092e\u093e \u091c\u0940",
            "polarity": 0.0,
            "subjectivity": 0.0
        },
        {
            "body": "\u0938\u092d\u0940 \u0917\u0941\u0930\u0942\u091c\u0940 \u0915\u0947 \u0906\u0936\u0940\u0930\u094d\u0935\u093e\u0926 \u0915\u0940 \u091c\u092f",
            "polarity": 0.0,
            "subjectivity": 0.0
        },
        {
            "body": "\u0938\u092d\u0940 \u092e\u093e\u0924\u093e\u0913\u0902 \u0915\u0947 \u0906\u0936\u0940\u0930\u094d\u0935\u093e\u0926 \u0915\u0940 \u091c\u092f",
            "polarity": 0.0,
            "subjectivity": 0.0
        },
        {
            "body": "\u091c\u092f \u0917\u094c \u092e\u093e\u0924\u093e \u0915\u0947 \u0906\u0936\u0940\u0930\u094d\u0935\u093e\u0926 \u0915\u0940",
            "polarity": 0.0,
            "subjectivity": 0.0
        },
        {
            "body": "\u091c\u092f \u0917\u0941\u0930\u0942\u091c\u0940 \u0915\u0947 \u0906\u0936\u0940\u0930\u094d\u0935\u093e\u0926 \u0915\u0940",
            "polarity": 0.0,
            "subjectivity": 0.0
        },
        {
            "body": "\u0917\u0941\u0930\u0942\u091c\u0940 \u0915\u0947 \u091a\u0930\u0923\u094b\u0902 \u092e\u0947\u0902 \u0915\u094b\u091f\u093f \u0915\u094b\u091f\u093f \u0928\u092e\u0928",
            "polarity": 0.0,
            "subjectivity": 0.0
        },
        {
            "body": "Actor",
            "polarity": 0.0,
            "subjectivity": 0.0
        }
    ]
}