{
    "time_posted": "2021-10-30 14:24:01",
    "url": "https://www.youtube.com/watch?v=WyHPyumEmSg",
    "time_now": "2021-10-31 17:25:11",
    "ups": "9172",
    "downs": "91",
    "views": "100903",
    "top_comments": [
        {
            "comment": "Want THREE (3) Masters booster boxes (2015, 2017, and Ultimate)? It's the Triple Masters giveaway! Just donate in multiples of $4.00 to Trans Lifeline below and I will send one donor ALL THREE boxes on Oct 30 at 6pm PST! I'll mail worldwide! But there's also 45 additional MTG prizes going out to 45 additional donors! You can see the full list here: https://twitter.com/TolarianCollege/status/1454226004130426884?s=20 and you just need to donate in $4 multiples. Each $4 is another chance to get a cool prize! Donate---> https://secure.givelively.org/donate/trans-lifeline/tolarian-community-college-1",
            "likes": 154,
            "number_of_replies": 6,
            "polarity": 0.2625,
            "subjectivity": 0.7333333333333334
        },
        {
            "comment": "Ok is persist kicker or horsemanship?",
            "likes": 1,
            "number_of_replies": 0,
            "polarity": 0.5,
            "subjectivity": 0.5
        }
    ],
    "comments_since_last_sample": [
        {
            "body": "when I saw cleave my mind went immediately to this. It is literally just kicker renamed in a slightly different style.",
            "polarity": 0.0,
            "subjectivity": 0.6
        },
        {
            "body": "Foretell Is not kicker",
            "polarity": 0.0,
            "subjectivity": 0.0
        },
        {
            "body": "Is scry just kicker?",
            "polarity": 0.0,
            "subjectivity": 0.0
        },
        {
            "body": "He's 100% right tho",
            "polarity": 0.2857142857142857,
            "subjectivity": 0.5357142857142857
        },
        {
            "body": "Banding?",
            "polarity": 0.0,
            "subjectivity": 0.0
        },
        {
            "body": "This and who's the Commander for the Simic Value engine deck =it doesn't matter......two points hes 100% correct on",
            "polarity": 0.0,
            "subjectivity": 0.0
        },
        {
            "body": "Flashback isn't kicker because you don't have to pay the flashback cost when you cast the spell from your hand. Phyrexian mana isn't kicker because it's an alternate cost, not an additional cost. Flanking, Landwalk and Banding aren't horsemanship because they don't rely on creatures having the same ability to determine ability to block. Also, horsemanship is flying because flying came out first.",
            "polarity": 0.08333333333333333,
            "subjectivity": 0.15277777777777776
        },
        {
            "body": "I mean, he's not wrong..... \ud83e\udd37\u200d\u2642\ufe0f",
            "polarity": -0.03125,
            "subjectivity": 0.79375
        },
        {
            "body": "I raise you cost reduction effects like spectacle, and check effects like delerium. Also effects that dont use costs nor add evasion; like rampage, banding, and bushido.",
            "polarity": 0.0,
            "subjectivity": 0.0
        },
        {
            "body": "But what about 'Miracle'?",
            "polarity": 0.0,
            "subjectivity": 0.0
        },
        {
            "body": "Is renown kicker?",
            "polarity": 0.0,
            "subjectivity": 0.0
        },
        {
            "body": "Ok, he has a point",
            "polarity": 0.5,
            "subjectivity": 0.5
        },
        {
            "body": "Ok is persist kicker or horsemanship?",
            "polarity": 0.5,
            "subjectivity": 0.5
        },
        {
            "body": "Honestly this is about right though. Magic the gathering, for all it's complexity, can be boiled down to a few very simple effects that are repeated with different keywords. There are nuances of course, but those aren't really needed unless you recklessly dive straight into competitive formats first thing.",
            "polarity": 0.168015873015873,
            "subjectivity": 0.4822222222222223
        },
        {
            "body": "Mark Rosewater's podcast has an episode on this. Its true though.",
            "polarity": 0.35,
            "subjectivity": 0.65
        },
        {
            "body": "How is Trample a Horsemanship?",
            "polarity": 0.0,
            "subjectivity": 0.0
        },
        {
            "body": "Seems like Annihilator, Bushido, Soulbond, Infect etc. - it's a new kind of Horsemanship XD",
            "polarity": 0.36818181818181817,
            "subjectivity": 0.6772727272727272
        },
        {
            "body": "...I feel I have been lied to my whole life.  Thanks",
            "polarity": 0.2,
            "subjectivity": 0.30000000000000004
        },
        {
            "body": "The one mechanic  I hate the most is kicker Because  its TOO expensive!",
            "polarity": -0.30833333333333335,
            "subjectivity": 0.6999999999999998
        }
    ]
}