{
    "time_posted": "2021-10-30 19:54:21",
    "url": "https://www.youtube.com/watch?v=wyuzWVBaP0U",
    "time_now": "2021-11-06 01:09:58",
    "ups": "151410",
    "downs": "2202",
    "views": "1187225",
    "top_comments": [
        {
            "comment": "\"'Lets pray for those people who doesn't have money to eat food are the real legend\"\"\u2764\ufe0f\ud83e\udde1\ud83d\udc9b\u2764\ufe0f\u2764\ufe0f",
            "likes": 1,
            "number_of_replies": 0,
            "polarity": 0.2,
            "subjectivity": 0.30000000000000004
        }
    ],
    "comments_since_last_sample": []
}