{
    "time_posted": "2021-10-30 19:54:21",
    "url": "https://www.youtube.com/watch?v=wyuzWVBaP0U",
    "time_now": "2021-11-03 03:06:49",
    "ups": "151001",
    "downs": "2181",
    "views": "1177880",
    "top_comments": [
        {
            "comment": "\ud83d\ude18\ud83d\ude18\ud83d\ude18\ud83d\ude18\ud83d\ude2d\ud83d\ude2d\ud83d\ude2d\ud83d\ude2d\ud83d\ude2d\ud83d\ude2d\ud83d\ude44\ud83d\ude44\ud83d\ude44\ud83d\ude44\ud83d\ude44\ud83d\ude44",
            "likes": 1,
            "number_of_replies": 0,
            "polarity": 0.0,
            "subjectivity": 0.0
        }
    ],
    "comments_since_last_sample": []
}