{
    "time_posted": "2021-10-30 14:00:15",
    "url": "https://www.youtube.com/watch?v=XZDDRGnFDik",
    "time_now": "2021-10-31 13:18:12",
    "ups": "14123",
    "downs": "127",
    "views": "165964",
    "top_comments": [
        {
            "comment": "*WAT R u doing while roblox is down?* \ud83d\ude0e\r\nAND plz tel me if u want more compilation in future by *liking the video* and *sub* \u279c https://bit.ly/2YNxsQh\r\n\r\n*join* sebee discord server \u279c https://discord.gg/sebee\r\n*subscribe* 2 friknob \u279c https://youtube.com/c/friknob\r\n\r\n*join* my roblok group (roblok down rite now l o l) \u279c https://www.roblox.com/groups/6303746/Sebee",
            "likes": 434,
            "number_of_replies": 335,
            "polarity": 0.047222222222222214,
            "subjectivity": 0.3006944444444445
        },
        {
            "comment": "sebee is so pro that he can play roblox in a acident. do you disagree? STOP TALK THEN",
            "likes": 2,
            "number_of_replies": 0,
            "polarity": 0.0,
            "subjectivity": 0.0
        },
        {
            "comment": "_Why Roblox isn't working?_\n\nGoogle: *_idk lmao_*",
            "likes": 1,
            "number_of_replies": 0,
            "polarity": 0.6,
            "subjectivity": 1.0
        },
        {
            "comment": "Am pro",
            "likes": 1,
            "number_of_replies": 0,
            "polarity": 0.0,
            "subjectivity": 0.0
        },
        {
            "comment": "NOOOOO",
            "likes": 1,
            "number_of_replies": 0,
            "polarity": 0.0,
            "subjectivity": 0.0
        }
    ],
    "comments_since_last_sample": [
        {
            "body": "Sebee is very pro no matter what happens",
            "polarity": 0.2,
            "subjectivity": 0.3
        },
        {
            "body": "sebee fan: sniffs back\nsebee: THE MOST BIGGEST RESPEC I GOT IN MY LIEF\nroblox: are you kidding me? i made u all",
            "polarity": 0.25,
            "subjectivity": 0.25
        },
        {
            "body": "You dummy seebee roblox ain\u2019t no working because due to 14 players join a server and it caused ALL servers to have 0 players because roblox is shut down",
            "polarity": -0.14027777777777778,
            "subjectivity": 0.3319444444444445
        },
        {
            "body": "i could help you in aut but im down for 2 and a half months",
            "polarity": -0.16111111111111112,
            "subjectivity": 0.2277777777777778
        },
        {
            "body": "When Roblox is down I touch grass which is my first time in my life",
            "polarity": 0.04722222222222221,
            "subjectivity": 0.3111111111111111
        },
        {
            "body": "how play roblox its down  ?",
            "polarity": -0.15555555555555559,
            "subjectivity": 0.2888888888888889
        },
        {
            "body": "Am pro",
            "polarity": 0.0,
            "subjectivity": 0.0
        },
        {
            "body": "NOOOOO",
            "polarity": 0.0,
            "subjectivity": 0.0
        },
        {
            "body": "No one can stop seebe his too strong for Roblox",
            "polarity": 0.4333333333333333,
            "subjectivity": 0.7333333333333333
        },
        {
            "body": "_Why Roblox isn't working?_\n\nGoogle: *_idk lmao_*",
            "polarity": 0.6,
            "subjectivity": 1.0
        },
        {
            "body": "i dare u sent link discord  or i not\n sub ur channel",
            "polarity": 0.0,
            "subjectivity": 0.0
        },
        {
            "body": "Me When Roblox Down:\n\n\n\nD I S A S T E R",
            "polarity": -0.15555555555555559,
            "subjectivity": 0.2888888888888889
        },
        {
            "body": "it feels like lockdown without roblox :(",
            "polarity": -0.75,
            "subjectivity": 1.0
        },
        {
            "body": "sebee is so pro that he can play roblox in a acident. do you disagree? STOP TALK THEN",
            "polarity": 0.0,
            "subjectivity": 0.0
        },
        {
            "body": "Roe buck",
            "polarity": 0.0,
            "subjectivity": 0.0
        },
        {
            "body": "Me When Roblox Is Down: Imma play Reworld Or  Minecraft I guess...",
            "polarity": -0.15555555555555559,
            "subjectivity": 0.2888888888888889
        },
        {
            "body": "Is roblox fixed now?",
            "polarity": 0.1,
            "subjectivity": 0.2
        },
        {
            "body": "Super ldo\u5fae\u7b11\u629b\u5195\u8fd9\u5b9d\u5ea7\u5374\u8be5\u5982\u4f55\u9080\u8bf7\u4f60\u5165\u5ea7\u9f13\u8db3\u52c7\u6c14\u5f80\u4f60\u65b9\u5411\u8d70r Super ldol\u5168\u573a\u773c\u775b\u90fd\u53d8\u6210\u955c\u5982\u4f55\u9080\u8bf7\u4f60\u5165\u5ea7\u9f13\u8db3\u52c7\u6c14\u5f80\u4f60\u65b9\u5411\u8d70",
            "polarity": 0.3333333333333333,
            "subjectivity": 0.6666666666666666
        }
    ]
}