{
    "time_posted": "2021-10-30 16:00:11",
    "url": "https://www.youtube.com/watch?v=yEfSY_sGR74",
    "time_now": "2021-11-04 16:11:09",
    "ups": "7675",
    "downs": "83",
    "views": "108570",
    "top_comments": [
        {
            "comment": "So excited about this one!!! Love u guys so much <3",
            "likes": 372,
            "number_of_replies": 46,
            "polarity": 0.60810546875,
            "subjectivity": 0.6375
        }
    ],
    "comments_since_last_sample": [
        {
            "body": "Fernando Daniel muito melhor",
            "polarity": 0.0,
            "subjectivity": 0.0
        },
        {
            "body": "\uc640 \ubaa9\uc18c\ub9ac \uc9c4\uc9dc \ucc9c\uc0c1\uc774\ub2e4......... \ucc9c\uad6d\uc73c\ub85c \ubfc5 \uac00\ubc84\ub837~\ud83d\udc97",
            "polarity": 0.0,
            "subjectivity": 0.0
        }
    ]
}