{
    "time_posted": "2021-10-30 13:52:59",
    "url": "https://www.youtube.com/watch?v=ylrbjvfya2g",
    "time_now": "2021-11-01 09:54:05",
    "ups": "2317",
    "downs": "200",
    "views": "138624",
    "top_comments": [
        {
            "comment": "People who are watching this comment I wish there parents still alive more than \ud83d\udcaf years God bless you and your family...........",
            "likes": 3,
            "number_of_replies": 0,
            "polarity": 0.3,
            "subjectivity": 0.45
        },
        {
            "comment": "\u0627\u0644\u0644\u06c1 \u0627\u0646 \u0648\u0632\u0631\u0627\u0621 \u06a9\u0648 \u06c1\u062f\u0627\u06cc\u062a \u0646\u0635\u06cc\u0628 \u0641\u0631\u0645\u0627\u0626\u06d2",
            "likes": 1,
            "number_of_replies": 0,
            "polarity": 0.0,
            "subjectivity": 0.0
        },
        {
            "comment": "\u0627\u06af\u0631 \u062d\u0636\u0648\u0631 \ufdfa \u06a9\u06cc \u0639\u0632\u062a \u0648 \u0646\u0627\u0645\u0648\u0633 \u0645\u062d\u0641\u0648\u0638 \u0646\u06c1\u06cc\u06ba\r\n\u062a\u0648 \u067e\u06be\u0631 \u067e\u0627\u06a9\u0633\u062a\u0627\u0646 \u06a9\u06cc \u0628\u06be\u06cc \u062f\u0648\u06a9\u0648\u0691\u06cc \u06a9\u06cc \u0639\u0632\u062a \u0646\u06c1\u06cc\u06ba\r\n\u0627\u0648\u0626\u06d2 \u062c\u06be\u0644\u06cc\u0627 \u062a\u0648\u0646 \u0646\u0627\u0645\u0648\u0633 \u0648\u06cc\u0686 \u06a9\u06d2 \u0688\u0627\u0644\u0631 \u06a9\u0645\u0627\u0646 \u0686\u0644\u06cc\u0627\r\n\u062d\u0636\u0648\u0631\ufdfa \u06a9\u06cc \u0646\u0627\u0645\u0648\u0633 \u067e\u0631 \u06a9\u0631\u0648\u0691\u06be\u0627 \u067e\u0627\u06a9\u0633\u062a\u0627\u0646 \u0642\u0631\u0628\u0627\u0646",
            "likes": 1,
            "number_of_replies": 0,
            "polarity": 0.0,
            "subjectivity": 0.0
        },
        {
            "comment": "\u06a9\u0645\u0627\u0644\u0648\u06d4\u062a\u06d2\u0631\u06d2\u06d4\u0628\u0633\u06a9\u06d2\u06d4\u0628\u0627\u062a\u06d4\u0646\u06c1\u06d2",
            "likes": 1,
            "number_of_replies": 0,
            "polarity": 0.0,
            "subjectivity": 0.0
        },
        {
            "comment": "\u0645\u0633\u0626\u0644\u06c1 \u0628\u0627\u067e \u062f\u0627\u062f\u0627 \u06a9\u06cc \u0639\u0632\u062a \u06a9\u0627 \u0646\u06c1\u06cc\u06ba\u060c \u067e\u0627\u06a9\u0633\u062a\u0627\u0646 \u067e\u0631 \u06cc\u06c1 \u0633\u0628 \u0642\u0631\u0628\u0627\u0646\r\n\u0645\u06af\u0631 \u0646\u0627\u0645\u0648\u0633\ufdfa \u06a9\u06cc\u0644\u0626\u06d2 \u062a\u06cc\u0633\u0631\u06cc \u0639\u0627\u0644\u0645\u06cc \u062c\u0646\u06af \u0628\u06be\u06cc \u0686\u06be\u06cc\u0691\u062f\u06cc\u06ba \u06af\u06d2\r\n\u0644\u06af\u0646\u06d2 \u062f\u0648 \u0645\u06cc\u062f\u0627\u0646 \u06c1\u0645 \u0646\u06d2 \u0628\u06be\u06cc \u06af\u0631\u062f\u0646\u06cc\u06ba \u062d\u0636\u0648\u0631 \u06a9\u06cc\u0644\u0626\u06d2 \u06c1\u06cc \u0631\u06a9\u06be\u06cc \u06c1\u06cc\u06ba\r\n\u062d\u0636\u0648\u0631 \ufdfa \u06a9\u06cc \u0639\u0632\u062a \u0648 \u0646\u0627\u0645\u0648\u0633 \u067e\u0631 \u06a9\u0631\u0648\u0691\u06be\u0627 \u06a9\u0631\u0648\u0691 \u067e\u0627\u06a9\u0633\u062a\u0627\u0646 \u0642\u0631\u0628\u0627\u0646",
            "likes": 1,
            "number_of_replies": 0,
            "polarity": 0.0,
            "subjectivity": 0.0
        }
    ],
    "comments_since_last_sample": [
        {
            "body": "Zea uol.       Qadri",
            "polarity": 0.0,
            "subjectivity": 0.0
        }
    ]
}