{
    "time_posted": "2021-10-30 14:45:05",
    "url": "https://www.youtube.com/watch?v=z7u0cKvZ8Fk",
    "time_now": "2021-11-05 04:33:41",
    "ups": "2075",
    "downs": "154",
    "views": "176239",
    "top_comments": [
        {
            "comment": "\u041c\u043d\u0435 \u043d\u0435 \u043d\u0440\u0430\u0432\u0438\u0442\u0441\u044f \u044d\u0442\u043e \u043d\u0438 \u0438\u043d\u0442\u0435\u0440\u0435\u0441\u0442\u043d\u043e\u0435 \u0432\u0438\u0434\u0435\u043e",
            "likes": 2,
            "number_of_replies": 0,
            "polarity": 0.0,
            "subjectivity": 0.0
        },
        {
            "comment": "Happy Halloween\ud83e\udddf\u200d\u2642\ufe0f\ud83e\udd87\ud83d\udc7b\ud83e\udddb\u200d\u2640\ufe0f\ud83e\udddb\u200d\u2640\ufe0f",
            "likes": 1,
            "number_of_replies": 0,
            "polarity": 0.8,
            "subjectivity": 1.0
        },
        {
            "comment": "Yes!",
            "likes": 1,
            "number_of_replies": 0,
            "polarity": 0.0,
            "subjectivity": 0.0
        },
        {
            "comment": "I'm literally so scared..its 3 am at night \ud83d\ude29\ud83d\ude28\u263b",
            "likes": 1,
            "number_of_replies": 0,
            "polarity": 0.0,
            "subjectivity": 0.0
        },
        {
            "comment": "\u0623\u0643\u0631\u0647 \u0627\u0644\u0647\u0627\u0644\u0648\u064a\u0646 \u0628\u0634\u0639 \u0642\u0628\u064a\u062d \u0645\u062e\u064a\u0641 \u0647\u0648 \u062d\u0631\u0627\u0645",
            "likes": 1,
            "number_of_replies": 0,
            "polarity": 0.0,
            "subjectivity": 0.0
        }
    ],
    "comments_since_last_sample": []
}