{
    "time_posted": "2021-10-30 14:00:25",
    "url": "https://www.youtube.com/watch?v=ZBA8GnxtggU",
    "time_now": "2021-11-02 10:38:06",
    "ups": "2520",
    "downs": "280",
    "views": "231705",
    "top_comments": [
        {
            "comment": "Y'all are so cute love the outfits the best love outfits you should know what my closet looks like it looks like a disaster with only the prettiest clothes in the world because I'm too rich for you I am a billionaires",
            "likes": 1,
            "number_of_replies": 0,
            "polarity": 0.4791666666666667,
            "subjectivity": 0.7083333333333334
        },
        {
            "comment": "I wish I was in this video \ud83d\ude13",
            "likes": 1,
            "number_of_replies": 0,
            "polarity": 0.0,
            "subjectivity": 0.0
        },
        {
            "comment": "Pretty  cool \nPart too  needed \n.y h uh aww u",
            "likes": 1,
            "number_of_replies": 0,
            "polarity": 0.3,
            "subjectivity": 0.85
        },
        {
            "comment": "Poor os awsm",
            "likes": 1,
            "number_of_replies": 0,
            "polarity": -0.4,
            "subjectivity": 0.6
        },
        {
            "comment": "https://youtube.com/shorts/1AreR2OHbP0?feature=share",
            "likes": 1,
            "number_of_replies": 0,
            "polarity": 0.0,
            "subjectivity": 0.0
        }
    ],
    "comments_since_last_sample": [
        {
            "body": "Ewwwwwww so grose",
            "polarity": 0.0,
            "subjectivity": 0.0
        }
    ]
}