{
    "time_posted": "2021-10-30 15:31:04",
    "url": "https://www.youtube.com/watch?v=zDfl1TSKeCg",
    "time_now": "2021-10-31 21:32:51",
    "ups": "8654",
    "downs": "107",
    "views": "85139",
    "top_comments": [
        {
            "comment": "\ud83c\udfa7 \u0938\u0941\u0928\u093f\u090f #TheRanveerShow \u0939\u093f\u0902\u0926\u0940 Spotify \u092a\u0930:\r\nhttps://open.spotify.com/episode/6OOFcnr13qIFp2N9T1stLf\n\n\u0939\u092e\u093e\u0930\u093e Telegram Community Join \u0915\u0930\u0947\u0902 - https://t.me/beerbicepsguy",
            "likes": 63,
            "number_of_replies": 5,
            "polarity": 0.0,
            "subjectivity": 0.0
        },
        {
            "comment": "Wow i really like it this podcast \ud83d\udc4d\ud83c\udffb",
            "likes": 1,
            "number_of_replies": 0,
            "polarity": 0.15000000000000002,
            "subjectivity": 0.6
        },
        {
            "comment": "If anyone of you having problem or not able quit porn addiction\ud83d\udca6 I would strongly recommend you Salil Jamdar Asli mard series",
            "likes": 1,
            "number_of_replies": 0,
            "polarity": 0.09166666666666665,
            "subjectivity": 0.6791666666666667
        },
        {
            "comment": "\u0905\u0930\u0947 \u092f\u093e\u0930 \u091b\u0942\u091f\u0947\u0917\u0940 \u0915\u0948\u0938\u0947 \u092e\u0941\u0920\u094d\u0920\u0940??",
            "likes": 1,
            "number_of_replies": 0,
            "polarity": 0.0,
            "subjectivity": 0.0
        }
    ],
    "comments_since_last_sample": [
        {
            "body": "But Maza bhut aata h..\ud83d\ude12",
            "polarity": 0.0,
            "subjectivity": 0.0
        },
        {
            "body": "Thanx for this great podcast Ranveer bhaiya! \ud83d\udc4d\ud83c\udffb\ud83d\udd25\nJust an observation - the timestamps need to be fixed a little. Maybe u can ask ur team to fix them if possible. Thanx again \ud83d\ude4f",
            "polarity": 0.22812500000000002,
            "subjectivity": 0.6125
        },
        {
            "body": "Timestamps thode aage peche hogye",
            "polarity": 0.0,
            "subjectivity": 0.0
        },
        {
            "body": "Ranveer bhai is on the mission, he will change mindset of our generation from bad habits to good habits\nMore power and more support to you brother \u2764\ufe0f\ud83e\uddd8\u2728\ud83e\uddd8\u2728\ud83e\uddd8",
            "polarity": 0.25,
            "subjectivity": 0.5666666666666667
        },
        {
            "body": "I really need this topic thanks bhaiya \u2764\ufe0f",
            "polarity": 0.2,
            "subjectivity": 0.2
        },
        {
            "body": "Sadhguru to Osho \ud83e\udd23",
            "polarity": 0.0,
            "subjectivity": 0.0
        },
        {
            "body": "Wow i really like it this podcast \ud83d\udc4d\ud83c\udffb",
            "polarity": 0.15000000000000002,
            "subjectivity": 0.6
        },
        {
            "body": "Great one",
            "polarity": 0.8,
            "subjectivity": 0.75
        },
        {
            "body": "Perfect before NNN dude lol",
            "polarity": 0.9,
            "subjectivity": 0.85
        },
        {
            "body": "No nutt November brothers \ud83d\ude4c\ud83d\ude4c",
            "polarity": 0.0,
            "subjectivity": 0.0
        },
        {
            "body": "If anyone of you having problem or not able quit porn addiction\ud83d\udca6 I would strongly recommend you Salil Jamdar Asli mard series",
            "polarity": 0.09166666666666665,
            "subjectivity": 0.6791666666666667
        },
        {
            "body": "Love from himachal \ud83e\udd70\ud83e\udd70",
            "polarity": 0.5,
            "subjectivity": 0.6
        },
        {
            "body": "Expert's advice is of another level. Thanks Ranveer for bringing such experts on your show. Keep going!",
            "polarity": 0.1,
            "subjectivity": 0.35
        },
        {
            "body": "Yes bro at 8:11 what you said there is a group of class together ha maine bhi kiya \ud83d\ude02\ud83d\ude02\ud83d\ude02",
            "polarity": 0.0,
            "subjectivity": 0.0
        },
        {
            "body": "8:12 humne kiya humne kiya humne kiya",
            "polarity": 0.0,
            "subjectivity": 0.0
        },
        {
            "body": "I think the Ranveer who literally enhanced our fashion sense from every category with his informative videos along with funny acting(in the middle sometimes) is long gone!!",
            "polarity": 0.057291666666666664,
            "subjectivity": 0.4666666666666666
        },
        {
            "body": "\u0905\u0930\u0947 \u092f\u093e\u0930 \u091b\u0942\u091f\u0947\u0917\u0940 \u0915\u0948\u0938\u0947 \u092e\u0941\u0920\u094d\u0920\u0940??",
            "polarity": 0.0,
            "subjectivity": 0.0
        },
        {
            "body": "best advice I ever got : find something in life more exciting and interesting than porn",
            "polarity": 0.575,
            "subjectivity": 0.525
        }
    ]
}