{
    "time_posted": "2021-10-30 14:11:14",
    "url": "https://www.youtube.com/watch?v=ZOEsUTayITg",
    "time_now": "2021-11-03 11:21:01",
    "ups": "44433",
    "downs": "1809",
    "views": "2496661",
    "top_comments": [
        {
            "comment": "Did you know that there is a granny chapter 3 escape?",
            "likes": 1,
            "number_of_replies": 0,
            "polarity": 0.0,
            "subjectivity": 0.0
        },
        {
            "comment": "An you have to try it",
            "likes": 1,
            "number_of_replies": 0,
            "polarity": 0.0,
            "subjectivity": 0.0
        },
        {
            "comment": "Play more fnaf but in ucn",
            "likes": 1,
            "number_of_replies": 0,
            "polarity": 0.5,
            "subjectivity": 0.5
        },
        {
            "comment": "Why mike said rasa kan",
            "likes": 1,
            "number_of_replies": 0,
            "polarity": 0.0,
            "subjectivity": 0.0
        }
    ],
    "comments_since_last_sample": [
        {
            "body": "I just wanna say,I LOVE UR CONTENT!",
            "polarity": 0.625,
            "subjectivity": 0.6
        },
        {
            "body": "Play gta v jacqueline games party and racing car",
            "polarity": 0.0,
            "subjectivity": 0.0
        },
        {
            "body": "play a bigfoot hunting again with your family online it's  funny",
            "polarity": 0.25,
            "subjectivity": 1.0
        },
        {
            "body": "\ud83d\ude02\ud83d\ude02\ud83d\ude02\ud83d\ude02 so funny",
            "polarity": 0.25,
            "subjectivity": 1.0
        },
        {
            "body": "\ud80c\udd89\u260f\u263b\ufe0e\u2600\ufe0e\ufe0e",
            "polarity": 0.0,
            "subjectivity": 0.0
        },
        {
            "body": "Hi fgteev\n\ud83d\ude07",
            "polarity": 0.0,
            "subjectivity": 0.0
        },
        {
            "body": "Playing brookhaven  roblox    secret helicopter and secret tunnel",
            "polarity": -0.4,
            "subjectivity": 0.7
        },
        {
            "body": "Hey, guys you guys should play rocket league again here is the challenge. Put mike Lexi and moomy and chase if one of the different team lose the winners get to choose their punishment but if your guys are tie it will be a another round these are gonna be in orange and blue team chase mike and lex me in orange team and moomy duddy will be in blue team. That will be the challenge of the game you guys should play becuase we have been waiting you guys to play rocket league again we love to see you play rocket league.",
            "polarity": -0.01666666666666668,
            "subjectivity": 0.3666666666666667
        },
        {
            "body": "An you have to try it",
            "polarity": 0.0,
            "subjectivity": 0.0
        },
        {
            "body": "Did you know that there is a granny chapter 3 escape?",
            "polarity": 0.0,
            "subjectivity": 0.0
        },
        {
            "body": "Fywg\ud83d\ude03\ud83d\ude03\ud83d\ude07\ud83d\ude07\ud83d\ude04",
            "polarity": 0.0,
            "subjectivity": 0.0
        },
        {
            "body": "Play more fnaf but in ucn",
            "polarity": 0.5,
            "subjectivity": 0.5
        },
        {
            "body": "BO U R NO GET 43 B D",
            "polarity": 0.0,
            "subjectivity": 0.0
        },
        {
            "body": "Doll:green light\nMe:UH OH INT BROKEN KKAMSKAMAISMAOAK",
            "polarity": 0.0,
            "subjectivity": 0.55
        },
        {
            "body": "Wait what happened to mike",
            "polarity": 0.0,
            "subjectivity": 0.0
        },
        {
            "body": "Hey feegee",
            "polarity": 0.0,
            "subjectivity": 0.0
        },
        {
            "body": "That's not the a robot that is the doll",
            "polarity": 0.0,
            "subjectivity": 0.0
        },
        {
            "body": "hey fgteev why did you delate my comment",
            "polarity": 0.0,
            "subjectivity": 0.0
        },
        {
            "body": "Why mike said rasa kan",
            "polarity": 0.0,
            "subjectivity": 0.0
        },
        {
            "body": "Lol-",
            "polarity": 0.8,
            "subjectivity": 0.7
        }
    ]
}