{
    "time_posted": "2021-10-30 14:11:14",
    "url": "https://www.youtube.com/watch?v=ZOEsUTayITg",
    "time_now": "2021-11-05 16:54:38",
    "ups": "51795",
    "downs": "2313",
    "views": "3191928",
    "top_comments": [
        {
            "comment": "this is how you become schizophrenic",
            "likes": 1,
            "number_of_replies": 0,
            "polarity": 0.0,
            "subjectivity": 0.0
        }
    ],
    "comments_since_last_sample": [
        {
            "body": "Q",
            "polarity": 0.0,
            "subjectivity": 0.0
        },
        {
            "body": "play among us but do somer say",
            "polarity": 0.0,
            "subjectivity": 0.0
        },
        {
            "body": "I mean ochomakochipiyasamita",
            "polarity": -0.3125,
            "subjectivity": 0.6875
        },
        {
            "body": "yo what is up fgteev play little nightmares 2 please",
            "polarity": -0.1875,
            "subjectivity": 0.5
        },
        {
            "body": "you mean ochomakochipyasita",
            "polarity": -0.3125,
            "subjectivity": 0.6875
        },
        {
            "body": "BRUH",
            "polarity": 0.0,
            "subjectivity": 0.0
        },
        {
            "body": "Give robux plsss just 2k im a huge fan!",
            "polarity": 0.5000000000000001,
            "subjectivity": 0.9
        },
        {
            "body": "should fgteev play the new fnaf game when the game comes out",
            "polarity": -0.22121212121212122,
            "subjectivity": 0.41818181818181815
        },
        {
            "body": "My little sister knows about you guys and she found out that you play squid game.",
            "polarity": -0.29375,
            "subjectivity": 0.45
        },
        {
            "body": "i love your video so much i watch your video sins i was 6 but now i am 9 and you now you scream so much  so i kind of get annoyed but i control my salf ok now take care plz and post new video like this\ud83e\udd0d\ud83e\udd0d\u2764\u2764",
            "polarity": 0.25606060606060604,
            "subjectivity": 0.5757575757575758
        },
        {
            "body": "Lex I like you",
            "polarity": 0.0,
            "subjectivity": 0.0
        },
        {
            "body": "updated Jan am subject 3PM 3PM 3rd century fox to the FTC and other",
            "polarity": -0.09722222222222221,
            "subjectivity": 0.23611111111111108
        },
        {
            "body": "Sgdggxh\ud83d\ude0d\ud83d\ude0d\ud83d\ude0d\ud83d\ude0d\ud83d\ude0d",
            "polarity": 0.0,
            "subjectivity": 0.0
        },
        {
            "body": "Uikiiiiiio",
            "polarity": 0.0,
            "subjectivity": 0.0
        },
        {
            "body": "Qqqegp",
            "polarity": 0.0,
            "subjectivity": 0.0
        },
        {
            "body": "I will sub 10 time if you play poppy playtime",
            "polarity": 0.0,
            "subjectivity": 0.0
        },
        {
            "body": "I see the psycho pig box in store but my mom. Said not now that is for Christmas",
            "polarity": 0.0,
            "subjectivity": 0.0
        },
        {
            "body": "This channel was my childhood, I\u2019ve recently decided to watch again to return to happiness of my childhood, it\u2019s been 6 years",
            "polarity": 0.35,
            "subjectivity": 0.225
        },
        {
            "body": "Oh no our table its broken",
            "polarity": -0.4,
            "subjectivity": 0.4
        },
        {
            "body": "this is how you become schizophrenic",
            "polarity": 0.0,
            "subjectivity": 0.0
        }
    ]
}